label,z_m,z_mm,x_m,x_mm,w_cfd,t_cfd,w_pinn,t_pinn,w_err,t_err
line-z-10,0.01,10.0,-0.0425,-42.5,0.0,800.0,4.142790794372559,891.8463134765625,4.142790794372559,91.8463134765625
line-z-10,0.01,10.0,-0.0423993,-42.399300000000004,2.59148,853.99,5.439423394618117,926.6031371380922,2.8479433946181176,72.61313713809216
line-z-10,0.01,10.0,-0.0422207,-42.2207,6.80359,947.646,7.73911140260077,988.2473149528795,0.9355214026007701,40.601314952879534
line-z-10,0.01,10.0,-0.0421047,-42.1047,7.63701,982.85,9.232749750450612,1028.2849668370632,1.595739750450612,45.43496683706314
line-z-10,0.01,10.0,-0.0418997,-41.899699999999996,9.12796,1047.48,10.459143589109402,1068.0162957749237,1.3311835891094024,20.5362957749237
line-z-10,0.01,10.0,-0.0417646,-41.7646,9.32443,1065.46,10.708007513876401,1081.9204629078517,1.3835775138764017,16.460462907851706
line-z-10,0.01,10.0,-0.0415306,-41.5306,9.69921,1100.08,11.055039940149731,1104.3787331112112,1.3558299401497305,4.298733111211277
line-z-10,0.01,10.0,-0.041371,-41.370999999999995,9.69864,1109.96,10.811744172040225,1110.4154417509174,1.1131041720402255,0.4554417509173163
line-z-10,0.01,10.0,-0.0411061,-41.1061,9.70792,1128.81,10.407928075723143,1120.4350164292266,0.7000080757231437,8.374983570773338
line-z-10,0.01,10.0,-0.0409136,-40.9136,9.56223,1135.51,10.013870696303485,1125.713265372242,0.45164069630348536,9.796734627758042
line-z-10,0.01,10.0,-0.0406173,-40.6173,9.36101,1147.41,9.386557880267008,1133.4241460707717,0.025547880267007272,13.98585392922837
line-z-10,0.01,10.0,-0.0398055,-39.8055,8.57172,1161.22,7.964082089424245,1151.8939956054674,0.6076379105757539,9.326004394532674
line-z-10,0.01,10.0,-0.0391971,-39.1971,7.73661,1164.53,7.235295047412246,1162.3510197610287,0.5013149525877534,2.178980238971235
line-z-10,0.01,10.0,-0.0391803,-39.1803,7.71371,1164.66,7.22183336998438,1162.5392183622469,0.49187663001561965,2.1207816377532254
line-z-10,0.01,10.0,-0.0387086,-38.708600000000004,7.36636,1167.81,6.874439668071983,1167.3194577550553,0.491920331928017,0.49054224494466325
line-z-10,0.01,10.0,-0.0385765,-38.5765,7.19682,1167.28,6.812749404290151,1167.9669738913144,0.3840705957098489,0.6869738913144374
line-z-10,0.01,10.0,-0.0378265,-37.826499999999996,6.5009,1163.4,6.540750370193949,1169.8443558995864,0.03985037019394966,6.444355899586299
line-z-10,0.01,10.0,-0.0375093,-37.5093,6.22826,1162.13,6.476960903336034,1169.2673569651886,0.2487009033360339,7.137356965188474
line-z-10,0.01,10.0,-0.035874,-35.874,5.62202,1160.31,6.171894293841216,1161.3813270909932,0.5498742938412162,1.0713270909932362
line-z-10,0.01,10.0,-0.0358142,-35.8142,5.5904,1160.12,6.157832031945641,1160.9674436236219,0.567432031945641,0.8474436236219844
line-z-10,0.01,10.0,-0.0356223,-35.6223,5.43248,1158.02,6.112705810243961,1159.6392791187964,0.6802258102439609,1.6192791187963849
line-z-10,0.01,10.0,-0.0355436,-35.543600000000005,5.366,1157.19,6.094199121093767,1159.0945863281254,0.728199121093767,1.9045863281253332
line-z-10,0.01,10.0,-0.0355259,-35.5259,5.36283,1157.06,6.090036879696582,1158.972082358686,0.727206879696582,1.9120823586861206
line-z-10,0.01,10.0,-0.0353224,-35.322399999999995,5.44204,1156.78,6.043163296912711,1157.4975464613974,0.6011232969127107,0.7175464613974327
line-z-10,0.01,10.0,-0.0351628,-35.162800000000004,5.50414,1156.56,6.007292523193371,1156.2810457031253,0.5031525231933713,0.27895429687464457
line-z-10,0.01,10.0,-0.0346128,-34.6128,5.65118,1154.22,5.899959836488616,1151.9262984375002,0.248779836488616,2.293701562499791
line-z-10,0.01,10.0,-0.0333435,-33.3435,5.99048,1148.82,5.877549913855148,1141.9595392061126,0.11293008614485167,6.860460793887341
line-z-10,0.01,10.0,-0.0332794,-33.2794,6.03567,1149.15,5.888216960099153,1141.52046819853,0.14745303990084668,7.629531801470193
line-z-10,0.01,10.0,-0.0318473,-31.8473,7.20398,1147.62,6.44016402114416,1135.183767313879,0.7638159788558392,12.436232686121002
line-z-10,0.01,10.0,-0.031095,-31.095000000000002,7.74669,1149.04,6.936627401464076,1134.8457720588235,0.8100625985359242,14.19422794117645
line-z-10,0.01,10.0,-0.0305359,-30.5359,8.15603,1152.55,7.361409833234869,1135.8110849609375,0.7946201667651307,16.738915039062476
line-z-10,0.01,10.0,-0.0304003,-30.4003,8.25532,1153.4,7.467599427728066,1136.1567060546872,0.7877205722719332,17.24329394531287
line-z-10,0.01,10.0,-0.0296705,-29.6705,8.7228,1157.67,8.033559832236335,1138.452994959214,0.6892401677636641,19.217005040786034
line-z-10,0.01,10.0,-0.0296705,-29.6705,8.7228,1157.67,8.033559832236335,1138.452994959214,0.6892401677636641,19.217005040786034
line-z-10,0.01,10.0,-0.0292365,-29.2365,8.99325,1158.78,8.352020868862327,1140.0369884248619,0.6412291311376723,18.743011575138098
line-z-10,0.01,10.0,-0.0287845,-28.7845,9.22762,1161.77,8.654796818003902,1141.7113596478628,0.5728231819960978,20.058640352137218
line-z-10,0.01,10.0,-0.028021,-28.021,9.43875,1165.35,9.07420531396304,1144.4521391314338,0.364544686036961,20.897860868566113
line-z-10,0.01,10.0,-0.0279191,-27.9191,9.49195,1165.94,9.124427337265011,1144.8134369140625,0.3675226627349879,21.126563085937505
line-z-10,0.01,10.0,-0.0271018,-27.101799999999997,9.91858,1170.72,9.426252201663724,1147.9179032284005,0.4923277983362766,22.80209677159951
line-z-10,0.01,10.0,-0.0267687,-26.7687,9.9457,1173.61,9.51384827963884,1149.4105660931752,0.43185172036116093,24.199433906824652
line-z-10,0.01,10.0,-0.0267248,-26.7248,9.94584,1173.95,9.523272009995393,1149.6287131318932,0.4225679900046071,24.32128686810688
line-z-10,0.01,10.0,-0.0261484,-26.1484,9.94766,1178.51,9.623462150753241,1152.890588625919,0.3241978492467599,25.619411374080983
line-z-10,0.01,10.0,-0.0260512,-26.0512,9.95313,1179.16,9.636597946705534,1153.5041496668196,0.3165320532944662,25.655850333180524
line-z-10,0.01,10.0,-0.024869,-24.869,10.0196,1187.09,9.666789260864261,1164.2535750229772,0.3528107391357391,22.836424977022716
line-z-10,0.01,10.0,-0.0237849,-23.7849,10.2675,1195.24,9.579801004050763,1177.0104243767232,0.687698995949237,18.229575623276787
line-z-10,0.01,10.0,-0.0234733,-23.4733,10.3169,1197.86,9.557356109641583,1180.2703718376606,0.7595438903584171,17.589628162339295
line-z-10,0.01,10.0,-0.0226521,-22.6521,10.312,1190.99,9.572040147669156,1185.3128805520453,0.739959852330843,5.6771194479547376
line-z-10,0.01,10.0,-0.0225024,-22.502399999999998,10.2735,1193.11,9.607720659592557,1184.8664248965995,0.6657793404074432,8.243575103400417
line-z-10,0.01,10.0,-0.020454,-20.454,12.3975,1122.92,11.647882971370795,1128.4680386029447,0.7496170286292063,5.548038602944644
line-z-10,0.01,10.0,-0.0198903,-19.8903,12.982,1103.6,13.101235886495155,1089.8310365349291,0.11923588649515615,13.768963465070783
line-z-10,0.01,10.0,-0.0196871,-19.687099999999997,13.1399,1094.7,13.794473052574514,1072.881500838697,0.6545730525745128,21.818499161302952
line-z-10,0.01,10.0,-0.019671,-19.671,13.1471,1094.04,13.853365014468825,1071.4723383501862,0.7062650144688245,22.567661649813772
line-z-10,0.01,10.0,-0.0196702,-19.670199999999998,13.1475,1094.01,13.85629132313439,1071.4023178538623,0.7087913231343883,22.607682146137677
line-z-10,0.01,10.0,-0.0196658,-19.6658,13.1502,1093.95,13.872386020794941,1071.0172051240831,0.7221860207949415,22.932794875916898
line-z-10,0.01,10.0,-0.0196429,-19.6429,13.2708,1090.77,13.956151606346484,1069.0128684168221,0.6853516063464848,21.757131583177852
line-z-10,0.01,10.0,-0.0192872,-19.287200000000002,15.1767,1041.27,15.32702131455354,1037.104610472199,0.15032131455354047,4.165389527800926
line-z-10,0.01,10.0,-0.0184688,-18.4688,19.6301,936.741,19.483503799438086,955.3426477539135,0.14659620056191258,18.60164775391354
line-z-10,0.01,10.0,-0.0178143,-17.814300000000003,23.1391,852.089,23.68630921478243,893.8439844726597,0.5472092147824306,41.75498447265966
line-z-10,0.01,10.0,-0.0177569,-17.756899999999998,23.6372,843.43,24.08895843299392,889.1569256146629,0.4517584329939197,45.726925614662946
line-z-10,0.01,10.0,-0.017124,-17.124,29.127,873.945,28.701576679902878,845.7739816463697,0.4254233200971207,28.171018353630302
line-z-10,0.01,10.0,-0.0169113,-16.9113,30.9729,884.205,30.336762687054694,836.2487230109724,0.636137312945305,47.95627698902763
line-z-10,0.01,10.0,-0.015431,-15.431000000000001,44.0385,915.966,43.37872301168974,871.3300514131406,0.6597769883102558,44.6359485868594
line-z-10,0.01,10.0,-0.0151147,-15.1147,46.5394,937.17,46.75510127563464,902.6800546874987,0.21570127563463615,34.48994531250128
line-z-10,0.01,10.0,-0.0150232,-15.023200000000001,47.2627,943.303,47.91447084889097,915.722986753213,0.651770848890969,27.58001324678696
line-z-10,0.01,10.0,-0.0147638,-14.7638,51.1734,1010.76,51.22239012110005,953.1592660328484,0.04899012110004719,57.60073396715154
line-z-10,0.01,10.0,-0.0147291,-14.7291,51.697,1019.79,51.66489127277953,958.1671260598469,0.032108727220474975,61.62287394015311
line-z-10,0.01,10.0,-0.0144729,-14.472900000000001,55.2549,1059.58,55.34698974941354,1000.8686168428163,0.09208974941353887,58.711383157183604
line-z-10,0.01,10.0,-0.0125837,-12.5837,89.3023,1336.37,86.38395069651848,1285.8582198988956,2.91834930348152,50.51178010110425
line-z-10,0.01,10.0,-0.0121777,-12.1777,96.6195,1395.86,91.41666115399457,1304.2836652429908,5.2028388460054344,91.57633475700914
line-z-10,0.01,10.0,-0.0120458,-12.0458,97.6011,1391.95,92.74853869844256,1306.1048558536295,4.852561301557444,85.84514414637056
line-z-10,0.01,10.0,-0.0118714,-11.871400000000001,99.291,1385.36,94.50956556540037,1308.512859208409,4.781434434599632,76.84714079159085
line-z-10,0.01,10.0,-0.011701,-11.700999999999999,100.943,1378.92,95.98654288258233,1309.4604035788143,4.956457117417671,69.45959642118578
line-z-10,0.01,10.0,-0.011182,-11.181999999999999,102.096,1373.21,99.73141793284681,1311.2831325252755,2.3645820671531936,61.92686747472453
line-z-10,0.01,10.0,-0.011044,-11.044,102.403,1371.69,100.54221301987582,1312.8221123621322,1.860786980124189,58.86788763786785
line-z-10,0.01,10.0,-0.00982398,-9.823979999999999,106.28,1345.32,101.82790792218428,1329.6322719290015,4.4520920778157205,15.687728070998446
line-z-10,0.01,10.0,-0.00969438,-9.69438,104.505,1323.15,100.78301699559876,1323.2028001459125,3.7219830044012383,0.05280014591244253
line-z-10,0.01,10.0,-0.00954564,-9.545639999999999,102.467,1297.7,99.5838111590221,1315.823790631896,2.883188840977894,18.123790631895872
line-z-10,0.01,10.0,-0.00878065,-8.78065,86.8559,1091.05,87.63525963206597,1185.715519209562,0.7793596320659617,94.66551920956204
line-z-10,0.01,10.0,-0.0081258,-8.1258,73.4924,914.148,74.1587817257165,1000.2513652056712,0.6663817257164908,86.10336520567114
line-z-10,0.01,10.0,-0.0080446,-8.0446,71.9177,895.337,72.46293861120046,975.8846133099951,0.5452386112004604,80.54761330999509
line-z-10,0.01,10.0,-0.00799498,-7.994980000000001,70.9323,884.684,71.4909053028256,962.0132339243657,0.5586053028255975,77.32923392436578
line-z-10,0.01,10.0,-0.00681098,-6.810980000000001,50.9778,666.994,51.22649087829622,718.658753260285,0.24869087829621606,51.66475326028501
line-z-10,0.01,10.0,-0.00609159,-6.09159,39.7305,585.121,40.71457037313248,670.9526670016661,0.9840703731324822,85.83166700166612
line-z-10,0.01,10.0,-0.0057783,-5.7783,35.6181,614.803,36.253745353699756,670.2284088378908,0.6356453536997577,55.425408837890814
line-z-10,0.01,10.0,-0.00561621,-5.61621,33.4904,630.16,33.95333278021061,671.5619327264742,0.4629327802106076,41.40193272647423
line-z-10,0.01,10.0,-0.00382903,-3.8290300000000004,8.04743,785.058,9.936236710196978,788.5637762380735,1.8888067101969774,3.5057762380735085
line-z-10,0.01,10.0,-0.00326752,-3.2675199999999998,1.58051,848.661,3.376762498434299,850.0448998161702,1.796252498434299,1.383899816170242
line-z-10,0.01,10.0,-0.00313917,-3.13917,0.102239,863.2,2.016138167246035,865.2896880241785,1.913899167246035,2.0896880241784856
line-z-10,0.01,10.0,-0.00186998,-1.86998,-9.33674,1002.45,-9.520169301164849,1011.9353436853663,0.183429301164848,9.485343685366274
line-z-10,0.01,10.0,-0.00134933,-1.34933,-13.8504,1067.1,-12.750512295356895,1059.089383023318,1.0998877046431055,8.010616976681831
line-z-10,0.01,10.0,-0.00134933,-1.34933,-13.8504,1067.1,-12.750512295356895,1059.089383023318,1.0998877046431055,8.010616976681831
line-z-10,0.01,10.0,-0.00131173,-1.31173,-13.9947,1068.82,-12.930588453229719,1061.727087389127,1.064111546770281,7.092912610872872
line-z-10,0.01,10.0,-0.000555675,-0.555675,-16.8963,1103.4,-15.90136351620722,1104.2076618487179,0.9949364837927792,0.8076618487177711
line-z-10,0.01,10.0,-0.000303031,-0.303031,-16.4488,1095.09,-16.40299244699588,1110.2867831663027,0.045807553004117096,15.196783166302794
line-z-10,0.01,10.0,0.00106526,1.0652599999999999,-15.6299,1090.65,-15.328633352180745,1083.1805739964352,0.3012666478192543,7.469426003564877
line-z-10,0.01,10.0,0.00136377,1.3637700000000001,-16.7191,1111.67,-14.221707376787286,1064.7564898112896,2.497392623212715,46.91351018871046
line-z-10,0.01,10.0,0.00250961,2.50961,-7.51392,955.438,-6.642807640943364,956.8319686437248,0.8711123590566361,1.393968643724861
line-z-10,0.01,10.0,0.00297494,2.97494,-3.77563,891.99,-2.154371299050961,900.7748468425386,1.621258700949039,8.784846842538627
line-z-10,0.01,10.0,0.00313038,3.1303799999999997,-2.27424,874.363,-0.46391575475641467,880.9478556005799,1.810324245243585,6.5848556005798855
line-z-10,0.01,10.0,0.00315973,3.1597299999999997,-1.88354,869.978,-0.1447259051356924,877.2041461760336,1.7388140948643076,7.226146176033694
line-z-10,0.01,10.0,0.00329059,3.29059,-0.141731,850.429,1.278414937159629,860.5124318558926,1.420145937159629,10.083431855892627
line-z-10,0.01,10.0,0.00401011,4.01011,9.96217,773.401,10.561935142939062,770.1825659216922,0.5997651429390611,3.218434078307723
line-z-10,0.01,10.0,0.00415611,4.15611,11.981,757.457,12.585180410246217,752.9229932539523,0.6041804102462169,4.53400674604768
line-z-10,0.01,10.0,0.00432326,4.323259999999999,14.2924,739.203,14.975656825580785,735.0834159170989,0.6832568255807843,4.119584082901042
line-z-10,0.01,10.0,0.00534413,5.34413,28.8014,627.185,30.617511017367114,675.7498186266375,1.8161110173671133,48.56481862663759
line-z-10,0.01,10.0,0.00542024,5.42024,29.8019,630.558,31.827665837762243,676.1849513625923,2.0257658377622434,45.62695136259231
line-z-10,0.01,10.0,0.00544067,5.44067,30.0705,631.464,32.152504400115056,676.3017528577382,2.082004400115057,44.83775285773811
line-z-10,0.01,10.0,0.00584185,5.84185,35.5281,608.545,38.578424835565315,689.3478599609425,3.0503248355653128,80.80285996094256
line-z-10,0.01,10.0,0.00648751,6.48751,48.0161,733.428,49.14231670333915,752.4428260811161,1.1262167033391464,19.014826081116098
line-z-10,0.01,10.0,0.00736896,7.3689599999999995,65.0647,903.918,64.45834533160125,898.7944302228946,0.6063546683987511,5.123569777105445
line-z-10,0.01,10.0,0.00814134,8.14134,79.938,1046.38,79.03366280747474,1041.1313401091559,0.9043371925252615,5.2486598908442375
line-z-10,0.01,10.0,0.00847122,8.47122,85.3378,1106.64,85.40819396441299,1098.8327300930614,0.07039396441298607,7.8072699069387
line-z-10,0.01,10.0,0.00849436,8.494359999999999,85.7532,1110.77,85.85534641673368,1102.8802933409927,0.10214641673367453,7.889706659007288
line-z-10,0.01,10.0,0.00855368,8.55368,86.6893,1118.82,86.93424808636837,1112.53260589614,0.2449480863683675,6.287394103859924
line-z-10,0.01,10.0,0.0101301,10.130099999999999,111.565,1332.51,106.50980039619017,1344.3389013700692,5.055199603809825,11.828901370069161
line-z-10,0.01,10.0,0.0105127,10.5127,107.025,1333.07,106.64503251881288,1388.040616946238,0.37996748118712276,54.970616946238124
line-z-10,0.01,10.0,0.0120745,12.0745,90.7963,1394.32,88.26211239982939,1396.5485485265326,2.534187600170611,2.228548526532677
line-z-10,0.01,10.0,0.0122236,12.2236,87.9017,1401.92,85.72978973029515,1381.6553316980624,2.1719102697048527,20.264668301937718
line-z-10,0.01,10.0,0.0122236,12.2236,87.9017,1401.92,85.72978973029515,1381.6553316980624,2.1719102697048527,20.264668301937718
line-z-10,0.01,10.0,0.0123545,12.3545,85.578,1370.43,83.51945085951725,1364.691263671863,2.0585491404827536,5.738736328137065
line-z-10,0.01,10.0,0.0123545,12.3545,85.578,1370.43,83.51945085951725,1364.691263671863,2.0585491404827536,5.738736328137065
line-z-10,0.01,10.0,0.0139067,13.906699999999999,62.788,1132.17,60.58364618054494,1095.4133634277248,2.204353819455058,36.75663657227528
line-z-10,0.01,10.0,0.0146118,14.611799999999999,52.4347,1023.94,52.758033638268834,977.1806793600504,0.323333638268835,46.75932063994969
line-z-10,0.01,10.0,0.0146118,14.611799999999999,52.4347,1023.94,52.758033638268834,977.1806793600504,0.323333638268835,46.75932063994969
line-z-10,0.01,10.0,0.0147971,14.7971,49.7791,999.3,50.938941471951935,951.1893375818503,1.1598414719519354,48.11066241814967
line-z-10,0.01,10.0,0.015038,15.037999999999998,48.3052,936.917,48.6062459034637,918.2672659122211,0.3010459034637023,18.64973408777894
line-z-10,0.01,10.0,0.0151143,15.1143,47.8007,924.234,47.86907887860456,907.9371386776181,0.06837887860456249,16.296861322381915
line-z-10,0.01,10.0,0.0155652,15.565199999999999,44.2005,915.514,43.73834837646455,860.0661051757778,0.4621516235354477,55.4478948242222
line-z-10,0.01,10.0,0.0166395,16.6395,34.4868,854.799,34.37729247979507,809.7587952450026,0.10950752020493582,45.040204754997376
line-z-10,0.01,10.0,0.0175625,17.5625,26.2653,796.805,27.10969518212692,838.7130647547125,0.8443951821269202,41.90806475471254
line-z-10,0.01,10.0,0.0183546,18.354599999999998,21.2834,919.293,21.922874651470913,906.5428085363114,0.6394746514709126,12.750191463688566
line-z-10,0.01,10.0,0.0186249,18.6249,20.2779,950.355,20.451660134977047,935.1927360911734,0.1737601349770479,15.162263908826617
line-z-10,0.01,10.0,0.0192008,19.2008,18.1366,1016.5,17.702357983218754,998.2106688591496,0.43424201678124774,18.289331140850436
line-z-10,0.01,10.0,0.0203648,20.3648,12.7808,1137.82,13.761494217277841,1108.89932180607,0.9806942172778417,28.920678193929916
line-z-10,0.01,10.0,0.0204162,20.4162,12.6813,1142.8,13.639564036290643,1112.4248929227983,0.9582640362906432,30.37510707720162
line-z-10,0.01,10.0,0.020455,20.455000000000002,12.6485,1144.51,13.547523354922873,1115.0862189797838,0.899023354922873,29.42378102021621
line-z-10,0.01,10.0,0.0208619,20.8619,12.143,1162.05,12.624280468615211,1141.4089293543238,0.48128046861521057,20.64107064567611
line-z-10,0.01,10.0,0.0221122,22.112199999999998,10.5898,1215.95,10.813012299077608,1182.338894002758,0.2232122990776073,33.61110599724202
line-z-10,0.01,10.0,0.022203,22.203,10.499,1218.34,10.721010143055603,1183.7436264361215,0.22201014305560207,34.59637356387839
line-z-10,0.01,10.0,0.0222312,22.2312,10.5086,1218.13,10.701061851052645,1183.8586149816178,0.19246185105264502,34.27138501838226
line-z-10,0.01,10.0,0.0222519,22.251900000000003,10.5156,1217.97,10.68641895585898,1183.9430214671418,0.1708189558589801,34.026978532858266
line-z-10,0.01,10.0,0.0237645,23.7645,10.6982,1220.21,10.093424246844123,1174.6977048052615,0.6047757531558773,45.5122951947385
line-z-10,0.01,10.0,0.0238727,23.872700000000002,10.5758,1219.36,10.089433291895247,1172.9110156336164,0.486366708104752,46.448984366383456
line-z-10,0.01,10.0,0.0239162,23.9162,10.5264,1219.02,10.08782879521987,1172.1927071403948,0.43857120478013023,46.82729285960522
line-z-10,0.01,10.0,0.024142,24.142,10.453,1215.58,10.085148108538462,1168.3334881663598,0.3678518914615374,47.24651183364017
line-z-10,0.01,10.0,0.0242142,24.2142,10.4294,1214.49,10.08943583248363,1166.9805096047787,0.33996416751636893,47.50949039522129
line-z-10,0.01,10.0,0.0249027,24.9027,10.3112,1203.95,10.14091754534105,1153.812509168197,0.17028245465894898,50.13749083180301
line-z-10,0.01,10.0,0.0251954,25.1954,10.2683,1201.29,10.161876065512269,1148.1327098575357,0.10642393448773113,53.15729014246426
line-z-10,0.01,10.0,0.0262556,26.2556,10.1132,1191.64,10.121099308417818,1128.4340280905326,0.007899308417817608,63.20597190946751
line-z-10,0.01,10.0,0.0268863,26.8863,9.81232,1184.51,9.952584462109716,1117.7192707806744,0.140264462109716,66.79072921932561
line-z-10,0.01,10.0,0.0275223,27.5223,9.52736,1175.58,9.634232097491054,1107.8379717715984,0.10687209749105442,67.74202822840152
line-z-10,0.01,10.0,0.0285616,28.5616,9.38528,1163.56,8.877539792049596,1093.4157727022052,0.5077402079504036,70.14422729779471
line-z-10,0.01,10.0,0.0289016,28.9016,9.22215,1159.83,8.591146460678948,1089.152600930606,0.6310035393210516,70.67739906939391
line-z-10,0.01,10.0,0.0296951,29.6951,8.69921,1149.34,7.905387437921405,1080.2423832921645,0.7938225620785957,69.09761670783541
line-z-10,0.01,10.0,0.0306789,30.6789,8.00353,1145.67,7.139037798040022,1071.6712066549858,0.8644922019599779,73.99879334501429
line-z-10,0.01,10.0,0.0307361,30.7361,7.96308,1145.46,7.101191110251903,1071.3088735638785,0.861888889748097,74.15112643612156
line-z-10,0.01,10.0,0.031079,31.079,7.72036,1144.62,6.883600689607468,1069.32155847886,0.8367593103925319,75.29844152113992
line-z-10,0.01,10.0,0.0323001,32.3001,7.08243,1144.91,6.328197907829278,1067.3545316205193,0.7542320921707217,77.55546837948077
line-z-10,0.01,10.0,0.0324535,32.453500000000005,7.0023,1144.95,6.2810173311233415,1067.7146312471277,0.7212826688766585,77.23536875287232
line-z-10,0.01,10.0,0.0332665,33.2665,6.70463,1141.99,6.105390056722294,1072.1996516113286,0.5992399432777056,69.79034838867142
line-z-10,0.01,10.0,0.0335126,33.5126,6.59504,1140.38,6.068012406517466,1074.1560745117192,0.5270275934825337,66.22392548828088
line-z-10,0.01,10.0,0.0335552,33.5552,6.57605,1140.1,6.062858659003754,1074.5521079273906,0.5131913409962463,65.54789207260933
line-z-10,0.01,10.0,0.0336406,33.6406,6.54118,1140.05,6.053987533479569,1075.4096965130982,0.4871924665204306,64.64030348690176
line-z-10,0.01,10.0,0.0351596,35.1596,5.70725,1137.18,5.97087154935949,1092.5412633501844,0.26362154935949,44.638736649815655
line-z-10,0.01,10.0,0.0352409,35.240899999999996,5.71312,1137.57,5.971905283669866,1093.4881902487368,0.25878528366986586,44.08180975126311
line-z-10,0.01,10.0,0.0353875,35.3875,5.72372,1138.27,5.973769311343924,1095.195686968636,0.2500493113439237,43.074313031364
line-z-10,0.01,10.0,0.035597,35.596999999999994,5.75438,1138.68,5.989239360248348,1097.4463971162693,0.23485936024834775,41.23360288373078
line-z-10,0.01,10.0,0.0358993,35.899300000000004,5.7986,1139.26,6.015620142476716,1100.6317921013335,0.21702014247671553,38.62820789866646
line-z-10,0.01,10.0,0.0368962,36.8962,6.17429,1143.27,6.286541351049103,1108.0527577320772,0.11225135104910322,35.21724226792276
line-z-10,0.01,10.0,0.0372885,37.2885,6.17957,1141.7,6.483064157037202,1109.5489648724727,0.3034941570372016,32.15103512752739
line-z-10,0.01,10.0,0.0377378,37.7378,6.39998,1139.17,6.802170888900811,1110.0186096679688,0.4021908889008108,29.15139033203127
line-z-10,0.01,10.0,0.0379266,37.9266,6.35986,1136.82,6.9768919759638655,1109.7972370806524,0.6170319759638652,27.022762919347542
line-z-10,0.01,10.0,0.0381031,38.1031,6.51024,1135.55,7.150041922120511,1109.4903138413372,0.6398019221205118,26.05968615866277
line-z-10,0.01,10.0,0.0387649,38.7649,7.07428,1130.77,7.970598843664318,1107.1550665326286,0.8963188436643179,23.61493346737143
line-z-10,0.01,10.0,0.03886,38.86,7.14973,1129.67,8.124139569226477,1106.6290774356617,0.9744095692264771,23.040922564338416
line-z-10,0.01,10.0,0.0406253,40.6253,8.68131,1111.59,11.362144458030263,1086.8391525361897,2.6808344580302634,24.75084746381026
line-z-10,0.01,10.0,0.0406819,40.6819,8.73642,1111.25,11.400418887665703,1084.665116558478,2.663998887665702,26.584883441521924
line-z-10,0.01,10.0,0.041151,41.151,9.14134,1097.68,11.547232080571721,1063.888745145907,2.4058920805717214,33.79125485409304
line-z-10,0.01,10.0,0.0411539,41.1539,9.14382,1097.6,11.541890077680629,1063.6591549546154,2.3980700776806287,33.94084504538455
line-z-10,0.01,10.0,0.0413763,41.3763,9.20406,1085.12,11.132213718032752,1046.051962353512,1.9281537180327515,39.06803764648794
line-z-10,0.01,10.0,0.0415577,41.557700000000004,9.25525,1074.99,10.787789719334372,1031.5237028794138,1.5325397193343715,43.466297120586205
line-z-10,0.01,10.0,0.0415639,41.563900000000004,9.25686,1074.64,10.746669097013648,1030.550034069097,1.489809097013648,44.08996593090319
line-z-10,0.01,10.0,0.0419083,41.908300000000004,8.79425,1030.36,8.462484850681026,976.4643020895446,0.33176514931897394,53.89569791045528
line-z-10,0.01,10.0,0.0419203,41.9203,8.77757,1028.77,8.382896549415094,974.5797818115117,0.3946734505849072,54.1902181884883
line-z-10,0.01,10.0,0.0422174,42.217400000000005,6.60149,940.495,4.955885924055306,903.3564445455972,1.6456040759446937,37.13855545440276
line-z-10,0.01,10.0,0.0422303,42.2303,6.5039,936.522,4.771240290923075,899.6593768339148,1.7326597090769251,36.8626231660852
line-z-10,0.01,10.0,0.0424887,42.488699999999994,0.269954,805.844,1.072602182288785,825.6033848417405,0.802648182288785,19.759384841740484
line-z-10,0.01,10.0,0.0425,42.5,0.0,800.0,0.9108583331108092,822.3648681640625,0.9108583331108092,22.3648681640625
line-z-15,0.015,15.0,-0.0425,-42.5,0.0,800.0,4.749794483184815,878.167236328125,4.749794483184815,78.167236328125
line-z-15,0.015,15.0,-0.0424837,-42.4837,0.409289,806.699,4.880621746411052,881.6098723130173,4.4713327464110515,74.91087231301731
line-z-15,0.015,15.0,-0.042186,-42.186,7.74667,899.872,7.270025198094562,944.4855000861561,0.47664480190543834,44.61350008615614
line-z-15,0.015,15.0,-0.0421673,-42.1673,7.83043,903.828,7.420115371243671,948.4350272590077,0.4103146287563284,44.60702725900774
line-z-15,0.015,15.0,-0.0418252,-41.8252,8.42858,957.184,8.737532899116,991.1992854377253,0.3089528991159991,34.01528543772531
line-z-15,0.015,15.0,-0.0418041,-41.8041,8.42688,958.999,8.758112606295354,992.584217476156,0.33123260629535345,33.585217476156004
line-z-15,0.015,15.0,-0.0414104,-41.4104,7.4152,981.378,8.762895316269901,1012.1238839384181,1.3476953162699017,30.745883938418046
line-z-15,0.015,15.0,-0.0413872,-41.3872,7.40064,982.432,8.724914778586074,1012.6394998736203,1.3242747785860738,30.207499873620236
line-z-15,0.015,15.0,-0.0409335,-40.933499999999995,6.37719,997.542,7.905314747754321,1021.8929494700708,1.5281247477543216,24.35094947007076
line-z-15,0.015,15.0,-0.0409091,-40.909099999999995,6.36993,998.353,7.852854644820321,1022.300079266716,1.4829246448203213,23.94707926671606
line-z-15,0.015,15.0,-0.0403849,-40.3849,5.87656,1016.26,6.7923530319887995,1031.8369693761479,0.9157930319887999,15.576969376147872
line-z-15,0.015,15.0,-0.0392129,-39.212900000000005,5.9509,1032.59,5.432451648555114,1058.9139172650493,0.5184483514448859,26.32391726504943
line-z-15,0.015,15.0,-0.0391871,-39.1871,5.95254,1032.95,5.41986364005594,1059.531680385454,0.5326763599440598,26.581680385453865
line-z-15,0.015,15.0,-0.0388437,-38.8437,5.98284,1038.39,5.395514435038849,1067.411130287798,0.5873255649611515,29.02113028779786
line-z-15,0.015,15.0,-0.0388241,-38.8241,5.96712,1038.67,5.394124672609219,1067.8608601016767,0.5729953273907817,29.190860101676662
line-z-15,0.015,15.0,-0.0388132,-38.8132,5.96375,1038.67,5.393351794523353,1068.1109649471503,0.5703982054766472,29.440964947150178
line-z-15,0.015,15.0,-0.0387956,-38.7956,5.95055,1038.85,5.392103844586543,1068.5148039636942,0.5584461554134572,29.66480396369434
line-z-15,0.015,15.0,-0.0384417,-38.441700000000004,5.68569,1042.55,5.4999432343539025,1075.7892871266083,0.1857467656460976,33.23928712660836
line-z-15,0.015,15.0,-0.0381089,-38.1089,5.7898,1049.85,5.680941247749311,1081.8891980957028,0.10885875225068897,32.039198095702886
line-z-15,0.015,15.0,-0.0368719,-36.8719,5.73407,1075.25,6.773539225892428,1097.19638942153,1.0394692258924279,21.946389421530057
line-z-15,0.015,15.0,-0.0357484,-35.7484,5.89959,1080.9,7.678567625292559,1105.0287809512863,1.7789776252925593,24.128780951286217
line-z-15,0.015,15.0,-0.0354169,-35.4169,6.07184,1088.31,7.881153086909086,1107.1564613712083,1.8093130869090857,18.846461371208306
line-z-15,0.015,15.0,-0.0353821,-35.3821,6.08991,1089.09,7.897902988243073,1107.3954479492184,1.8079929882430736,18.305447949218433
line-z-15,0.015,15.0,-0.0350651,-35.0651,6.41241,1095.41,8.050203366144943,1109.5733843577664,1.637793366144943,14.16338435776629
line-z-15,0.015,15.0,-0.0348549,-34.8549,6.75816,1097.58,8.143676867384054,1111.068896380974,1.3855168673840534,13.488896380973983
line-z-15,0.015,15.0,-0.0347769,-34.7769,6.86195,1098.84,8.17460476646422,1111.6495142578124,1.3126547664642203,12.809514257812452
line-z-15,0.015,15.0,-0.0339512,-33.9512,7.96083,1112.14,8.488358966782512,1117.961283961397,0.527528966782512,5.82128396139683
line-z-15,0.015,15.0,-0.0335041,-33.5041,8.40183,1117.19,8.663686607764713,1121.3581932157622,0.2618566077647131,4.16819321576213
line-z-15,0.015,15.0,-0.0333361,-33.3361,8.56746,1119.09,8.73806369373094,1122.5329289694387,0.1706036937309392,3.4429289694387535
line-z-15,0.015,15.0,-0.0324531,-32.4531,9.33899,1129.28,9.176662340702713,1128.0075471449907,0.1623276592972882,1.2724528550093055
line-z-15,0.015,15.0,-0.0320755,-32.0755,9.63478,1133.11,9.393425556743834,1129.9000380284924,0.2413544432561654,3.2099619715074823
line-z-15,0.015,15.0,-0.0319324,-31.9324,9.79475,1135.18,9.481347396042743,1130.529931215533,0.3134026039572575,4.6500687844670665
line-z-15,0.015,15.0,-0.0317399,-31.739900000000002,10.0099,1137.97,9.599621009355387,1131.377271806066,0.4102789906446134,6.592728193934136
line-z-15,0.015,15.0,-0.0308576,-30.857599999999998,10.6477,1148.2,10.156849653804972,1135.243788924632,0.4908503461950282,12.956211075367946
line-z-15,0.015,15.0,-0.0290715,-29.0715,11.7529,1168.61,11.093384476268966,1148.164125387752,0.6595155237310344,20.445874612247962
line-z-15,0.015,15.0,-0.0285381,-28.5381,12.0204,1174.14,11.26638092207066,1153.991684202665,0.7540190779293408,20.148315797335044
line-z-15,0.015,15.0,-0.0269817,-26.9817,11.9891,1184.56,11.56112933544831,1169.3151278894757,0.4279706645516903,15.244872110524284
line-z-15,0.015,15.0,-0.0267364,-26.7364,11.9842,1186.2,11.616566713310675,1169.800884329044,0.3676332866893244,16.399115670956007
line-z-15,0.015,15.0,-0.026619,-26.619,11.9884,1187.22,11.645554142895854,1169.8407010569854,0.3428458571041464,17.379298943014646
line-z-15,0.015,15.0,-0.026619,-26.619,11.9884,1187.22,11.645554142895854,1169.8407010569854,0.3428458571041464,17.379298943014646
line-z-15,0.015,15.0,-0.0265027,-26.5027,12.0509,1187.13,11.67426996964846,1169.8801447150734,0.3766300303515404,17.249855284926753
line-z-15,0.015,15.0,-0.0248886,-24.8886,14.03,1137.99,12.818467552050326,1134.1000307502331,1.2115324479496739,3.889969249766864
line-z-15,0.015,15.0,-0.0241841,-24.1841,14.7866,1119.49,13.919269140422976,1095.4798153808615,0.8673308595770237,24.0101846191385
line-z-15,0.015,15.0,-0.023928,-23.928,15.0072,1112.16,14.44687204383395,1078.027334329046,0.5603279561660486,34.13266567095411
line-z-15,0.015,15.0,-0.0234281,-23.4281,15.4378,1097.86,15.666298244767916,1040.5133800206834,0.22849824476791625,57.34661997931653
line-z-15,0.015,15.0,-0.0207065,-20.7065,26.5724,915.265,27.328544563741808,906.434331298826,0.7561445637418096,8.830668701173977
line-z-15,0.015,15.0,-0.0206941,-20.6941,26.6273,914.533,27.4028206207271,906.7959959472635,0.7755206207270966,7.737004052736552
line-z-15,0.015,15.0,-0.0206061,-20.606099999999998,27.0158,909.358,27.929941025138895,909.3626482910136,0.9141410251388962,0.004648291013609196
line-z-15,0.015,15.0,-0.0204569,-20.4569,27.8323,904.952,28.823649710800694,913.7142906738263,0.9913497108006943,8.762290673826328
line-z-15,0.015,15.0,-0.0204569,-20.4569,27.8323,904.952,28.823649710800694,913.7142906738263,0.9913497108006943,8.762290673826328
line-z-15,0.015,15.0,-0.0204299,-20.4299,28.0436,908.309,28.985379834881577,914.501786279295,0.9417798348815758,6.192786279294978
line-z-15,0.015,15.0,-0.0197625,-19.7625,32.9298,980.703,33.261786079406534,951.8733459472633,0.33198607940653346,28.829654052736714
line-z-15,0.015,15.0,-0.0186338,-18.633799999999997,40.9961,1093.32,41.426425412166225,1063.7862451516455,0.43032541216622633,29.53375484835442
line-z-15,0.015,15.0,-0.0177224,-17.7224,47.5091,1184.25,48.86735503647719,1176.161145978856,1.3582550364771961,8.088854021144016
line-z-15,0.015,15.0,-0.017338,-17.338,51.3918,1245.06,52.272281519272624,1226.4433862591893,0.880481519272621,18.616613740810635
line-z-15,0.015,15.0,-0.0172613,-17.2613,52.1665,1257.19,52.980589474666715,1236.6977991038589,0.8140894746667158,20.492200896141185
line-z-15,0.015,15.0,-0.0163325,-16.3325,62.0214,1364.63,62.06386915767824,1364.2157505888003,0.042469157678240776,0.4142494111997621
line-z-15,0.015,15.0,-0.0163325,-16.3325,62.0214,1364.63,62.06386915767824,1364.2157505888003,0.042469157678240776,0.4142494111997621
line-z-15,0.015,15.0,-0.0140871,-14.0871,86.4517,1687.08,82.8392457928823,1603.1668839384188,3.6124542071177075,83.91311606158115
line-z-15,0.015,15.0,-0.0137677,-13.767700000000001,86.4153,1681.65,84.3300895112877,1605.1147689108454,2.085210488712306,76.53523108915465
line-z-15,0.015,15.0,-0.0137132,-13.7132,86.4091,1680.73,84.58447580638192,1605.447141268382,1.824624193618078,75.28285873161803
line-z-15,0.015,15.0,-0.0137054,-13.7054,86.3884,1680.11,84.62088338623026,1605.4947101562498,1.7675166137697431,74.61528984375013
line-z-15,0.015,15.0,-0.0136866,-13.6866,86.3079,1677.81,84.6854063753015,1605.167646978403,1.6224936246985067,72.64235302159705
line-z-15,0.015,15.0,-0.0135345,-13.5345,85.6603,1659.22,84.9449625504437,1597.5305721220147,0.7153374495563014,61.68942787798528
line-z-15,0.015,15.0,-0.0106594,-10.6594,73.4148,1307.64,69.68573816169332,1236.0642640854828,3.729061838306677,71.57573591451728
line-z-15,0.015,15.0,-0.0105899,-10.5899,72.7022,1298.46,69.02266365123128,1228.4592361672856,3.679536348768721,70.00076383271448
line-z-15,0.015,15.0,-0.0104808,-10.4808,71.5823,1284.04,67.98177977941246,1216.5209837086477,3.6005202205875406,67.51901629135227
line-z-15,0.015,15.0,-0.00928316,-9.28316,57.3744,1113.01,56.35677501888538,1111.7077694175127,1.017624981114622,1.3022305824872547
line-z-15,0.015,15.0,-0.00928069,-9.28069,57.3451,1112.66,56.33177005997639,1111.4814909268762,1.0133299400236098,1.1785090731239052
line-z-15,0.015,15.0,-0.00921743,-9.21743,56.6056,1103.96,55.69135965488245,1105.686196466283,0.9142403451175554,1.7261964662829996
line-z-15,0.015,15.0,-0.00763957,-7.63957,37.7201,876.206,37.986073566006645,952.9226169751021,0.2659735660066431,76.71661697510206
line-z-15,0.015,15.0,-0.00755532,-7.55532,36.7117,864.045,36.978466598224166,946.6235274109614,0.2667665982241658,82.57852741096144
line-z-15,0.015,15.0,-0.00711544,-7.1154399999999995,31.5316,896.707,31.75790451279625,939.2004955560667,0.22630451279625063,42.493495556066705
line-z-15,0.015,15.0,-0.00576828,-5.76828,15.9369,1026.44,17.126517291475913,1036.9842197805535,1.1896172914759138,10.544219780553476
line-z-15,0.015,15.0,-0.00576828,-5.76828,15.9369,1026.44,17.126517291475913,1036.9842197805535,1.1896172914759138,10.544219780553476
line-z-15,0.015,15.0,-0.00430815,-4.30815,2.02923,1182.81,3.0636288876645956,1194.5907680707144,1.0343988876645955,11.78076807071443
line-z-15,0.015,15.0,-0.00407747,-4.07747,-0.167938,1207.51,0.9480960884203375,1222.2604110078664,1.1160340884203375,14.750411007866433
line-z-15,0.015,15.0,-0.00357762,-3.57762,-3.25845,1266.04,-3.534404480263727,1285.5816703865949,0.27595448026372704,19.541670386594888
line-z-15,0.015,15.0,-0.00211086,-2.11086,-13.6475,1454.06,-14.847210871527846,1484.7744971662387,1.199710871527845,30.714497166238743
line-z-15,0.015,15.0,-0.000985074,-0.9850740000000001,-21.6214,1598.38,-20.052365854826824,1592.92105600712,1.5690341451731769,5.458943992880222
line-z-15,0.015,15.0,-0.000734392,-0.734392,-22.6743,1618.96,-20.557066911646167,1603.536551900734,2.1172330883538315,15.423448099266125
line-z-15,0.015,15.0,-0.000117313,-0.117313,-21.816,1604.42,-21.036355922526187,1613.1484125546012,0.7796440774738116,8.728412554601164
line-z-15,0.015,15.0,0.000650878,0.6508780000000001,-21.1218,1593.91,-19.776751931903522,1586.1100041645202,1.345048068096478,7.799995835479876
line-z-15,0.015,15.0,0.000871138,0.8711380000000001,-19.8363,1570.61,-19.114591491292494,1572.3479548952182,0.7217085087075077,1.7379548952183086
line-z-15,0.015,15.0,0.00199296,1.9929599999999998,-13.455,1450.77,-13.696576851895951,1467.0470316015544,0.24157685189595135,16.277031601554427
line-z-15,0.015,15.0,0.00202383,2.02383,-13.205,1446.68,-13.503791317331235,1463.5162301318283,0.29879131733123465,16.836230131828188
line-z-15,0.015,15.0,0.0035946,3.5946,-3.26918,1302.42,-2.124861290507592,1272.901670628438,1.144318709492408,29.518329371562004
line-z-15,0.015,15.0,0.00364707,3.6470700000000003,-2.78924,1294.57,-1.694874692091774,1266.3903193523004,1.0943653079082258,28.17968064769957
line-z-15,0.015,15.0,0.00487121,4.87121,8.40766,1111.35,9.268193594368487,1124.2969723087056,0.8605335943684871,12.946972308705654
line-z-15,0.015,15.0,0.00499117,4.991169999999999,9.70416,1102.34,10.423992770721544,1111.927441070194,0.7198327707215437,9.587441070194018
line-z-15,0.015,15.0,0.00600426,6.00426,20.6527,1026.31,20.611652532977793,1025.7830584955136,0.04104746702220652,0.5269415044863308
line-z-15,0.015,15.0,0.00646669,6.46669,24.5681,991.737,25.490308781514262,1001.482485692927,0.9222087815142608,9.74548569292699
line-z-15,0.015,15.0,0.00668594,6.6859399999999996,26.7714,984.305,27.839028645199207,993.4884173124422,1.067628645199207,9.183417312442202
line-z-15,0.015,15.0,0.00808952,8.089519999999998,40.8762,936.727,43.50232089326825,1012.8380612258775,2.6261208932682507,76.1110612258775
line-z-15,0.015,15.0,0.00921369,9.21369,56.9748,1101.02,57.03289038515919,1108.925833167513,0.05809038515918985,7.9058331675130376
line-z-15,0.015,15.0,0.00978525,9.785250000000001,64.2081,1176.1,64.22421377945025,1179.6448819077518,0.01611377945025083,3.5448819077519147
line-z-15,0.015,15.0,0.0106634,10.6634,75.3206,1291.43,75.03449391766767,1309.8425766429298,0.28610608233232426,18.412576642929707
line-z-15,0.015,15.0,0.010898,10.898,78.2276,1319.4,77.74678188907413,1346.7845470473364,0.4808181109258669,27.384547047336355
line-z-15,0.015,15.0,0.0112996,11.2996,80.8475,1367.34,81.88962931267268,1410.1860396943985,1.0421293126726852,42.84603969439854
line-z-15,0.015,15.0,0.0126642,12.664200000000001,89.7988,1549.27,88.75149229628632,1570.688951568252,1.0473077037136846,21.41895156825194
line-z-15,0.015,15.0,0.0129717,12.971699999999998,91.8166,1590.28,88.34282766921083,1584.3419887408106,3.47377233078916,5.938011259189352
line-z-15,0.015,15.0,0.0130963,13.0963,92.1405,1602.38,88.05458839667816,1588.2264338235307,4.085911603321847,14.15356617646944
line-z-15,0.015,15.0,0.0131776,13.1776,91.0604,1593.41,87.86651574132577,1590.760987477023,3.193884258674231,2.6490125229770456
line-z-15,0.015,15.0,0.0141933,14.1933,83.583,1563.64,81.74453103637639,1560.1028185546825,1.8384689636236118,3.5371814453176285
line-z-15,0.015,15.0,0.0145527,14.5527,80.4016,1544.97,78.81643809419451,1534.6712220013728,1.5851619058054922,10.298777998627202
line-z-15,0.015,15.0,0.0161937,16.1937,65.8775,1459.7,64.62562521936701,1397.4581027458582,1.2518747806329884,62.241897254141804
line-z-15,0.015,15.0,0.0167942,16.7942,59.8792,1376.75,59.37223888908807,1338.6190550953552,0.5069611109119307,38.13094490464482
line-z-15,0.015,15.0,0.0167942,16.7942,59.8792,1376.75,59.37223888908807,1338.6190550953552,0.5069611109119307,38.13094490464482
line-z-15,0.015,15.0,0.0170335,17.0335,57.3399,1336.86,57.27163466419893,1313.3120781680836,0.06826533580107252,23.547921831916256
line-z-15,0.015,15.0,0.017836,17.836000000000002,48.8235,1203.1,50.21234576056949,1216.4319719669065,1.3888457605694882,13.331971966906622
line-z-15,0.015,15.0,0.0191787,19.1787,37.93,1081.64,38.907479536617174,1057.8933984087735,0.9774795366171745,23.746601591226636
line-z-15,0.015,15.0,0.0194195,19.4195,35.8145,1052.58,37.012659537820156,1035.545252592198,1.1981595378201533,17.034747407801888
line-z-15,0.015,15.0,0.0197027,19.7027,33.3254,1018.38,34.89074748301766,1015.036365896425,1.5653474830176606,3.3436341035750274
line-z-15,0.015,15.0,0.0207657,20.765700000000002,26.6791,992.6,27.762096859516326,981.4195872142111,1.082996859516328,11.180412785788917
line-z-15,0.015,15.0,0.021122,21.122,24.7305,981.192,25.75737573960197,987.4411234202682,1.0268757396019694,6.2491234202682335
line-z-15,0.015,15.0,0.0223452,22.3452,20.2357,1055.95,20.129126544727807,1041.6480760110323,0.1065734552721942,14.301923988967701
line-z-15,0.015,15.0,0.0224463,22.446299999999997,19.8644,1062.12,19.75594170693769,1047.3933094295758,0.10845829306230925,14.726690570424125
line-z-15,0.015,15.0,0.0236685,23.668499999999998,15.0792,1139.81,16.051842150744243,1108.130695355584,0.9726421507442424,31.67930464441588
line-z-15,0.015,15.0,0.0238239,23.8239,14.6758,1148.07,15.699247728370173,1113.2550523121558,1.0234477283701722,34.814947687844096
line-z-15,0.015,15.0,0.0239253,23.9253,14.4126,1153.46,15.469176464350028,1116.5987446892243,1.0565764643500284,36.86125531077573
line-z-15,0.015,15.0,0.0243434,24.343400000000003,13.5411,1170.06,14.620389503523796,1127.2838856962326,1.0792895035237962,42.77611430376737
line-z-15,0.015,15.0,0.0258128,25.8128,12.3909,1190.69,12.606567553710923,1138.15267265625,0.21566755371092228,52.53732734375012
line-z-15,0.015,15.0,0.0260659,26.0659,12.1927,1194.24,12.370032353187987,1137.6719466997931,0.17733235318798712,56.568053300206884
line-z-15,0.015,15.0,0.0268136,26.8136,11.6144,1204.77,11.776238259259346,1134.7650587545952,0.16183825925934592,70.00494124540478
line-z-15,0.015,15.0,0.0269932,26.993199999999998,11.6368,1203.47,11.644419937313254,1133.909179917279,0.00761993731325461,69.56082008272097
line-z-15,0.015,15.0,0.0276617,27.6617,11.4691,1197.27,11.174345765887958,1130.1999388959098,0.29475423411204105,67.0700611040902
line-z-15,0.015,15.0,0.0283007,28.300700000000003,11.3089,1191.35,10.741969909555749,1125.7911150304453,0.5669300904442505,65.55888496955458
line-z-15,0.015,15.0,0.0297903,29.7903,10.9414,1174.22,9.894099229363832,1109.3801244025735,1.047300770636168,64.8398755974265
line-z-15,0.015,15.0,0.0301641,30.164099999999998,10.8491,1169.93,9.739475577298325,1103.6361703354778,1.1096244227016747,66.29382966452226
line-z-15,0.015,15.0,0.0307196,30.7196,10.782,1163.59,9.557371845290229,1094.1456894761022,1.2246281547097713,69.44431052389768
line-z-15,0.015,15.0,0.0313018,31.301799999999997,10.5476,1154.6,9.425862670404758,1083.4760298081328,1.1217373295952413,71.1239701918671
line-z-15,0.015,15.0,0.0314302,31.4302,10.4959,1152.62,9.402721617350842,1081.1227096220114,1.0931783826491586,71.49729037798852
line-z-15,0.015,15.0,0.0316062,31.6062,10.3595,1149.54,9.371001793850152,1077.8969747874523,0.9884982061498491,71.64302521254763
line-z-15,0.015,15.0,0.0319324,31.9324,10.2011,1145.4,9.31910873646455,1072.2692818933815,0.8819912635354505,73.13071810661859
line-z-15,0.015,15.0,0.0339371,33.9371,9.0697,1119.76,8.660935937499945,1048.6047060058586,0.4087640625000546,71.1552939941414
line-z-15,0.015,15.0,0.0339949,33.9949,9.03708,1119.02,8.627809439086855,1048.1585107910148,0.4092705609131446,70.86148920898518
line-z-15,0.015,15.0,0.0340253,34.0253,9.0362,1118.76,8.6055316080878,1047.9522896829037,0.4306683919121994,70.80771031709628
line-z-15,0.015,15.0,0.0343691,34.3691,9.1906,1118.6,8.34251910907518,1045.6849634420953,0.8480808909248196,72.91503655790461
line-z-15,0.015,15.0,0.0353399,35.3399,9.27436,1114.34,7.411535366249022,1039.2030470013783,1.8628246337509777,75.13695299862161
line-z-15,0.015,15.0,0.0363801,36.3801,8.87865,1106.19,6.388973017748658,1029.7580010483684,2.4896769822513427,76.43199895163161
line-z-15,0.015,15.0,0.0364433,36.4433,8.85463,1105.69,6.3468252947190145,1029.0131011173023,2.5078047052809858,76.67689888269774
line-z-15,0.015,15.0,0.0370317,37.0317,8.67885,1096.36,6.032319570126242,1021.8125984130854,2.646530429873758,74.54740158691448
line-z-15,0.015,15.0,0.0376695,37.6695,8.88184,1084.87,6.043335522707788,1013.2788993781585,2.8385044772922123,71.5911006218414
line-z-15,0.015,15.0,0.0376936,37.6936,8.88951,1084.43,6.049037676822456,1012.9518081227012,2.8404723231775435,71.47819187729885
line-z-15,0.015,15.0,0.0387158,38.7158,8.47848,1066.67,7.157289069366492,1001.0972984374998,1.3211909306335077,65.57270156250024
line-z-15,0.015,15.0,0.0388892,38.889199999999995,8.47002,1063.42,7.523165081787171,1000.0401042968747,0.9468549182128285,63.379895703125385
line-z-15,0.015,15.0,0.0395544,39.5544,8.81592,1053.8,9.144198453207752,998.0182719267003,0.3282784532077514,55.78172807329963
line-z-15,0.015,15.0,0.0404563,40.4563,9.27681,1032.78,11.80289384963103,1002.2387524055034,2.5260838496310303,30.541247594496554
line-z-15,0.015,15.0,0.0407172,40.717200000000005,9.38386,1026.6,12.45875387348852,1003.3073372874541,3.07489387348852,23.292662712545848
line-z-15,0.015,15.0,0.0409862,40.986200000000004,9.43275,1020.22,12.978360915913361,1003.3925201056985,3.545610915913361,16.82747989430152
line-z-15,0.015,15.0,0.0412108,41.2108,9.71709,1014.74,13.094839524302742,1000.354545168887,3.3777495243027413,14.385454831113066
line-z-15,0.015,15.0,0.041447,41.446999999999996,9.73867,1005.31,12.963002610150477,994.668079015394,3.2243326101504763,10.641920984605918
line-z-15,0.015,15.0,0.0416412,41.641200000000005,9.96301,996.789,12.439889915196689,985.1182677561987,2.4768799151966885,11.67073224380124
line-z-15,0.015,15.0,0.0418478,41.8478,9.89031,980.945,11.324149694599456,968.3856972024303,1.433839694599456,12.559302797569785
line-z-15,0.015,15.0,0.0420162,42.0162,9.22514,955.851,10.4147080046257,954.7469514073929,1.1895680046257002,1.1040485926071142
line-z-15,0.015,15.0,0.0421965,42.1965,8.22204,917.635,8.129393768197723,922.5409705020593,0.09264623180227716,4.90597050205929
line-z-15,0.015,15.0,0.0423429,42.3429,4.38019,868.57,6.200683668854301,895.4095216969159,1.8204936688543008,26.83952169691588
line-z-15,0.015,15.0,0.0425,42.5,0.0,800.0,4.131009101867676,866.2951049804688,4.131009101867676,66.29510498046875
line-z-25,0.025,25.0,-0.0425,-42.5,0.0,800.0,-3.5015056133270264,885.0758056640625,3.5015056133270264,85.0758056640625
line-z-25,0.025,25.0,-0.0424525,-42.4525,-0.446129,815.444,-3.9490237394500953,897.0680426384415,3.5028947394500953,81.62404263844155
line-z-25,0.025,25.0,-0.042171,-42.171,-4.44501,931.524,-6.601157476368561,968.1378259708044,2.1561474763685613,36.61382597080444
line-z-25,0.025,25.0,-0.0421164,-42.1164,-4.56534,940.476,-7.115567785554189,981.922586787668,2.5502277855541893,41.446586787668025
line-z-25,0.025,25.0,-0.0417927,-41.7927,-5.68389,1004.32,-8.022367069839007,1021.2792323471916,2.3384770698390067,16.959232347191573
line-z-25,0.025,25.0,-0.0417299,-41.7299,-5.74557,1009.33,-8.041561709022503,1025.815994824214,2.295991709022503,16.48599482421389
line-z-25,0.025,25.0,-0.0413577,-41.357699999999994,-6.07893,1038.53,-7.575944794666183,1042.8933262867636,1.4970147946661836,4.363326286763595
line-z-25,0.025,25.0,-0.0412854,-41.2854,-6.09251,1041.62,-7.3863275946674385,1044.5312900965064,1.2938175946674386,2.911290096506491
line-z-25,0.025,25.0,-0.0408576,-40.8576,-5.85307,1056.52,-6.193560922420801,1053.0171132582716,0.34049092242080103,3.502886741728389
line-z-25,0.025,25.0,-0.0407742,-40.77419999999999,-5.79247,1058.44,-5.9486746676277225,1054.4609661764703,0.15620466762772267,3.9790338235297895
line-z-25,0.025,25.0,-0.0402824,-40.2824,-5.10257,1067.19,-4.615388680491906,1063.3154267693003,0.4871813195080943,3.8745732306997525
line-z-25,0.025,25.0,-0.0397795,-39.779500000000006,-3.76524,1064.95,-3.43282242295338,1072.034262738395,0.3324175770466198,7.084262738394955
line-z-25,0.025,25.0,-0.0393079,-39.3079,-2.92336,1067.01,-2.4497310726335075,1078.6996350873155,0.47362892736649265,11.689635087315537
line-z-25,0.025,25.0,-0.0385865,-38.5865,-1.52652,1066.61,-1.0470987466013095,1085.023781537224,0.47942125339869057,18.413781537224168
line-z-25,0.025,25.0,-0.0381113,-38.1113,-0.383104,1069.52,-0.13101449678229277,1086.8661653435202,0.25208950321770723,17.34616534352017
line-z-25,0.025,25.0,-0.0379687,-37.9687,-0.0989739,1069.69,0.1476308524537579,1087.1065816693474,0.2466047524537579,17.41658166934735
line-z-25,0.025,25.0,-0.0365537,-36.5537,2.7198,1071.29,3.027610480645081,1086.8988702378217,0.307810480645081,15.608870237821748
line-z-25,0.025,25.0,-0.0364598,-36.4598,2.87798,1072.75,3.2236720808814234,1086.8742570886948,0.34569208088142345,14.124257088694776
line-z-25,0.025,25.0,-0.0363825,-36.3825,2.96477,1073.73,3.3850731639300884,1086.85399514591,0.42030316393008826,13.12399514590993
line-z-25,0.025,25.0,-0.036223,-36.223,3.24279,1074.82,3.717174987568507,1086.9983369715073,0.4743849875685071,12.178336971507406
line-z-25,0.025,25.0,-0.0341684,-34.1684,6.82411,1088.87,7.748139589556512,1095.3546910845587,0.924029589556512,6.48469108455879
line-z-25,0.025,25.0,-0.0341111,-34.1111,6.93776,1089.31,7.851373831894817,1095.6989551987592,0.9136138318948168,6.388955198759277
line-z-25,0.025,25.0,-0.034031,-34.031,7.06915,1090.64,7.995685573802279,1096.180203986673,0.9265355738022798,5.54020398667285
line-z-25,0.025,25.0,-0.0339549,-33.9549,7.18605,1091.99,8.129239559958949,1096.607085133272,0.9431895599589488,4.617085133271985
line-z-25,0.025,25.0,-0.0333451,-33.3451,8.12329,1102.86,9.169625429377714,1099.5708076229319,1.046335429377713,3.289192377068048
line-z-25,0.025,25.0,-0.031287,-31.287000000000003,12.266,1121.13,12.685410007027883,1097.2240394646144,0.4194100070278832,23.905960535385702
line-z-25,0.025,25.0,-0.0293433,-29.3433,16.6046,1099.51,16.945778065400802,1086.0329532140397,0.34117806540080053,13.477046785960283
line-z-25,0.025,25.0,-0.0291297,-29.1297,16.9744,1097.15,17.508601968922143,1085.9872050522747,0.5342019689221438,11.162794947725388
line-z-25,0.025,25.0,-0.02908,-29.080000000000002,17.0605,1096.6,17.642852352366543,1086.0423595473346,0.5823523523665415,10.557640452665282
line-z-25,0.025,25.0,-0.0288886,-28.8886,17.7687,1100.65,18.15986489545021,1086.254765389476,0.3911648954502098,14.395234610524085
line-z-25,0.025,25.0,-0.0288375,-28.8375,17.9578,1101.73,18.29789697983671,1086.311473532284,0.34009697983671217,15.418526467715992
line-z-25,0.025,25.0,-0.0278354,-27.8354,21.3354,1120.6,21.43140436796295,1098.2850179113047,0.09600436796295142,22.31498208869516
line-z-25,0.025,25.0,-0.025686,-25.686,30.3518,1178.57,31.39619788405468,1225.4461979549621,1.0443978840546784,46.87619795496221
line-z-25,0.025,25.0,-0.0240136,-24.0136,40.8117,1414.73,42.47886495504919,1445.841866590069,1.6671649550491878,31.111866590068985
line-z-25,0.025,25.0,-0.0239443,-23.944300000000002,41.2454,1424.53,42.97114263099201,1456.4891041791086,1.7257426309920163,31.959104179108635
line-z-25,0.025,25.0,-0.0238971,-23.897100000000002,41.5502,1431.32,43.306431322254674,1463.740902363852,1.7562313222546777,32.420902363852065
line-z-25,0.025,25.0,-0.0237439,-23.7439,42.6372,1452.91,44.39469885406483,1487.2785185058572,1.7574988540648278,34.36851850585708
line-z-25,0.025,25.0,-0.0226398,-22.6398,50.433,1606.12,51.9591980791873,1650.9238622989342,1.5261980791873029,44.80386229893429
line-z-25,0.025,25.0,-0.0218169,-21.8169,56.2427,1720.3,56.805381916090866,1751.2726973891283,0.5626819160908667,30.97269738912837
line-z-25,0.025,25.0,-0.0208526,-20.8526,62.0133,1831.94,61.09617173479841,1833.4926536362548,0.9171282652015904,1.5526536362547176
line-z-25,0.025,25.0,-0.0204571,-20.4571,63.5274,1864.68,62.3034225410011,1854.7419091480897,1.2239774589989025,9.938090851910374
line-z-25,0.025,25.0,-0.0201702,-20.170199999999998,64.626,1888.44,62.98896700960039,1866.3036271024803,1.637032990399618,22.136372897519777
line-z-25,0.025,25.0,-0.0194073,-19.4073,63.4375,1857.78,63.96949620181812,1881.015196740004,0.5319962018181172,23.235196740004085
line-z-25,0.025,25.0,-0.0179521,-17.952099999999998,65.0545,1880.96,62.5462541040758,1849.339452194395,2.5082458959242047,31.62054780560493
line-z-25,0.025,25.0,-0.0178784,-17.8784,65.1365,1882.14,62.35629952356686,1845.3528093520242,2.780200476433137,36.787190647975876
line-z-25,0.025,25.0,-0.0164303,-16.4303,62.1111,1827.31,57.39293778462162,1738.0613476935962,4.718162215378378,89.24865230640376
line-z-25,0.025,25.0,-0.0152943,-15.2943,55.861,1712.02,51.670725821730784,1624.6341043227271,4.190274178269213,87.38589567727286
line-z-25,0.025,25.0,-0.0146128,-14.6128,50.5096,1648.05,47.661514588479996,1564.9780660615866,2.848085411520003,83.0719339384134
line-z-25,0.025,25.0,-0.0143941,-14.3941,48.782,1633.92,46.28789590400296,1550.8803773696052,2.494104095997038,83.03962263039489
line-z-25,0.025,25.0,-0.0143548,-14.3548,48.504,1632.32,46.0410590759282,1548.3470478515674,2.4629409240717948,83.97295214843257
line-z-25,0.025,25.0,-0.0135445,-13.5445,42.7563,1599.2,40.78240954589869,1514.128003848806,1.9738904541013156,85.07199615119407
line-z-25,0.025,25.0,-0.0121981,-12.1981,31.9395,1562.86,31.41815271911675,1518.7503052418406,0.5213472808832478,44.10969475815932
line-z-25,0.025,25.0,-0.0119895,-11.9895,30.2809,1554.6,29.892593338013167,1524.6583238597177,0.3883066619868316,29.941676140282198
line-z-25,0.025,25.0,-0.011089,-11.089,23.1219,1518.97,23.237251414579667,1561.3400851045485,0.11535141457966702,42.37008510454848
line-z-25,0.025,25.0,-0.0103208,-10.3208,17.934,1571.57,17.631998882339182,1610.5832337316106,0.3020011176608186,39.013233731610626
line-z-25,0.025,25.0,-0.0101377,-10.137699999999999,16.4943,1589.75,16.332248212321204,1625.7614169893088,0.16205178767879502,36.01141698930883
line-z-25,0.025,25.0,-0.00825682,-8.25682,4.30778,1815.37,3.637063284067521,1824.5055366704914,0.6707167159324792,9.135536670491547
line-z-25,0.025,25.0,-0.00793095,-7.930950000000001,2.19641,1854.46,1.559224471512024,1863.012988111779,0.6371855284879762,8.552988111778859
line-z-25,0.025,25.0,-0.00683484,-6.83484,-3.68569,1970.88,-5.067541374599107,1990.173079412911,1.3818513745991066,19.293079412910856
line-z-25,0.025,25.0,-0.00566433,-5.6643300000000005,-11.0054,2121.54,-11.322567362286877,2113.452641017917,0.31716736228687736,8.08735898208306
line-z-25,0.025,25.0,-0.00416386,-4.163860000000001,-17.7538,2236.12,-17.3723112626468,2232.8944538028486,0.3814887373531981,3.2255461971512887
line-z-25,0.025,25.0,-0.00384775,-3.84775,-18.5263,2248.93,-18.34103639434345,2252.00432746438,0.18526360565654798,3.074327464380076
line-z-25,0.025,25.0,-0.00353454,-3.5345400000000002,-19.2916,2261.62,-19.18360116878717,2268.8626745634156,0.1079988312128286,7.242674563415676
line-z-25,0.025,25.0,-0.000807418,-0.807418,-24.1776,2381.71,-23.202449761974542,2361.9796100865115,0.97515023802546,19.73038991348858
line-z-25,0.025,25.0,-0.000208619,-0.208619,-24.4592,2379.09,-23.364976442686196,2368.432674849322,1.0942235573138035,10.657325150677934
line-z-25,0.025,25.0,0.0012088,1.2087999999999999,-23.3108,2382.12,-22.71490774105291,2356.9891852711385,0.5958922589470887,25.130814728861424
line-z-25,0.025,25.0,0.00174307,1.74307,-22.8011,2378.11,-22.108215042010933,2342.781847320195,0.6928849579890688,35.328152679805044
line-z-25,0.025,25.0,0.0019156,1.9156,-22.6366,2376.82,-21.883413079833854,2337.3910337316142,0.7531869201661472,39.42896626838592
line-z-25,0.025,25.0,0.00243103,2.43103,-21.833,2360.22,-21.062258503184573,2317.2065784352017,0.7707414968154254,43.013421564798136
line-z-25,0.025,25.0,0.00267193,2.6719299999999997,-21.4574,2352.46,-20.617881604811675,2306.1991865464142,0.8395183951883247,46.2608134535858
line-z-25,0.025,25.0,0.00351927,3.51927,-19.5854,2313.56,-18.77933518790285,2261.222836271825,0.8060648120971514,52.3371637281748
line-z-25,0.025,25.0,0.0041525,4.1525,-17.319,2265.97,-17.079000365313092,2221.1557161936976,0.23999963468690666,44.81428380630223
line-z-25,0.025,25.0,0.00560661,5.60661,-10.8491,2129.04,-11.81346674448548,2107.522888633956,0.9643667444854795,21.51711136604399
line-z-25,0.025,25.0,0.00575938,5.759379999999999,-10.1694,2114.65,-11.132608399568118,2093.6806808915376,0.9632083995681189,20.969319108462514
line-z-25,0.025,25.0,0.00614555,6.14555,-8.52152,2079.74,-9.335618952318754,2057.554280111147,0.8140989523187532,22.185719888852873
line-z-25,0.025,25.0,0.00716675,7.16675,-3.36127,1967.61,-3.8825611623663683,1950.9084549201475,0.5212911623663681,16.701545079852394
line-z-25,0.025,25.0,0.00724132,7.24132,-2.98445,1959.42,-3.449647650089029,1942.5428857812453,0.46519765008902914,16.87711421875474
line-z-25,0.025,25.0,0.00739368,7.39368,-2.16668,1943.4,-2.565127028785879,1925.4505146668143,0.398447028785879,17.94948533318575
line-z-25,0.025,25.0,0.00913458,9.13458,9.326,1734.68,8.023294489957213,1726.8992559587514,1.302705510042788,7.780744041248681
line-z-25,0.025,25.0,0.0104036,10.4036,17.1533,1626.93,15.827853079224177,1605.9057382927328,1.3254469207758248,21.024261707267215
line-z-25,0.025,25.0,0.0113963,11.3963,23.2764,1542.64,22.11061040330799,1546.4337501292496,1.165789596692008,3.7937501292494744
line-z-25,0.025,25.0,0.0115144,11.514399999999998,23.9885,1532.53,22.891562543263433,1542.33781784237,1.0969374567365655,9.807817842370014
line-z-25,0.025,25.0,0.0115332,11.5332,24.0996,1531.0,23.015880072739833,1541.6857981387852,1.0837199272601659,10.68579813878523
line-z-25,0.025,25.0,0.0115633,11.5633,24.2772,1528.56,23.214920372593,1540.6418729750676,1.0622796274070012,12.081872975067654
line-z-25,0.025,25.0,0.0119978,11.9978,27.0202,1500.12,26.140910820277043,1529.2906591911756,0.8792891797229565,29.170659191175673
line-z-25,0.025,25.0,0.013215,13.215,36.2923,1564.38,34.90399646310262,1538.1255773207727,1.388303536897375,26.254422679227446
line-z-25,0.025,25.0,0.0133822,13.382200000000001,37.6364,1576.81,36.171013827155846,1545.111470507814,1.4653861728441555,31.698529492186026
line-z-25,0.025,25.0,0.0134243,13.4243,37.9786,1579.86,36.490347824545715,1546.9045851562514,1.488252175454285,32.955414843748486
line-z-25,0.025,25.0,0.0149184,14.9184,50.1263,1688.17,47.79937602826318,1646.3641207605738,2.326923971736818,41.805879239426304
line-z-25,0.025,25.0,0.0149573,14.9573,50.4301,1691.47,48.08705639397144,1649.7414756089188,2.3430436060285658,41.72852439108124
line-z-25,0.025,25.0,0.0154381,15.4381,54.1856,1732.26,51.53703898405207,1694.0107387925118,2.6485610159479336,38.24926120748819
line-z-25,0.025,25.0,0.0159318,15.931799999999999,55.8973,1758.68,54.8666650848392,1741.6289234949495,1.0306349151608032,17.05107650505056
line-z-25,0.025,25.0,0.0187831,18.7831,68.9725,1926.01,65.80346592909876,1910.6770720214847,3.1690340709012332,15.332927978515272
line-z-25,0.025,25.0,0.0187831,18.7831,68.9725,1926.01,65.80346592909876,1910.6770720214847,3.1690340709012332,15.332927978515272
line-z-25,0.025,25.0,0.0189804,18.980400000000003,68.6685,1922.69,65.85530135498044,1909.0491058478842,2.813198645019554,13.640894152115834
line-z-25,0.025,25.0,0.0199282,19.9282,64.7398,1848.54,64.68790088016274,1873.0969676872676,0.05189911983725892,24.556967687267615
line-z-25,0.025,25.0,0.0214081,21.4081,58.6055,1732.75,58.91708673400841,1744.7620510742106,0.311586734008408,12.012051074210603
line-z-25,0.025,25.0,0.0220878,22.0878,55.3181,1675.12,55.183292230044856,1668.5213059685154,0.13480776995514532,6.598694031484456
line-z-25,0.025,25.0,0.0221947,22.1947,55.1373,1670.96,54.57212933376509,1656.1983363051415,0.5651706662349127,14.761663694858498
line-z-25,0.025,25.0,0.0222998,22.2998,54.4381,1656.19,53.93874653912681,1643.7365602366667,0.49935346087318777,12.453439763333336
line-z-25,0.025,25.0,0.0228493,22.8493,50.4717,1581.67,50.59761052739714,1578.5394469640305,0.1259105273971386,3.1305530359695695
line-z-25,0.025,25.0,0.0234645,23.4645,46.2928,1507.81,46.77485335136841,1506.2152606416548,0.4820533513684069,1.594739358345123
line-z-25,0.025,25.0,0.0249386,24.938599999999997,36.2797,1330.84,37.71313565404512,1347.316134116491,1.4334356540451196,16.47613411649104
line-z-25,0.025,25.0,0.0263501,26.3501,30.2331,1294.21,29.433956676034125,1222.7708643152541,0.7991433239658754,71.4391356847459
line-z-25,0.025,25.0,0.0273495,27.3495,24.8422,1216.67,24.018851428087565,1155.9495656451004,0.8233485719124332,60.72043435489968
line-z-25,0.025,25.0,0.0282624,28.2624,19.9179,1145.85,19.70664517175998,1115.2877908547785,0.21125482824001907,30.56220914522146
line-z-25,0.025,25.0,0.0284293,28.4293,19.0362,1134.15,19.003202751698062,1109.986769399126,0.03299724830193895,24.163230600874158
line-z-25,0.025,25.0,0.0287959,28.7959,18.162,1134.66,17.52867024886166,1099.9682155962762,0.6333297511383407,34.69178440372389
line-z-25,0.025,25.0,0.0291972,29.1972,17.1451,1134.92,16.0946722106931,1092.5087564568,1.050427789306898,42.411243543200044
line-z-25,0.025,25.0,0.0306619,30.6619,13.4331,1135.88,12.015192181014916,1081.6631761919807,1.4179078189850838,54.2168238080194
line-z-25,0.025,25.0,0.0313348,31.3348,11.6027,1130.31,10.683531640624864,1080.9696868566175,0.9191683593751367,49.340313143382446
line-z-25,0.025,25.0,0.0313348,31.3348,11.6027,1130.31,10.683531640624864,1080.9696868566175,0.9191683593751367,49.340313143382446
line-z-25,0.025,25.0,0.0316072,31.607200000000002,11.2131,1131.42,10.205984754943689,1080.7702690257352,1.007115245056312,50.64973097426491
line-z-25,0.025,25.0,0.0316322,31.632199999999997,11.1774,1131.52,10.162157030486904,1080.7519670955883,1.0152429695130962,50.76803290441171
line-z-25,0.025,25.0,0.0340251,34.0251,7.23373,1103.42,7.017679992787827,1069.4057480755966,0.21605000721217316,34.014251924403425
line-z-25,0.025,25.0,0.0341215,34.1215,7.09056,1102.31,6.872146741642552,1068.7765287511484,0.2184132583574483,33.53347124885158
line-z-25,0.025,25.0,0.0342093,34.2093,6.96008,1101.3,6.7395967473421825,1068.2034431008728,0.2204832526578171,33.09655689912711
line-z-25,0.025,25.0,0.0345306,34.5306,6.57064,1095.64,6.235974830358125,1066.3318396484374,0.334665169641875,29.30816035156272
line-z-25,0.025,25.0,0.0346861,34.686099999999996,6.3883,1093.01,5.951777704418358,1065.917729785156,0.4365222955816419,27.092270214843893
line-z-25,0.025,25.0,0.0350526,35.052600000000005,5.43102,1089.93,5.2494782427618425,1065.7367341337317,0.18154175723815769,24.193265866268348
line-z-25,0.025,25.0,0.0353803,35.380300000000005,4.5845,1087.16,4.552177229600655,1067.272884357767,0.03232277039934495,19.887115642233084
line-z-25,0.025,25.0,0.0354226,35.422599999999996,4.47664,1086.87,4.461667183460771,1067.5256174000467,0.01497281653922844,19.344382599953178
line-z-25,0.025,25.0,0.036959,36.958999999999996,1.21214,1081.76,1.702723700887976,1091.3771086856618,0.4905837008879761,9.617108685661833
line-z-25,0.025,25.0,0.037482,37.482,-0.25631,1086.82,1.0822172098158938,1090.689467256433,1.3385272098158938,3.869467256433154
line-z-25,0.025,25.0,0.0379417,37.941700000000004,-1.24435,1085.67,0.3447961495833163,1085.3320405101094,1.5891461495833163,0.3379594898906362
line-z-25,0.025,25.0,0.0383955,38.3955,-2.2197,1084.53,-0.72898686568178,1080.404318689683,1.49071313431822,4.125681310317077
line-z-25,0.025,25.0,0.0387719,38.771899999999995,-2.91108,1083.35,-1.875632913160406,1079.658859960938,1.0354470868395942,3.69114003906202
line-z-25,0.025,25.0,0.0397777,39.777699999999996,-5.51312,1087.76,-5.414643532921497,1101.1156285242437,0.09847646707850277,13.355628524243684
line-z-25,0.025,25.0,0.0400824,40.0824,-6.29036,1089.87,-6.321222247180064,1109.9798202665465,0.030862247180063918,20.10982026654665
line-z-25,0.025,25.0,0.0402352,40.2352,-6.48108,1087.27,-6.655242033341476,1112.8623971737143,0.1741620333414753,25.59239717371429
line-z-25,0.025,25.0,0.0403786,40.3786,-6.59366,1084.43,-6.902325384925481,1114.7075147920502,0.30866538492548123,30.27751479205017
line-z-25,0.025,25.0,0.0404369,40.436899999999994,-6.62251,1082.55,-7.002778379328179,1115.457656752643,0.3802683793281787,32.907656752643106
line-z-25,0.025,25.0,0.0409288,40.9288,-7.29453,1069.91,-7.2922477453344,1109.9099189797787,0.0022822546655998366,39.99991897977861
line-z-25,0.025,25.0,0.0409787,40.978699999999996,-7.26327,1067.31,-7.290566661733738,1108.6864388011252,0.027296661733737793,41.37643880112523
line-z-25,0.025,25.0,0.0414073,41.4073,-7.37049,1045.58,-6.597648364605513,1079.0616409581758,0.7728416353944869,33.48164095817583
line-z-25,0.025,25.0,0.0414503,41.450300000000006,-7.32342,1041.54,-6.506145395536867,1075.4700639820726,0.8172746044631323,33.930063982072625
line-z-25,0.025,25.0,0.0418234,41.8234,-6.95025,1003.32,-5.1143690673825235,1023.1656871581924,1.835880932617476,19.84568715819239
line-z-25,0.025,25.0,0.0418607,41.8607,-6.88045,996.235,-4.951742007154262,1017.1060832820999,1.9287079928457374,20.871083282099903
line-z-25,0.025,25.0,0.0421853,42.185300000000005,-5.65608,924.876,-3.2006708496567104,949.5190235624287,2.4554091503432898,24.643023562428766
line-z-25,0.025,25.0,0.0422177,42.217699999999994,-5.20931,914.005,-2.990333754205425,941.2002281752533,2.2189762457945754,27.195228175253305
line-z-25,0.025,25.0,0.0425,42.5,0.0,800.0,-1.1576744318008425,868.7188720703125,1.1576744318008425,68.7188720703125
line-z-40,0.04,40.0,-0.0425,-42.5,0.0,800.0,-5.431199550628662,941.5941162109376,5.431199550628662,141.5941162109376
line-z-40,0.04,40.0,-0.0422749,-42.274899999999995,-7.52645,1091.49,-7.80998144451555,1105.4227768008718,0.28353144451555057,13.932776800871807
line-z-40,0.04,40.0,-0.0421888,-42.1888,-9.98344,1210.0,-8.719857593176823,1168.0866936235852,1.2635824068231774,41.913306376414766
line-z-40,0.04,40.0,-0.0419299,-41.929899999999996,-8.90549,1261.43,-9.843543097350613,1289.6322322437927,0.9380530973506129,28.20223224379265
line-z-40,0.04,40.0,-0.041831,-41.831,-8.47909,1283.21,-9.259563374014876,1294.0306290785816,0.7804733740148766,10.820629078581533
line-z-40,0.04,40.0,-0.0415328,-41.5328,-7.37235,1284.87,-7.53394242446027,1306.2144940487135,0.16159242446027022,21.344494048713614
line-z-40,0.04,40.0,-0.0414195,-41.4195,-6.95892,1286.23,-7.040072487158146,1305.8857626378679,0.08115248715814616,19.655762637867838
line-z-40,0.04,40.0,-0.0410758,-41.0758,-5.42537,1280.86,-5.542651887097238,1304.6962664292291,0.11728188709723764,23.836266429229227
line-z-40,0.04,40.0,-0.0409463,-40.9463,-4.85703,1279.65,-4.991115434495255,1301.015246783089,0.13408543449525467,21.365246783088878
line-z-40,0.04,40.0,-0.0405496,-40.5496,-2.83938,1270.53,-3.2383081655840034,1289.810323368567,0.39892816558400357,19.280323368566997
line-z-40,0.04,40.0,-0.0404023,-40.402300000000004,-2.09763,1268.13,-2.4594396183521376,1285.79388949621,0.36180961835213754,17.663889496210004
line-z-40,0.04,40.0,-0.0393416,-39.3416,3.24237,1256.55,3.898381816493453,1287.702102205881,0.6560118164934527,31.152102205880965
line-z-40,0.04,40.0,-0.0392895,-39.2895,3.50478,1255.98,4.230033703228707,1289.2271315774344,0.7252537032287072,33.2471315774344
line-z-40,0.04,40.0,-0.0392553,-39.2553,3.67513,1255.82,4.447739932141284,1290.2282065199895,0.7726099321412838,34.40820651998956
line-z-40,0.04,40.0,-0.0388751,-38.8751,5.6082,1259.8,6.786895723084644,1308.4111093864872,1.178695723084644,48.611109386487215
line-z-40,0.04,40.0,-0.0386296,-38.6296,6.84196,1274.24,8.243915012090243,1322.2073914292268,1.4019550120902426,47.967391429226836
line-z-40,0.04,40.0,-0.0385778,-38.5778,7.10182,1277.29,8.536219023064902,1325.5318918026185,1.434399023064902,48.24189180261851
line-z-40,0.04,40.0,-0.0381586,-38.1586,9.14401,1298.0,10.859600259174936,1353.059947466681,1.7155902591749363,55.059947466681024
line-z-40,0.04,40.0,-0.038105,-38.105,9.405,1300.65,11.13735105065726,1356.8659000172315,1.732351050657261,56.215900017231434
line-z-40,0.04,40.0,-0.0370362,-37.0362,14.598,1346.06,16.386038304137998,1437.414731738278,1.7880383041379968,91.35473173827813
line-z-40,0.04,40.0,-0.0363299,-36.329899999999995,17.9781,1402.77,19.696699221397783,1497.4739110983442,1.7185992213977812,94.70391109834418
line-z-40,0.04,40.0,-0.036187,-36.187,18.6624,1414.24,20.381560007880537,1510.884281479776,1.7191600078805358,96.64428147977605
line-z-40,0.04,40.0,-0.0359475,-35.9475,19.8222,1433.36,21.529384768990518,1533.3600247012791,1.707184768990519,100.00002470127924
line-z-40,0.04,40.0,-0.0356048,-35.6048,21.7653,1472.01,23.222887249755495,1567.7453765624925,1.4575872497554947,95.73537656249255
line-z-40,0.04,40.0,-0.034905,-34.905,25.6911,1548.24,26.805460920894646,1642.8460200769716,1.1143609208946472,94.60602007697162
line-z-40,0.04,40.0,-0.034209,-34.209,29.1201,1627.53,30.511303871603513,1723.6113331227007,1.391203871603512,96.0813331227007
line-z-40,0.04,40.0,-0.0339029,-33.9029,30.6278,1662.4,32.14283349304191,1759.8673839240562,1.515033493041912,97.4673839240561
line-z-40,0.04,40.0,-0.0334903,-33.4903,32.6453,1708.3,34.31159617569828,1808.8389144760936,1.6662961756982781,100.53891447609362
line-z-40,0.04,40.0,-0.0328721,-32.8721,35.8188,1781.56,37.36990906165604,1879.7017765366443,1.5511090616560352,98.14177653664433
line-z-40,0.04,40.0,-0.0323012,-32.3012,38.75,1849.23,39.91000309376426,1940.1259064567992,1.16000309376426,90.89590645679914
line-z-40,0.04,40.0,-0.0322992,-32.2992,38.7597,1849.48,39.91840527595062,1940.32817173713,1.1587052759506165,90.84817173713009
line-z-40,0.04,40.0,-0.0322965,-32.2965,38.7734,1849.82,39.9297482219022,1940.601229865577,1.1563482219021992,90.78122986557696
line-z-40,0.04,40.0,-0.0322782,-32.2782,38.8542,1851.88,40.00662818890731,1942.4519571806045,1.152428188907308,90.57195718060439
line-z-40,0.04,40.0,-0.0311266,-31.1266,43.9422,1981.51,43.88945358168643,2039.127379520906,0.052746418313567744,57.61737952090607
line-z-40,0.04,40.0,-0.0291026,-29.1026,47.0759,2090.79,46.1689203986673,2115.4941112821684,0.9069796013327007,24.70411128216847
line-z-40,0.04,40.0,-0.0282168,-28.2168,46.4991,2115.06,45.75123756354839,2125.8533761029407,0.7478624364516051,10.793376102940783
line-z-40,0.04,40.0,-0.0269606,-26.9606,45.681,2149.48,44.004100417552394,2138.6804183019294,1.6768995824476036,10.799581698070597
line-z-40,0.04,40.0,-0.0261292,-26.1292,46.2012,2184.21,42.058599708108424,2153.15021227022,4.142600291891576,31.059787729780055
line-z-40,0.04,40.0,-0.0252196,-25.2196,42.7459,2194.72,39.25128765222901,2174.0795833639695,3.494612347770989,20.640416636030295
line-z-40,0.04,40.0,-0.0240735,-24.073500000000003,37.6388,2203.58,34.92319513792164,2201.5850631893372,2.715604862078365,1.9949368106626935
line-z-40,0.04,40.0,-0.0238003,-23.8003,36.4641,2206.07,33.7968049699672,2207.556918887867,2.667295030032804,1.4869188878669775
line-z-40,0.04,40.0,-0.0225779,-22.577900000000003,31.2094,2217.21,28.64091056711561,2233.223998466221,2.5684894328843875,16.013998466220983
line-z-40,0.04,40.0,-0.0206801,-20.6801,22.2183,2255.21,20.548933822183358,2278.6299048138767,1.6693661778166415,23.419904813876656
line-z-40,0.04,40.0,-0.0204545,-20.4545,21.1811,2259.76,19.578822759740763,2284.5935049977006,1.6022772402592373,24.833504997700402
line-z-40,0.04,40.0,-0.0202385,-20.2385,20.1885,2264.11,18.647777790069803,2290.2866943359363,1.5407222099301983,26.17669433593619
line-z-40,0.04,40.0,-0.0201104,-20.110400000000002,19.5179,2266.8,18.092698275577522,2293.641151194852,1.4252017244224788,26.84115119485159
line-z-40,0.04,40.0,-0.0199525,-19.9525,18.6913,2270.12,17.40849019331108,2297.7759578929217,1.2828098066889169,27.655957892921833
line-z-40,0.04,40.0,-0.0189987,-18.9987,14.014,2280.81,13.266392838040833,2321.101015280329,0.7476071619591664,40.29101528032925
line-z-40,0.04,40.0,-0.0179829,-17.9829,9.75438,2316.49,8.996439265644044,2341.1038099609364,0.7579407343559552,24.613809960936578
line-z-40,0.04,40.0,-0.0164334,-16.433400000000002,4.30549,2340.35,3.3032494592444652,2360.2883824218743,1.0022405407555346,19.938382421874394
line-z-40,0.04,40.0,-0.0155547,-15.554699999999999,1.01058,2356.67,0.49988409820454055,2367.61241467716,0.5106959017954595,10.942414677159832
line-z-40,0.04,40.0,-0.0151373,-15.1373,-0.144952,2355.74,-0.7669493073126479,2370.938067400046,0.6219973073126479,15.198067400046057
line-z-40,0.04,40.0,-0.0147745,-14.7745,-1.14941,2354.93,-1.8443431083733344,2373.929281106387,0.6949331083733343,18.999281106387116
line-z-40,0.04,40.0,-0.0132038,-13.2038,-4.95601,2348.61,-6.252595899290142,2386.9553227711394,1.2965858992901422,38.34532277113931
line-z-40,0.04,40.0,-0.012244,-12.244,-7.64389,2345.75,-8.56707502522172,2392.1549865579045,0.9231850252217209,46.40498655790452
line-z-40,0.04,40.0,-0.0118191,-11.8191,-8.6695,2342.25,-9.467058050335034,2393.1740582433363,0.7975580503350344,50.924058243336276
line-z-40,0.04,40.0,-0.0114332,-11.4332,-9.60091,2339.08,-10.205123430319322,2393.330711397059,0.6042134303193212,54.25071139705915
line-z-40,0.04,40.0,-0.0109169,-10.9169,-10.6566,2336.75,-11.103026109852484,2392.845361839384,0.4464261098524851,56.09536183938417
line-z-40,0.04,40.0,-0.0101972,-10.1972,-11.4212,2335.74,-12.16354183825314,2391.357991888787,0.7423418382531395,55.6179918887874
line-z-40,0.04,40.0,-0.00924067,-9.24067,-12.4679,2334.52,-13.291067779608298,2389.807397779182,0.8231677796082977,55.2873977791819
line-z-40,0.04,40.0,-0.00813121,-8.13121,-13.682,2333.11,-14.259127430940469,2390.0416843663834,0.5771274309404681,56.93168436638325
line-z-40,0.04,40.0,-0.0072326,-7.2326,-14.4901,2331.9,-14.843232227774205,2390.6329497931983,0.3531322277742053,58.73294979319826
line-z-40,0.04,40.0,-0.00714442,-7.14442,-14.5694,2331.78,-14.89512131690977,2390.6511855468752,0.32572131690976924,58.87118554687504
line-z-40,0.04,40.0,-0.00705804,-7.05804,-14.678,2331.66,-14.944289691862203,2390.6333626171877,0.26628969186220175,58.97336261718783
line-z-40,0.04,40.0,-0.00687877,-6.87877,-14.7463,2331.49,-15.038004042089113,2390.4175033300785,0.2917040420891137,58.92750333007871
line-z-40,0.04,40.0,-0.00473859,-4.73859,-15.4437,2330.18,-15.892358340851272,2380.145609451402,0.44865834085127254,49.96560945140209
line-z-40,0.04,40.0,-0.00424665,-4.24665,-15.6039,2329.88,-16.01035548768885,2376.850300471048,0.4064554876888522,46.97030047104772
line-z-40,0.04,40.0,-0.00264985,-2.64985,-15.8705,2328.92,-16.22111068750269,2372.0686361644075,0.35061068750269087,43.148636164407435
line-z-40,0.04,40.0,-0.00203,-2.0300000000000002,-15.8726,2328.82,-16.256285876105807,2373.0889292279408,0.3836858761058064,44.26892922794059
line-z-40,0.04,40.0,-0.000919862,-0.9198620000000001,-15.9732,2328.58,-16.287013852926815,2377.030705901195,0.3138138529268151,48.45070590119485
line-z-40,0.04,40.0,-0.000469899,-0.469899,-16.0604,2328.46,-16.292583098729303,2378.6770063623044,0.2321830987293012,50.217006362304346
line-z-40,0.04,40.0,0.00181673,1.81673,-15.9525,2328.85,-16.26294428725298,2381.271023601792,0.3104442872529809,52.42102360179206
line-z-40,0.04,40.0,0.00255089,2.55089,-15.9178,2328.98,-16.20862080915563,2380.7216675057443,0.2908208091556297,51.74166750574432
line-z-40,0.04,40.0,0.00275033,2.75033,-15.8798,2329.05,-16.188953956343703,2380.5766931399357,0.30915395634370313,51.52669313993556
line-z-40,0.04,40.0,0.00293549,2.9354899999999997,-15.8685,2329.08,-16.167540779028492,2380.4810767532167,0.299040779028493,51.401076753216785
line-z-40,0.04,40.0,0.00303813,3.0381299999999998,-15.8639,2329.11,-16.1542500049232,2380.445629161305,0.29035000492319973,51.33562916130495
line-z-40,0.04,40.0,0.00318982,3.18982,-15.8351,2329.17,-16.134607784307136,2380.393241737132,0.299507784307135,51.22324173713196
line-z-40,0.04,40.0,0.00337223,3.37223,-15.8014,2329.25,-16.109047587491197,2380.3751949977022,0.30764758749119814,51.12519499770224
line-z-40,0.04,40.0,0.00350934,3.50934,-15.7674,2329.35,-16.08730374604168,2380.420278731617,0.31990374604168004,51.070278731617236
line-z-40,0.04,40.0,0.00520419,5.20419,-15.3343,2330.43,-15.744062463385628,2383.895608962546,0.4097624633856274,53.46560896254596
line-z-40,0.04,40.0,0.0061378,6.1377999999999995,-15.0958,2331.03,-15.46439171748439,2388.4681398322614,0.3685917174843887,57.438139832261186
line-z-40,0.04,40.0,0.00696055,6.9605500000000005,-14.5281,2332.06,-15.111321814593136,2393.0000236873852,0.583221814593136,60.94002368738529
line-z-40,0.04,40.0,0.00755478,7.55478,-14.1396,2332.81,-14.782630725793247,2395.898910639936,0.6430307257932473,63.088910639935875
line-z-40,0.04,40.0,0.0079824,7.9824,-13.8601,2333.35,-14.495691093355015,2397.4963399126837,0.635591093355016,64.14633991268374
line-z-40,0.04,40.0,0.00917269,9.172690000000001,-12.9537,2335.03,-13.517990691490144,2399.7954321777343,0.5642906914901449,64.76543217773406
line-z-40,0.04,40.0,0.0102668,10.2668,-11.7824,2336.64,-12.439422551502815,2400.5311115579048,0.6570225515028145,63.89111155790488
line-z-40,0.04,40.0,0.0103506,10.3506,-11.6039,2337.34,-12.352215773324314,2400.5885170611214,0.7483157733243146,63.24851706112122
line-z-40,0.04,40.0,0.0103876,10.3876,-11.5402,2337.45,-12.313711587255048,2400.6138631663603,0.7735115872550473,63.16386316636044
line-z-40,0.04,40.0,0.0126908,12.690800000000001,-7.57842,2344.27,-9.108392972070854,2403.4500428998163,1.529972972070854,59.18004289981627
line-z-40,0.04,40.0,0.0140106,14.0106,-4.73852,2350.37,-5.922074268049184,2402.3126364889704,1.1835542680491837,51.94263648897049
line-z-40,0.04,40.0,0.0142949,14.294899999999998,-3.82675,2351.05,-5.071496631565988,2401.735274494485,1.2447466315659876,50.68527449448493
line-z-40,0.04,40.0,0.0153221,15.3221,-0.533503,2353.5,-1.6006727372168725,2399.4408377929685,1.0671697372168727,45.94083779296852
line-z-40,0.04,40.0,0.0153221,15.3221,-0.533503,2353.5,-1.6006727372168725,2399.4408377929685,1.0671697372168727,45.94083779296852
line-z-40,0.04,40.0,0.0159196,15.919599999999999,1.13116,2355.96,0.5834731937859017,2398.39427722886,0.5476868062140983,42.43427722886008
line-z-40,0.04,40.0,0.0180269,18.026899999999998,9.14721,2342.19,8.369664391820752,2396.3251474896597,0.7775456081792473,54.13514748965963
line-z-40,0.04,40.0,0.0188135,18.8135,11.9094,2339.99,11.335873011533282,2393.8147609145217,0.5735269884667176,53.8247609145219
line-z-40,0.04,40.0,0.0201448,20.1448,17.3323,2317.74,16.73777453245296,2379.979373069852,0.5945254675470402,62.23937306985226
line-z-40,0.04,40.0,0.0203355,20.3355,18.1156,2313.9,17.54919243195502,2376.731613281249,0.5664075680449798,62.83161328124879
line-z-40,0.04,40.0,0.0205734,20.5734,19.0927,2309.11,18.58589281463652,2371.495954687499,0.5068071853634812,62.385954687498725
line-z-40,0.04,40.0,0.0208521,20.8521,20.4716,2299.11,19.807088301939473,2364.9050830595106,0.6645116980605259,65.79508305951049
line-z-40,0.04,40.0,0.0213659,21.3659,23.0144,2280.66,22.099240114145086,2349.7804765567525,0.9151598858549121,69.12047655675269
line-z-40,0.04,40.0,0.0219986,21.9986,26.17,2256.85,24.96092727014895,2327.1634482881423,1.2090727298510515,70.31344828814235
line-z-40,0.04,40.0,0.0224407,22.4407,28.2437,2255.49,26.975929371598454,2309.611920754823,1.2677706284015464,54.12192075482335
line-z-40,0.04,40.0,0.0224416,22.441599999999998,28.2479,2255.49,26.980041442332805,2309.5751408547767,1.2678585576671964,54.08514085477691
line-z-40,0.04,40.0,0.0229169,22.916900000000002,30.488,2253.47,29.15640789853301,2289.9969267118536,1.3315921014669883,36.526926711853775
line-z-40,0.04,40.0,0.0256438,25.643800000000002,44.0092,2212.24,41.342674486586674,2201.754259329044,2.666525513413326,10.485740670955693
line-z-40,0.04,40.0,0.0256441,25.644099999999998,44.0105,2212.24,41.34388773588296,2201.7488295496323,2.6666122641170418,10.491170450367463
line-z-40,0.04,40.0,0.0259242,25.924200000000003,45.2257,2210.82,42.47665816219564,2196.6792255055143,2.749041837804363,14.140774494485868
line-z-40,0.04,40.0,0.0266344,26.6344,46.8316,2206.29,45.090535341509835,2187.4558357536757,1.741064658490167,18.834164246324235
line-z-40,0.04,40.0,0.026819,26.819,47.2839,2205.13,45.71882737462683,2185.592677964154,1.5650726253731762,19.537322035846046
line-z-40,0.04,40.0,0.0271322,27.132199999999997,48.0514,2203.17,46.695936552519186,2182.904705606617,1.3554634474808154,20.2652943933831
line-z-40,0.04,40.0,0.028382,28.382,51.5382,2194.48,49.658626917222016,2172.296629825367,1.8795730827779877,22.183370174633183
line-z-40,0.04,40.0,0.0300319,30.0319,52.1274,2155.53,50.421937275247004,2131.145011454503,1.7054627247529979,24.38498854549698
line-z-40,0.04,40.0,0.0303114,30.3114,52.0436,2145.45,50.15122316320079,2118.5362633501823,1.8923768367992082,26.913736649817565
line-z-40,0.04,40.0,0.0306814,30.6814,51.9327,2132.11,49.590673721133896,2098.7135048483433,2.3420262788661006,33.396495151656836
line-z-40,0.04,40.0,0.0312469,31.2469,49.3271,2075.49,48.20536427145542,2060.440674796065,1.1217357285445786,15.049325203934586
line-z-40,0.04,40.0,0.0313718,31.371799999999997,48.6331,2061.25,47.80687556762671,2050.657653417963,0.8262244323732872,10.592346582036953
line-z-40,0.04,40.0,0.0316565,31.656499999999998,47.0512,2028.78,46.88431179764658,2028.1686746467067,0.1668882023534195,0.6113253532932958
line-z-40,0.04,40.0,0.0331095,33.1095,39.2474,1871.86,39.9995609570668,1885.6539652889408,0.7521609570667991,13.793965288940853
line-z-40,0.04,40.0,0.0338145,33.814499999999995,35.4607,1795.72,35.83100127321076,1806.477014720233,0.3703012732107567,10.757014720232974
line-z-40,0.04,40.0,0.034489,34.489,31.7537,1719.86,31.65981701345993,1727.9903631089132,0.09388298654006988,8.130363108913343
line-z-40,0.04,40.0,0.0345411,34.5411,31.4248,1712.96,31.33545100918925,1721.8514310029848,0.08934899081075187,8.891431002984746
line-z-40,0.04,40.0,0.0346778,34.677800000000005,30.5552,1696.39,30.484379362667116,1705.744098586853,0.0708206373328828,9.354098586852842
line-z-40,0.04,40.0,0.0348353,34.8353,29.651,1680.77,29.503810347837337,1687.1859065199865,0.14718965216266255,6.415906519986493
line-z-40,0.04,40.0,0.0348407,34.840700000000005,29.62,1680.24,29.470190838757443,1686.5496256491224,0.14980916124255828,6.309625649122381
line-z-40,0.04,40.0,0.036746,36.746,17.3756,1456.37,18.060831327550382,1476.398247300089,0.6852313275503832,20.028247300089106
line-z-40,0.04,40.0,0.0382336,38.2336,9.26095,1369.33,9.227241664303031,1366.2251513442095,0.03370833569696785,3.10484865579042
line-z-40,0.04,40.0,0.0385551,38.5551,7.51823,1350.08,7.2571101547464565,1353.2970942871086,0.2611198452535435,3.2170942871086936
line-z-40,0.04,40.0,0.0387697,38.7697,6.33589,1335.79,5.943194334377828,1345.6270584960932,0.3926956656221723,9.837058496093277
line-z-40,0.04,40.0,0.038946,38.946,5.36343,1331.99,4.869544536141578,1341.5564912109367,0.49388546385842247,9.566491210936647
line-z-40,0.04,40.0,0.0393132,39.3132,3.44504,1330.91,2.6641648998930783,1334.6653731502752,0.7808751001069218,3.7553731502750907
line-z-40,0.04,40.0,0.0394309,39.4309,2.83012,1330.57,1.9779418655224095,1333.5208204331338,0.8521781344775905,2.950820433133913
line-z-40,0.04,40.0,0.0403309,40.3309,-1.96808,1326.88,-2.6969616756834505,1330.211132080078,0.7288816756834504,3.3311320800778503
line-z-40,0.04,40.0,0.0405556,40.5556,-3.16977,1330.0,-3.6614812680862356,1329.9000849609376,0.49171126808623544,0.09991503906235266
line-z-40,0.04,40.0,0.0408934,40.89340000000001,-4.97687,1332.7,-4.857309016923445,1326.5988927045034,0.11956098307655516,6.101107295496604
line-z-40,0.04,40.0,0.0410911,41.0911,-5.88065,1333.95,-5.536067586360409,1324.2067575712306,0.34458241363959097,9.743242428769463
line-z-40,0.04,40.0,0.0413827,41.3827,-7.25736,1334.45,-6.830950996556226,1315.846005319392,0.42640900344377464,18.60399468060814
line-z-40,0.04,40.0,0.0415557,41.5557,-7.95242,1332.08,-7.599730249506365,1310.8807271599228,0.35268975049363505,21.19927284007713
line-z-40,0.04,40.0,0.0418082,41.8082,-8.999,1327.61,-9.687344804584821,1294.858871116724,0.6883448045848208,32.751128883275896
line-z-40,0.04,40.0,0.0419591,41.9591,-9.76687,1295.66,-10.934952869382244,1285.2838292279364,1.1680828693822427,10.376170772063688
line-z-40,0.04,40.0,0.0421782,42.1782,-10.9812,1246.69,-10.058938499898973,1174.9447668341777,0.9222615001010261,71.74523316582236
line-z-40,0.04,40.0,0.0423096,42.3096,-6.18804,1070.79,-8.797696075439138,1082.365777050758,2.609656075439138,11.575777050758006
line-z-40,0.04,40.0,0.0425,42.5,0.0,800.0,-6.970142364501953,948.2178344726562,6.970142364501953,148.21783447265625
line-z-5,0.005,5.0,-0.0425,-42.5,0.0,800.0,2.313015937805176,885.641845703125,2.313015937805176,85.641845703125
line-z-5,0.005,5.0,-0.0423249,-42.3249,2.862,894.526,3.3477730043409717,929.5632460205013,0.4857730043409716,35.03724602050136
line-z-5,0.005,5.0,-0.0423064,-42.306400000000004,3.09599,903.174,3.45709913644211,934.2037137867568,0.36110913644210996,31.029713786756815
line-z-5,0.005,5.0,-0.0421039,-42.1039,4.53141,980.543,4.653777068900675,984.9980231201008,0.12236706890067506,4.455023120100805
line-z-5,0.005,5.0,-0.0420838,-42.0838,4.65175,987.442,4.772558434048426,990.0398286391146,0.1208084340484259,2.5978286391145957
line-z-5,0.005,5.0,-0.0418474,-41.8474,5.1824,1035.59,5.409009454412901,1025.604815346384,0.22660945441290092,9.985184653615988
line-z-5,0.005,5.0,-0.0418274,-41.8274,5.22261,1039.43,5.442870226489678,1027.9900971133877,0.22026022648967736,11.439902886612344
line-z-5,0.005,5.0,-0.0415474,-41.547399999999996,5.46994,1070.52,5.902476590302416,1060.879247139243,0.43253659030241565,9.640752860756947
line-z-5,0.005,5.0,-0.0415318,-41.531800000000004,5.48234,1072.23,5.901258563165109,1061.7741922908974,0.4189185631651089,10.4558077091026
line-z-5,0.005,5.0,-0.0411936,-41.193599999999996,5.67329,1101.39,5.874852359457581,1081.1761442325346,0.20156235945758105,20.213855767465475
line-z-5,0.005,5.0,-0.0411901,-41.1901,5.67542,1101.71,5.874579084138313,1081.376933208867,0.19915908413831307,20.33306679113298
line-z-5,0.005,5.0,-0.0411806,-41.1806,5.68669,1102.62,5.873837336843157,1081.9219318589132,0.18714733684315732,20.69806814108665
line-z-5,0.005,5.0,-0.0411466,-41.1466,5.67218,1103.74,5.871182662313127,1083.8724533432883,0.19900266231312713,19.86754665671174
line-z-5,0.005,5.0,-0.0411461,-41.1461,5.67195,1103.76,5.871143622981803,1083.9011374827644,0.1991936229818032,19.858862517235593
line-z-5,0.005,5.0,-0.0397473,-39.7473,5.18749,1154.67,4.8610718401965505,1117.4365363396128,0.3264181598034499,37.233463660387315
line-z-5,0.005,5.0,-0.0397137,-39.713699999999996,5.20115,1156.66,4.8354360416412865,1117.9719552734364,0.3657139583587137,38.6880447265637
line-z-5,0.005,5.0,-0.0397086,-39.7086,5.20321,1156.96,4.83154489364629,1118.053224218749,0.37166510635371,38.9067757812511
line-z-5,0.005,5.0,-0.0396651,-39.6651,5.15447,1157.41,4.798477176531669,1118.7444424086616,0.3559928234683305,38.665557591338484
line-z-5,0.005,5.0,-0.0396585,-39.6585,5.14715,1157.48,4.79395336689673,1118.8413649327886,0.3531966331032699,38.63863506721145
line-z-5,0.005,5.0,-0.0385818,-38.5818,3.64416,1163.93,4.091606970663641,1133.920507295496,0.4474469706636408,30.009492704504055
line-z-5,0.005,5.0,-0.0385173,-38.5173,3.55379,1164.14,4.052030385679363,1134.7189949161302,0.4982403856793636,29.421005083869886
line-z-5,0.005,5.0,-0.0383424,-38.3424,3.30871,1164.73,3.944713413373164,1136.8841962316176,0.6360034133731638,27.84580376838244
line-z-5,0.005,5.0,-0.0378673,-37.8673,2.82307,1164.09,3.649085441011579,1141.8868872300086,0.8260154410115792,22.20311276999132
line-z-5,0.005,5.0,-0.0376218,-37.6218,2.54317,1163.56,3.4924628172033403,1143.8906241498157,0.9492928172033404,19.669375850184224
line-z-5,0.005,5.0,-0.0371264,-37.1264,2.0421,1162.5,3.1704539170209376,1146.7790106158086,1.1283539170209376,15.720989384191398
line-z-5,0.005,5.0,-0.0370778,-37.0778,2.00937,1162.28,3.1385041806726184,1146.9569556295953,1.1291341806726183,15.32304437040466
line-z-5,0.005,5.0,-0.0366712,-36.6712,1.7354,1160.43,2.8739366577597383,1147.905320634191,1.1385366577597382,12.524679365809106
line-z-5,0.005,5.0,-0.0363469,-36.3469,1.6136,1159.33,2.667035755370653,1147.9710502671185,1.053435755370653,11.358949732881456
line-z-5,0.005,5.0,-0.036133,-36.132999999999996,1.54906,1158.31,2.542511024250732,1147.4269065085018,0.9934510242507317,10.88309349149813
line-z-5,0.005,5.0,-0.035857,-35.857,1.56117,1157.37,2.3852020631678394,1146.65656367762,0.8240320631678395,10.713436322379948
line-z-5,0.005,5.0,-0.0355819,-35.5819,1.58699,1156.03,2.2541050591300866,1145.3681939539294,0.6671150591300867,10.661806046070524
line-z-5,0.005,5.0,-0.0351424,-35.142399999999995,1.62822,1153.9,2.0859456787109534,1142.9529906250002,0.4577256787109534,10.94700937499988
line-z-5,0.005,5.0,-0.0350673,-35.0673,1.64454,1153.62,2.0614609856605695,1142.503548963121,0.41692098566056957,11.11645103687897
line-z-5,0.005,5.0,-0.0350673,-35.0673,1.64454,1153.62,2.0614609856605695,1142.503548963121,0.41692098566056957,11.11645103687897
line-z-5,0.005,5.0,-0.0347764,-34.7764,1.68785,1152.29,1.997868813077146,1140.675017715993,0.31001881307714596,11.614982284007056
line-z-5,0.005,5.0,-0.0344134,-34.413399999999996,1.74189,1150.63,1.9592012673602377,1138.3188991210939,0.21731126736023776,12.311100878906245
line-z-5,0.005,5.0,-0.0342102,-34.2102,1.86271,1149.96,1.972806267979565,1137.0160577148438,0.11009626797956495,12.943942285156254
line-z-5,0.005,5.0,-0.0336927,-33.6927,2.23283,1148.67,2.072355826907985,1133.8534237735525,0.16047417309201473,14.816576226447523
line-z-5,0.005,5.0,-0.033422,-33.422,2.42643,1148.0,2.1686446704864144,1132.3329843750003,0.25778532951358546,15.667015624999749
line-z-5,0.005,5.0,-0.0333593,-33.359300000000005,2.4679,1147.85,2.198528575712057,1132.0090986069627,0.26937142428794303,15.840901393037257
line-z-5,0.005,5.0,-0.0332002,-33.2002,2.59005,1147.69,2.2743583894504917,1131.1872449276198,0.31569161054950845,16.502755072380296
line-z-5,0.005,5.0,-0.0330594,-33.059400000000004,2.6963,1147.39,2.3414661064484252,1130.4599225011493,0.3548338935515747,16.93007749885078
line-z-5,0.005,5.0,-0.0325355,-32.5355,3.09151,1146.28,2.6859448478361867,1128.2411035443477,0.4055651521638133,18.03889645565232
line-z-5,0.005,5.0,-0.0321134,-32.1134,3.40166,1146.09,3.013656967656742,1126.801021909467,0.38800303234325817,19.288978090532964
line-z-5,0.005,5.0,-0.0319436,-31.943600000000004,3.52642,1146.02,3.158772549505758,1126.3727944508273,0.36764745049424175,19.647205549172668
line-z-5,0.005,5.0,-0.0316947,-31.6947,3.73993,1145.58,3.3717551874047893,1125.748106637753,0.3681748125952109,19.831893362247
line-z-5,0.005,5.0,-0.0315293,-31.529300000000003,3.84002,1145.35,3.5159852955368622,1125.426245487707,0.32403470446313776,19.923754512292817
line-z-5,0.005,5.0,-0.0310143,-31.014300000000002,4.26474,1145.69,3.964935984589019,1124.6834256347656,0.2998040154109809,21.006574365234428
line-z-5,0.005,5.0,-0.0306612,-30.6612,4.5559,1145.91,4.263050517272916,1124.3735462890627,0.29284948272708444,21.536453710937394
line-z-5,0.005,5.0,-0.0304654,-30.4654,4.73852,1146.13,4.415017277145359,1124.2952454101564,0.32350272285464143,21.83475458984367
line-z-5,0.005,5.0,-0.0302885,-30.2885,4.7881,1145.94,4.552315131187419,1124.224502685547,0.23578486881258076,21.71549731445316
line-z-5,0.005,5.0,-0.0299781,-29.9781,4.87506,1145.61,4.766600372056391,1124.164236313764,0.10845962794360897,21.445763686235978
line-z-5,0.005,5.0,-0.0291482,-29.1482,5.25626,1146.1,5.226087906265231,1124.0151365234374,0.03017209373476959,22.084863476562532
line-z-5,0.005,5.0,-0.0289498,-28.9498,5.36094,1146.52,5.306797847815096,1123.9426170381435,0.05414215218490437,22.57738296185653
line-z-5,0.005,5.0,-0.0285513,-28.5513,5.50173,1147.06,5.436774906068678,1123.7230811868108,0.0649550939313226,23.336918813189186
line-z-5,0.005,5.0,-0.0277522,-27.752200000000002,5.81156,1149.75,5.582873325774248,1123.0725562097887,0.22868667422575228,26.677443790211328
line-z-5,0.005,5.0,-0.0274714,-27.4714,5.73134,1149.25,5.600543517011751,1122.824670525046,0.13079648298824953,26.42532947495397
line-z-5,0.005,5.0,-0.0274711,-27.4711,5.73125,1149.25,5.600562395421193,1122.8244056899127,0.13068760457880746,26.425594310087263
line-z-5,0.005,5.0,-0.027263,-27.262999999999998,5.60844,1149.3,5.60211682297202,1122.6724598747703,0.006323177027979909,26.627540125229643
line-z-5,0.005,5.0,-0.027263,-27.262999999999998,5.60846,1149.3,5.60211682297202,1122.6724598747703,0.00634317702798004,26.627540125229643
line-z-5,0.005,5.0,-0.027253,-27.253,5.60631,1149.26,5.601829350751991,1122.6661550149356,0.004480649248008284,26.59384498506438
line-z-5,0.005,5.0,-0.0268773,-26.877299999999998,5.75853,1150.55,5.587744799400786,1122.4493186753218,0.1707852005992141,28.100681324678135
line-z-5,0.005,5.0,-0.0268253,-26.8253,5.771,1150.99,5.5819117700464655,1122.443000890395,0.18908822995353436,28.54699910960494
line-z-5,0.005,5.0,-0.0267051,-26.705099999999998,5.79985,1152.01,5.568428498346672,1122.428397087546,0.23142150165332787,29.581602912453945
line-z-5,0.005,5.0,-0.0262712,-26.2712,5.71013,1152.76,5.506358764693324,1122.4977612362131,0.20377123530667607,30.262238763786854
line-z-5,0.005,5.0,-0.0260989,-26.0989,5.69208,1153.46,5.473706692785381,1122.5982431755515,0.21837330721461878,30.86175682444855
line-z-5,0.005,5.0,-0.0260749,-26.074900000000003,5.68648,1153.46,5.469158522583463,1122.612239499081,0.2173214774165375,30.847760500919094
line-z-5,0.005,5.0,-0.0260274,-26.0274,5.67417,1153.57,5.4601569357254975,1122.6399405560662,0.21401306427450262,30.930059443933715
line-z-5,0.005,5.0,-0.0255008,-25.5008,5.64934,1154.69,5.326401616040399,1123.3409060891545,0.3229383839596007,31.349093910845568
line-z-5,0.005,5.0,-0.0253654,-25.3654,5.5987,1155.15,5.2821712773940215,1123.658530399816,0.31652872260597853,31.49146960018402
line-z-5,0.005,5.0,-0.02485,-24.85,5.40587,1156.9,5.1037753890542685,1125.0576315487128,0.30209461094573165,31.842368451287257
line-z-5,0.005,5.0,-0.0244461,-24.446099999999998,5.26459,1158.7,4.944993831196973,1126.5670387695309,0.3195961688030273,32.132961230469164
line-z-5,0.005,5.0,-0.0237159,-23.7159,4.81003,1160.74,4.6298442185794695,1130.4725572495404,0.18018578142053077,30.267442750459622
line-z-5,0.005,5.0,-0.0235246,-23.5246,4.73812,1161.86,4.545831065750134,1131.7658881835935,0.19228893424986637,30.09411181640644
line-z-5,0.005,5.0,-0.0233848,-23.384800000000002,4.63357,1161.54,4.48474716397456,1132.8303493795952,0.14882283602544,28.709650620404773
line-z-5,0.005,5.0,-0.0229323,-22.932299999999998,4.48725,1162.22,4.2921330712262655,1136.5964507123156,0.19511692877373488,25.623549287684455
line-z-5,0.005,5.0,-0.0223122,-22.3122,4.34875,1166.74,4.049844181509599,1142.7760269244022,0.2989058184904012,23.963973075597778
line-z-5,0.005,5.0,-0.0216397,-21.6397,4.19855,1171.64,3.822081372255444,1150.6058101361439,0.3764686277445559,21.034189863856227
line-z-5,0.005,5.0,-0.0216056,-21.6056,4.19353,1171.78,3.811631000586122,1151.0385430147057,0.38189899941387795,20.741456985294235
line-z-5,0.005,5.0,-0.0214538,-21.453799999999998,4.12054,1172.3,3.765109991219467,1152.9649022805606,0.3554300087805329,19.335097719439318
line-z-5,0.005,5.0,-0.0211715,-21.171499999999998,3.91944,1173.14,3.679392140108,1156.6108974609374,0.24004785989199995,16.529102539062706
line-z-5,0.005,5.0,-0.0210262,-21.0262,3.85126,1174.33,3.636337452877279,1158.572447460937,0.21492254712272096,15.757552539063
line-z-5,0.005,5.0,-0.020133,-20.133000000000003,3.25887,1180.82,3.365061930768645,1171.0070539981612,0.10619193076864519,9.812946001838782
line-z-5,0.005,5.0,-0.0198303,-19.830299999999998,3.06856,1182.27,3.2701021983932144,1175.2647855497469,0.2015421983932142,7.005214450253106
line-z-5,0.005,5.0,-0.0196826,-19.6826,3.00918,1184.03,3.226634416389474,1177.1497295898434,0.2174544163894736,6.880270410156527
line-z-5,0.005,5.0,-0.0189628,-18.962799999999998,2.71973,1192.61,3.0526070308012274,1184.8975975068927,0.3328770308012272,7.71240249310722
line-z-5,0.005,5.0,-0.0189138,-18.913800000000002,2.76194,1192.76,3.042837576854948,1185.3460074620857,0.28089757685494776,7.413992537914282
line-z-5,0.005,5.0,-0.0188011,-18.8011,2.85906,1193.11,3.0398260784822333,1185.7670062787222,0.18076607848223336,7.342993721277708
line-z-5,0.005,5.0,-0.0182194,-18.2194,2.55177,1191.71,3.131265870374767,1184.8375676068479,0.579495870374767,6.872432393152167
line-z-5,0.005,5.0,-0.0178899,-17.8899,2.37771,1190.91,3.3035343655810188,1180.9936269330203,0.9258243655810188,9.916373066979759
line-z-5,0.005,5.0,-0.0178233,-17.8233,2.38013,1191.14,3.372828752960837,1179.3205027889485,0.9926987529608371,11.819497211051612
line-z-5,0.005,5.0,-0.017777,-17.777,2.46666,1188.25,3.4210018781212805,1178.1573549230247,0.9543418781212805,10.09264507697526
line-z-5,0.005,5.0,-0.0173636,-17.363599999999998,3.86457,1152.0,3.9481103107452094,1165.4241535615815,0.08354031074520929,13.424153561581534
line-z-5,0.005,5.0,-0.0172866,-17.2866,4.05328,1148.05,4.096975219917276,1161.8254739889712,0.043695219917275985,13.775473988971271
line-z-5,0.005,5.0,-0.0166798,-16.6798,5.54071,1116.95,5.663124281064032,1124.6189762178349,0.12241428106403252,7.668976217834825
line-z-5,0.005,5.0,-0.0163317,-16.3317,6.20414,1105.0,7.082156410542325,1092.072391340196,0.8780164105423252,12.927608659804037
line-z-5,0.005,5.0,-0.0161737,-16.1737,6.94379,1089.17,7.838428485746656,1074.9560710851397,0.8946384857466558,14.21392891486039
line-z-5,0.005,5.0,-0.0160977,-16.0977,7.57518,1075.99,8.202204926984178,1066.7229043801763,0.6270249269841788,9.267095619823749
line-z-5,0.005,5.0,-0.0153704,-15.3704,13.6117,950.012,13.566667874414572,951.6852834214199,0.04503212558542913,1.6732834214199102
line-z-5,0.005,5.0,-0.0152675,-15.2675,14.4575,931.554,14.504676705528539,932.0767863913178,0.04717670552853903,0.5227863913178226
line-z-5,0.005,5.0,-0.0152094,-15.2094,14.935,921.132,15.034300739422823,921.0053220818045,0.09930073942282291,0.12667791819546892
line-z-5,0.005,5.0,-0.0150814,-15.0814,16.1051,898.354,16.263248514377185,895.4600038918924,0.15814851437718502,2.8939961081076717
line-z-5,0.005,5.0,-0.0147671,-14.7671,19.6116,816.199,19.78561046669828,823.3619120734875,0.1740104666982809,7.162912073487519
line-z-5,0.005,5.0,-0.0137769,-13.7769,31.2775,559.895,31.489434527273186,578.7061748248051,0.2119345272731863,18.811174824805107
line-z-5,0.005,5.0,-0.0137231,-13.7231,31.9108,545.981,32.10623179711681,565.4971081485637,0.19543179711681447,19.516108148563717
line-z-5,0.005,5.0,-0.0136356,-13.6356,33.0552,521.777,32.94646292545058,547.4833114660004,0.10873707454941695,25.70631146600033
line-z-5,0.005,5.0,-0.0134349,-13.434899999999999,35.2133,499.156,34.691731038889884,510.03997992662016,0.5215689611101126,10.883979926620157
line-z-5,0.005,5.0,-0.0132407,-13.240699999999999,36.5088,500.717,36.380475770478895,473.80931233844063,0.12832422952110534,26.90768766155935
line-z-5,0.005,5.0,-0.0132309,-13.2309,36.5827,500.544,36.465695638499334,471.98098822739985,0.11700436150066906,28.563011772600134
line-z-5,0.005,5.0,-0.0122773,-12.2773,42.1525,505.25,42.133633885820245,504.5127546587537,0.018866114179758142,0.7372453412463074
line-z-5,0.005,5.0,-0.0122716,-12.271600000000001,42.1861,505.279,42.20218691083029,506.27270595126265,0.016086910830289014,0.9937059512626547
line-z-5,0.005,5.0,-0.0114041,-11.4041,59.8174,877.447,56.09400688943225,790.0743772360278,3.7233931105677485,87.37262276397223
line-z-5,0.005,5.0,-0.0112372,-11.2372,61.1927,898.885,60.316450030875785,838.2163645794967,0.8762499691242169,60.66863542050328
line-z-5,0.005,5.0,-0.0112007,-11.2007,61.841,912.596,61.36501126753785,847.131404137459,0.4759887324621488,65.46459586254105
line-z-5,0.005,5.0,-0.0111867,-11.1867,62.0903,917.87,61.76719913913422,850.5508713651701,0.3231008608657788,67.3191286348299
line-z-5,0.005,5.0,-0.0110838,-11.0838,64.6142,948.972,64.72327999536788,875.6839554888504,0.10907999536787827,73.28804451114956
line-z-5,0.005,5.0,-0.0110433,-11.0433,66.325,955.885,65.88675205248603,885.5759856833014,0.4382479475139718,70.30901431669861
line-z-5,0.005,5.0,-0.0108275,-10.8275,75.4376,992.707,72.41528288897278,934.4177289536398,3.0223171110272204,58.28927104636023
line-z-5,0.005,5.0,-0.0098422,-9.8422,114.6,1097.33,115.15982894143212,1026.9104993939534,0.55982894143213,70.41950060604654
line-z-5,0.005,5.0,-0.00923287,-9.23287,142.836,1098.87,137.9853955859366,1061.0766450488259,4.850604414063412,37.793354951174024
line-z-5,0.005,5.0,-0.00915756,-9.15756,143.955,1096.15,139.8312519921867,1065.7431871484355,4.123748007813305,30.40681285156461
line-z-5,0.005,5.0,-0.00909363,-9.093630000000001,144.905,1093.85,141.39818334328973,1069.704573902227,3.5068166567102708,24.145426097772997
line-z-5,0.005,5.0,-0.0086015,-8.6015,146.155,1086.48,143.27693211813536,1096.8179766773897,2.878067881864638,10.337976677389634
line-z-5,0.005,5.0,-0.00797979,-7.97979,128.576,1071.53,128.07851923253986,1084.4099086240647,0.49748076746013226,12.879908624064683
line-z-5,0.005,5.0,-0.00782873,-7.828730000000001,124.553,1068.79,121.92981839384473,1059.6971568958352,2.6231816061552706,9.092843104164785
line-z-5,0.005,5.0,-0.00768599,-7.68599,118.473,1020.73,116.11977233456132,1036.3455205812083,2.3532276654386806,15.61552058120833
line-z-5,0.005,5.0,-0.00728532,-7.28532,102.154,897.679,99.79753879365981,935.6209624552055,2.3564612063401853,37.9419624552055
line-z-5,0.005,5.0,-0.00701099,-7.01099,90.9805,813.43,89.14498183215075,852.5203902523364,1.8355181678492585,39.09039025233642
line-z-5,0.005,5.0,-0.00659725,-6.59725,77.6116,667.002,75.40225045709084,717.4160340648014,2.209349542909152,50.4140340648014
line-z-5,0.005,5.0,-0.0063483,-6.3483,69.5676,578.898,68.91306130039135,650.065162844684,0.6545386996086506,71.16716284468396
line-z-5,0.005,5.0,-0.00559584,-5.59584,52.736,482.202,51.89005777882419,507.02782110524385,0.8459422211758039,24.825821105243847
line-z-5,0.005,5.0,-0.00533714,-5.33714,46.9492,448.957,46.819110107584436,487.02375778306345,0.1300898924155618,38.06675778306345
line-z-5,0.005,5.0,-0.00521319,-5.21319,44.1516,424.571,44.38948519900243,477.439282913391,0.23788519900242733,52.868282913391
line-z-5,0.005,5.0,-0.00509162,-5.09162,41.7625,423.557,42.07373465425454,475.03862687327705,0.3112346542545339,51.48162687327704
line-z-5,0.005,5.0,-0.00491025,-4.91025,38.5271,425.788,38.637155132518686,473.3609126981851,0.11005513251868848,47.572912698185064
line-z-5,0.005,5.0,-0.00475375,-4.75375,35.6408,436.728,35.67180973277418,471.91325173770707,0.031009732774180065,35.18525173770706
line-z-5,0.005,5.0,-0.00442316,-4.42316,29.5437,459.837,29.529927637347196,481.7304435026997,0.013772362652805015,21.89344350269971
line-z-5,0.005,5.0,-0.00418938,-4.189380000000001,25.2638,475.815,25.242363742218192,491.21045124138266,0.02143625778180791,15.39545124138266
line-z-5,0.005,5.0,-0.00414164,-4.141640000000001,24.4148,478.519,24.394002248840646,494.0667350574438,0.02079775115935334,15.547735057443788
line-z-5,0.005,5.0,-0.0035404,-3.5404,13.723,512.573,14.039850393767608,533.5610094726513,0.3168503937676075,20.988009472651356
line-z-5,0.005,5.0,-0.00347242,-3.47242,12.4886,517.717,12.926364677201356,538.6369047949172,0.4377646772013559,20.919904794917215
line-z-5,0.005,5.0,-0.00327137,-3.27137,8.83827,532.925,9.701962849119624,553.860086268378,0.8636928491196247,20.935086268378086
line-z-5,0.005,5.0,-0.00327137,-3.27137,8.83827,532.925,9.701962849119624,553.860086268378,0.8636928491196247,20.935086268378086
line-z-5,0.005,5.0,-0.0032187,-3.2187,8.05384,537.226,8.94512377240872,558.1183504767881,0.8912837724087215,20.892350476788124
line-z-5,0.005,5.0,-0.00281857,-2.81857,3.67012,572.598,3.2315360138162093,590.4478420685866,0.4385839861837906,17.849842068586668
line-z-5,0.005,5.0,-0.00179438,-1.7943799999999999,-7.55057,663.136,-7.259067491889833,666.1455204957441,0.29150250811016676,3.009520495744141
line-z-5,0.005,5.0,-0.00154306,-1.5430599999999999,-9.56262,678.696,-8.954822241995824,680.8572905979967,0.6077977580041765,2.16129059799664
line-z-5,0.005,5.0,-0.00119976,-1.19976,-11.9546,701.829,-10.755147381232518,697.336652909005,1.1994526187674808,4.49234709099494
line-z-5,0.005,5.0,-0.000779459,-0.779459,-13.7296,717.813,-12.2348572325773,711.8357956192834,1.4947427674227,5.977204380716557
line-z-5,0.005,5.0,1.67392e-05,0.0167392,-13.4253,717.981,-12.996100096396772,720.353639042647,0.42919990360322835,2.3726390426470516
line-z-5,0.005,5.0,0.000207955,0.207955,-13.3522,718.022,-12.68327383350595,717.3549160424084,0.6689261664940496,0.6670839575916716
line-z-5,0.005,5.0,0.000587492,0.587492,-9.99436,684.169,-11.848696315014015,709.3036340084434,1.8543363150140149,25.134634008443413
line-z-5,0.005,5.0,0.000927021,0.927021,-9.42826,675.554,-10.663891302131276,697.795686881935,1.2356313021312761,22.24168688193504
line-z-5,0.005,5.0,0.00094997,0.94997,-9.38999,674.972,-10.573155941404213,696.9257999966946,1.183165941404214,21.95379999669467
line-z-5,0.005,5.0,0.00190523,1.90523,-6.86086,664.858,-4.348306761480661,641.2259463453518,2.512553238519339,23.63205365464819
line-z-5,0.005,5.0,0.00191823,1.9182299999999999,-6.82644,664.72,-4.221734943155233,640.2145227470063,2.604705056844767,24.505477252993728
line-z-5,0.005,5.0,0.00195797,1.9579699999999998,-6.46334,661.36,-3.834814630828115,637.1226786086796,2.628525369171885,24.237321391320393
line-z-5,0.005,5.0,0.00264697,2.6469699999999996,3.66671,561.418,3.5502042899527932,580.7255468683918,0.11650571004720689,19.307546868391796
line-z-5,0.005,5.0,0.00270182,2.70182,4.47316,553.462,4.214086175453607,575.9224554405996,0.25907382454639283,22.460455440599617
line-z-5,0.005,5.0,0.00290562,2.90562,7.83439,532.359,6.849471419132982,557.6512217147255,0.984918580867018,25.29222171472543
line-z-5,0.005,5.0,0.00325628,3.25628,12.6372,501.876,11.911946119174601,524.8834164947101,0.7252538808253988,23.007416494710128
line-z-5,0.005,5.0,0.00369394,3.69394,18.7739,474.525,19.026681659861275,484.2800182292556,0.25278165986127377,9.755018229255597
line-z-5,0.005,5.0,0.00436354,4.3635399999999995,30.5176,438.733,31.05585637439657,433.8353435078663,0.5382563743965676,4.897656492133706
line-z-5,0.005,5.0,0.00450357,4.50357,32.9734,431.248,33.70195540196698,427.57035441133127,0.7285554019669789,3.6776455886687245
line-z-5,0.005,5.0,0.00526599,5.2659899999999995,47.323,433.191,48.40965153999872,438.04143126178235,1.0866515399987193,4.850431261782376
line-z-5,0.005,5.0,0.00543561,5.43561,50.3927,435.905,51.790375275260686,459.96896224696263,1.3976752752606885,24.06396224696266
line-z-5,0.005,5.0,0.00547377,5.47377,51.0831,436.515,52.550948425464654,464.90207498363566,1.467848425464652,28.38707498363567
line-z-5,0.005,5.0,0.00590581,5.90581,60.2174,480.412,61.46969246033778,550.7017373789548,1.2522924603377845,70.28973737895484
line-z-5,0.005,5.0,0.00596097,5.9609700000000005,61.8964,502.382,62.64006489266062,564.7402053264509,0.7436648926606182,62.3582053264509
line-z-5,0.005,5.0,0.00646936,6.46936,78.2105,701.153,74.30648954719179,723.4010210592952,3.9040104528082082,22.248021059295183
line-z-5,0.005,5.0,0.0069504,6.9504,92.9839,878.328,87.17765448644377,883.7812341337404,5.8062455135562345,5.453234133740466
line-z-5,0.005,5.0,0.00740762,7.4076200000000005,107.026,1046.73,101.16428787368031,998.9264792764928,5.861712126319688,47.80352072350718
line-z-5,0.005,5.0,0.0077683,7.7683,114.922,1073.85,112.40988418722912,1054.5822194565787,2.5121158127708725,19.267780543421168
line-z-5,0.005,5.0,0.00809411,8.09411,123.406,1083.85,121.8254857935123,1087.05845191579,1.580514206487706,3.2084519157901923
line-z-5,0.005,5.0,0.00868748,8.687479999999999,138.857,1102.07,130.999778846651,1127.1039035707727,7.857221153349002,25.033903570772736
line-z-5,0.005,5.0,0.00883107,8.83107,142.964,1113.22,131.40021547977227,1137.6193635248173,11.563784520227728,24.399363524817318
line-z-5,0.005,5.0,0.00896631,8.96631,137.384,1120.49,131.7773660491944,1147.5233317968766,5.606633950805588,27.03333179687661
line-z-5,0.005,5.0,0.00899865,8.99865,136.312,1122.89,131.27549151674108,1149.69665635053,5.0365084832589275,26.80665635052992
line-z-5,0.005,5.0,0.00978136,9.78136,110.367,1180.88,110.13262556267011,1170.7825482375904,0.23437443732989038,10.097451762409719
line-z-5,0.005,5.0,0.00995182,9.95182,106.464,1225.81,103.66321770672675,1161.0076757438983,2.800782293273244,64.80232425610166
line-z-5,0.005,5.0,0.0100741,10.074100000000001,100.188,1209.48,98.48046344388756,1138.5605890538695,1.7075365561124443,70.91941094613048
line-z-5,0.005,5.0,0.0103468,10.3468,90.4184,1121.09,86.92226024241361,1088.5007220243406,3.4961397575863913,32.58927797565934
line-z-5,0.005,5.0,0.0104139,10.4139,88.1557,1099.99,84.1849499624781,1072.6719228816935,3.9707500375218956,27.31807711830652
line-z-5,0.005,5.0,0.0113306,11.3306,57.2478,811.767,54.10724191750826,751.4979494456446,3.1405580824917365,60.26905055435543
line-z-5,0.005,5.0,0.0114746,11.4746,51.8944,776.725,51.69798470440966,705.8057082777906,0.19641529559033444,70.91929172220944
line-z-5,0.005,5.0,0.0115829,11.5829,49.9351,731.153,49.9091219531781,671.5632957002383,0.02597804682189775,59.589704299761706
line-z-5,0.005,5.0,0.0115986,11.598600000000001,49.758,725.882,49.64979466606512,666.5992525103253,0.10820533393488319,59.28274748967465
line-z-5,0.005,5.0,0.012149,12.149000000000001,43.549,541.067,42.90549432103705,534.6538499899333,0.6435056789629527,6.413150010066715
line-z-5,0.005,5.0,0.0124434,12.4434,41.5345,500.481,40.41612481007231,499.64888146110457,1.11837518992769,0.8321185388954291
line-z-5,0.005,5.0,0.0125047,12.5047,41.0215,504.048,39.956325620942295,495.9231039600992,1.0651743790577086,8.124896039900818
line-z-5,0.005,5.0,0.0131981,13.1981,35.2181,544.406,34.591851828271984,505.7328616340203,0.6262481717280153,38.67313836597964
line-z-5,0.005,5.0,0.013508,13.508,33.2536,526.665,31.81745735796728,547.6638090245914,1.436142642032717,20.998809024591424
line-z-5,0.005,5.0,0.013508,13.508,33.2536,526.665,31.81745735796728,547.6638090245914,1.436142642032717,20.998809024591424
line-z-5,0.005,5.0,0.0139061,13.906099999999999,28.5506,618.544,28.014069019721,615.7338374684159,0.5365309802790001,2.8101625315840693
line-z-5,0.005,5.0,0.0139439,13.943900000000001,28.1432,625.924,27.6359667935534,623.1600489631315,0.5072332064465996,2.763951036868434
line-z-5,0.005,5.0,0.0144448,14.4448,22.7446,723.72,22.558567297182943,728.1555455078301,0.1860327028170552,4.4355455078300565
line-z-5,0.005,5.0,0.0148916,14.8916,17.451,830.709,18.133111421651947,825.8864234949551,0.6821114216519462,4.822576505044822
line-z-5,0.005,5.0,0.0149147,14.9147,17.209,836.425,17.910324926847153,830.9141329216546,0.7013249268471533,5.5108670783453135
line-z-5,0.005,5.0,0.0150737,15.0737,15.5402,875.841,16.376859443125827,865.5204445599765,0.8366594431258267,10.320555440023554
line-z-5,0.005,5.0,0.015189,15.189,14.9966,890.319,15.366477267770083,888.8689819335966,0.36987726777008234,1.450018066403345
line-z-5,0.005,5.0,0.0153931,15.3931,13.6476,927.038,13.664336363242452,928.7148229980517,0.01673636324245109,1.676822998051648
line-z-5,0.005,5.0,0.0157929,15.7929,11.0049,998.966,10.687926007730544,999.5492425264314,0.316973992269455,0.583242526431377
line-z-5,0.005,5.0,0.0162678,16.267799999999998,7.64567,1093.58,7.911394789235419,1067.8258059627838,0.26572478923541887,25.754194037216166
line-z-5,0.005,5.0,0.0165176,16.5176,6.36014,1126.21,6.69382805642483,1098.4790985983552,0.3336880564248297,27.730901401644815
line-z-5,0.005,5.0,0.0165761,16.5761,6.26174,1128.8,6.4830765420350405,1103.9529379423313,0.22133654203504083,24.84706205766861
line-z-5,0.005,5.0,0.0166268,16.6268,6.17663,1131.05,6.314003874789762,1108.3857425091967,0.1373738747897617,22.664257490803266
line-z-5,0.005,5.0,0.0167773,16.777299999999997,5.98123,1136.21,5.812121499633674,1121.5442649414092,0.16910850036632574,14.665735058590826
line-z-5,0.005,5.0,0.0172435,17.243499999999997,5.15004,1160.5,4.5493203510957425,1155.1372618336402,0.6007196489042572,5.362738166359804
line-z-5,0.005,5.0,0.0175642,17.5642,4.57836,1177.21,3.943018804213549,1171.6001238281258,0.635341195786451,5.609876171874248
line-z-5,0.005,5.0,0.0180515,18.0515,3.32269,1210.84,3.38055027712089,1186.6388154153271,0.057860277120890036,24.201184584672774
line-z-5,0.005,5.0,0.018394,18.394000000000002,3.42367,1212.8,3.138037561416578,1192.4543603515635,0.28563243858342213,20.345639648436418
line-z-5,0.005,5.0,0.0187315,18.7315,3.32749,1208.2,3.0125147482366827,1194.0014925178082,0.3149752517633173,14.198507482191872
line-z-5,0.005,5.0,0.0193878,19.3878,3.18941,1209.91,2.8955542540157544,1191.4612360351562,0.2938557459842457,18.44876396484392
line-z-5,0.005,5.0,0.0194971,19.4971,3.16643,1210.2,2.8949877342111927,1190.0956798339841,0.27144226578880737,20.104320166015896
line-z-5,0.005,5.0,0.0195543,19.5543,3.15782,1209.9,2.894691257241193,1189.3810429199216,0.26312874275880693,20.518957080078508
line-z-5,0.005,5.0,0.0198042,19.8042,3.14967,1204.69,2.893395984604779,1186.2588791992184,0.256274015395221,18.431120800781628
line-z-5,0.005,5.0,0.0198885,19.8885,3.17107,1202.7,2.897164525396686,1184.9737855727246,0.27390547460331405,17.72621442727541
line-z-5,0.005,5.0,0.0200125,20.0125,3.20252,1199.78,2.905974617425136,1182.903370935776,0.29654538257486385,16.876629064224062
line-z-5,0.005,5.0,0.0204466,20.4466,3.16409,1190.57,2.9442641925475246,1175.3181750229767,0.21982580745247526,15.251824977023261
line-z-5,0.005,5.0,0.0206109,20.6109,3.14954,1187.08,2.9646126061663995,1172.1822233570756,0.18492739383360046,14.897776642924327
line-z-5,0.005,5.0,0.0207537,20.7537,3.17557,1183.87,2.982298263286151,1169.4566366383256,0.19327173671384879,14.413363361674328
line-z-5,0.005,5.0,0.0212988,21.2988,3.48936,1173.41,3.0757324469847034,1158.4651252182884,0.41362755301529663,14.944874781711633
line-z-5,0.005,5.0,0.0219734,21.9734,3.69413,1159.58,3.2332960966222526,1144.7053644301463,0.4608339033777473,14.87463556985358
line-z-5,0.005,5.0,0.0223592,22.359199999999998,3.71656,1151.96,3.343534328056801,1136.9403259880505,0.373025671943199,15.019674011949519
line-z-5,0.005,5.0,0.0224549,22.4549,3.76457,1150.95,3.3736352927320326,1135.0343880313637,0.3909347072679674,15.915611968636313
line-z-5,0.005,5.0,0.0226153,22.6153,3.84501,1149.27,3.4240866483632466,1131.8399005888084,0.4209233516367532,17.430099411191577
line-z-5,0.005,5.0,0.0228859,22.8859,4.19623,1146.61,3.519608260300609,1126.541428934971,0.676621739699391,20.06857106502889
line-z-5,0.005,5.0,0.0229039,22.9039,4.21962,1146.43,3.5261244696224727,1126.1903948127283,0.6934955303775272,20.239605187271763
line-z-5,0.005,5.0,0.0229175,22.9175,4.23907,1146.36,3.53104782777677,1125.9251690314782,0.70802217222323,20.434830968521737
line-z-5,0.005,5.0,0.0231385,23.1385,4.30782,1143.51,3.6110523977840976,1121.6152500861656,0.6967676022159028,21.894749913834403
line-z-5,0.005,5.0,0.0236439,23.6439,4.46507,1136.97,3.8148800664004208,1111.981946369485,0.6501899335995791,24.98805363051497
line-z-5,0.005,5.0,0.0241695,24.1695,4.61363,1128.81,4.0402411328484185,1102.2227714843743,0.5733888671515812,26.58722851562561
line-z-5,0.005,5.0,0.0244049,24.4049,4.46122,1122.47,4.142538878766249,1097.952468359374,0.3186811212337508,24.517531640625975
line-z-5,0.005,5.0,0.0248145,24.8145,4.57295,1113.84,4.316206053228967,1090.686333266313,0.2567439467710324,23.153666733686805
line-z-5,0.005,5.0,0.0248156,24.8156,4.57283,1113.82,4.316665674950123,1090.6670763786751,0.25616432504987685,23.152923621324817
line-z-5,0.005,5.0,0.0248174,24.8174,4.57265,1113.79,4.317417783221105,1090.6355651079953,0.2552322167788956,23.1544348920047
line-z-5,0.005,5.0,0.0248313,24.8313,4.57878,1113.76,4.323225730424797,1090.3922280732986,0.2555542695752031,23.36777192670138
line-z-5,0.005,5.0,0.0255236,25.523600000000002,4.84599,1111.56,4.589790636668487,1078.692721875,0.25619936333151294,32.867278124999984
line-z-5,0.005,5.0,0.0255478,25.5478,4.85534,1111.48,4.597254424061496,1078.3131670898438,0.25808557593850434,33.166832910156245
line-z-5,0.005,5.0,0.0256236,25.6236,4.8779,1110.76,4.620632733333814,1077.124313671875,0.2572672666661866,33.635686328125075
line-z-5,0.005,5.0,0.0264049,26.404899999999998,4.88048,1098.32,4.824992348872923,1065.449377481617,0.05548765112707699,32.870622518383016
line-z-5,0.005,5.0,0.0265451,26.545099999999998,4.87506,1098.06,4.8470060526904,1063.615912057674,0.028053947309600424,34.44408794232595
line-z-5,0.005,5.0,0.0268714,26.8714,4.86246,1097.43,4.889678155786859,1059.511313729319,0.027218155786859377,37.918686270681064
line-z-5,0.005,5.0,0.0270969,27.0969,4.92497,1095.95,4.902458407637655,1057.0833004021133,0.02251159236234468,38.866699597886736
line-z-5,0.005,5.0,0.0273836,27.3836,4.80826,1094.63,4.913371469879154,1054.126805468749,0.1051114698791542,40.50319453125121
line-z-5,0.005,5.0,0.0282384,28.2384,4.46024,1090.68,4.837594678272916,1048.7495199678308,0.37735467827291647,41.93048003216927
line-z-5,0.005,5.0,0.028291,28.291,4.4413,1090.62,4.830332447388589,1048.5069731732535,0.38903244738858866,42.11302682674636
line-z-5,0.005,5.0,0.0283063,28.3063,4.43774,1090.52,4.82822004943174,1048.4364224896597,0.39048004943174064,42.08357751034032
line-z-5,0.005,5.0,0.0285642,28.564200000000003,4.35527,1090.0,4.7711316866033116,1047.914660466452,0.4158616866033116,42.085339533547995
line-z-5,0.005,5.0,0.0286079,28.607899999999997,4.34257,1089.94,4.761032103089715,1047.8394933536304,0.41846210308971443,42.100506646369695
line-z-5,0.005,5.0,0.0286167,28.616699999999998,4.33823,1089.95,4.758998319681942,1047.8243567267923,0.42076831968194206,42.12564327320774
line-z-5,0.005,5.0,0.0286201,28.6201,4.33703,1089.96,4.75821253972894,1047.8185084846048,0.4211825397289397,42.14149151539527
line-z-5,0.005,5.0,0.0291465,29.1465,4.15248,1092.43,4.6012628488540415,1047.7429399414063,0.44878284885404174,44.687060058593715
line-z-5,0.005,5.0,0.0294287,29.4287,4.06701,1093.57,4.49001951293943,1048.2025791503906,0.42300951293943,45.36742084960929
line-z-5,0.005,5.0,0.0296115,29.6115,4.01164,1094.31,4.408486931295946,1048.6457756922105,0.39684693129594617,45.66422430778948
line-z-5,0.005,5.0,0.0297513,29.7513,3.92869,1094.59,4.345993052852854,1048.9859101878446,0.41730305285285363,45.60408981215528
line-z-5,0.005,5.0,0.0299184,29.918400000000002,3.78161,1094.23,4.253443657639441,1049.5441276654412,0.4718336576394413,44.68587233455878
line-z-5,0.005,5.0,0.0304844,30.484399999999997,3.28367,1093.01,3.9171238330840854,1051.5079779296877,0.6334538330840855,41.50202207031225
line-z-5,0.005,5.0,0.0308924,30.892400000000002,3.00064,1093.69,3.645727921676598,1052.9793751953127,0.6450879216765979,40.71062480468731
line-z-5,0.005,5.0,0.03105,31.05,2.88248,1093.82,3.536843723409273,1053.545578182445,0.654363723409273,40.27442181755487
line-z-5,0.005,5.0,0.031459,31.459,2.6311,1095.63,3.253744150161687,1055.034245548024,0.6226441501616868,40.59575445197606
line-z-5,0.005,5.0,0.0322369,32.2369,2.2259,1099.41,2.757039086515753,1058.3361317382814,0.5311390865157528,41.073868261718644
line-z-5,0.005,5.0,0.0322525,32.252500000000005,2.21902,1099.5,2.748549308356104,1058.4196313476564,0.5295293083561039,41.08036865234362
line-z-5,0.005,5.0,0.0323406,32.340599999999995,2.1802,1100.04,2.7006038304160507,1058.8911900390626,0.5204038304160505,41.14880996093734
line-z-5,0.005,5.0,0.0324184,32.4184,2.14941,1100.47,2.6582637829275537,1059.3076175781252,0.5088537829275537,41.16238242187478
line-z-5,0.005,5.0,0.0326993,32.6993,2.03819,1102.01,2.521843853232423,1061.0295625689341,0.4836538532324228,40.980437431065866
line-z-5,0.005,5.0,0.0332316,33.2316,1.8128,1104.41,2.3386933025359955,1065.308549414063,0.5258933025359955,39.10145058593707
line-z-5,0.005,5.0,0.0333833,33.3833,1.7591,1105.26,2.3043909077868583,1066.7744351935899,0.5452909077868582,38.48556480641014
line-z-5,0.005,5.0,0.0338607,33.8607,1.58998,1107.95,2.262540640213907,1072.2588603372023,0.6725606402139073,35.691139662797696
line-z-5,0.005,5.0,0.0341935,34.1935,1.5431,1109.43,2.2928459118674906,1076.7885155388335,0.7497459118674907,32.641484461166556
line-z-5,0.005,5.0,0.034277,34.277,1.53135,1109.81,2.30758106545842,1078.004997529872,0.7762310654584199,31.805002470127874
line-z-5,0.005,5.0,0.034856,34.855999999999995,1.50623,1113.21,2.4819649153316856,1086.9606852022064,0.9757349153316857,26.24931479779366
line-z-5,0.005,5.0,0.0351962,35.1962,1.50052,1115.31,2.6435513737286094,1092.3389112534473,1.1430313737286093,22.971088746552596
line-z-5,0.005,5.0,0.0356791,35.6791,1.68645,1117.39,2.9154035922443633,1099.4145322409247,1.2289535922443633,17.9754677590754
line-z-5,0.005,5.0,0.0359083,35.9083,1.80621,1118.38,3.0543311537743154,1102.4799158432913,1.2481211537743153,15.900084156708772
line-z-5,0.005,5.0,0.0363943,36.394299999999994,1.96261,1119.52,3.357112253054456,1107.0022623391544,1.394502253054456,12.517737660845569
line-z-5,0.005,5.0,0.0366826,36.6826,2.04471,1120.34,3.524858232116716,1108.1565222656252,1.4801482321167163,12.18347773437472
line-z-5,0.005,5.0,0.0367598,36.759800000000006,2.09772,1120.49,3.569776683672755,1108.4656060891546,1.472056683672755,12.024393910845447
line-z-5,0.005,5.0,0.0373255,37.3255,2.60503,1121.29,3.8506332923103983,1107.2591078814332,1.2456032923103981,14.030892118566726
line-z-5,0.005,5.0,0.0373491,37.3491,2.62617,1121.32,3.859434971719652,1107.0260633042274,1.233264971719652,14.293936695772572
line-z-5,0.005,5.0,0.0374713,37.4713,2.72679,1121.32,3.9050097693387427,1105.8193663832715,1.1782197693387428,15.500633616728464
line-z-5,0.005,5.0,0.0379345,37.9345,3.19427,1120.3,4.061120034778834,1100.178463421989,0.8668500347788339,20.121536578011046
line-z-5,0.005,5.0,0.0381431,38.1431,3.40482,1119.85,4.116768016512259,1096.6985114171641,0.7119480165122587,23.151488582835782
line-z-5,0.005,5.0,0.0385143,38.5143,3.73149,1118.18,4.1968407207376845,1088.8863563677614,0.4653507207376846,29.293643632238627
line-z-5,0.005,5.0,0.0387432,38.7432,3.92059,1114.85,4.240862561259554,1083.5493737132347,0.3202725612595545,31.300626286765237
line-z-5,0.005,5.0,0.0393266,39.326600000000006,4.38215,1101.62,4.335737389104515,1066.2949225815698,0.04641261089548543,35.325077418430055
line-z-5,0.005,5.0,0.0395561,39.556099999999994,4.56367,1096.42,4.371100422399193,1058.5266943100853,0.19256957760080695,37.89330568991477
line-z-5,0.005,5.0,0.0399157,39.9157,4.50729,1080.73,4.413429900225479,1044.673351964611,0.09386009977452137,36.05664803538912
line-z-5,0.005,5.0,0.0399665,39.9665,4.51608,1078.9,4.418589298023906,1042.6108567899782,0.09749070197609377,36.28914321002185
line-z-5,0.005,5.0,0.0400792,40.0792,4.42978,1071.09,4.430035442352304,1038.0352031249963,0.00025544235230423595,33.0547968750036
line-z-5,0.005,5.0,0.040552,40.552,4.05196,1037.61,4.39862101274378,1014.8115841567087,0.3466610127437795,22.798415843291195
line-z-5,0.005,5.0,0.0412167,41.2167,3.70825,999.867,3.9403065683981326,969.2648365880591,0.2320565683981326,30.602163411940865
line-z-5,0.005,5.0,0.041266,41.266,3.68425,997.146,3.869392768635411,964.9297323644266,0.1851427686354108,32.21626763557333
line-z-5,0.005,5.0,0.041272,41.272000000000006,3.68202,996.756,3.8607622859056585,964.4021334731117,0.17874228590565844,32.35386652688828
line-z-5,0.005,5.0,0.0413877,41.3877,3.61439,988.561,3.6943378106004348,954.2282681856,0.07994781060043454,34.33273181440006
line-z-5,0.005,5.0,0.0415831,41.583099999999995,3.49631,974.545,3.3728260642835437,936.1544393008893,0.1234839357164561,38.390560699110665
line-z-5,0.005,5.0,0.0415881,41.588100000000004,3.4952,974.174,3.3582920988361593,935.5529094008429,0.13690790116384077,38.62109059915713
line-z-5,0.005,5.0,0.0418579,41.8579,3.29729,949.924,2.5740393232960495,903.0943559943614,0.7232506767039504,46.829644005638556
line-z-5,0.005,5.0,0.0418666,41.8666,3.29175,949.092,2.548750223417644,902.0476939682823,0.7429997765823559,47.044306031717724
line-z-5,0.005,5.0,0.0420984,42.0984,2.81078,911.924,1.7215878229474377,871.1583902745753,1.089192177052562,40.765609725424724
line-z-5,0.005,5.0,0.0421081,42.1081,2.79546,910.527,1.6723267857828636,869.5790441090193,1.1231332142171362,40.94795589098078
line-z-5,0.005,5.0,0.0423086,42.3086,1.74256,858.387,0.6540960691338205,836.933796047789,1.0884639308661797,21.45320395221097
line-z-5,0.005,5.0,0.0423177,42.3177,1.71415,856.544,0.607882106433051,835.4521413976286,1.1062678935669492,21.091858602371417
line-z-5,0.005,5.0,0.0424921,42.4921,0.0365238,801.682,-0.27780087104122275,807.0564742560897,0.31432467104122275,5.374474256089684
line-z-5,0.005,5.0,0.0425,42.5,0.0,800.0,-0.3179206848144531,805.7702026367188,0.3179206848144531,5.77020263671875
line-z-60,0.06,60.0,-0.0425,-42.5,0.0,800.0,-3.3773505687713623,838.8922729492188,3.3773505687713623,38.89227294921875
line-z-60,0.06,60.0,-0.0422623,-42.2623,23.472,1555.62,16.84787647035475,1443.673384517072,6.624123529645253,111.94661548292788
line-z-60,0.06,60.0,-0.042179,-42.179,31.4196,1817.24,23.935640089871917,1655.6139255082496,7.483959910128082,161.6260744917504
line-z-60,0.06,60.0,-0.0419056,-41.9056,36.4834,2061.83,37.80367116017,2084.9364461167006,1.3202711601699946,23.10644611670068
line-z-60,0.06,60.0,-0.0418098,-41.8098,38.1846,2145.5,38.58852396240177,2119.8817221679433,0.40392396240176964,25.61827783205672
line-z-60,0.06,60.0,-0.0414957,-41.49570000000001,40.0547,2225.21,41.097830854707205,2222.5689716854226,1.0431308547072078,2.6410283145773974
line-z-60,0.06,60.0,-0.0413853,-41.3853,40.7069,2253.33,41.884262001306524,2240.913186115571,1.177362001306527,12.416813884428848
line-z-60,0.06,60.0,-0.0413853,-41.3853,40.7069,2253.33,41.884262001306524,2240.913186115571,1.177362001306527,12.416813884428848
line-z-60,0.06,60.0,-0.0410245,-41.024499999999996,42.453,2305.6,44.375360534219,2296.892438648894,1.9223605342189956,8.707561351106051
line-z-60,0.06,60.0,-0.0408972,-40.897200000000005,43.0944,2325.62,45.11113552569205,2309.4509112591886,2.0167355256920487,16.169088740811276
line-z-60,0.06,60.0,-0.0404831,-40.4831,44.8294,2332.91,47.2650137894573,2343.263603015853,2.4356137894572996,10.353603015852968
line-z-60,0.06,60.0,-0.040336,-40.336,45.4953,2338.43,47.83994928696555,2349.68635845588,2.3446492869655486,11.256358455880218
line-z-60,0.06,60.0,-0.0400045,-40.0045,46.2625,2320.26,48.90832329604187,2358.821255543428,2.6458232960418684,38.561255543427706
line-z-60,0.06,60.0,-0.0393075,-39.307500000000005,47.3686,2283.66,49.964212370479764,2352.4829278205434,2.5956123704797633,68.82292782054355
line-z-60,0.06,60.0,-0.0390285,-39.0285,47.9008,2267.61,50.02825749834847,2344.452740033319,2.1274574983484698,76.84274003331893
line-z-60,0.06,60.0,-0.0388845,-38.8845,48.1753,2259.34,50.00002289356905,2339.57866926126,1.824722893569053,80.23866926125993
line-z-60,0.06,60.0,-0.0386601,-38.6601,47.9997,2260.21,49.90670817538993,2331.796222587317,1.907008175389933,71.58622258731702
line-z-60,0.06,60.0,-0.0385784,-38.5784,47.9357,2260.53,49.82583132647348,2328.784905514706,1.8901313264734796,68.25490551470602
line-z-60,0.06,60.0,-0.0373262,-37.3262,46.9723,2263.63,47.809149544749644,2288.0165425896153,0.8368495447496471,24.386542589615146
line-z-60,0.06,60.0,-0.0373262,-37.3262,46.9723,2263.63,47.809149544749644,2288.0165425896153,0.8368495447496471,24.386542589615146
line-z-60,0.06,60.0,-0.0367263,-36.7263,45.6926,2266.87,46.27048112191602,2276.6284356789984,0.5778811219160218,9.758435678998467
line-z-60,0.06,60.0,-0.035213,-35.213,40.654,2272.65,41.07427566528342,2274.1942664292274,0.42027566528341964,1.5442664292272639
line-z-60,0.06,60.0,-0.0351522,-35.1522,40.4326,2272.88,40.82846316528342,2274.748444738051,0.3958631652834157,1.8684447380510392
line-z-60,0.06,60.0,-0.0349909,-34.990899999999996,39.8449,2273.49,40.176332305908375,2276.2186579159,0.3314323059083719,2.728657915900385
line-z-60,0.06,60.0,-0.0342695,-34.2695,36.6409,2276.56,37.0016903722427,2285.3804491900273,0.36079037224269683,8.820449190027375
line-z-60,0.06,60.0,-0.034218,-34.217999999999996,36.3969,2276.84,36.76466848575371,2286.0975056295956,0.36776848575370735,9.257505629595471
line-z-60,0.06,60.0,-0.0334836,-33.4836,32.9147,2280.9,33.2781795550182,2296.1649770680137,0.36347955501819484,15.26497706801365
line-z-60,0.06,60.0,-0.0326111,-32.6111,28.8941,2285.75,28.93797957687395,2306.492296972656,0.04387957687394817,20.742296972655822
line-z-60,0.06,60.0,-0.030276,-30.276,17.5095,2298.79,17.402305542889888,2331.639599034926,0.10719445711011133,32.84959903492609
line-z-60,0.06,60.0,-0.0299744,-29.9744,16.1054,2300.49,16.024648599243207,2335.6478570312497,0.08075140075679244,35.15785703124993
line-z-60,0.06,60.0,-0.0298982,-29.8982,15.7505,2300.92,15.679259592482662,2336.672656858915,0.07124040751733851,35.75265685891509
line-z-60,0.06,60.0,-0.0293955,-29.395500000000002,13.4125,2304.03,13.484429391861218,2343.5052218807436,0.07192939186121805,39.47522188074345
line-z-60,0.06,60.0,-0.0288422,-28.8422,11.3916,2306.26,11.220021894836647,2350.7917304687494,0.1715781051633538,44.531730468749174
line-z-60,0.06,60.0,-0.0285934,-28.593400000000003,10.4613,2307.28,10.270832766903322,2353.7628952665436,0.1904672330966779,46.48289526654344
line-z-60,0.06,60.0,-0.0263091,-26.309099999999997,2.39178,2314.89,2.756644152377742,2372.213579101562,0.3648641523777423,57.323579101562245
line-z-60,0.06,60.0,-0.0258037,-25.8037,1.15487,2315.54,1.3193926757237895,2374.519101889936,0.16452267572378942,58.97910188993592
line-z-60,0.06,60.0,-0.0245844,-24.5844,-1.82895,2317.09,-1.906911859209256,2378.2645833180145,0.07796185920925591,61.174583318014356
line-z-60,0.06,60.0,-0.0243326,-24.3326,-2.42588,2317.49,-2.521152460148649,2378.6333912568934,0.09527246014864899,61.143391256893665
line-z-60,0.06,60.0,-0.0240113,-24.0113,-3.17141,2317.98,-3.2913822503706323,2379.0072080767463,0.11997225037063242,61.02720807674632
line-z-60,0.06,60.0,-0.0227689,-22.768900000000002,-6.06025,2320.08,-5.993076619170542,2378.955364889706,0.06717338082945812,58.87536488970591
line-z-60,0.06,60.0,-0.021317,-21.317,-8.75757,2321.11,-8.674507350360646,2378.6642347196694,0.08306264963935384,57.55423471966924
line-z-60,0.06,60.0,-0.0205147,-20.5147,-10.2481,2321.68,-9.99775483692383,2378.8859199563417,0.2503451630761706,57.20591995634186
line-z-60,0.06,60.0,-0.0203369,-20.3369,-10.5758,2321.79,-10.28364154198581,2378.922505411305,0.29215845801418894,57.13250541130492
line-z-60,0.06,60.0,-0.0199756,-19.9756,-11.2414,2322.0,-10.8534811518949,2378.825749195772,0.3879188481050999,56.825749195772005
line-z-60,0.06,60.0,-0.0192785,-19.2785,-12.5256,2322.4,-11.94175943778539,2378.0233188763787,0.5838405622146112,55.62331887637856
line-z-60,0.06,60.0,-0.0172587,-17.258699999999997,-14.9384,2323.01,-15.055658211158292,2369.835179153263,0.11725821115829227,46.82517915326298
line-z-60,0.06,60.0,-0.0172465,-17.2465,-14.9534,2323.02,-15.073659412384016,2369.770912597656,0.12025941238401572,46.750912597656225
line-z-60,0.06,60.0,-0.0171908,-17.1908,-15.0218,2323.03,-15.15584522453756,2369.477498897059,0.13404522453755874,46.44749889705872
line-z-60,0.06,60.0,-0.0171161,-17.1161,-15.0992,2323.05,-15.266065694337728,2369.0839979377297,0.16686569433772824,46.03399793772951
line-z-60,0.06,60.0,-0.0156292,-15.629199999999999,-16.7477,2323.46,-17.147978086583716,2362.4467597426474,0.4002780865837181,38.98675974264734
line-z-60,0.06,60.0,-0.0145092,-14.5092,-17.5492,2323.6,-18.10067603580245,2360.2797773437496,0.5514760358024517,36.67977734374972
line-z-60,0.06,60.0,-0.0144072,-14.4072,-17.6222,2323.62,-18.169626643102255,2360.266330078125,0.5474266431022556,36.646330078125175
line-z-60,0.06,60.0,-0.0126146,-12.6146,-18.8263,2323.93,-19.243300049456415,2364.6946282973345,0.41700004945641567,40.76462829733464
line-z-60,0.06,60.0,-0.0125243,-12.5243,-18.8869,2323.94,-19.29745478582941,2365.1044797047334,0.4105547858294081,41.16447970473337
line-z-60,0.06,60.0,-0.0113206,-11.3206,-19.1568,2324.07,-20.019756843656637,2370.3863826746324,0.8629568436566366,46.31638267463222
line-z-60,0.06,60.0,-0.0112478,-11.2478,-19.1821,2324.08,-20.05773051165411,2370.6301255055146,0.8756305116541121,46.55012550551464
line-z-60,0.06,60.0,-0.011178,-11.178,-19.2063,2324.09,-20.094139330695644,2370.8638239889706,0.8878393306956447,46.773823988970435
line-z-60,0.06,60.0,-0.0107586,-10.7586,-19.2403,2324.13,-20.300971829851925,2372.169181330423,1.0606718298519233,48.03918133042271
line-z-60,0.06,60.0,-0.0104679,-10.4679,-19.2639,2324.17,-20.41876511827354,2372.8621822093287,1.1548651182735412,48.69218220932862
line-z-60,0.06,60.0,-0.00861249,-8.612490000000001,-19.4462,2324.34,-20.520228741419174,2374.4620114131435,1.0740287414191734,50.122011413143355
line-z-60,0.06,60.0,-0.00835473,-8.35473,-19.3933,2324.37,-20.45624604898341,2374.6796373328352,1.0629460489834095,50.30963733283534
line-z-60,0.06,60.0,-0.00818467,-8.18467,-19.3569,2324.39,-20.406360818638536,2374.86277811983,1.0494608186385364,50.47277811983031
line-z-60,0.06,60.0,-0.00645467,-6.45467,-18.9865,2324.56,-19.702369845132285,2378.533007113396,0.7158698451322856,53.97300711339585
line-z-60,0.06,60.0,-0.00595508,-5.95508,-18.8907,2324.59,-19.467362557408986,2379.4218922357536,0.5766625574089872,54.83189223575346
line-z-60,0.06,60.0,-0.00595508,-5.95508,-18.8907,2324.59,-19.467362557408986,2379.4218922357536,0.5766625574089872,54.83189223575346
line-z-60,0.06,60.0,-0.00564149,-5.64149,-18.8029,2324.63,-19.3186065439606,2379.751323314568,0.5157065439605972,55.12132331456769
line-z-60,0.06,60.0,-0.00459627,-4.5962700000000005,-18.5105,2324.76,-18.8357391199673,2378.559954761604,0.32523911996729993,53.79995476160366
line-z-60,0.06,60.0,-0.00448813,-4.48813,-18.4767,2324.77,-18.788611951558735,2378.266825040786,0.3119119515587343,53.49682504078601
line-z-60,0.06,60.0,-0.00445192,-4.451919999999999,-18.4654,2324.78,-18.772831715123797,2378.1686723943017,0.30743171512379774,53.388672394301466
line-z-60,0.06,60.0,-0.00310139,-3.10139,-18.0924,2324.86,-18.270189157701395,2374.3027402200137,0.17778915770139392,49.44274022001355
line-z-60,0.06,60.0,-0.00174233,-1.7423300000000002,-17.9827,2324.93,-17.980436817855846,2373.984210517578,0.002263182144154996,49.05421051757821
line-z-60,0.06,60.0,-0.00150676,-1.50676,-17.943,2324.95,-17.951227065663065,2374.388920535386,0.008227065663064081,49.43892053538639
line-z-60,0.06,60.0,-0.00146786,-1.4678600000000002,-17.9443,2324.95,-17.946403618873155,2374.4557508605235,0.0021036188731571315,49.505750860523676
line-z-60,0.06,60.0,-0.000468946,-0.468946,-17.9763,2325.02,-17.877838876949536,2376.7440141349953,0.09846112305046262,51.724014134995286
line-z-60,0.06,60.0,0.000256596,0.256596,-17.9956,2325.07,-17.87507781690889,2378.0024128929226,0.12052218309110785,52.93241289292246
line-z-60,0.06,60.0,0.000927764,0.9277639999999999,-18.2304,2325.08,-17.913205912832822,2378.4918364912683,0.31719408716717723,53.41183649126833
line-z-60,0.06,60.0,0.00138114,1.38114,-18.3891,2325.09,-17.979298657011153,2378.3164096472883,0.4098013429888461,53.226409647288165
line-z-60,0.06,60.0,0.00151082,1.51082,-18.4249,2325.1,-18.00772984613757,2378.1894091142003,0.4171701538624326,53.08940911420041
line-z-60,0.06,60.0,0.00306117,3.06117,-18.8476,2325.24,-18.621001269490883,2375.8710041773893,0.22659873050911727,50.631004177389514
line-z-60,0.06,60.0,0.00396396,3.9639599999999997,-19.0937,2325.32,-19.16209892263979,2375.454881877298,0.06839892263979053,50.13488187729763
line-z-60,0.06,60.0,0.00424441,4.244409999999999,-19.1826,2325.36,-19.333933426150214,2375.5814613608686,0.15133342615021306,50.22146136086849
line-z-60,0.06,60.0,0.00434877,4.34877,-19.2169,2325.38,-19.393023515930224,2375.6967346875,0.17612351593022524,50.316734687499775
line-z-60,0.06,60.0,0.00557496,5.57496,-19.6206,2325.57,-19.967536257467852,2377.456659439338,0.3469362574678527,51.88665943933802
line-z-60,0.06,60.0,0.00683867,6.83867,-19.8993,2325.75,-20.178894157149372,2379.0325293910846,0.2795941571493721,53.28252939108461
line-z-60,0.06,60.0,0.0070402,7.0402,-19.9296,2325.79,-20.18248714455997,2379.1979858915442,0.2528871445599705,53.407985891544286
line-z-60,0.06,60.0,0.00750495,7.50495,-19.9995,2325.88,-20.155312472646372,2379.474481405101,0.155812472646371,53.59448140510085
line-z-60,0.06,60.0,0.00750496,7.50496,-19.9995,2325.88,-20.155311809871893,2379.474487123162,0.15581180987189214,53.5944871231618
line-z-60,0.06,60.0,0.00781795,7.817950000000001,-20.01,2325.94,-20.119683307355984,2379.657390811696,0.10968330735598286,53.71739081169608
line-z-60,0.06,60.0,0.00904553,9.04553,-20.0509,2326.18,-19.933699825363153,2381.203622890625,0.11720017463684584,55.02362289062512
line-z-60,0.06,60.0,0.00904858,9.048580000000001,-20.0502,2326.18,-19.93321778628181,2381.2109773713237,0.11698221371819173,55.03097737132384
line-z-60,0.06,60.0,0.0113677,11.3677,-19.4868,2326.43,-19.61742284990198,2384.5349651367187,0.13062284990198236,58.104965136718874
line-z-60,0.06,60.0,0.0118453,11.8453,-19.37,2326.48,-19.564648564821123,2383.004948609834,0.19464856482112225,56.524948609834155
line-z-60,0.06,60.0,0.012914,12.914,-18.8065,2326.49,-19.34232941032856,2377.6530273437497,0.5358294103285601,51.163027343749945
line-z-60,0.06,60.0,0.0130663,13.0663,-18.6858,2326.5,-19.28653990065629,2376.9168115234374,0.6007399006562899,50.416811523437445
line-z-60,0.06,60.0,0.0139267,13.9267,-17.949,2326.53,-18.787735563614746,2374.1733070772057,0.838735563614744,47.64330707720546
line-z-60,0.06,60.0,0.0150048,15.004800000000001,-17.0257,2326.58,-17.756380216351644,2373.8688917049635,0.7306802163516437,47.28889170496359
line-z-60,0.06,60.0,0.0160729,16.0729,-15.8114,2326.45,-16.452069571999868,2373.6952220243566,0.640669571999867,47.245222024356735
line-z-60,0.06,60.0,0.0172502,17.2502,-14.4729,2326.3,-14.896104726275261,2371.182292784926,0.4232047262752623,44.882292784925994
line-z-60,0.06,60.0,0.0173528,17.352800000000002,-14.3513,2326.29,-14.759621443535277,2370.9274666360293,0.4083214435352769,44.63746663602933
line-z-60,0.06,60.0,0.0174736,17.473599999999998,-14.1897,2326.3,-14.598938605544122,2370.6281632582723,0.4092386055441217,44.32816325827207
line-z-60,0.06,60.0,0.0174752,17.4752,-14.1874,2326.3,-14.596822903711628,2370.6250322840074,0.4094229037116275,44.32503228400719
line-z-60,0.06,60.0,0.0184517,18.451700000000002,-12.8622,2326.33,-13.310246853211252,2369.2235328182446,0.4480468532112525,42.893532818244694
line-z-60,0.06,60.0,0.0197466,19.7466,-10.8377,2326.25,-11.580860785136464,2370.0317697495407,0.7431607851364639,43.78176974954067
line-z-60,0.06,60.0,0.0214544,21.4544,-8.11429,2326.08,-8.931531031081143,2371.1162214384194,0.8172410310811422,45.03622143841949
line-z-60,0.06,60.0,0.021459,21.459,-8.10692,2326.08,-8.92345599993526,2371.1158480583636,0.8165359999352599,45.03584805836363
line-z-60,0.06,60.0,0.0216338,21.6338,-7.77442,2326.11,-8.61660481639182,2371.1016596162685,0.8421848163918204,44.99165961626841
line-z-60,0.06,60.0,0.0228578,22.8578,-5.13459,2326.15,-6.216511350160321,2371.1730814338234,1.0819213501603206,45.023081433823336
line-z-60,0.06,60.0,0.0230756,23.0756,-4.65099,2326.15,-5.750996135666602,2371.309106341912,1.100006135666602,45.159106341911865
line-z-60,0.06,60.0,0.0252249,25.2249,0.122015,2326.16,-0.4482928787721033,2375.393604015395,0.5703078787721033,49.23360401539503
line-z-60,0.06,60.0,0.0254102,25.4102,0.678363,2326.07,0.05492170455320089,2375.719997277114,0.6234412954467992,49.649997277113926
line-z-60,0.06,60.0,0.0255709,25.5709,1.16702,2326.02,0.49689935622076564,2375.9418445369943,0.6701206437792343,49.921844536994286
line-z-60,0.06,60.0,0.027503,27.503,7.04365,2325.36,6.259131034963507,2374.0674570886945,0.7845189650364937,48.707457088694355
line-z-60,0.06,60.0,0.0280513,28.0513,8.88278,2324.84,8.157736217902764,2372.022783042279,0.7250437820972362,47.18278304227897
line-z-60,0.06,60.0,0.0286966,28.6966,10.8825,2324.59,10.624985019145484,2368.905288028492,0.2575149808545163,44.31528802849198
line-z-60,0.06,60.0,0.0296781,29.6781,15.3489,2322.43,14.931436097156354,2362.7682849379594,0.41746390284364665,40.33828493795954
line-z-60,0.06,60.0,0.0298753,29.8753,16.2552,2321.93,15.872774389738233,2361.3665484834555,0.382425610261766,39.43654848345568
line-z-60,0.06,60.0,0.0299398,29.939799999999998,16.5519,2321.77,16.186711515000333,2360.895692555147,0.36518848499966694,39.125692555147
line-z-60,0.06,60.0,0.0320024,32.0024,25.7465,2317.14,26.576950187413992,2345.811008042279,0.8304501874139909,28.671008042279027
line-z-60,0.06,60.0,0.0331572,33.157199999999996,31.4016,2312.78,32.08323348424602,2338.8563063419115,0.6816334842460243,26.076306341911277
line-z-60,0.06,60.0,0.0335483,33.548300000000005,33.3372,2311.41,33.85468086368373,2336.86151595818,0.5174808636837298,25.451515958180153
line-z-60,0.06,60.0,0.0336825,33.6825,34.0296,2310.91,34.44736701516581,2336.2880052274813,0.4177670151658077,25.37800522748148
line-z-60,0.06,60.0,0.0337111,33.7111,34.1769,2310.8,34.57367717859644,2336.1657816291354,0.39677717859643735,25.3657816291352
line-z-60,0.06,60.0,0.0339656,33.9656,35.416,2310.02,35.69766097555765,2335.0781625459554,0.28166097555765646,25.058162545955383
line-z-60,0.06,60.0,0.0349027,34.9027,39.7393,2306.76,39.7385413253786,2333.4117267578126,0.0007586746214016671,26.651726757812412
line-z-60,0.06,60.0,0.0357823,35.782300000000006,43.444,2303.55,43.44256207499822,2337.758883949909,0.0014379250017810818,34.208883949908795
line-z-60,0.06,60.0,0.0364581,36.4581,46.3512,2300.6,46.17897943501198,2346.9203670955885,0.17222056498801663,46.32036709558861
line-z-60,0.06,60.0,0.0372873,37.2873,48.456,2295.82,49.244933805398574,2365.7349742532183,0.788933805398571,69.91497425321813
line-z-60,0.06,60.0,0.0373013,37.301300000000005,48.4915,2295.74,49.294760325533,2366.088002975645,0.803260325532996,70.34800297564516
line-z-60,0.06,60.0,0.0373286,37.3286,48.56,2295.59,49.381675573730654,2366.869743750002,0.8216755737306514,71.27974375000167
line-z-60,0.06,60.0,0.0376868,37.6868,49.4943,2295.96,50.49725287798735,2377.353019852943,1.0029528779873473,81.39301985294287
line-z-60,0.06,60.0,0.0385189,38.5189,51.6647,2296.82,52.43440331582465,2401.6857993164067,0.7697033158246498,104.86579931640654
line-z-60,0.06,60.0,0.0386174,38.6174,51.9418,2296.3,52.60585300400681,2404.356553710938,0.66405300400681,108.0565537109378
line-z-60,0.06,60.0,0.0386422,38.6422,52.0117,2296.16,52.64902003209734,2405.028987304688,0.6373200320973424,108.86898730468829
line-z-60,0.06,60.0,0.0400627,40.0627,51.4176,2334.34,52.48142871434816,2402.797641044345,1.063828714348162,68.45764104434465
line-z-60,0.06,60.0,0.0400762,40.0762,51.4069,2334.8,52.46191280302148,2402.3891349839128,1.0550128030214765,67.58913498391257
line-z-60,0.06,60.0,0.0400928,40.0928,51.3937,2335.37,52.437915460204955,2401.886823828123,1.0442154602049527,66.51682382812305
line-z-60,0.06,60.0,0.040115,40.114999999999995,51.4003,2335.89,52.40582262824551,2401.215058306523,1.005522628245508,65.32505830652326
line-z-60,0.06,60.0,0.0401362,40.136199999999995,51.4066,2336.39,52.3751754193473,2400.573552493104,0.9685754193473031,64.18355249310434
line-z-60,0.06,60.0,0.0402074,40.2074,51.4204,2338.8,52.17565979147497,2395.6607255399763,0.7552597914749697,56.8607255399761
line-z-60,0.06,60.0,0.0402514,40.2514,51.2972,2340.81,52.05002098316846,2392.5578080307855,0.752820983168462,51.74780803078556
line-z-60,0.06,60.0,0.040802,40.802,49.0582,2362.67,50.154642870734634,2343.8385851332696,1.0964428707346343,18.831414866730483
line-z-60,0.06,60.0,0.0408473,40.847300000000004,48.8567,2359.36,49.94859795262942,2338.2968816635994,1.0918979526294237,21.06311833640075
line-z-60,0.06,60.0,0.041319,41.319,46.2657,2311.54,47.47356546110237,2264.1126708984284,1.2078654611023651,47.42732910157156
line-z-60,0.06,60.0,0.0417234,41.7234,43.5911,2226.88,44.588427464383614,2150.4874556697805,0.9973274643836163,76.39254433021961
line-z-60,0.06,60.0,0.0417687,41.768699999999995,43.3007,2218.05,44.18941638327148,2132.0956491641505,0.8887163832714791,85.95435083584971
line-z-60,0.06,60.0,0.04212,42.12,36.7425,1939.55,33.6237314689806,1800.412734518463,3.1187685310193984,139.13726548153704
line-z-60,0.06,60.0,0.0421598,42.1598,35.9121,1905.33,30.048775407685365,1702.6641408575206,5.863324592314637,202.66585914247935
line-z-60,0.06,60.0,0.0424653,42.4653,4.00581,917.42,2.6078438316625276,952.3577246912328,1.3979661683374727,34.9377246912328
line-z-60,0.06,60.0,0.0425,42.5,0.0,800.0,-0.5090148448944092,867.1347045898438,0.5090148448944092,67.13470458984375
line-z-80,0.08,80.0,-0.0425,-42.5,0.0,800.0,-0.1518663167953491,851.8892211914062,0.1518663167953491,51.88922119140625
line-z-80,0.08,80.0,-0.0422832,-42.2832,20.5869,1439.62,16.88657927496021,1341.0881434914202,3.7003207250397914,98.53185650857972
line-z-80,0.08,80.0,-0.0421746,-42.1746,30.4073,1750.83,25.42152019407752,1586.1388951601512,4.98577980592248,164.69110483984878
line-z-80,0.08,80.0,-0.0419253,-41.9253,37.2824,2001.43,38.406242774693084,1977.1885295898012,1.123842774693081,24.241470410198872
line-z-80,0.08,80.0,-0.0418005,-41.8005,40.7946,2129.59,40.16706387418766,2049.9563139648053,0.6275361258123411,79.63368603519484
line-z-80,0.08,80.0,-0.0415137,-41.5137,43.1261,2198.84,43.83093327286636,2201.4647927447036,0.7048332728663596,2.624792744703427
line-z-80,0.08,80.0,-0.0413703,-41.3703,44.3909,2237.58,44.54325779589461,2231.2285879997603,0.15235779589460918,6.351412000239634
line-z-80,0.08,80.0,-0.0410404,-41.0404,45.3068,2250.35,46.04523667782048,2295.0087421185626,0.7384366778204807,44.658742118562714
line-z-80,0.08,80.0,-0.0408756,-40.8756,45.8098,2259.67,46.33889007424743,2311.19946169577,0.5290900742474278,51.529461695769896
line-z-80,0.08,80.0,-0.0404959,-40.4959,46.0631,2258.33,46.826203440946685,2342.9034718520206,0.7631034409466864,84.5734718520207
line-z-80,0.08,80.0,-0.0403069,-40.3069,46.1909,2259.83,46.85249453196805,2352.2859408317986,0.6615945319680492,92.45594083179867
line-z-80,0.08,80.0,-0.0401971,-40.1971,46.079,2261.38,46.86776840389475,2357.736708524812,0.7887684038947498,96.35670852481189
line-z-80,0.08,80.0,-0.03998,-39.980000000000004,45.8581,2264.46,46.75082924337954,2364.399765624998,0.8927292433795415,99.93976562499802
line-z-80,0.08,80.0,-0.0392304,-39.230399999999996,45.0862,2274.75,45.88272868903671,2375.7415074448527,0.7965286890367125,100.99150744485269
line-z-80,0.08,80.0,-0.0387263,-38.726299999999995,44.556,2281.34,44.92962781363099,2376.274524597886,0.3736278136309892,94.93452459788568
line-z-80,0.08,80.0,-0.0384011,-38.4011,43.7594,2283.07,44.175285450206104,2374.972269330193,0.4158854502061047,91.90226933019267
line-z-80,0.08,80.0,-0.037686,-37.686,42.0077,2286.89,42.32611307121746,2370.975915785846,0.31841307121746354,84.08591578584628
line-z-80,0.08,80.0,-0.0375407,-37.5407,41.6559,2287.73,41.914899198375224,2370.0719891946237,0.25899919837522134,82.3419891946237
line-z-80,0.08,80.0,-0.0368452,-36.8452,39.9509,2291.6,39.87974295905628,2365.9951162913603,0.07115704094371722,74.39511629136041
line-z-80,0.08,80.0,-0.0365861,-36.5861,39.0641,2292.12,39.07986409149177,2364.6910706284466,0.01576409149176783,72.5710706284467
line-z-80,0.08,80.0,-0.0354508,-35.4508,34.7876,2294.03,35.39609432732099,2359.2546114200372,0.6084943273209902,65.22461142003704
line-z-80,0.08,80.0,-0.0348544,-34.8544,32.6106,2295.14,33.28720237390869,2356.052031341912,0.6766023739086933,60.9120313419121
line-z-80,0.08,80.0,-0.0338312,-33.831199999999995,28.92,2296.98,29.403417914177492,2350.3484854779413,0.48341791417749036,53.36848547794125
line-z-80,0.08,80.0,-0.033441,-33.440999999999995,27.4915,2297.64,27.862059026381846,2348.6705383731623,0.3705590263818479,51.03053837316247
line-z-80,0.08,80.0,-0.0330386,-33.0386,25.7712,2298.51,26.2549139768715,2347.585308157169,0.4837139768714991,49.07530815716882
line-z-80,0.08,80.0,-0.032203,-32.203,22.1822,2300.08,22.917327644797012,2348.4599369255516,0.7351276447970108,48.37993692555165
line-z-80,0.08,80.0,-0.030388,-30.387999999999998,14.6476,2303.19,15.91566353158401,2358.9336907169118,1.2680635315840085,55.743690716911715
line-z-80,0.08,80.0,-0.0303587,-30.3587,14.526,2303.24,15.806583595522818,2359.1054107996324,1.2805835955228186,55.86541079963263
line-z-80,0.08,80.0,-0.0303587,-30.3587,14.526,2303.24,15.806583595522818,2359.1054107996324,1.2805835955228186,55.86541079963263
line-z-80,0.08,80.0,-0.030135,-30.134999999999998,13.6747,2303.63,14.983731192420574,2360.279375,1.3090311924205746,56.649374999999964
line-z-80,0.08,80.0,-0.0285849,-28.5849,8.66486,2305.81,9.686888116724491,2363.326816331572,1.022028116724492,57.516816331572045
line-z-80,0.08,80.0,-0.0285484,-28.5484,8.54692,2305.86,9.571184592303247,2363.3134747931986,1.024264592303247,57.45347479319844
line-z-80,0.08,80.0,-0.0269604,-26.9604,3.4907,2308.4,4.8636869470037265,2363.1485889476103,1.3729869470037266,54.74858894761019
line-z-80,0.08,80.0,-0.0265336,-26.5336,2.3277,2309.04,3.677837530899188,2363.89060234375,1.3501375308991879,54.85060234374987
line-z-80,0.08,80.0,-0.0242322,-24.2322,-3.15249,2311.71,-2.317016960390782,2370.378482709099,0.8354730396092176,58.66848270909895
line-z-80,0.08,80.0,-0.0238288,-23.8288,-4.08756,2312.16,-3.2764189711850724,2370.955418175551,0.8111410288149274,58.795418175551276
line-z-80,0.08,80.0,-0.0230216,-23.0216,-5.79758,2313.3,-5.11162031716721,2371.211504296875,0.6859596828327899,57.91150429687468
line-z-80,0.08,80.0,-0.0230018,-23.0018,-5.8395,2313.32,-5.154919023872643,2371.20001875,0.6845809761273571,57.880018749999635
line-z-80,0.08,80.0,-0.0211273,-21.1273,-9.37676,2315.52,-9.03222519939643,2369.088198213465,0.34453480060357045,53.568198213465166
line-z-80,0.08,80.0,-0.0203786,-20.3786,-10.7156,2316.38,-10.42599217803047,2368.344583295037,0.28960782196953083,51.964583295036846
line-z-80,0.08,80.0,-0.019609,-19.609,-12.0829,2317.33,-11.738812688939671,2367.839022173713,0.3440873110603295,50.50902217371322
line-z-80,0.08,80.0,-0.0189458,-18.9458,-13.2611,2318.14,-12.788261856393131,2367.4419372472425,0.4728381436068698,49.30193724724268
line-z-80,0.08,80.0,-0.0179867,-17.986700000000003,-14.8786,2319.48,-14.224435365721686,2366.6982289349726,0.654164634278315,47.21822893497256
line-z-80,0.08,80.0,-0.0178507,-17.8507,-15.0648,2319.64,-14.427781312875123,2366.5799142807905,0.6370186871248773,46.93991428079062
line-z-80,0.08,80.0,-0.0172467,-17.2467,-15.8926,2320.39,-15.342637099479209,2366.042634047564,0.5499629005207911,45.652634047564334
line-z-80,0.08,80.0,-0.0154614,-15.4614,-18.5259,2322.3,-18.14959831345498,2362.398094255515,0.3763016865450197,40.09809425551475
line-z-80,0.08,80.0,-0.0152024,-15.202399999999999,-18.8841,2322.55,-18.529944120698794,2361.119579319853,0.3541558793012065,38.56957931985289
line-z-80,0.08,80.0,-0.0140191,-14.0191,-20.0967,2323.6,-19.90699758116773,2353.132723512179,0.1897024188322689,29.532723512179018
line-z-80,0.08,80.0,-0.0121318,-12.1318,-21.3664,2324.34,-21.043792393493618,2350.8878860409004,0.32260760650638076,26.547886040900266
line-z-80,0.08,80.0,-0.0117197,-11.7197,-21.6393,2324.44,-21.224933376536626,2352.963028877527,0.4143666234633727,28.52302887752694
line-z-80,0.08,80.0,-0.0114903,-11.4903,-21.7912,2324.49,-21.322445343017563,2354.2582665039063,0.468754656982437,29.76826650390649
line-z-80,0.08,80.0,-0.0107981,-10.7981,-22.0588,2324.72,-21.6022861279207,2357.768827912454,0.4565138720793023,33.04882791245427
line-z-80,0.08,80.0,-0.0105202,-10.5202,-22.0482,2324.7,-21.7041844824398,2358.7821699563415,0.34401551756020154,34.08216995634166
line-z-80,0.08,80.0,-0.0102923,-10.292300000000001,-21.9927,2324.7,-21.78284524908624,2359.4579870461857,0.2098547509137596,34.75798704618592
line-z-80,0.08,80.0,-0.00900137,-9.00137,-21.6783,2324.74,-22.095092127972766,2360.818504815602,0.41679212797276577,36.07850481560217
line-z-80,0.08,80.0,-0.00735131,-7.35131,-21.2709,2324.84,-21.970846492233292,2364.441397285156,0.6999464922332912,39.601397285156054
line-z-80,0.08,80.0,-0.00667852,-6.678520000000001,-20.7991,2324.94,-21.688326274503826,2367.388174524356,0.8892262745038266,42.44817452435609
line-z-80,0.08,80.0,-0.00557076,-5.57076,-20.0224,2325.12,-20.891504462423942,2372.140399862132,0.869104462423941,47.02039986213231
line-z-80,0.08,80.0,-0.00557076,-5.57076,-20.0224,2325.12,-20.891504462423942,2372.140399862132,0.869104462423941,47.02039986213231
line-z-80,0.08,80.0,-0.0055014,-5.5014,-19.9868,2325.12,-20.829845387716908,2372.396077205882,0.8430453877169093,47.2760772058823
line-z-80,0.08,80.0,-0.00534869,-5.3486899999999995,-19.8973,2325.13,-20.694090524704926,2372.9590023380056,0.7967905247049245,47.829002338005466
line-z-80,0.08,80.0,-0.00431266,-4.31266,-19.2713,2325.18,-19.742003209668333,2376.4676113614432,0.4707032096683328,51.287611361443396
line-z-80,0.08,80.0,-0.00101649,-1.0164900000000001,-17.3261,2325.49,-17.729767958261842,2380.697408897059,0.4036679582618419,55.207408897059395
line-z-80,0.08,80.0,-0.000926792,-0.926792,-17.2713,2325.5,-17.704501739308082,2380.5810077435663,0.4332017393080818,55.08100774356626
line-z-80,0.08,80.0,-0.000926792,-0.926792,-17.2713,2325.5,-17.704501739308082,2380.5810077435663,0.4332017393080818,55.08100774356626
line-z-80,0.08,80.0,-0.00076158,-0.76158,-17.2314,2325.52,-17.678239231028844,2380.358928193934,0.44683923102884293,54.83892819393395
line-z-80,0.08,80.0,-0.000687877,-0.6878770000000001,-17.2136,2325.53,-17.66652321979658,2380.25985591682,0.4529232197965811,54.729855916819815
line-z-80,0.08,80.0,-0.000687877,-0.6878770000000001,-17.2136,2325.53,-17.66652321979658,2380.25985591682,0.4529232197965811,54.729855916819815
line-z-80,0.08,80.0,-0.000410864,-0.410864,-17.3025,2325.55,-17.63334455707864,2379.9123627766544,0.3308445570786418,54.36236277665421
line-z-80,0.08,80.0,-0.000281066,-0.281066,-17.3408,2325.55,-17.63567649207979,2379.790498202206,0.29487649207978706,54.2404982022058
line-z-80,0.08,80.0,0.000121942,0.12194200000000001,-17.5079,2325.58,-17.664841581383204,2379.494584741268,0.15694158138320446,53.9145847412683
line-z-80,0.08,80.0,0.00102207,1.0220699999999998,-17.9178,2325.61,-17.936696136972785,2379.668681092601,0.018896136972784916,54.05868109260109
line-z-80,0.08,80.0,0.00363168,3.63168,-19.1063,2325.7,-19.251601395120097,2378.1184495266543,0.14530139512009654,52.41844952665451
line-z-80,0.08,80.0,0.00433994,4.3399399999999995,-19.6067,2325.91,-19.66736704684095,2375.6868612281705,0.060667046840951144,49.776861228170674
line-z-80,0.08,80.0,0.00493928,4.93928,-20.0302,2326.1,-20.105357099573496,2373.853049908088,0.07515709957349515,47.75304990808809
line-z-80,0.08,80.0,0.00585863,5.85863,-20.868,2326.33,-20.925879690354364,2372.719005103401,0.057879690354365465,46.389005103400905
line-z-80,0.08,80.0,0.00697924,6.97924,-21.5425,2326.52,-21.999130280887407,2374.6525146162685,0.4566302808874063,48.13251461626851
line-z-80,0.08,80.0,0.0071041,7.104100000000001,-21.6326,2326.55,-22.111213293995604,2375.009835196461,0.47861329399560404,48.45983519646097
line-z-80,0.08,80.0,0.00717132,7.17132,-21.64,2326.58,-22.164437493788803,2375.232914620864,0.5244374937888026,48.65291462086407
line-z-80,0.08,80.0,0.0101045,10.1045,-21.7276,2327.15,-22.802476330701012,2383.8841522288603,1.074876330701013,56.73415222886024
line-z-80,0.08,80.0,0.0105818,10.581800000000001,-21.5982,2327.07,-22.59629697534895,2384.9676081571693,0.9980969753489504,57.89760815716909
line-z-80,0.08,80.0,0.010906,10.906,-21.4153,2326.99,-22.4331049894445,2385.659435661765,1.0178049894445031,58.66943566176542
line-z-80,0.08,80.0,0.0110074,11.0074,-21.3581,2326.96,-22.375585023229252,2385.854139039522,1.017485023229252,58.89413903952209
line-z-80,0.08,80.0,0.0114314,11.4314,-20.9998,2326.62,-22.12829786152557,2386.63730513557,1.1284978615255703,60.01730513557004
line-z-80,0.08,80.0,0.012224,12.224,-20.3012,2325.97,-21.5876684866512,2387.771901999081,1.2864684866511986,61.80190199908111
line-z-80,0.08,80.0,0.0134592,13.4592,-19.2123,2324.95,-20.41782194267718,2388.843575873162,1.20552194267718,63.89357587316226
line-z-80,0.08,80.0,0.0139592,13.9592,-18.7739,2324.56,-19.811192776130156,2389.1110542049632,1.0372927761301547,64.5510542049633
line-z-80,0.08,80.0,0.0142166,14.2166,-18.4597,2324.29,-19.475871107303302,2389.206422047335,1.0161711073033004,64.91642204733489
line-z-80,0.08,80.0,0.0144417,14.4417,-18.1668,2324.04,-19.161709062419106,2389.22678811466,0.9949090624191079,65.18678811465998
line-z-80,0.08,80.0,0.0155829,15.5829,-16.6816,2322.77,-17.466834259257546,2388.4858531767004,0.7852342592575461,65.71585317670042
line-z-80,0.08,80.0,0.0170036,17.003600000000002,-14.7386,2321.66,-15.223154715145334,2384.7701761718745,0.4845547151453342,63.11017617187463
line-z-80,0.08,80.0,0.017397,17.397,-14.0965,2321.23,-14.587094571730642,2383.373298828125,0.49059457173064125,62.1432988281249
line-z-80,0.08,80.0,0.0180037,18.003700000000002,-13.1061,2320.58,-13.58921660513028,2381.1885651482075,0.4831166051302809,60.60856514820762
line-z-80,0.08,80.0,0.0186488,18.6488,-12.138,2320.38,-12.494952455857085,2378.9892621323525,0.3569524558570851,58.60926213235234
line-z-80,0.08,80.0,0.0209539,20.9539,-8.08794,2320.02,-8.314251047986936,2372.9342640337773,0.22631104798693613,52.91426403377727
line-z-80,0.08,80.0,0.0217014,21.7014,-6.70568,2319.78,-6.913603735441271,2371.575880147059,0.20792373544127063,51.7958801470586
line-z-80,0.08,80.0,0.0224714,22.4714,-5.39767,2320.06,-5.468959939530208,2370.6710061121325,0.07128993953020846,50.6110061121326
line-z-80,0.08,80.0,0.0228687,22.8687,-4.72283,2320.2,-4.72024795910316,2370.416784495634,0.002582040896839999,50.21678449563433
line-z-80,0.08,80.0,0.0232461,23.2461,-3.91852,2320.58,-4.0040135756827855,2370.3123946174173,0.08549357568278548,49.73239461741741
line-z-80,0.08,80.0,0.0258437,25.843700000000002,1.81496,2321.97,1.4504039935813664,2371.641040355009,0.3645560064186335,49.671040355009154
line-z-80,0.08,80.0,0.0260701,26.0701,2.31456,2322.09,2.0042561198459636,2371.7644969841454,0.31030388015403654,49.67449698414521
line-z-80,0.08,80.0,0.0264175,26.4175,3.0808,2322.24,2.8857723905059594,2371.946798167509,0.19502760949404063,49.70679816750908
line-z-80,0.08,80.0,0.0265162,26.5162,3.35799,2322.33,3.1484701068879506,2372.00111451057,0.20951989311204944,49.67111451057008
line-z-80,0.08,80.0,0.0275621,27.562099999999997,6.43118,2323.28,6.120004246902647,2372.6431744140627,0.3111757530973529,49.36317441406254
line-z-80,0.08,80.0,0.0293878,29.3878,12.4147,2324.91,12.129605059410748,2373.3090329044117,0.2850949405892518,48.3990329044118
line-z-80,0.08,80.0,0.0296263,29.6263,13.1965,2325.12,12.976360903639032,2373.238009007353,0.22013909636096862,48.118009007353066
line-z-80,0.08,80.0,0.030054,30.054000000000002,14.598,2325.47,14.521127415825397,2373.0630202205884,0.07687258417460363,47.59302022058864
line-z-80,0.08,80.0,0.0302512,30.251199999999997,15.3568,2325.61,15.24038058220367,2372.9797556295957,0.11641941779632958,47.3697556295956
line-z-80,0.08,80.0,0.0310514,31.0514,18.4541,2326.22,18.229133724616787,2373.0539455537682,0.22496627538321334,46.833945553768444
line-z-80,0.08,80.0,0.0321335,32.133500000000005,22.6425,2327.05,22.388631626129218,2375.7339645852485,0.2538683738707803,48.683964585248305
line-z-80,0.08,80.0,0.032851,32.851,25.4943,2327.38,25.253221195894316,2380.2083905675554,0.24107880410568328,52.82839056755529
line-z-80,0.08,80.0,0.0331953,33.195299999999996,26.8023,2327.49,26.669040377852752,2383.0256380055152,0.1332596221472464,55.535638005515466
line-z-80,0.08,80.0,0.0347128,34.7128,33.0144,2327.38,33.27361996029139,2399.42574933364,0.2592199602913894,72.04574933363983
line-z-80,0.08,80.0,0.0347274,34.727399999999996,33.074,2327.37,33.33806978077621,2399.5980155790444,0.2640697807762109,72.2280155790445
line-z-80,0.08,80.0,0.0347504,34.7504,33.1584,2327.34,33.43960031989617,2399.869393910846,0.2812003198961719,72.52939391084601
line-z-80,0.08,80.0,0.0362884,36.288399999999996,38.9191,2325.62,39.419756213738,2413.796381295956,0.5006562137379973,88.17638129595616
line-z-80,0.08,80.0,0.0368352,36.8352,40.8639,2325.01,41.12374241871562,2416.3722349954046,0.2598424187156212,91.36223499540438
line-z-80,0.08,80.0,0.0368697,36.8697,40.9866,2324.98,41.22486828936418,2416.497109219899,0.23826828936417854,91.51710921989888
line-z-80,0.08,80.0,0.0375212,37.5212,43.0098,2322.33,43.12840494169365,2418.637280376838,0.1186049416936541,96.30728037683821
line-z-80,0.08,80.0,0.0384818,38.4818,45.7483,2321.4,45.88504956377817,2418.196688993566,0.13674956377816727,96.79668899356602
line-z-80,0.08,80.0,0.0386997,38.6997,46.2883,2321.35,46.49366522701493,2417.1275920840994,0.20536522701492999,95.77759208409952
line-z-80,0.08,80.0,0.040009,40.009,48.304,2327.29,49.31993849720688,2391.030439051008,1.015938497206875,63.74043905100825
line-z-80,0.08,80.0,0.0400568,40.056799999999996,48.3779,2327.34,49.39587197588765,2389.5586202665418,1.0179719758876544,62.21862026654162
line-z-80,0.08,80.0,0.0402945,40.2945,48.7719,2327.06,49.65258954395972,2379.286260167736,0.8806895439597184,52.2262601677362
line-z-80,0.08,80.0,0.0406186,40.6186,48.7514,2322.73,49.9054698592242,2362.7728194967817,1.154069859224201,40.0428194967817
line-z-80,0.08,80.0,0.0408665,40.8665,48.7343,2319.2,49.76902797878488,2337.755867388554,1.034727978784879,18.55586738855436
line-z-80,0.08,80.0,0.0411474,41.1474,48.1214,2296.52,49.42265310686883,2301.063935845579,1.3012531068688276,4.543935845579199
line-z-80,0.08,80.0,0.0413639,41.3639,47.6423,2278.57,48.65544627263668,2251.0163193474145,1.013146272636682,27.553680652585626
line-z-80,0.08,80.0,0.0416077,41.607699999999994,45.7778,2215.12,47.203205986111854,2174.5573425378784,1.4254059861118549,40.56265746212148
line-z-80,0.08,80.0,0.0417965,41.7965,44.3171,2165.34,44.40412709135066,2058.1349092658124,0.0870270913506559,107.2050907341877
line-z-80,0.08,80.0,0.0420083,42.0083,38.3597,1949.73,41.264058712587904,1927.5296583811569,2.904358712587907,22.20034161884314
line-z-80,0.08,80.0,0.0421728,42.1728,33.7214,1781.59,28.19164837800251,1571.0958029180626,5.5297516219974945,210.49419708193727
line-z-80,0.08,80.0,0.0423568,42.3568,14.6941,1228.49,11.972135765606692,1134.1018700137347,2.721964234393308,94.38812998626531
line-z-80,0.08,80.0,0.0425,42.5,0.0,800.0,-0.6508762240409851,794.006591796875,0.6508762240409851,5.993408203125
