z_m,z_mm,x_m,x_mm,phi,w_z_pred_mps,T_pred_K,u_pred_mps,v_pred_mps,p_pred_Pa,nu_t_pred,Y_H2O_pred
0.005,5.0,-0.0425,-42.5,0.82,2.313015937805176,885.641845703125,-4.227822780609131,-1.580341100692749,-644.6470336914062,0.02159566804766655,1.0322535037994385
0.005,5.0,-0.04202777777777778,-42.02777777777778,0.82,5.103622913360596,1004.0922241210938,-2.8653409481048584,-0.8160035014152527,-624.1707153320312,0.010537863709032536,1.1862503290176392
0.005,5.0,-0.04155555555555556,-41.555555555555564,0.82,5.90311336517334,1060.411376953125,-1.9158741235733032,-0.3998158574104309,-611.98291015625,0.00658302241936326,1.3069019317626953
0.005,5.0,-0.04108333333333333,-41.083333333333336,0.82,5.8662428855896,1087.501953125,-1.2808794975280762,-0.1522156149148941,-606.2944946289062,0.004800540395081043,1.3959718942642212
0.005,5.0,-0.04061111111111111,-40.611111111111114,0.82,5.542117595672607,1101.8876953125,-0.8845407962799072,0.029677225276827812,-605.0272216796875,0.0038501450326293707,1.4600565433502197
0.005,5.0,-0.04013888888888889,-40.13888888888889,0.82,5.159842491149902,1111.196533203125,-0.6596741676330566,0.1965400129556656,-606.663330078125,0.0032803004141896963,1.5055264234542847
0.005,5.0,-0.03966666666666667,-39.66666666666667,0.82,4.799551010131836,1118.721435546875,-0.5469413995742798,0.36739516258239746,-610.1630249023438,0.002911113202571869,1.5374706983566284
0.005,5.0,-0.03919444444444445,-39.19444444444445,0.82,4.47587776184082,1125.6561279296875,-0.49762627482414246,0.5434507727622986,-614.7929077148438,0.0026615019887685776,1.5597113370895386
0.005,5.0,-0.03872222222222223,-38.72222222222223,0.82,4.177768707275391,1132.18212890625,-0.4757676422595978,0.7175514101982117,-620.021240234375,0.002491379389539361,1.5750160217285156
0.005,5.0,-0.038250000000000006,-38.25000000000001,0.82,3.8880176544189453,1138.028076171875,-0.4581870436668396,0.8802756071090698,-625.47119140625,0.0023793631698936224,1.585328459739685
0.005,5.0,-0.03777777777777778,-37.77777777777778,0.82,3.593193769454956,1142.78955078125,-0.43242526054382324,1.023244023323059,-630.8942260742188,0.002313102362677455,1.5920144319534302
0.005,5.0,-0.03730555555555556,-37.30555555555556,0.82,3.288231134414673,1146.123046875,-0.3935234546661377,1.140497088432312,-636.1475219726562,0.002284706337377429,1.596089482307434
0.005,5.0,-0.036833333333333336,-36.833333333333336,0.82,2.9777913093566895,1147.85205078125,-0.34070372581481934,1.2287049293518066,-641.1654663085938,0.0022883808705955744,1.5984100103378296
0.005,5.0,-0.036361111111111115,-36.361111111111114,0.82,2.6753089427948,1148.0072021484375,-0.2747451364994049,1.2869001626968384,-645.9323120117188,0.0023190791253000498,1.5997962951660156
0.005,5.0,-0.035888888888888894,-35.88888888888889,0.82,2.4003984928131104,1146.805908203125,-0.19642555713653564,1.3161574602127075,-650.4586181640625,0.0023717342410236597,1.6010808944702148
0.005,5.0,-0.035416666666666666,-35.416666666666664,0.82,2.1753642559051514,1144.5943603515625,-0.10591777414083481,1.3193036317825317,-654.7661743164062,0.002440909156575799,1.6030769348144531
0.005,5.0,-0.034944444444444445,-34.94444444444444,0.82,2.021406650543213,1141.768310546875,-0.0029112836346030235,1.300645351409912,-658.8824462890625,0.0025208035949617624,1.6064937114715576
0.005,5.0,-0.034472222222222224,-34.47222222222222,0.82,1.9552628993988037,1138.696044921875,0.11289875209331512,1.2655383348464966,-662.8384399414062,0.002605586778372526,1.6118355989456177
0.005,5.0,-0.034,-34.0,0.82,1.9868799448013306,1135.6683349609375,0.24115443229675293,1.2198113203048706,-666.6715087890625,0.0026898798532783985,1.619325041770935
0.005,5.0,-0.03352777777777778,-33.52777777777778,0.82,2.1182291507720947,1132.87939453125,0.3802739381790161,1.1690510511398315,-670.4215698242188,0.00276918220333755,1.6288758516311646
0.005,5.0,-0.03305555555555556,-33.05555555555556,0.82,2.3432984352111816,1130.4400634765625,0.5270326733589172,1.1179169416427612,-674.1229858398438,0.002840064000338316,1.6401300430297852
0.005,5.0,-0.03258333333333334,-32.583333333333336,0.82,2.6488077640533447,1128.404296875,0.6763961315155029,1.0695265531539917,-677.7897338867188,0.0029000360518693924,1.6525474786758423
0.005,5.0,-0.03211111111111112,-32.11111111111112,0.82,3.0154340267181396,1126.793212890625,0.8216961026191711,1.0251414775848389,-681.3991088867188,0.002947169356048107,1.665522575378418
0.005,5.0,-0.03163888888888889,-31.63888888888889,0.82,3.4195125102996826,1125.6080322265625,0.9550811052322388,0.9842005968093872,-684.8788452148438,0.0029796184971928596,1.6785125732421875
0.005,5.0,-0.03116666666666667,-31.166666666666668,0.82,3.835216999053955,1124.82470703125,1.0683541297912598,0.9446794986724854,-688.1083374023438,0.002995170885697007,1.6911406517028809
0.005,5.0,-0.030694444444444448,-30.694444444444446,0.82,4.237248420715332,1124.3868408203125,1.1540826559066772,0.9038808941841125,-690.9338989257812,0.0029910209123045206,1.7032679319381714
0.005,5.0,-0.030222222222222227,-30.222222222222225,0.82,4.603755474090576,1124.197998046875,1.206731915473938,0.8594246506690979,-693.199462890625,0.0029639098793268204,1.715006709098816
0.005,5.0,-0.029750000000000002,-29.750000000000004,0.82,4.918757438659668,1124.1326904296875,1.2234995365142822,0.8102913498878479,-694.7791137695312,0.0029106768779456615,1.7266807556152344
0.005,5.0,-0.02927777777777778,-29.277777777777782,0.82,5.173375129699707,1124.0625,1.2045618295669556,0.7576003074645996,-695.6035766601562,0.0028292015194892883,1.7387359142303467
0.005,5.0,-0.028805555555555556,-28.805555555555557,0.82,5.365477085113525,1123.889892578125,1.1524838209152222,0.7046665549278259,-695.6685791015625,0.0027194246649742126,1.7516298294067383
0.005,5.0,-0.028333333333333335,-28.333333333333336,0.82,5.497896671295166,1123.580078125,1.0710469484329224,0.6562021970748901,-695.0211791992188,0.002584059489890933,1.7657349109649658
0.005,5.0,-0.027861111111111114,-27.861111111111114,0.82,5.576019763946533,1123.168701171875,0.9638697504997253,0.616651177406311,-693.7327880859375,0.0024285842664539814,1.7812868356704712
0.005,5.0,-0.027388888888888893,-27.388888888888893,0.82,5.605735778808594,1122.7518310546875,0.8334541320800781,0.5883591771125793,-691.869140625,0.0022604712285101414,1.7983853816986084
0.005,5.0,-0.02691666666666667,-26.916666666666668,0.82,5.592160701751709,1122.4541015625,0.6811392903327942,0.5702840089797974,-689.4722900390625,0.002087934175506234,1.817026972770691
0.005,5.0,-0.026444444444444448,-26.444444444444446,0.82,5.53918981552124,1122.396728515625,0.5078837871551514,0.5579072833061218,-686.5659790039062,0.0019186587305739522,1.8371330499649048
0.005,5.0,-0.025972222222222226,-25.972222222222225,0.82,5.449700355529785,1122.672119140625,0.31562840938568115,0.5444578528404236,-683.1796264648438,0.0017588918562978506,1.858550786972046
0.005,5.0,-0.025500000000000002,-25.500000000000004,0.82,5.326192378997803,1123.342041015625,0.10839041322469711,0.5229803323745728,-679.3837280273438,0.0016130204312503338,1.8810138702392578
0.005,5.0,-0.02502777777777778,-25.027777777777782,0.82,5.171751499176025,1124.452392578125,-0.10752668231725693,0.4882955551147461,-675.3165893554688,0.0014835781184956431,1.9041064977645874
0.005,5.0,-0.02455555555555556,-24.55555555555556,0.82,4.991189956665039,1126.06005859375,-0.32437074184417725,0.4382138252258301,-671.1904907226562,0.0013715095119550824,1.9272550344467163
0.005,5.0,-0.024083333333333335,-24.083333333333336,0.82,4.791886806488037,1128.247314453125,-0.5344076752662659,0.37363266944885254,-667.2724609375,0.0012765732826665044,1.9497920274734497
0.005,5.0,-0.023611111111111114,-23.611111111111114,0.82,4.5836310386657715,1131.107177734375,-0.7311713695526123,0.2980155050754547,-663.84619140625,0.0011977965477854013,1.9710767269134521
0.005,5.0,-0.023138888888888893,-23.138888888888893,0.82,4.3772993087768555,1134.7027587890625,-0.9098893404006958,0.21662375330924988,-661.1699829101562,0.001133889309130609,1.9906442165374756
0.005,5.0,-0.02266666666666667,-22.666666666666668,0.82,4.182625770568848,1139.0313720703125,-1.067035436630249,0.13596025109291077,-659.4406127929688,0.0010835904395207763,2.0083322525024414
0.005,5.0,-0.022194444444444447,-22.194444444444446,0.82,4.005733489990234,1144.02001953125,-1.1996537446975708,0.06327017396688461,-658.7705688476562,0.0010459227487444878,2.0243325233459473
0.005,5.0,-0.021722222222222226,-21.722222222222225,0.82,3.8473713397979736,1149.55859375,-1.3050742149353027,0.005967510398477316,-659.1846313476562,0.0010203408310189843,2.0391464233398438
0.005,5.0,-0.02125,-21.25,0.82,3.702652931213379,1155.5511474609375,-1.3816561698913574,-0.029417824000120163,-660.6310424804688,0.0010067796101793647,2.0534353256225586
0.005,5.0,-0.02077777777777778,-20.777777777777782,0.82,3.5627260208129883,1161.9261474609375,-1.4305952787399292,-0.03863547742366791,-663.0142822265625,0.0010056373430415988,2.0677859783172607
0.005,5.0,-0.02030555555555556,-20.30555555555556,0.82,3.4192280769348145,1168.57763671875,-1.4585576057434082,-0.021328667178750038,-666.23681640625,0.0010176682844758034,2.0824334621429443
0.005,5.0,-0.019833333333333335,-19.833333333333336,0.82,3.2709949016571045,1175.22607421875,-1.4803146123886108,0.017837893217802048,-670.2415161132812,0.0010438599856570363,2.0969772338867188
0.005,5.0,-0.019361111111111114,-19.361111111111114,0.82,3.132020950317383,1181.2525634765625,-1.5205159187316895,0.06930387765169144,-675.030517578125,0.001085361116565764,2.1101465225219727
0.005,5.0,-0.018888888888888893,-18.888888888888893,0.82,3.0378708839416504,1185.573974609375,-1.6136058568954468,0.12062759697437286,-680.6575317382812,0.001143597881309688,2.1196844577789307
0.005,5.0,-0.018416666666666668,-18.416666666666668,0.82,3.0483880043029785,1186.6123046875,-1.8016499280929565,0.16012892127037048,-687.1930541992188,0.0012207955587655306,2.1224029064178467
0.005,5.0,-0.017944444444444447,-17.944444444444446,0.82,3.2467832565307617,1182.3638916015625,-2.1305012702941895,0.18044807016849518,-694.684326171875,0.0013210638426244259,2.1144566535949707
0.005,5.0,-0.017472222222222226,-17.472222222222225,0.82,3.738109827041626,1170.500732421875,-2.645214080810547,0.17975877225399017,-703.117919921875,0.0014520755503326654,2.09179949760437
0.005,5.0,-0.017,-17.0,0.82,4.65106201171875,1148.430908203125,-3.384805679321289,0.15829701721668243,-712.3887939453125,0.0016273017972707748,2.0507566928863525
0.005,5.0,-0.01652777777777778,-16.52777777777778,0.82,6.1436238288879395,1113.313720703125,-4.37554931640625,0.11006523668766022,-722.2839965820312,0.0018685918767005205,1.9886113405227661
0.005,5.0,-0.01605555555555556,-16.05555555555556,0.82,8.4039306640625,1062.1573486328125,-5.623183727264404,0.012417270801961422,-732.5183715820312,0.0022090119309723377,1.904165267944336
0.005,5.0,-0.015583333333333334,-15.583333333333334,0.82,11.625624656677246,992.2615966796875,-7.108188629150391,-0.18056239187717438,-742.8761596679688,0.0026957220397889614,1.798224687576294
0.005,5.0,-0.015111111111111113,-15.111111111111112,0.82,15.930275917053223,902.2755126953125,-8.790112495422363,-0.5366224646568298,-753.4429321289062,0.0033912367653101683,1.6740362644195557
0.005,5.0,-0.014638888888888892,-14.638888888888893,0.82,21.22247314453125,793.9512329101562,-10.61849308013916,-1.137243390083313,-764.6415405273438,0.004364957567304373,1.5377393960952759
0.005,5.0,-0.014166666666666668,-14.166666666666668,0.82,27.020902633666992,674.40234375,-12.534409523010254,-2.0637829303741455,-776.4614868164062,0.005655084270983934,1.3986377716064453
0.005,5.0,-0.013694444444444447,-13.694444444444446,0.82,32.434757232666016,558.4615478515625,-14.451148986816406,-3.370079278945923,-786.6015014648438,0.007188212592154741,1.2686665058135986
0.005,5.0,-0.013222222222222225,-13.222222222222225,0.82,36.54115676879883,470.3620300292969,-16.253578186035156,-5.040875434875488,-789.0128173828125,0.008703967556357384,1.1611056327819824
0.005,5.0,-0.012750000000000001,-12.750000000000002,0.82,39.24653244018555,442.5501708984375,-17.90243911743164,-6.94651985168457,-776.087158203125,0.009739588014781475,1.090186357498169
0.005,5.0,-0.01227777777777778,-12.27777777777778,0.82,42.12788772583008,504.365234375,-19.571931838989258,-8.802420616149902,-746.450439453125,0.009707344695925713,1.0719895362854004
0.005,5.0,-0.011805555555555559,-11.805555555555559,0.82,47.80723190307617,650.170166015625,-21.601266860961914,-10.209688186645508,-713.3502197265625,0.008442603051662445,1.121811866760254
0.005,5.0,-0.011333333333333334,-11.333333333333334,0.82,57.55475997924805,814.7360229492188,-24.269031524658203,-11.1461820602417,-696.8544921875,0.00685825664550066,1.2396266460418701
0.005,5.0,-0.010861111111111113,-10.861111111111112,0.82,71.12062072753906,930.0751953125,-27.32611846923828,-12.79112720489502,-694.5030517578125,0.005966776050627232,1.3977657556533813
0.005,5.0,-0.010388888888888892,-10.388888888888893,0.82,89.31008911132812,991.0859985351562,-30.114248275756836,-16.68773651123047,-679.1195678710938,0.006055084522813559,1.5577266216278076
0.005,5.0,-0.00991666666666667,-9.916666666666671,0.82,111.85734558105469,1022.9684448242188,-32.447608947753906,-22.605836868286133,-642.3200073242188,0.007095527369529009,1.688612699508667
0.005,5.0,-0.00944444444444445,-9.44444444444445,0.82,132.7996826171875,1047.966552734375,-34.398807525634766,-28.127931594848633,-611.4065551757812,0.008672729134559631,1.761920690536499
0.005,5.0,-0.008972222222222222,-8.972222222222221,0.82,144.3739013671875,1077.2275390625,-35.48711395263672,-30.912912368774414,-613.7645874023438,0.0098308390006423,1.7558289766311646
0.005,5.0,-0.0085,-8.5,0.82,142.97659301757812,1102.181640625,-35.0120964050293,-30.24772834777832,-654.844970703125,0.009856866672635078,1.66888427734375
0.005,5.0,-0.00802777777777778,-8.02777777777778,0.82,130.03179931640625,1092.260498046875,-32.73005294799805,-26.909839630126953,-719.8356323242188,0.009122966788709164,1.525281310081482
0.005,5.0,-0.007555555555555558,-7.555555555555558,0.82,110.81060791015625,1015.0070190429688,-29.07680320739746,-22.52161407470703,-781.580810546875,0.00863504409790039,1.3694819211959839
0.005,5.0,-0.007083333333333337,-7.0833333333333375,0.82,91.56585693359375,876.2841186523438,-24.952547073364258,-18.450634002685547,-821.8203125,0.008964786306023598,1.2453888654708862
0.005,5.0,-0.006611111111111116,-6.611111111111116,0.82,75.76355743408203,721.166015625,-21.183303833007812,-15.04296588897705,-842.0494384765625,0.009979838505387306,1.1733781099319458
0.005,5.0,-0.006138888888888888,-6.138888888888888,0.82,63.45450210571289,593.4111328125,-18.099655151367188,-12.105395317077637,-848.6575317382812,0.011237974278628826,1.1502490043640137
0.005,5.0,-0.005666666666666667,-5.666666666666667,0.82,53.278377532958984,512.5045166015625,-15.593778610229492,-9.519835472106934,-844.4304809570312,0.012396808713674545,1.1629290580749512
0.005,5.0,-0.005194444444444446,-5.194444444444446,0.82,44.02204132080078,475.9897766113281,-13.41137409210205,-7.273686408996582,-831.6781616210938,0.013360001146793365,1.197632908821106
0.005,5.0,-0.004722222222222225,-4.722222222222225,0.82,35.074424743652344,471.6216125488281,-11.366161346435547,-5.338943004608154,-813.8676147460938,0.01417553424835205,1.2442156076431274
0.005,5.0,-0.004250000000000004,-4.2500000000000036,0.82,26.319608688354492,487.58355712890625,-9.398311614990234,-3.652998208999634,-794.5397338867188,0.014885793440043926,1.297837257385254
0.005,5.0,-0.0037777777777777827,-3.7777777777777826,0.82,17.92800521850586,515.8366088867188,-7.533886432647705,-2.1575028896331787,-776.330810546875,0.015467513352632523,1.3577992916107178
0.005,5.0,-0.0033055555555555546,-3.3055555555555545,0.82,10.193190574645996,551.0962524414062,-5.8236517906188965,-0.8243348598480225,-760.8001708984375,0.01586228422820568,1.4247560501098633
0.005,5.0,-0.0028333333333333335,-2.8333333333333335,0.82,3.4076156616210938,589.2744750976562,-4.302804470062256,0.3492065370082855,-748.6130981445312,0.01603229157626629,1.4983820915222168
0.005,5.0,-0.0023611111111111124,-2.3611111111111125,0.82,-2.224494695663452,626.8059692382812,-2.9764208793640137,1.3601062297821045,-739.7459716796875,0.015986407175660133,1.5764260292053223
0.005,5.0,-0.0018888888888888913,-1.8888888888888913,0.82,-6.6213788986206055,660.6131591796875,-1.8223636150360107,2.2148029804229736,-733.6806640625,0.015768390148878098,1.6549043655395508
0.005,5.0,-0.0014166666666666702,-1.4166666666666703,0.82,-9.807647705078125,688.256103515625,-0.8016564249992371,2.932447910308838,-729.6144409179688,0.015431233681738377,1.7288601398468018
0.005,5.0,-0.0009444444444444491,-0.9444444444444491,0.82,-11.870426177978516,708.025146484375,0.13116131722927094,3.539691209793091,-726.6577758789062,0.015019298531115055,1.7932250499725342
0.005,5.0,-0.0004722222222222211,-0.4722222222222211,0.82,-12.91350269317627,718.9320068359375,1.0221654176712036,4.064340591430664,-723.9697265625,0.014564184471964836,1.8435125350952148
0.005,5.0,0.0,0.0,0.82,-13.02348518371582,720.6161499023438,1.9167406558990479,4.532389163970947,-720.813232421875,0.014089720323681831,1.8762496709823608
0.005,5.0,0.0004722222222222211,0.4722222222222211,0.82,-12.250936508178711,713.2105712890625,2.8609347343444824,4.969888210296631,-716.5784912109375,0.013619858771562576,1.889169454574585
0.005,5.0,0.0009444444444444422,0.9444444444444422,0.82,-10.6030912399292,697.2051391601562,3.902869462966919,5.408259868621826,-710.8349609375,0.013184829615056515,1.8812437057495117
0.005,5.0,0.0014166666666666633,1.4166666666666634,0.82,-8.04477596282959,673.3323974609375,5.092314720153809,5.891261577606201,-703.4561157226562,0.0128246508538723,1.8526331186294556
0.005,5.0,0.0018888888888888844,1.8888888888888844,0.82,-4.507408618927002,642.497314453125,6.4766645431518555,6.4810051918029785,-694.8330688476562,0.012590520083904266,1.8046096563339233
0.005,5.0,0.0023611111111111124,2.3611111111111125,0.82,0.09028563648462296,605.757568359375,8.092522621154785,7.260303974151611,-686.1329956054688,0.01254701241850853,1.7394407987594604
0.005,5.0,0.0028333333333333335,2.8333333333333335,0.82,5.8058695793151855,564.4061279296875,9.953105926513672,8.327798843383789,-679.5049438476562,0.012777700088918209,1.6602318286895752
0.005,5.0,0.0033055555555555546,3.3055555555555545,0.82,12.623336791992188,520.27880859375,12.0341215133667,9.784257888793945,-678.076171875,0.013395891524851322,1.5707591772079468
0.005,5.0,0.0037777777777777757,3.777777777777776,0.82,20.408926010131836,476.50921630859375,14.260428428649902,11.713462829589844,-685.5582275390625,0.01455338392406702,1.475523829460144
0.005,5.0,0.004249999999999997,4.2499999999999964,0.82,28.910329818725586,438.9151611328125,16.496036529541016,14.168449401855469,-705.3969116210938,0.016417279839515686,1.3803433179855347
0.005,5.0,0.004722222222222218,4.722222222222218,0.82,37.8337516784668,417.78778076171875,18.549854278564453,17.17411994934082,-739.7713623046875,0.019046299159526825,1.2934602499008179
0.005,5.0,0.005194444444444446,5.194444444444446,0.82,46.983665466308594,428.79241943359375,20.23140525817871,20.7449893951416,-789.1751708984375,0.02211173251271248,1.226280927658081
0.005,5.0,0.005666666666666667,5.666666666666667,0.82,56.39560317993164,489.83868408203125,21.48127555847168,24.893348693847656,-853.081298828125,0.02465219609439373,1.1927958726882935
0.005,5.0,0.006138888888888888,6.138888888888888,0.82,66.41510772705078,610.0213623046875,22.520437240600586,29.575714111328125,-930.5994873046875,0.02543165534734726,1.2082109451293945
0.005,5.0,0.006611111111111109,6.611111111111109,0.82,77.69139099121094,772.03369140625,23.877304077148438,34.52986145019531,-1017.2081909179688,0.023995231837034225,1.2864898443222046
0.005,5.0,0.00708333333333333,7.08333333333333,0.82,90.89437103271484,927.5639038085938,26.179372787475586,39.077701568603516,-1094.57666015625,0.021107815206050873,1.4330463409423828
0.005,5.0,0.0075555555555555515,7.555555555555552,0.82,105.84929656982422,1031.481201171875,29.76698112487793,42.18695831298828,-1125.3033447265625,0.017749181017279625,1.6342662572860718
0.005,5.0,0.00802777777777778,8.02777777777778,0.82,120.41162872314453,1082.7578125,34.35762405395508,42.99625778198242,-1074.3072509765625,0.014129029586911201,1.8564352989196777
0.005,5.0,0.0085,8.5,0.82,130.47694396972656,1113.374267578125,38.97811508178711,41.3524169921875,-943.7476196289062,0.010132146067917347,2.0577306747436523
0.005,5.0,0.008972222222222222,8.972222222222221,0.82,131.79385375976562,1147.956298828125,42.20716094970703,37.717376708984375,-781.0137939453125,0.006317146588116884,2.2022109031677246
0.005,5.0,0.009444444444444443,9.444444444444443,0.82,122.53154754638672,1179.0537109375,42.606101989746094,32.80693054199219,-649.9911499023438,0.0035664737224578857,2.2706618309020996
0.005,5.0,0.009916666666666664,9.916666666666664,0.82,105.15316772460938,1167.4608154296875,39.585941314697266,27.431203842163086,-582.800537109375,0.0020692143589258194,2.266186237335205
0.005,5.0,0.010388888888888885,10.388888888888886,0.82,85.13835144042969,1080.7744140625,34.25585174560547,22.216514587402344,-562.02001953125,0.001426049042493105,2.2066328525543213
0.005,5.0,0.010861111111111113,10.861111111111112,0.82,67.13765716552734,927.7953491210938,28.571352005004883,17.52406120300293,-556.7269287109375,0.0012198836775496602,2.123237371444702
0.005,5.0,0.011333333333333334,11.333333333333334,0.82,54.03137969970703,750.4715576171875,24.250404357910156,13.66447925567627,-547.619140625,0.001218323246575892,2.0518555641174316
0.005,5.0,0.011805555555555555,11.805555555555555,0.82,46.23137283325195,601.163818359375,21.921890258789062,10.824702262878418,-532.6008911132812,0.001315321889705956,2.004350185394287
0.005,5.0,0.012277777777777776,12.277777777777777,0.82,41.658424377441406,509.7153015136719,20.957956314086914,8.866427421569824,-518.6199340820312,0.0014672011602669954,1.976712942123413
0.005,5.0,0.012749999999999997,12.749999999999998,0.82,38.11637878417969,481.013916015625,20.485891342163086,7.519713878631592,-510.87921142578125,0.0016558857169002295,1.9648308753967285
0.005,5.0,0.013222222222222219,13.222222222222218,0.82,34.40211868286133,507.06353759765625,19.935176849365234,6.558545112609863,-511.2716064453125,0.0018651456339284778,1.9644368886947632
0.005,5.0,0.013694444444444447,13.694444444444446,0.82,30.131196975708008,574.15185546875,19.03341293334961,5.821544647216797,-519.582275390625,0.002074054442346096,1.9694277048110962
0.005,5.0,0.014166666666666668,14.166666666666668,0.82,25.407697677612305,666.9249267578125,17.723033905029297,5.198244094848633,-534.2506713867188,0.0022597392089664936,1.9730969667434692
0.005,5.0,0.014638888888888889,14.63888888888889,0.82,20.57036781311035,770.8839111328125,16.08355712890625,4.620359420776367,-552.883544921875,0.0024026120081543922,1.9703179597854614
0.005,5.0,0.01511111111111111,15.11111111111111,0.82,16.016050338745117,873.6629638671875,14.26073932647705,4.0541276931762695,-572.792724609375,0.0024904089514166117,1.9586988687515259
0.005,5.0,0.015583333333333331,15.58333333333333,0.82,12.077839851379395,965.853515625,12.40719223022461,3.4883522987365723,-591.5942993164062,0.0025201314128935337,1.9384775161743164
0.005,5.0,0.016055555555555552,16.055555555555554,0.82,8.94590950012207,1041.781005859375,10.641815185546875,2.921323299407959,-607.7001953125,0.002498455112800002,1.9117239713668823
0.005,5.0,0.01652777777777778,16.52777777777778,0.82,6.644219875335693,1099.72802734375,9.03444766998291,2.3530170917510986,-620.4801025390625,0.0024401734117418528,1.8812626600265503
0.005,5.0,0.017,17.0,0.82,5.069468975067139,1141.015380859375,7.613473892211914,1.7846286296844482,-630.0421752929688,0.002364170039072633,1.8496160507202148
0.005,5.0,0.017472222222222222,17.47222222222222,0.82,4.060739040374756,1168.402099609375,6.382333755493164,1.2213152647018433,-636.8446655273438,0.0022884670179337263,1.8183536529541016
0.005,5.0,0.017944444444444443,17.944444444444443,0.82,3.456352710723877,1184.821044921875,5.332583427429199,0.6737370491027832,-641.41552734375,0.0022268719039857388,1.7880765199661255
0.005,5.0,0.018416666666666665,18.416666666666664,0.82,3.12198805809021,1192.8392333984375,4.450283527374268,0.15712448954582214,-644.24951171875,0.002187994308769703,1.7588396072387695
0.005,5.0,0.018888888888888886,18.888888888888886,0.82,2.9577877521514893,1194.58251953125,3.718506336212158,-0.31155094504356384,-645.8095092773438,0.0021758698858320713,1.7306208610534668
0.005,5.0,0.019361111111111107,19.361111111111107,0.82,2.8956925868988037,1191.794677734375,3.118579864501953,-0.7170243859291077,-646.535888671875,0.0021911354269832373,1.7035926580429077
0.005,5.0,0.019833333333333335,19.833333333333336,0.82,2.893244981765747,1185.8948974609375,2.6311721801757812,-1.0486934185028076,-646.83447265625,0.002232208149507642,1.678166389465332
0.005,5.0,0.020305555555555556,20.305555555555557,0.82,2.9267959594726562,1178.01025390625,2.237298011779785,-1.302261233329773,-647.0419311523438,0.0022961630020290613,1.6548959016799927
0.005,5.0,0.020777777777777777,20.77777777777778,0.82,2.9852802753448486,1168.9970703125,1.9193195104599,-1.4798879623413086,-647.3937377929688,0.002379322424530983,1.6343334913253784
0.005,5.0,0.021249999999999998,21.249999999999996,0.82,3.065223455429077,1159.4637451171875,1.6617999076843262,-1.5890105962753296,-648.0050048828125,0.0024776230566203594,1.6169183254241943
0.005,5.0,0.02172222222222222,21.722222222222218,0.82,3.1669156551361084,1149.8004150390625,1.4522111415863037,-1.6403789520263672,-648.8734741210938,0.002586832270026207,1.6029140949249268
0.005,5.0,0.02219444444444444,22.19444444444444,0.82,3.291712999343872,1140.2215576171875,1.2812961339950562,-1.6459903717041016,-649.9010009765625,0.002702648751437664,1.5924075841903687
0.005,5.0,0.02266666666666666,22.66666666666666,0.82,3.4402432441711426,1130.81689453125,1.143181562423706,-1.6175165176391602,-650.92822265625,0.0028207942377775908,1.5853418111801147
0.005,5.0,0.023138888888888882,23.138888888888882,0.82,3.6111931800842285,1121.607666015625,1.035096526145935,-1.5655475854873657,-651.7785034179688,0.0029371152631938457,1.5815634727478027
0.005,5.0,0.023611111111111104,23.611111111111104,0.82,3.800858497619629,1112.593505859375,0.9567882418632507,-1.4996312856674194,-652.3012084960938,0.0030477752443403006,1.5808625221252441
0.005,5.0,0.02408333333333334,24.08333333333334,0.82,4.002795696258545,1103.785888671875,0.9097007513046265,-1.4288204908370972,-652.408935546875,0.003149538766592741,1.5829849243164062
0.005,5.0,0.02455555555555556,24.55555555555556,0.82,4.208009243011475,1095.219482421875,0.8959386348724365,-1.3621224164962769,-652.0970458984375,0.0032401690259575844,1.5876115560531616
0.005,5.0,0.02502777777777778,25.027777777777782,0.82,4.4053215980529785,1086.95263671875,0.917168378829956,-1.3084795475006104,-651.4395141601562,0.003318720031529665,1.594317078590393
0.005,5.0,0.025500000000000002,25.500000000000004,0.82,4.582511901855469,1079.0628662109375,0.973616898059845,-1.276107668876648,-650.557373046875,0.0033856912050396204,1.6025153398513794
0.005,5.0,0.025972222222222223,25.97222222222222,0.82,4.728155136108398,1071.656494140625,1.063246250152588,-1.2714712619781494,-649.5708618164062,0.00344290304929018,1.6114307641983032
0.005,5.0,0.026444444444444444,26.444444444444443,0.82,4.833842754364014,1064.882080078125,1.181402564048767,-1.29840886592865,-648.5556030273438,0.0034931269474327564,1.6201086044311523
0.005,5.0,0.026916666666666665,26.916666666666664,0.82,4.8955979347229,1058.94189453125,1.320949912071228,-1.3576602935791016,-647.5244750976562,0.0035396728198975325,1.6274800300598145
0.005,5.0,0.027388888888888886,27.388888888888886,0.82,4.913572788238525,1054.072265625,1.472945213317871,-1.4467449188232422,-646.4412841796875,0.003585878759622574,1.6324899196624756
0.005,5.0,0.027861111111111107,27.861111111111107,0.82,4.889685153961182,1050.4892578125,1.627497911453247,-1.5596826076507568,-645.2481689453125,0.0036345093976706266,1.6342639923095703
0.005,5.0,0.02833333333333333,28.33333333333333,0.82,4.824487686157227,1048.311767578125,1.7747082710266113,-1.6866093873977661,-643.8848266601562,0.0036872336640954018,1.6322815418243408
0.005,5.0,0.02880555555555555,28.80555555555555,0.82,4.715351581573486,1047.49951171875,1.9055753946304321,-1.813813328742981,-642.2887573242188,0.003744295798242092,1.6264724731445312
0.005,5.0,0.02927777777777777,29.27777777777777,0.82,4.557333946228027,1047.836669921875,2.012906312942505,-1.9250004291534424,-640.3897705078125,0.003804802428930998,1.617195963859558
0.005,5.0,0.029750000000000006,29.750000000000007,0.82,4.346713066101074,1048.9815673828125,2.092097520828247,-2.003610134124756,-638.1168212890625,0.0038674739189445972,1.6051051616668701
0.005,5.0,0.030222222222222227,30.222222222222225,0.82,4.085169792175293,1050.55908203125,2.1415061950683594,-2.035810947418213,-635.4257202148438,0.003931707236915827,1.5909630060195923
0.005,5.0,0.030694444444444448,30.694444444444446,0.82,3.7824933528900146,1052.2681884765625,2.162163496017456,-2.0130615234375,-632.3331298828125,0.003998249303549528,1.575501561164856
0.005,5.0,0.03116666666666667,31.166666666666668,0.82,3.456239938735962,1053.9647216796875,2.1567327976226807,-1.9334509372711182,-628.94140625,0.004069300834089518,1.559367299079895
0.005,5.0,0.03163888888888889,31.63888888888889,0.82,3.1291372776031494,1055.6923828125,2.1283764839172363,-1.8015929460525513,-625.4383544921875,0.004147795494645834,1.5431493520736694
0.005,5.0,0.03211111111111111,32.111111111111114,0.82,2.825495481491089,1057.662841796875,2.0798470973968506,-1.62714684009552,-622.0765991210938,0.004236181732267141,1.5274462699890137
0.005,5.0,0.03258333333333333,32.583333333333336,0.82,2.5685043334960938,1060.1904296875,2.0132923126220703,-1.4227839708328247,-619.134765625,0.004334975965321064,1.512924313545227
0.005,5.0,0.03305555555555555,33.05555555555555,0.82,2.378500461578369,1063.607421875,1.9305840730667114,-1.2021666765213013,-616.8761596679688,0.00444156676530838,1.5003312826156616
0.005,5.0,0.033527777777777774,33.52777777777777,0.82,2.271721601486206,1068.1705322265625,1.8338743448257446,-0.9783878922462463,-615.5094604492188,0.004549627657979727,1.4904589653015137
0.005,5.0,0.033999999999999996,33.99999999999999,0.82,2.2586991786956787,1073.969482421875,1.7261518239974976,-0.7627677321434021,-615.1600952148438,0.004649453330785036,1.4840515851974487
0.005,5.0,0.03447222222222222,34.472222222222214,0.82,2.342031717300415,1080.84912109375,1.611693263053894,-0.5639327764511108,-615.8544311523438,0.0047294143587350845,1.4816838502883911
0.005,5.0,0.03494444444444444,34.944444444444436,0.82,2.5142135620117188,1088.369140625,1.4963834285736084,-0.3868367373943329,-617.5198974609375,0.004778217989951372,1.4836409091949463
0.005,5.0,0.03541666666666667,35.41666666666667,0.82,2.75681471824646,1095.8153076171875,1.3879777193069458,-0.2320549041032791,-619.9971313476562,0.004787372890859842,1.489835262298584
0.005,5.0,0.035888888888888894,35.88888888888889,0.82,3.0421793460845947,1102.291748046875,1.2960789203643799,-0.09555906057357788,-623.0648193359375,0.004752898123115301,1.4997875690460205
0.005,5.0,0.036361111111111115,36.361111111111114,0.82,3.337801456451416,1106.869384765625,1.2316886186599731,0.030526844784617424,-626.470947265625,0.004675662145018578,1.5126802921295166
0.005,5.0,0.036833333333333336,36.833333333333336,0.82,3.6125617027282715,1108.760009765625,1.2060059309005737,0.15615971386432648,-629.9649047851562,0.004560508299618959,1.5274684429168701
0.005,5.0,0.03730555555555556,37.30555555555556,0.82,3.8431949615478516,1107.4560546875,1.2283296585083008,0.29090240597724915,-633.3195190429688,0.004414782393723726,1.5430055856704712
0.005,5.0,0.03777777777777778,37.77777777777778,0.82,4.019311428070068,1102.79296875,1.3030983209609985,0.44121935963630676,-636.3369750976562,0.004246997181326151,1.5581516027450562
0.005,5.0,0.03825,38.25,0.82,4.145285606384277,1094.9151611328125,1.4265860319137573,0.6081888675689697,-638.8331298828125,0.004066011868417263,1.5718333721160889
0.005,5.0,0.03872222222222222,38.72222222222222,0.82,4.237398624420166,1084.1435546875,1.584089994430542,0.7861576676368713,-640.60791015625,0.0038807711098343134,1.583060622215271
0.005,5.0,0.03919444444444444,39.19444444444444,0.82,4.31537389755249,1070.7681884765625,1.7485918998718262,0.9624884724617004,-641.4144287109375,0.0037004491314291954,1.590911865234375
0.005,5.0,0.03966666666666666,39.666666666666664,0.82,4.388137340545654,1054.7841796875,1.8816449642181396,1.118530035018921,-640.9423828125,0.0035350173711776733,1.5945065021514893
0.005,5.0,0.040138888888888884,40.138888888888886,0.82,4.436097621917725,1035.61181640625,1.9361639022827148,1.2310906648635864,-638.8382568359375,0.0033962188754230738,1.5930019617080688
0.005,5.0,0.040611111111111105,40.61111111111111,0.82,4.393258571624756,1011.8353271484375,1.8599319458007812,1.2733861207962036,-634.7673950195312,0.0032992344349622726,1.585636854171753
0.005,5.0,0.04108333333333334,41.08333333333334,0.82,4.132143020629883,980.9921875,1.598418951034546,1.21405029296875,-628.5327758789062,0.0032657645642757416,1.571872353553772
0.005,5.0,0.04155555555555556,41.555555555555564,0.82,3.4528920650482178,939.4682006835938,1.096225619316101,1.0132479667663574,-620.2747192382812,0.003330152714625001,1.5516259670257568
0.005,5.0,0.04202777777777778,42.02777777777778,0.82,2.080239772796631,882.6570434570312,0.2980472445487976,0.6163274049758911,-610.790771484375,0.003551870584487915,1.52557373046875
0.005,5.0,0.0425,42.5,0.82,-0.3179206848144531,805.7702026367188,-0.8493767380714417,-0.05075199529528618,-601.9577026367188,0.0040402705781161785,1.4954257011413574
0.01,10.0,-0.0425,-42.5,0.82,4.142790794372559,891.8463134765625,-5.810910224914551,-0.73028564453125,-656.1466064453125,0.022412138059735298,1.0869174003601074
0.01,10.0,-0.04202777777777778,-42.02777777777778,0.82,10.223215103149414,1054.8348388671875,-3.733872890472412,-0.15658113360404968,-616.913818359375,0.007440375629812479,1.3464370965957642
0.01,10.0,-0.04155555555555556,-41.555555555555564,0.82,11.093082427978516,1103.434814453125,-2.405359983444214,-0.23052051663398743,-603.2052612304688,0.004052432719618082,1.5444025993347168
0.01,10.0,-0.04108333333333333,-41.083333333333336,0.82,10.373222351074219,1121.296142578125,-1.6745762825012207,-0.4536573886871338,-600.9857177734375,0.002848308999091387,1.6839101314544678
0.01,10.0,-0.04061111111111111,-40.611111111111114,0.82,9.373455047607422,1133.585205078125,-1.3618637323379517,-0.64548259973526,-603.1318359375,0.0022761584259569645,1.7802304029464722
0.01,10.0,-0.04013888888888889,-40.13888888888889,0.82,8.469457626342773,1144.8958740234375,-1.2895749807357788,-0.7652544975280762,-607.2855834960938,0.001951197860762477,1.8448059558868408
0.01,10.0,-0.03966666666666667,-39.66666666666667,0.82,7.753628253936768,1154.8082275390625,-1.335269808769226,-0.8196091651916504,-612.7816772460938,0.0017469105077907443,1.8853673934936523
0.01,10.0,-0.03919444444444445,-39.19444444444445,0.82,7.232363700866699,1162.3936767578125,-1.426126480102539,-0.8259319067001343,-619.2669067382812,0.0016123626846820116,1.907578945159912
0.01,10.0,-0.03872222222222223,-38.72222222222223,0.82,6.880801200866699,1167.252685546875,-1.5215163230895996,-0.8009198307991028,-626.3468627929688,0.0015237623592838645,1.9159932136535645
0.01,10.0,-0.038250000000000006,-38.25000000000001,0.82,6.660274982452393,1169.5673828125,-1.6011964082717896,-0.7582853436470032,-633.603271484375,0.0014688253868371248,1.914416790008545
0.01,10.0,-0.03777777777777778,-37.77777777777778,0.82,6.526999473571777,1169.876220703125,-1.6588304042816162,-0.7086964249610901,-640.6736450195312,0.0014408226124942303,1.9059727191925049
0.01,10.0,-0.03730555555555556,-37.30555555555556,0.82,6.4389872550964355,1168.8052978515625,-1.6975538730621338,-0.6600260138511658,-647.298583984375,0.001435891492292285,1.893083930015564
0.01,10.0,-0.036833333333333336,-36.833333333333336,0.82,6.362534999847412,1166.8687744140625,-1.7255443334579468,-0.6175987124443054,-653.329345703125,0.0014516356168314815,1.8774890899658203
0.01,10.0,-0.036361111111111115,-36.361111111111114,0.82,6.276813507080078,1164.382568359375,-1.75148344039917,-0.5846030712127686,-658.7109375,0.0014863185351714492,1.8603452444076538
0.01,10.0,-0.035888888888888894,-35.88888888888889,0.82,6.175395488739014,1161.484375,-1.7807260751724243,-0.5625180602073669,-663.4557495117188,0.0015383773716166615,1.8423914909362793
0.01,10.0,-0.035416666666666666,-35.416666666666664,0.82,6.064350128173828,1158.216064453125,-1.8132543563842773,-0.5513482689857483,-667.616943359375,0.0016061263158917427,1.8241366147994995
0.01,10.0,-0.034944444444444445,-34.94444444444444,0.82,5.958216190338135,1154.61669921875,-1.8438349962234497,-0.5495637655258179,-671.26171875,0.001687544398009777,1.8060108423233032
0.01,10.0,-0.034472222222222224,-34.47222222222222,0.82,5.875266075134277,1150.785888671875,-1.863949179649353,-0.5540647506713867,-674.4481811523438,0.0017801147187128663,1.7884646654129028
0.01,10.0,-0.034,-34.0,0.82,5.833315849304199,1146.906982421875,-1.864750862121582,-0.5603982210159302,-677.2054443359375,0.001880657859146595,1.772005319595337
0.01,10.0,-0.03352777777777778,-33.52777777777778,0.82,5.846883773803711,1143.2218017578125,-1.8399159908294678,-0.5634715557098389,-679.5252075195312,0.0019852411933243275,1.7571656703948975
0.01,10.0,-0.03305555555555556,-33.05555555555556,0.82,5.925467491149902,1139.9871826171875,-1.787798523902893,-0.558692216873169,-681.3643798828125,0.0020891567692160606,1.7444500923156738
0.01,10.0,-0.03258333333333334,-32.583333333333336,0.82,6.07285737991333,1137.423095703125,-1.7122215032577515,-0.5432263612747192,-682.6595458984375,0.002187067177146673,1.7342710494995117
0.01,10.0,-0.03211111111111112,-32.11111111111112,0.82,6.287139892578125,1135.675048828125,-1.6219767332077026,-0.5170016884803772,-683.349853515625,0.0022732948418706656,1.7269091606140137
0.01,10.0,-0.03163888888888889,-31.63888888888889,0.82,6.561053276062012,1134.795654296875,-1.5293304920196533,-0.4830033779144287,-683.3997192382812,0.0023422555532306433,1.7225062847137451
0.01,10.0,-0.03116666666666667,-31.166666666666668,0.82,6.882840156555176,1134.745361328125,-1.4480652809143066,-0.44690391421318054,-682.8152465820312,0.0023889513686299324,1.7210907936096191
0.01,10.0,-0.030694444444444448,-30.694444444444446,0.82,7.237252235412598,1135.406982421875,-1.391647219657898,-0.4160805344581604,-681.6484375,0.0024094870314002037,1.7226108312606812
0.01,10.0,-0.030222222222222227,-30.222222222222225,0.82,7.607053756713867,1136.610595703125,-1.3717576265335083,-0.39838364720344543,-679.9901733398438,0.0024015135131776333,1.726972222328186
0.01,10.0,-0.029750000000000002,-29.750000000000004,0.82,7.9747233390808105,1138.163330078125,-1.3973535299301147,-0.4009934663772583,-677.9529418945312,0.002364550717175007,1.734060525894165
0.01,10.0,-0.02927777777777778,-29.277777777777782,0.82,8.324206352233887,1139.8839111328125,-1.4739941358566284,-0.42953047156333923,-675.6502685546875,0.00230014743283391,1.743753433227539
0.01,10.0,-0.028805555555555556,-28.805555555555557,0.82,8.642407417297363,1141.6351318359375,-1.6034793853759766,-0.48753881454467773,-673.1787109375,0.002211811486631632,1.755907416343689
0.01,10.0,-0.028333333333333335,-28.333333333333336,0.82,8.920269966125488,1143.3447265625,-1.7835938930511475,-0.5762762427330017,-670.60888671875,0.0021046868059784174,1.7703282833099365
0.01,10.0,-0.027861111111111114,-27.861111111111114,0.82,9.153007507324219,1145.01904296875,-2.0082454681396484,-0.6947773694992065,-667.98681640625,0.001984972506761551,1.7867295742034912
0.01,10.0,-0.027388888888888893,-27.388888888888893,0.82,9.33967113494873,1146.743408203125,-2.268009662628174,-0.8401654362678528,-665.34619140625,0.0018591805128380656,1.8046901226043701
0.01,10.0,-0.02691666666666667,-26.916666666666668,0.82,9.482085227966309,1148.67529296875,-2.551286458969116,-1.008081078529358,-662.7274780273438,0.001733377343043685,1.8236312866210938
0.01,10.0,-0.026444444444444448,-26.444444444444446,0.82,9.583454132080078,1151.0218505859375,-2.845937490463257,-1.193243145942688,-660.194091796875,0.0016125717666000128,1.8428263664245605
0.01,10.0,-0.025972222222222226,-25.972222222222225,0.82,9.647271156311035,1154.002685546875,-3.141096591949463,-1.3899023532867432,-657.8397216796875,0.0015003629960119724,1.861441731452942
0.01,10.0,-0.025500000000000002,-25.500000000000004,0.82,9.676794052124023,1157.7916259765625,-3.4288017749786377,-1.5921138525009155,-655.7783203125,0.0013988998252898455,1.8785914182662964
0.01,10.0,-0.02502777777777778,-25.027777777777782,0.82,9.675642013549805,1162.44384765625,-3.705108880996704,-1.7939205169677734,-654.1218872070312,0.001309063984081149,1.89339280128479
0.01,10.0,-0.02455555555555556,-24.55555555555556,0.82,9.649312973022461,1167.826171875,-3.970458507537842,-1.989434838294983,-652.9502563476562,0.0012308155419304967,1.9049947261810303
0.01,10.0,-0.024083333333333335,-24.083333333333336,0.82,9.607096672058105,1173.5628662109375,-4.229593753814697,-2.173053503036499,-652.2882080078125,0.001163582201115787,1.9125864505767822
0.01,10.0,-0.023611111111111114,-23.611111111111114,0.82,9.563905715942383,1179.01806640625,-4.491130828857422,-2.339841842651367,-652.0953369140625,0.0011066115694120526,1.915390133857727
0.01,10.0,-0.023138888888888893,-23.138888888888893,0.82,9.541462898254395,1183.3092041015625,-4.767227649688721,-2.4860763549804688,-652.2725219726562,0.0010592311155050993,1.912663221359253
0.01,10.0,-0.02266666666666667,-22.666666666666668,0.82,9.568568229675293,1185.3563232421875,-5.073488712310791,-2.609875202178955,-652.68017578125,0.0010210073087364435,1.9037173986434937
0.01,10.0,-0.022194444444444447,-22.194444444444446,0.82,9.681120872497559,1183.947998046875,-5.429193019866943,-2.711897611618042,-653.1589965820312,0.0009918030118569732,1.8879680633544922
0.01,10.0,-0.021722222222222226,-21.722222222222225,0.82,9.921976089477539,1177.823486328125,-5.857857704162598,-2.7960753440856934,-653.55126953125,0.0009717760258354247,1.8650087118148804
0.01,10.0,-0.02125,-21.25,0.82,10.341056823730469,1165.7705078125,-6.388009548187256,-2.8703348636627197,-653.7150268554688,0.0009613475413061678,1.8347034454345703
0.01,10.0,-0.02077777777777778,-20.777777777777782,0.82,10.995291709899902,1146.752685546875,-7.05372953414917,-2.9471516609191895,-653.5338745117188,0.0009611661080271006,1.7972872257232666
0.01,10.0,-0.02030555555555556,-20.30555555555556,0.82,11.947080612182617,1120.0849609375,-7.89434289932251,-3.0433735847473145,-652.9265747070312,0.0009720984380692244,1.7534620761871338
0.01,10.0,-0.019833333333333335,-19.833333333333336,0.82,13.259568214416504,1085.6806640625,-8.951810836791992,-3.178403615951538,-651.8651123046875,0.000995222246274352,1.704483985900879
0.01,10.0,-0.019361111111111114,-19.361111111111114,0.82,14.986903190612793,1044.34912109375,-10.26418685913086,-3.369799852371216,-650.4100952148438,0.0010317787528038025,1.6522235870361328
0.01,10.0,-0.018888888888888893,-18.888888888888893,0.82,17.159936904907227,998.0635375976562,-11.854413032531738,-3.626103401184082,-648.7686767578125,0.0010829765815287828,1.5991624593734741
0.01,10.0,-0.018416666666666668,-18.416666666666668,0.82,19.771860122680664,950.0409545898438,-13.7166748046875,-3.938960552215576,-647.3584594726562,0.0011495347134768963,1.548272728919983
0.01,10.0,-0.017944444444444447,-17.944444444444446,0.82,22.773372650146484,904.4710693359375,-15.806171417236328,-4.279011249542236,-646.8395385742188,0.0012310354504734278,1.502701997756958
0.01,10.0,-0.017472222222222226,-17.472222222222225,0.82,26.085914611816406,865.9112548828125,-18.0396785736084,-4.599518775939941,-648.0667114257812,0.0013253685319796205,1.4652804136276245
0.01,10.0,-0.017,-17.0,0.82,29.632999420166016,838.6032104492188,-20.309764862060547,-4.847221374511719,-651.9464111328125,0.0014288745587691665,1.4380043745040894
0.01,10.0,-0.01652777777777778,-16.52777777777778,0.82,33.379703521728516,826.068359375,-22.509471893310547,-4.975054740905762,-659.2520141601562,0.0015374892391264439,1.421751618385315
0.01,10.0,-0.01605555555555556,-16.05555555555556,0.82,37.3695182800293,831.147705078125,-24.55901527404785,-4.951651573181152,-670.4916381835938,0.0016483080107718706,1.4165118932724
0.01,10.0,-0.015583333333333334,-15.583333333333334,0.82,41.75262451171875,856.2315673828125,-26.425155639648438,-4.767507076263428,-685.8541870117188,0.0017599848797544837,1.4221885204315186
0.01,10.0,-0.015111111111111113,-15.111111111111112,0.82,46.79341125488281,903.0357666015625,-28.125947952270508,-4.440465450286865,-705.15625,0.0018707402050495148,1.4396934509277344
0.01,10.0,-0.014638888888888892,-14.638888888888893,0.82,52.81528091430664,971.186279296875,-29.718706130981445,-4.021331310272217,-727.697509765625,0.0019752229563891888,1.4715888500213623
0.01,10.0,-0.014166666666666668,-14.166666666666668,0.82,60.01774597167969,1055.629638671875,-31.27574348449707,-3.595482110977173,-752.1158447265625,0.0020654809195548296,1.5212733745574951
0.01,10.0,-0.013694444444444447,-13.694444444444446,0.82,68.18980407714844,1144.790771484375,-32.857566833496094,-3.278615713119507,-776.3737182617188,0.00214043608866632,1.5903711318969727
0.01,10.0,-0.013222222222222225,-13.222222222222225,0.82,76.57766723632812,1222.8055419921875,-34.49071502685547,-3.2100207805633545,-797.7037963867188,0.002216850873082876,1.6756832599639893
0.01,10.0,-0.012750000000000001,-12.750000000000002,0.82,84.19749450683594,1276.59326171875,-36.15100860595703,-3.5364367961883545,-812.5453491210938,0.0023272258695214987,1.7678945064544678
0.01,10.0,-0.01227777777777778,-12.27777777777778,0.82,90.40611267089844,1302.90185546875,-37.75515365600586,-4.366508960723877,-817.25146484375,0.0025050851982086897,1.8528639078140259
0.01,10.0,-0.011805555555555559,-11.805555555555559,0.82,95.1744384765625,1309.4219970703125,-39.168190002441406,-5.700155735015869,-809.778564453125,0.0027710802387446165,1.9146171808242798
0.01,10.0,-0.011333333333333334,-11.333333333333334,0.82,98.84228515625,1309.595458984375,-40.218326568603516,-7.380740165710449,-791.1455688476562,0.0031252119224518538,1.9389432668685913
0.01,10.0,-0.010861111111111113,-10.861111111111112,0.82,101.61674499511719,1314.8616943359375,-40.70085906982422,-9.115456581115723,-765.7700805664062,0.003543189261108637,1.9168453216552734
0.01,10.0,-0.010388888888888892,-10.388888888888893,0.82,103.16972351074219,1327.251953125,-40.37535095214844,-10.56270694732666,-740.9971313476562,0.0039791688323020935,1.8472850322723389
0.01,10.0,-0.00991666666666667,-9.916666666666671,0.82,102.57518768310547,1334.23046875,-38.98442077636719,-11.455699920654297,-725.8204345703125,0.004384012892842293,1.738747477531433
0.01,10.0,-0.00944444444444445,-9.44444444444445,0.82,98.76792907714844,1310.803466796875,-36.33149719238281,-11.725217819213867,-727.7749633789062,0.00474991649389267,1.6086320877075195
0.01,10.0,-0.008972222222222222,-8.972222222222221,0.82,91.49974060058594,1235.66357421875,-32.46469497680664,-11.528559684753418,-748.82421875,0.005160850007086992,1.4791184663772583
0.01,10.0,-0.0085,-8.5,0.82,81.97386169433594,1112.54248046875,-27.8548583984375,-11.082763671875,-783.6716918945312,0.005762265529483557,1.3704928159713745
0.01,10.0,-0.00802777777777778,-8.02777777777778,0.82,72.11161041259766,970.8365478515625,-23.23748016357422,-10.472865104675293,-821.87353515625,0.006622036453336477,1.2953641414642334
0.01,10.0,-0.007555555555555558,-7.555555555555558,0.82,63.17470169067383,843.7985229492188,-19.177581787109375,-9.701171875,-852.8722534179688,0.007630779407918453,1.2564363479614258
0.01,10.0,-0.007083333333333337,-7.0833333333333375,0.82,55.33734893798828,750.7280883789062,-15.838834762573242,-8.821022033691406,-870.6005859375,0.008583039045333862,1.2486919164657593
0.01,10.0,-0.006611111111111116,-6.611111111111116,0.82,48.20970153808594,695.1243896484375,-13.08995532989502,-7.929030895233154,-874.0750732421875,0.009351678192615509,1.263629674911499
0.01,10.0,-0.006138888888888888,-6.138888888888888,0.82,41.38804244995117,671.06201171875,-10.718719482421875,-7.092682838439941,-865.55712890625,0.009953461587429047,1.292608380317688
0.01,10.0,-0.005666666666666667,-5.666666666666667,0.82,34.66423797607422,669.9703369140625,-8.573454856872559,-6.323202610015869,-848.859375,0.010486763902008533,1.328683614730835
0.01,10.0,-0.005194444444444446,-5.194444444444446,0.82,28.010900497436523,684.8660278320312,-6.597889423370361,-5.592860221862793,-828.1680297851562,0.011052969843149185,1.3673222064971924
0.01,10.0,-0.004722222222222225,-4.722222222222225,0.82,21.49874496459961,711.625732421875,-4.800771236419678,-4.86542272567749,-807.12890625,0.011717022396624088,1.4063488245010376
0.01,10.0,-0.004250000000000004,-4.2500000000000036,0.82,15.22724437713623,748.2542724609375,-3.21294903755188,-4.118185997009277,-788.236083984375,0.0124985845759511,1.4453940391540527
0.01,10.0,-0.0037777777777777827,-3.7777777777777826,0.82,9.292067527770996,793.4713745117188,-1.859972596168518,-3.347982406616211,-772.6251831054688,0.013376577757298946,1.4851304292678833
0.01,10.0,-0.0033055555555555546,-3.3055555555555545,0.82,3.779973268508911,845.5272216796875,-0.7524451613426208,-2.5660805702209473,-760.2608032226562,0.01430035661906004,1.5265135765075684
0.01,10.0,-0.0028333333333333335,-2.8333333333333335,0.82,-1.2260029315948486,901.615478515625,0.11349038034677505,-1.7905958890914917,-750.3882446289062,0.015206065960228443,1.5701509714126587
0.01,10.0,-0.0023611111111111124,-2.3611111111111125,0.82,-5.644233226776123,957.9212036132812,0.752364993095398,-1.0402214527130127,-742.0333862304688,0.016034597530961037,1.6158722639083862
0.01,10.0,-0.0018888888888888913,-1.8888888888888913,0.82,-9.39887523651123,1010.1654663085938,1.1859097480773926,-0.3297714591026306,-734.36328125,0.016745107248425484,1.662550926208496
0.01,10.0,-0.0014166666666666702,-1.4166666666666703,0.82,-12.428019523620605,1054.3656005859375,1.4407963752746582,0.33276093006134033,-726.8441162109375,0.0173195693641901,1.708174705505371
0.01,10.0,-0.0009444444444444491,-0.9444444444444491,0.82,-14.689614295959473,1087.4927978515625,1.5476529598236084,0.9473951458930969,-719.2454223632812,0.017759747803211212,1.750100016593933
0.01,10.0,-0.0004722222222222211,-0.4722222222222211,0.82,-16.161476135253906,1107.795654296875,1.5411913394927979,1.5216648578643799,-711.57470703125,0.018081314861774445,1.7854056358337402
0.01,10.0,0.0,0.0,0.82,-16.835561752319336,1114.74853515625,1.4611296653747559,2.0694239139556885,-703.989990234375,0.018308723345398903,1.811248540878296
0.01,10.0,0.0004722222222222211,0.4722222222222211,0.82,-16.709129333496094,1108.7353515625,1.3534420728683472,2.6099767684936523,-696.7200927734375,0.018472636118531227,1.8251745700836182
0.01,10.0,0.0009444444444444422,0.9444444444444422,0.82,-15.77663803100586,1090.6373291015625,1.2713853120803833,3.1683454513549805,-690.014892578125,0.01860964111983776,1.8253505229949951
0.01,10.0,0.0014166666666666633,1.4166666666666634,0.82,-14.025557518005371,1061.49169921875,1.275498390197754,3.7770323753356934,-684.1453247070312,0.018763292580842972,1.8107450008392334
0.01,10.0,0.0018888888888888844,1.8888888888888844,0.82,-11.437543869018555,1022.328857421875,1.4316272735595703,4.478614330291748,-679.459228515625,0.018986010923981667,1.7812572717666626
0.01,10.0,0.0023611111111111124,2.3611111111111125,0.82,-7.995312690734863,974.2609252929688,1.8053261041641235,5.327294826507568,-676.4833984375,0.019340917468070984,1.7378054857254028
0.01,10.0,0.0028333333333333335,2.8333333333333335,0.82,-3.694385290145874,918.8373413085938,2.452148199081421,6.3863139152526855,-675.9960327148438,0.01990257389843464,1.6823443174362183
0.01,10.0,0.0033055555555555546,3.3055555555555545,0.82,1.4411697387695312,858.603515625,3.4054672718048096,7.718541622161865,-678.9937744140625,0.020755698904395103,1.6177623271942139
0.01,10.0,0.0037777777777777757,3.777777777777776,0.82,7.342311382293701,797.6480102539062,4.666676044464111,9.370330810546875,-686.51123046875,0.021991759538650513,1.5476280450820923
0.01,10.0,0.004249999999999997,4.2499999999999964,0.82,13.886293411254883,741.8236694335938,6.20334005355835,11.35326862335205,-699.4046020507812,0.023701000958681107,1.4759199619293213
0.01,10.0,0.004722222222222218,4.722222222222218,0.82,20.90815544128418,698.3770751953125,7.958507061004639,13.630195617675781,-718.2799682617188,0.025947729125618935,1.4070192575454712
0.01,10.0,0.005194444444444446,5.194444444444446,0.82,28.237499237060547,674.89404296875,9.870022773742676,16.109098434448242,-743.583740234375,0.028709588572382927,1.3459787368774414
0.01,10.0,0.005666666666666667,5.666666666666667,0.82,35.74586868286133,677.5938110351562,11.894241333007812,18.645946502685547,-775.6112670898438,0.03179280087351799,1.2985397577285767
0.01,10.0,0.006138888888888888,6.138888888888888,0.82,43.38127517700195,709.2778930664062,14.025738716125488,21.05560874938965,-814.1677856445312,0.03480326756834984,1.2704545259475708
0.01,10.0,0.006611111111111109,6.611111111111109,0.82,51.184852600097656,767.7466430664062,16.30634307861328,23.128145217895508,-857.7720336914062,0.03725166618824005,1.2664586305618286
0.01,10.0,0.00708333333333333,7.08333333333333,0.82,59.28667068481445,845.8048095703125,18.817218780517578,24.651840209960938,-902.5066528320312,0.038723576813936234,1.2894458770751953
0.01,10.0,0.0075555555555555515,7.555555555555552,0.82,67.83692169189453,933.4117431640625,21.643693923950195,25.454299926757812,-941.321533203125,0.03894778713583946,1.3398454189300537
0.01,10.0,0.00802777777777778,8.02777777777778,0.82,76.8392105102539,1021.2674560546875,24.812240600585938,25.464984893798828,-965.248779296875,0.03772031515836716,1.4151630401611328
0.01,10.0,0.0085,8.5,0.82,85.9643325805664,1103.8668212890625,28.229806900024414,24.766435623168945,-966.784912109375,0.0348401814699173,1.5100984573364258
0.01,10.0,0.008972222222222222,8.972222222222221,0.82,94.49666595458984,1180.099609375,31.669639587402344,23.582401275634766,-943.3436279296875,0.030240384861826897,1.6176047325134277
0.01,10.0,0.009444444444444443,9.444444444444443,0.82,101.47346496582031,1251.2264404296875,34.81398010253906,22.188461303710938,-898.4078369140625,0.024286890402436256,1.730506181716919
0.01,10.0,0.009916666666666664,9.916666666666664,0.82,105.93788146972656,1317.7296142578125,37.322086334228516,20.79486083984375,-840.1227416992188,0.017905600368976593,1.8428982496261597
0.01,10.0,0.010388888888888885,10.388888888888886,0.82,107.20325469970703,1376.602783203125,38.8981819152832,19.471717834472656,-778.4349365234375,0.012226950377225876,1.950816035270691
0.01,10.0,0.010861111111111113,10.861111111111112,0.82,105.07416534423828,1420.227294921875,39.36748123168945,18.15738296508789,-721.6268920898438,0.007980852387845516,2.0519163608551025
0.01,10.0,0.011333333333333334,11.333333333333334,0.82,99.96785736083984,1438.3094482421875,38.76174545288086,16.743772506713867,-673.5989990234375,0.005234156735241413,2.1439430713653564
0.01,10.0,0.011805555555555555,11.805555555555555,0.82,92.82987976074219,1423.4127197265625,37.34946060180664,15.186055183410645,-634.3643798828125,0.00363164278678596,2.2225561141967773
0.01,10.0,0.012277777777777776,12.277777777777777,0.82,84.80963134765625,1376.24365234375,35.534767150878906,13.56063461303711,-603.3147583007812,0.002755931578576565,2.2811026573181152
0.01,10.0,0.012749999999999997,12.749999999999998,0.82,76.86862182617188,1305.13916015625,33.68669509887695,12.021212577819824,-580.6812744140625,0.0023038191720843315,2.3137829303741455
0.01,10.0,0.013222222222222219,13.222222222222218,0.82,69.57257843017578,1221.00927734375,32.037288665771484,10.693145751953125,-566.2567749023438,0.002095897914841771,2.3187997341156006
0.01,10.0,0.013694444444444447,13.694444444444446,0.82,63.12123489379883,1133.3199462890625,30.674551010131836,9.6123685836792,-558.7769165039062,0.0020320937037467957,2.2985358238220215
0.01,10.0,0.014166666666666668,14.166666666666668,0.82,57.47565460205078,1048.986083984375,29.57915496826172,8.745429039001465,-556.7432861328125,0.0020540240220725536,2.2580130100250244
0.01,10.0,0.014638888888888889,14.63888888888889,0.82,52.47093963623047,972.8109130859375,28.665752410888672,8.037771224975586,-559.1870727539062,0.002124629681929946,2.2034475803375244
0.01,10.0,0.01511111111111111,15.11111111111111,0.82,47.898292541503906,908.2756958007812,27.81488800048828,7.442265033721924,-565.7616577148438,0.0022183358669281006,2.1412510871887207
0.01,10.0,0.015583333333333331,15.58333333333333,0.82,43.572227478027344,858.1409301757812,26.901077270507812,6.923367977142334,-576.4221801757812,0.0023154818918555975,2.07728910446167
0.01,10.0,0.016055555555555552,16.055555555555554,0.82,39.380558013916016,824.6044921875,25.81983757019043,6.451617240905762,-590.9866943359375,0.0023991812486201525,2.016361951828003
0.01,10.0,0.01652777777777778,16.52777777777778,0.82,35.30243682861328,809.0894775390625,24.507173538208008,5.999364852905273,-608.7891235351562,0.00245498213917017,1.9620046615600586
0.01,10.0,0.017,17.0,0.82,31.392080307006836,811.9185180664062,22.946727752685547,5.541523456573486,-628.57861328125,0.0024728996213525534,1.9165233373641968
0.01,10.0,0.017472222222222222,17.47222222222222,0.82,27.7410831451416,832.0465087890625,21.166278839111328,5.060177326202393,-648.6986083984375,0.0024499446153640747,1.8810724020004272
0.01,10.0,0.017944444444444443,17.944444444444443,0.82,24.438438415527344,866.917724609375,19.22779083251953,4.5487775802612305,-667.4424438476562,0.002391025424003601,1.8556950092315674
0.01,10.0,0.018416666666666665,18.416666666666664,0.82,21.542207717895508,912.5390625,17.21368408203125,4.01246452331543,-683.42822265625,0.0023072396870702505,1.839378833770752
0.01,10.0,0.018888888888888886,18.888888888888886,0.82,19.06911277770996,963.9120483398438,15.211519241333008,3.4642627239227295,-695.8497924804688,0.0022123309317976236,1.830263614654541
0.01,10.0,0.019361111111111107,19.361111111111107,0.82,16.999895095825195,1015.8389282226562,13.299283027648926,2.9196393489837646,-704.5245361328125,0.0021191767882555723,1.826005220413208
0.01,10.0,0.019833333333333335,19.833333333333336,0.82,15.293460845947266,1063.846923828125,11.534615516662598,2.3920679092407227,-709.7550048828125,0.002037666505202651,1.824195146560669
0.01,10.0,0.020305555555555556,20.305555555555557,0.82,13.902032852172852,1104.835693359375,9.95075511932373,1.8909342288970947,-712.1099853515625,0.001974152633920312,1.822715163230896
0.01,10.0,0.020777777777777777,20.77777777777778,0.82,12.781835556030273,1137.225830078125,8.559228897094727,1.421704649925232,-712.2339477539062,0.0019318500999361277,1.8199753761291504
0.01,10.0,0.021249999999999998,21.249999999999996,0.82,11.897396087646484,1160.707763671875,7.356215953826904,0.9872507452964783,-710.7266845703125,0.0019115062896162271,1.8150475025177002
0.01,10.0,0.02172222222222222,21.722222222222218,0.82,11.220561027526855,1175.843505859375,6.329028606414795,0.5890947580337524,-708.08251953125,0.0019120591459795833,1.8076943159103394
0.01,10.0,0.02219444444444444,22.19444444444444,0.82,10.727062225341797,1183.708740234375,5.460745334625244,0.2279324233531952,-704.6715698242188,0.0019311443902552128,1.7982887029647827
0.01,10.0,0.02266666666666666,22.66666666666666,0.82,10.39301872253418,1185.63427734375,4.732913494110107,-0.09654783457517624,-700.7466430664062,0.0019654673524200916,1.7876498699188232
0.01,10.0,0.023138888888888882,23.138888888888882,0.82,10.19294548034668,1183.025634765625,4.127123832702637,-0.38596171140670776,-696.4721069335938,0.0020110663026571274,1.7768326997756958
0.01,10.0,0.023611111111111104,23.611111111111104,0.82,10.099081993103027,1177.2305908203125,3.625983238220215,-0.64327073097229,-691.9669189453125,0.0020635761320590973,1.7669204473495483
0.01,10.0,0.02408333333333334,24.08333333333334,0.82,10.081664085388184,1169.432861328125,3.21397066116333,-0.8723312616348267,-687.3442993164062,0.00211856747046113,1.758864402770996
0.01,10.0,0.02455555555555556,24.55555555555556,0.82,10.109707832336426,1160.583740234375,2.8780899047851562,-1.0772055387496948,-682.7340698242188,0.00217198277823627,1.7533724308013916
0.01,10.0,0.02502777777777778,25.027777777777782,0.82,10.152162551879883,1151.372802734375,2.608268976211548,-1.261427640914917,-678.2796630859375,0.0022205961868166924,1.7508554458618164
0.01,10.0,0.025500000000000002,25.500000000000004,0.82,10.179527282714844,1142.244873046875,2.3971245288848877,-1.4275723695755005,-674.1112060546875,0.002262403490021825,1.7514052391052246
0.01,10.0,0.025972222222222223,25.97222222222222,0.82,10.165923118591309,1133.4478759765625,2.2391462326049805,-1.5770407915115356,-670.3097534179688,0.0022967637050896883,1.7547979354858398
0.01,10.0,0.026444444444444444,26.444444444444443,0.82,10.091228485107422,1125.0927734375,2.1292943954467773,-1.7101656198501587,-666.881591796875,0.002324320375919342,1.7605040073394775
0.01,10.0,0.026916666666666665,26.916666666666664,0.82,9.943056106567383,1117.2125244140625,2.061523675918579,-1.8265475034713745,-663.7540283203125,0.0023466460406780243,1.7677257061004639
0.01,10.0,0.027388888888888886,27.388888888888886,0.82,9.717962265014648,1109.802490234375,2.027893304824829,-1.9256716966629028,-660.7989501953125,0.0023657807614654303,1.7754555940628052
0.01,10.0,0.027861111111111107,27.861111111111107,0.82,9.421590805053711,1102.848876953125,2.018483877182007,-2.0076229572296143,-657.8759765625,0.0023837643675506115,1.7825744152069092
0.01,10.0,0.02833333333333333,28.33333333333333,0.82,9.067459106445312,1096.3427734375,2.0223405361175537,-2.0737147331237793,-654.8809814453125,0.002402287907898426,1.7879773378372192
0.01,10.0,0.02880555555555555,28.80555555555555,0.82,8.674567222595215,1090.28759765625,2.028965950012207,-2.1265649795532227,-651.779052734375,0.0024224917870014906,1.7907154560089111
0.01,10.0,0.02927777777777777,29.27777777777777,0.82,8.264411926269531,1084.7071533203125,2.0297133922576904,-2.1696200370788574,-648.6134033203125,0.002444903366267681,1.790116786956787
0.01,10.0,0.029750000000000006,29.750000000000007,0.82,7.858156681060791,1079.655029296875,2.0187175273895264,-2.2062056064605713,-645.4862670898438,0.00246951705776155,1.785847783088684
0.01,10.0,0.030222222222222227,30.222222222222225,0.82,7.474360942840576,1075.2235107421875,1.9931024312973022,-2.2385644912719727,-642.5253295898438,0.0024959598667919636,1.7779061794281006
0.01,10.0,0.030694444444444448,30.694444444444446,0.82,7.127624034881592,1071.55029296875,1.9526402950286865,-2.267165184020996,-639.8502197265625,0.0025238017551600933,1.7665460109710693
0.01,10.0,0.03116666666666667,31.166666666666668,0.82,6.8279709815979,1068.8134765625,1.8992425203323364,-2.2905662059783936,-637.5515747070312,0.002552982186898589,1.752165675163269
0.01,10.0,0.03163888888888889,31.63888888888889,0.82,6.58067512512207,1067.20947265625,1.8364779949188232,-2.3056397438049316,-635.6920166015625,0.002584231784567237,1.735205054283142
0.01,10.0,0.03211111111111111,32.111111111111114,0.82,6.386324405670166,1066.910888671875,1.7692887783050537,-2.307976722717285,-634.31982421875,0.0026194101665169,1.7160769701004028
0.01,10.0,0.03258333333333333,32.583333333333336,0.82,6.241085052490234,1068.0194091796875,1.7037140130996704,-2.292191982269287,-633.4913330078125,0.0026615033857524395,1.6951653957366943
0.01,10.0,0.03305555555555555,33.05555555555555,0.82,6.137428283691406,1070.522705078125,1.6465134620666504,-2.252082586288452,-633.2847900390625,0.002714333822950721,1.6728668212890625
0.01,10.0,0.033527777777777774,33.52777777777777,0.82,6.065707206726074,1074.2767333984375,1.6044198274612427,-2.1807029247283936,-633.805419921875,0.00278194691054523,1.6496622562408447
0.01,10.0,0.033999999999999996,33.99999999999999,0.82,6.016654014587402,1079.018798828125,1.583167552947998,-2.070582151412964,-635.1741943359375,0.002867824165150523,1.626176357269287
0.01,10.0,0.03447222222222222,34.472222222222214,0.82,5.98427677154541,1084.40087890625,1.5865423679351807,-1.914285659790039,-637.5040893554688,0.002974089467898011,1.6031854152679443
0.01,10.0,0.03494444444444444,34.944444444444436,0.82,5.968135833740234,1090.0352783203125,1.6157759428024292,-1.7053998708724976,-640.8711547851562,0.0031008003279566765,1.5815694332122803
0.01,10.0,0.03541666666666667,35.41666666666667,0.82,5.974140167236328,1095.535400390625,1.6696648597717285,-1.4397774934768677,-645.28564453125,0.003245410043746233,1.5622143745422363
0.01,10.0,0.035888888888888894,35.88888888888889,0.82,6.013679027557373,1100.53955078125,1.7454147338867188,-1.1166346073150635,-650.6766967773438,0.0034026270732283592,1.54587984085083
0.01,10.0,0.036361111111111115,36.361111111111114,0.82,6.1017231941223145,1104.723388671875,1.8400334119796753,-0.7390648126602173,-656.8893432617188,0.0035646986216306686,1.533086895942688
0.01,10.0,0.036833333333333336,36.833333333333336,0.82,6.2550482749938965,1107.81298828125,1.9515564441680908,-0.3137170672416687,-663.6911010742188,0.00372220273129642,1.5240353345870972
0.01,10.0,0.03730555555555556,37.30555555555556,0.82,6.491608142852783,1109.614013671875,2.0795366764068604,0.15021125972270966,-670.7807006835938,0.003865262493491173,1.5185762643814087
0.01,10.0,0.03777777777777778,37.77777777777778,0.82,6.830894470214844,1110.0560302734375,2.2242438793182373,0.642170786857605,-677.7871704101562,0.003985028713941574,1.5162220001220703
0.01,10.0,0.03825,38.25,0.82,7.294153690338135,1109.23486328125,2.38425874710083,1.1509194374084473,-684.2545166015625,0.004075152799487114,1.516180396080017
0.01,10.0,0.03872222222222222,38.72222222222222,0.82,7.9016947746276855,1107.39111328125,2.552940607070923,1.6642661094665527,-689.6136474609375,0.004133437294512987,1.5173659324645996
0.01,10.0,0.03919444444444444,39.19444444444444,0.82,8.664106369018555,1104.779296875,2.7142369747161865,2.1676127910614014,-693.1531982421875,0.0041636996902525425,1.518375277519226
0.01,10.0,0.03966666666666666,39.666666666666664,0.82,9.56387996673584,1101.371826171875,2.8390953540802,2.6414759159088135,-694.017578125,0.0041783638298511505,1.5174188613891602
0.01,10.0,0.040138888888888884,40.138888888888886,0.82,10.52320671081543,1096.3619384765625,2.882725715637207,3.0578081607818604,-691.2560424804688,0.004202354233711958,1.5122628211975098
0.01,10.0,0.040611111111111105,40.61111111111111,0.82,11.35254955291748,1087.3841552734375,2.782244920730591,3.374317169189453,-683.9541625976562,0.0042801667004823685,1.5002700090408325
0.01,10.0,0.04108333333333334,41.08333333333334,0.82,11.671878814697266,1069.245849609375,2.4520912170410156,3.524141311645508,-671.4717407226562,0.004491462837904692,1.4787030220031738
0.01,10.0,0.04155555555555556,41.555555555555564,0.82,10.80201244354248,1031.8604736328125,1.772787094116211,3.397181749343872,-653.83984375,0.004991685505956411,1.4455026388168335
0.01,10.0,0.04202777777777778,42.02777777777778,0.82,7.670065402984619,957.7011108398438,0.5686018466949463,2.8143694400787354,-632.4559326171875,0.00612588319927454,1.4006941318511963
0.01,10.0,0.0425,42.5,0.82,0.9108583331108093,822.3648681640625,-1.4157029390335083,1.5232656002044678,-611.1569213867188,0.008760539814829826,1.3480331897735596
0.015,15.0,-0.0425,-42.5,0.82,4.7497944831848145,878.167236328125,-4.624655723571777,-3.6195385456085205,-671.5689086914062,0.015346037223935127,1.1547245979309082
0.015,15.0,-0.04202777777777778,-42.02777777777778,0.82,8.539950370788574,977.9027709960938,-3.3399603366851807,-2.3951361179351807,-639.73974609375,0.00668607372790575,1.3400309085845947
0.015,15.0,-0.04155555555555556,-41.555555555555564,0.82,9.000528335571289,1008.8978271484375,-2.345533847808838,-1.9453794956207275,-625.5742797851562,0.003953908570110798,1.4900187253952026
0.015,15.0,-0.04108333333333333,-41.083333333333336,0.82,8.227457046508789,1019.3928833007812,-1.688340663909912,-1.8599964380264282,-621.3583984375,0.00280769937671721,1.6050370931625366
0.015,15.0,-0.04061111111111111,-40.611111111111114,0.82,7.212177276611328,1027.272216796875,-1.3425770998001099,-1.8857791423797607,-621.7442016601562,0.002211338374763727,1.6922152042388916
0.015,15.0,-0.04013888888888889,-40.13888888888889,0.82,6.335782051086426,1036.80126953125,-1.2166697978973389,-1.911407709121704,-624.2156372070312,0.0018504599574953318,1.7581790685653687
0.015,15.0,-0.03966666666666667,-39.66666666666667,0.82,5.729148864746094,1047.868408203125,-1.2181190252304077,-1.9067164659500122,-627.7681884765625,0.0016107687260955572,1.8078019618988037
0.015,15.0,-0.03919444444444445,-39.19444444444445,0.82,5.420384407043457,1059.3631591796875,-1.2766376733779907,-1.8767940998077393,-631.9210815429688,0.00144416862167418,1.8444695472717285
0.015,15.0,-0.03872222222222223,-38.72222222222223,0.82,5.386900901794434,1070.198486328125,-1.3453726768493652,-1.8372995853424072,-636.3390502929688,0.0013274516677483916,1.870615005493164
0.015,15.0,-0.038250000000000006,-38.25000000000001,0.82,5.577192783355713,1079.60986328125,-1.397924780845642,-1.8033639192581177,-640.779541015625,0.0012479661963880062,1.8881250619888306
0.015,15.0,-0.03777777777777778,-37.77777777777778,0.82,5.924409866333008,1087.2381591796875,-1.4251272678375244,-1.7849687337875366,-645.1176147460938,0.0011981745483353734,1.898530125617981
0.015,15.0,-0.03730555555555556,-37.30555555555556,0.82,6.357370853424072,1093.1126708984375,-1.431172251701355,-1.7850996255874634,-649.3468017578125,0.0011733436258509755,1.903042197227478
0.015,15.0,-0.036833333333333336,-36.833333333333336,0.82,6.810550689697266,1097.5595703125,-1.4287097454071045,-1.7996114492416382,-653.5347290039062,0.0011703631607815623,1.9025299549102783
0.015,15.0,-0.036361111111111115,-36.361111111111114,0.82,7.232705593109131,1101.0634765625,-1.4336267709732056,-1.8187761306762695,-657.754150390625,0.0011870170710608363,1.8975144624710083
0.015,15.0,-0.035888888888888894,-35.88888888888889,0.82,7.59271240234375,1104.1270751953125,-1.4601891040802002,-1.8302795886993408,-662.0218505859375,0.001221418147906661,1.8882423639297485
0.015,15.0,-0.035416666666666666,-35.416666666666664,0.82,7.881295680999756,1107.157958984375,-1.5172755718231201,-1.82280695438385,-666.271728515625,0.0012715884950011969,1.8748111724853516
0.015,15.0,-0.034944444444444445,-34.94444444444444,0.82,8.108171463012695,1110.40234375,-1.606329083442688,-1.7889723777770996,-670.3650512695312,0.0013351686066016555,1.8573288917541504
0.015,15.0,-0.034472222222222224,-34.47222222222222,0.82,8.29541301727295,1113.91748046875,-1.7215282917022705,-1.726839542388916,-674.1267700195312,0.0014093519421294332,1.8360469341278076
0.015,15.0,-0.034,-34.0,0.82,8.4693603515625,1117.5888671875,-1.8521031141281128,-1.639702558517456,-677.3819580078125,0.0014910221798345447,1.8114478588104248
0.015,15.0,-0.03352777777777778,-33.52777777777778,0.82,8.653203964233398,1121.192626953125,-1.9860018491744995,-1.5346124172210693,-679.9793701171875,0.0015770731261000037,1.7842676639556885
0.015,15.0,-0.03305555555555556,-33.05555555555556,0.82,8.862266540527344,1124.49462890625,-2.1135618686676025,-1.4202572107315063,-681.7913818359375,0.0016647357260808349,1.7554559707641602
0.015,15.0,-0.03258333333333334,-32.583333333333336,0.82,9.102448463439941,1127.3465576171875,-2.230050563812256,-1.3048778772354126,-682.7111206054688,0.0017517860978841782,1.7260849475860596
0.015,15.0,-0.03211111111111112,-32.11111111111112,0.82,9.371545791625977,1129.7432861328125,-2.3365955352783203,-1.1947650909423828,-682.6521606445312,0.0018364953575655818,1.697231650352478
0.015,15.0,-0.03163888888888889,-31.63888888888889,0.82,9.661683082580566,1131.8218994140625,-2.439504861831665,-1.0936678647994995,-681.56298828125,0.0019174162298440933,1.6698672771453857
0.015,15.0,-0.03116666666666667,-31.166666666666668,0.82,9.961882591247559,1133.81591796875,-2.548652410507202,-1.0030336380004883,-679.4459228515625,0.001992997480556369,1.6448006629943848
0.015,15.0,-0.030694444444444448,-30.694444444444446,0.82,10.259772300720215,1135.99755859375,-2.6755080223083496,-0.9228612184524536,-676.3694458007812,0.0020612399093806744,1.622679591178894
0.015,15.0,-0.030222222222222227,-30.222222222222225,0.82,10.542616844177246,1138.630615234375,-2.8315420150756836,-0.852782130241394,-672.4622192382812,0.0021194058936089277,1.6040441989898682
0.015,15.0,-0.029750000000000002,-29.750000000000004,0.82,10.798347473144531,1141.9326171875,-3.027137041091919,-0.7929368019104004,-667.89306640625,0.002163990866392851,1.5893735885620117
0.015,15.0,-0.02927777777777778,-29.277777777777782,0.82,11.016888618469238,1146.0321044921875,-3.270998477935791,-0.7444464564323425,-662.8442993164062,0.0021910113282501698,1.579094648361206
0.015,15.0,-0.028805555555555556,-28.805555555555557,0.82,11.192007064819336,1150.912841796875,-3.5697898864746094,-0.7093614339828491,-657.4888916015625,0.0021966772619634867,1.573537826538086
0.015,15.0,-0.028333333333333335,-28.333333333333336,0.82,11.323322296142578,1156.348876953125,-3.9278182983398438,-0.690137505531311,-651.978759765625,0.0021782766561955214,1.5728564262390137
0.015,15.0,-0.027861111111111114,-27.861111111111114,0.82,11.418160438537598,1161.8524169921875,-4.346773147583008,-0.6889463663101196,-646.4430541992188,0.0021349804010242224,1.5769386291503906
0.015,15.0,-0.027388888888888893,-27.388888888888893,0.82,11.49271011352539,1166.656494140625,-4.825726509094238,-0.7069175839424133,-640.9973754882812,0.002068240661174059,1.5853484869003296
0.015,15.0,-0.02691666666666667,-26.916666666666668,0.82,11.572056770324707,1169.73974609375,-5.3618669509887695,-0.7437995076179504,-635.7554931640625,0.0019816213753074408,1.5973011255264282
0.015,15.0,-0.026444444444444448,-26.444444444444446,0.82,11.688653945922852,1169.89990234375,-5.9519829750061035,-0.7981897592544556,-630.842041015625,0.0018801606493070722,1.6116902828216553
0.015,15.0,-0.025972222222222226,-25.972222222222225,0.82,11.879457473754883,1165.864990234375,-6.594836235046387,-0.8683242201805115,-626.4035034179688,0.00176949892193079,1.6271486282348633
0.015,15.0,-0.025500000000000002,-25.500000000000004,0.82,12.18234920501709,1156.44677734375,-7.293776988983154,-0.9532273411750793,-622.6128540039062,0.0016550985164940357,1.6421581506729126
0.015,15.0,-0.02502777777777778,-25.027777777777782,0.82,12.63292121887207,1140.722412109375,-8.058788299560547,-1.0535449981689453,-619.6709594726562,0.0015416434034705162,1.6551954746246338
0.015,15.0,-0.02455555555555556,-24.55555555555556,0.82,13.262469291687012,1118.2530517578125,-8.906888961791992,-1.1714448928833008,-617.8009643554688,0.0014327155658975244,1.6649305820465088
0.015,15.0,-0.024083333333333335,-24.083333333333336,0.82,14.097442626953125,1089.302001953125,-9.860330581665039,-1.3094263076782227,-617.2357177734375,0.0013306861510500312,1.670451045036316
0.015,15.0,-0.023611111111111114,-23.611111111111114,0.82,15.159728050231934,1055.0263671875,-10.942548751831055,-1.4680627584457397,-618.1988525390625,0.0012368251336738467,1.6714749336242676
0.015,15.0,-0.023138888888888893,-23.138888888888893,0.82,16.466827392578125,1017.57861328125,-12.172638893127441,-1.6436882019042969,-620.8765869140625,0.0011515234364196658,1.668486475944519
0.015,15.0,-0.02266666666666667,-22.666666666666668,0.82,18.031394958496094,980.05615234375,-13.559639930725098,-1.8268365859985352,-625.384521484375,0.0010746121406555176,1.662739872932434
0.015,15.0,-0.022194444444444447,-22.194444444444446,0.82,19.860231399536133,946.2444458007812,-15.097931861877441,-2.002180814743042,-631.734130859375,0.0010056416504085064,1.6561081409454346
0.015,15.0,-0.021722222222222226,-21.722222222222225,0.82,21.95339584350586,920.1464233398438,-16.76504898071289,-2.150017738342285,-639.8093872070312,0.0009440971189178526,1.650801420211792
0.015,15.0,-0.02125,-21.25,0.82,24.304410934448242,905.3458251953125,-18.52315330505371,-2.2490251064300537,-649.3734130859375,0.0008895155624486506,1.6490130424499512
0.015,15.0,-0.02077777777777778,-20.777777777777782,0.82,26.90159034729004,904.3554077148438,-20.32442283630371,-2.279326915740967,-660.1145629882812,0.0008415005868300796,1.6525800228118896
0.015,15.0,-0.02030555555555556,-20.30555555555556,0.82,29.73020362854004,918.1284790039062,-22.11953353881836,-2.2249207496643066,-671.7277221679688,0.0007997140637598932,1.662714958190918
0.015,15.0,-0.019833333333333335,-19.833333333333336,0.82,32.77476501464844,945.9227294921875,-23.86663818359375,-2.074528694152832,-684.0051879882812,0.0007638717070221901,1.679874062538147
0.015,15.0,-0.019361111111111114,-19.361111111111114,0.82,36.02157211303711,985.593505859375,-25.537874221801758,-1.820643663406372,-696.9005737304688,0.0007337518618442118,1.7037800550460815
0.015,15.0,-0.018888888888888893,-18.888888888888893,0.82,39.46223831176758,1034.23388671875,-27.121503829956055,-1.457753300666809,-710.5364379882812,0.000709226296748966,1.7335808277130127
0.015,15.0,-0.018416666666666668,-18.416666666666668,0.82,43.09835433959961,1088.94140625,-28.619823455810547,-0.9813064932823181,-725.1573486328125,0.0006902773748151958,1.768103837966919
0.015,15.0,-0.017944444444444447,-17.944444444444446,0.82,46.94544982910156,1147.460205078125,-30.044157028198242,-0.38875725865364075,-741.0358276367188,0.0006770140025764704,1.806140422821045
0.015,15.0,-0.017472222222222226,-17.472222222222225,0.82,51.03276824951172,1208.49853515625,-31.408639907836914,0.3162735402584076,-758.3515014648438,0.0006696246564388275,1.8467296361923218
0.015,15.0,-0.017,-17.0,0.82,55.393638610839844,1271.63232421875,-32.72368240356445,1.1165112257003784,-777.0516357421875,0.0006682748789899051,1.8893685340881348
0.015,15.0,-0.01652777777777778,-16.52777777777778,0.82,60.04154968261719,1336.7576904296875,-33.9906120300293,1.971007227897644,-796.7099609375,0.0006729191518388689,1.9340927600860596
0.015,15.0,-0.01605555555555556,-16.05555555555556,0.82,64.93193817138672,1403.156982421875,-35.19853973388672,2.806130886077881,-816.4308471679688,0.000683129474055022,1.9812946319580078
0.015,15.0,-0.015583333333333334,-15.583333333333334,0.82,69.92115020751953,1468.4459228515625,-36.3250617980957,3.513890504837036,-834.8590698242188,0.0006981317419558764,2.0312626361846924
0.015,15.0,-0.015111111111111113,-15.111111111111112,0.82,74.74710083007812,1527.943115234375,-37.33880615234375,3.9642786979675293,-850.3245239257812,0.0007171816541813314,2.0835959911346436
0.015,15.0,-0.014638888888888892,-14.638888888888893,0.82,79.05489349365234,1575.03271484375,-38.20250701904297,4.0317535400390625,-861.0853271484375,0.0007402487099170685,2.136756420135498
0.015,15.0,-0.014166666666666668,-14.166666666666668,0.82,82.46785736083984,1602.681640625,-38.876670837402344,3.6262264251708984,-865.6105346679688,0.0007687934557907283,2.187901496887207
0.015,15.0,-0.013694444444444447,-13.694444444444446,0.82,84.6720199584961,1605.5615234375,-39.32347106933594,2.7148914337158203,-862.8140869140625,0.0008063203422352672,2.2329933643341064
0.015,15.0,-0.013222222222222225,-13.222222222222225,0.82,85.47785949707031,1581.850830078125,-39.50823974609375,1.3291021585464478,-852.17236328125,0.0008584947208873928,2.267178535461426
0.015,15.0,-0.012750000000000001,-12.750000000000002,0.82,84.84516906738281,1534.052490234375,-39.39786148071289,-0.44023793935775757,-833.7282104492188,0.0009328728192485869,2.285384178161621
0.015,15.0,-0.01227777777777778,-12.27777777777778,0.82,82.87870788574219,1468.6529541015625,-38.95918273925781,-2.4540038108825684,-808.0665283203125,0.001038496964611113,2.282986879348755
0.015,15.0,-0.011805555555555559,-11.805555555555559,0.82,79.80597686767578,1394.773193359375,-38.160282135009766,-4.5414862632751465,-776.361328125,0.0011854951735585928,2.2564408779144287
0.015,15.0,-0.011333333333333334,-11.333333333333334,0.82,75.93800354003906,1322.0460205078125,-36.97275161743164,-6.523177623748779,-740.5105590820312,0.0013847048394382,2.203808307647705
0.015,15.0,-0.010861111111111113,-10.861111111111112,0.82,71.61019134521484,1258.136474609375,-35.36943435668945,-8.237110137939453,-703.3164672851562,0.00164769624825567,2.125213623046875
0.015,15.0,-0.010388888888888892,-10.388888888888893,0.82,67.10488891601562,1206.463623046875,-33.316123962402344,-9.563697814941406,-668.594482421875,0.001988223986700177,2.0233166217803955
0.015,15.0,-0.00991666666666667,-9.916666666666671,0.82,62.57213592529297,1164.9014892578125,-30.763980865478516,-10.441155433654785,-641.0211181640625,0.0024264382664114237,1.9037740230560303
0.015,15.0,-0.00944444444444445,-9.44444444444445,0.82,57.989532470703125,1126.483154296875,-27.661291122436523,-10.86524486541748,-625.4899291992188,0.00299480720423162,1.7754299640655518
0.015,15.0,-0.008972222222222222,-8.972222222222221,0.82,53.209007263183594,1083.2225341796875,-24.000612258911133,-10.87493896484375,-625.8021240234375,0.003737442893907428,1.6496621370315552
0.015,15.0,-0.0085,-8.5,0.82,48.090179443359375,1032.5361328125,-19.88626480102539,-10.53909969329834,-642.7299194335938,0.004684365354478359,1.538564920425415
0.015,15.0,-0.00802777777777778,-8.02777777777778,0.82,42.629032135009766,982.0106201171875,-15.565082550048828,-9.94913101196289,-672.22900390625,0.0057841758243739605,1.4524767398834229
0.015,15.0,-0.007555555555555558,-7.555555555555558,0.82,36.98126220703125,946.6275024414062,-11.37136173248291,-9.209949493408203,-705.55126953125,0.006836731918156147,1.3977675437927246
0.015,15.0,-0.007083333333333337,-7.0833333333333375,0.82,31.37685775756836,938.65869140625,-7.606499671936035,-8.437503814697266,-732.5111694335938,0.00755815114825964,1.3755462169647217
0.015,15.0,-0.006611111111111116,-6.611111111111116,0.82,25.99945831298828,959.1776733398438,-4.43739652633667,-7.75029182434082,-746.2952270507812,0.007801258936524391,1.381707787513733
0.015,15.0,-0.006138888888888888,-6.138888888888888,0.82,20.91465187072754,999.119873046875,-1.8823777437210083,-7.223278045654297,-746.0947265625,0.007670457009226084,1.408612847328186
0.015,15.0,-0.005666666666666667,-5.666666666666667,0.82,16.087888717651367,1047.3658447265625,0.13091744482517242,-6.844106674194336,-735.8388671875,0.007392016239464283,1.4478874206542969
0.015,15.0,-0.005194444444444446,-5.194444444444446,0.82,11.447946548461914,1097.330322265625,1.699224829673767,-6.527480602264404,-721.0023803710938,0.007147508207708597,1.4929640293121338
0.015,15.0,-0.004722222222222225,-4.722222222222225,0.82,6.934615612030029,1147.9508056640625,2.904879093170166,-6.1686296463012695,-706.17626953125,0.007023923099040985,1.5402027368545532
0.015,15.0,-0.004250000000000004,-4.2500000000000036,0.82,2.5200090408325195,1201.140625,3.802586317062378,-5.688242435455322,-694.2108764648438,0.007038917858153582,1.5885347127914429
0.015,15.0,-0.0037777777777777827,-3.7777777777777826,0.82,-1.782386064529419,1258.9464111328125,4.421329975128174,-5.050317287445068,-686.3199462890625,0.0071741691790521145,1.6383817195892334
0.015,15.0,-0.0033055555555555546,-3.3055555555555545,0.82,-5.915835380554199,1321.78564453125,4.7747802734375,-4.25919771194458,-682.4733276367188,0.007395985536277294,1.6905730962753296
0.015,15.0,-0.0028333333333333335,-2.8333333333333335,0.82,-9.785799980163574,1387.81591796875,4.8747076988220215,-3.3470418453216553,-681.80517578125,0.007666067685931921,1.7455775737762451
0.015,15.0,-0.0023611111111111124,-2.3611111111111125,0.82,-13.271949768066406,1453.16943359375,4.742064476013184,-2.3595499992370605,-683.012451171875,0.007947268895804882,1.8030965328216553
0.015,15.0,-0.0018888888888888913,-1.8888888888888913,0.82,-16.244457244873047,1512.8079833984375,4.4121856689453125,-1.3442972898483276,-684.7324829101562,0.00820699892938137,1.8619775772094727
0.015,15.0,-0.0014166666666666702,-1.4166666666666703,0.82,-18.582361221313477,1561.6915283203125,3.933345079421997,-0.3432651460170746,-685.847412109375,0.008419141173362732,1.920377492904663
0.015,15.0,-0.0009444444444444491,-0.9444444444444491,0.82,-20.190750122070312,1595.8609619140625,3.3605363368988037,0.6109053492546082,-685.6640014648438,0.008565571159124374,1.9760552644729614
0.015,15.0,-0.0004722222222222211,-0.4722222222222211,0.82,-21.014272689819336,1613.1165771484375,2.747828960418701,1.496303915977478,-683.9583740234375,0.00863796379417181,2.0266757011413574
0.015,15.0,0.0,0.0,0.82,-21.043655395507812,1613.158935546875,2.1422908306121826,2.3017666339874268,-680.9127807617188,0.008639087900519371,2.070035457611084
0.015,15.0,0.0004722222222222211,0.4722222222222211,0.82,-20.313838958740234,1597.2725830078125,1.581039309501648,3.0262818336486816,-676.9862670898438,0.008582578971982002,2.1042070388793945
0.015,15.0,0.0009444444444444422,0.9444444444444422,0.82,-18.89421272277832,1567.7677001953125,1.0916862487792969,3.678016424179077,-672.7598876953125,0.008490439504384995,2.1276302337646484
0.015,15.0,0.0014166666666666633,1.4166666666666634,0.82,-16.87390899658203,1527.4039306640625,0.6954388618469238,4.273380279541016,-668.7907104492188,0.008389035239815712,2.1391847133636475
0.015,15.0,0.0018888888888888844,1.8888888888888844,0.82,-14.346508979797363,1478.9503173828125,0.41141796112060547,4.835854530334473,-665.4956665039062,0.008304774761199951,2.138263463973999
0.015,15.0,0.0023611111111111124,2.3611111111111125,0.82,-11.397444725036621,1424.939208984375,0.26049184799194336,5.393980979919434,-663.0789184570312,0.008260597474873066,2.1248440742492676
0.015,15.0,0.0028333333333333335,2.8333333333333335,0.82,-8.096151351928711,1367.57958984375,0.26686540246009827,5.9783735275268555,-661.51123046875,0.008273671381175518,2.099532127380371
0.015,15.0,0.0033055555555555546,3.3055555555555545,0.82,-4.4935526847839355,1308.7711181640625,0.45651376247406006,6.618319988250732,-660.5680541992188,0.008354454301297665,2.063551425933838
0.015,15.0,0.0037777777777777757,3.777777777777776,0.82,-0.6237370371818542,1250.169921875,0.85313481092453,7.338973045349121,-659.9249877929688,0.008506854064762592,2.01863956451416
0.015,15.0,0.004249999999999997,4.2499999999999964,0.82,3.490879535675049,1193.2916259765625,1.4734656810760498,8.159871101379395,-659.2886962890625,0.008730098605155945,1.9668407440185547
0.015,15.0,0.004722222222222218,4.722222222222218,0.82,7.8327155113220215,1139.65966796875,2.3247640132904053,9.094053268432617,-658.52001953125,0.009022481739521027,1.9102509021759033
0.015,15.0,0.005194444444444446,5.194444444444446,0.82,12.382515907287598,1090.967041015625,3.4060511589050293,10.14622688293457,-657.7035522460938,0.009387078694999218,1.8507975339889526
0.015,15.0,0.005666666666666667,5.666666666666667,0.82,17.116077423095703,1049.176513671875,4.712516784667969,11.308079719543457,-657.1224365234375,0.009837755002081394,1.7901675701141357
0.015,15.0,0.006138888888888888,6.138888888888888,0.82,22.005653381347656,1016.4539794921875,6.240121841430664,12.550742149353027,-657.1484375,0.010402287356555462,1.7299320697784424
0.015,15.0,0.006611111111111109,6.611111111111109,0.82,27.025562286376953,994.8864135742188,7.9866557121276855,13.81689739227295,-658.0802001953125,0.011118871159851551,1.6718108654022217
0.015,15.0,0.00708333333333333,7.08333333333333,0.82,32.15909957885742,986.0640869140625,9.947880744934082,15.01821517944336,-659.982421875,0.0120234414935112,1.6179418563842773
0.015,15.0,0.0075555555555555515,7.555555555555552,0.82,37.40483474731445,990.7487182617188,12.110922813415527,16.044004440307617,-662.576904296875,0.013126946054399014,1.5709811449050903
0.015,15.0,0.00802777777777778,8.02777777777778,0.82,42.77906036376953,1008.8218383789062,14.449602127075195,16.783458709716797,-665.2333374023438,0.014382785186171532,1.533966064453125
0.015,15.0,0.0085,8.5,0.82,48.31076431274414,1039.5390625,16.924192428588867,17.15677261352539,-667.119873046875,0.015649769455194473,1.50999915599823
0.015,15.0,0.008972222222222222,8.972222222222221,0.82,54.02386474609375,1081.88330078125,19.484220504760742,17.143070220947266,-667.491455078125,0.0166693814098835,1.5018776655197144
0.015,15.0,0.009444444444444443,9.444444444444443,0.82,59.90841293334961,1134.7685546875,22.07058334350586,16.791555404663086,-666.0049438476562,0.01709502562880516,1.5118132829666138
0.015,15.0,0.009916666666666664,9.916666666666664,0.82,65.88841247558594,1196.949462890625,24.614919662475586,16.20830726623535,-662.8818359375,0.016606375575065613,1.5413081645965576
0.015,15.0,0.010388888888888885,10.388888888888886,0.82,71.79698944091797,1266.6365966796875,27.038564682006836,15.521668434143066,-658.8117065429688,0.015083243139088154,1.5911273956298828
0.015,15.0,0.010861111111111113,10.861111111111112,0.82,77.36624145507812,1340.9608154296875,29.255460739135742,14.838146209716797,-654.625732421875,0.012725836597383022,1.6612211465835571
0.015,15.0,0.011333333333333334,11.333333333333334,0.82,82.23761749267578,1415.5115966796875,31.18113136291504,14.203886032104492,-650.8499755859375,0.009999564848840237,1.7504624128341675
0.015,15.0,0.011805555555555555,11.805555555555555,0.82,86.00191497802734,1484.275390625,32.745452880859375,13.587738990783691,-647.2876586914062,0.0074163926765322685,1.8561694622039795
0.015,15.0,0.012277777777777776,12.277777777777777,0.82,88.28221130371094,1540.3270263671875,33.90312194824219,12.901053428649902,-642.8694458007812,0.005314642563462257,1.9735780954360962
0.015,15.0,0.012749999999999997,12.749999999999998,0.82,88.8556900024414,1577.430419921875,34.6383056640625,12.057270050048828,-636.0955200195312,0.0037886842619627714,2.095546245574951
0.015,15.0,0.013222222222222219,13.222222222222218,0.82,87.76329040527344,1592.152099609375,34.965030670166016,11.043875694274902,-626.1077270507812,0.0027631993871182203,2.2128639221191406
0.015,15.0,0.013694444444444447,13.694444444444446,0.82,85.31574249267578,1585.377685546875,34.92502212524414,9.953495025634766,-613.5772705078125,0.0021048481576144695,2.3154571056365967
0.015,15.0,0.014166666666666668,14.166666666666668,0.82,81.96151733398438,1561.9874267578125,34.57731628417969,8.941319465637207,-600.397705078125,0.0016931204590946436,2.394310474395752
0.015,15.0,0.014638888888888889,14.63888888888889,0.82,78.11424255371094,1528.5723876953125,33.9837646484375,8.139504432678223,-588.4491577148438,0.0014425950357690454,2.4430880546569824
0.015,15.0,0.01511111111111111,15.11111111111111,0.82,74.0589828491211,1490.68359375,33.20295715332031,7.596188545227051,-578.7423095703125,0.00129960966296494,2.458706855773926
0.015,15.0,0.015583333333333331,15.58333333333333,0.82,69.94718170166016,1451.2222900390625,32.28913879394531,7.27390718460083,-571.5010375976562,0.0012324934359639883,2.4412364959716797
0.015,15.0,0.016055555555555552,16.055555555555554,0.82,65.83145141601562,1410.3302001953125,31.286754608154297,7.0891923904418945,-566.6862182617188,0.0012229576241225004,2.3936927318573
0.015,15.0,0.01652777777777778,16.52777777777778,0.82,61.70954895019531,1366.3292236328125,30.22339630126953,6.95734167098999,-564.384033203125,0.0012599610490724444,2.3217313289642334
0.015,15.0,0.017,17.0,0.82,57.56676483154297,1317.214111328125,29.109203338623047,6.820511817932129,-564.8832397460938,0.001335610169917345,2.2329485416412354
0.015,15.0,0.017472222222222222,17.47222222222222,0.82,53.40655517578125,1262.2103271484375,27.942819595336914,6.655465126037598,-568.5379028320312,0.00144260807428509,2.135679006576538
0.015,15.0,0.017944444444444443,17.944444444444443,0.82,49.2601318359375,1202.78515625,26.717430114746094,6.4662065505981445,-575.5419311523438,0.001572779263369739,2.037574529647827
0.015,15.0,0.018416666666666665,18.416666666666664,0.82,45.179012298583984,1142.630615234375,25.424190521240234,6.269076824188232,-585.71826171875,0.0017163095762953162,1.9445013999938965
0.015,15.0,0.018888888888888886,18.888888888888886,0.82,41.222862243652344,1086.681640625,24.055273056030273,6.077646255493164,-598.4080200195312,0.0018616683082655072,1.8601256608963013
0.015,15.0,0.019361111111111107,19.361111111111107,0.82,37.45014572143555,1039.773681640625,22.607450485229492,5.893176078796387,-612.5169067382812,0.00199644616805017,1.7861666679382324
0.015,15.0,0.019833333333333335,19.833333333333336,0.82,33.91196060180664,1005.5761108398438,21.084096908569336,5.702983856201172,-626.7088012695312,0.00210912455804646,1.7230175733566284
0.015,15.0,0.020305555555555556,20.305555555555557,0.82,30.64830207824707,986.0458984375,19.494543075561523,5.485487937927246,-639.6693115234375,0.0021911459043622017,1.6703462600708008
0.015,15.0,0.020777777777777777,20.77777777777778,0.82,27.68634033203125,981.2981567382812,17.852985382080078,5.218430042266846,-650.3397216796875,0.0022384559269994497,1.6274831295013428
0.015,15.0,0.021249999999999998,21.249999999999996,0.82,25.040084838867188,989.7254028320312,16.17890167236328,4.8869948387146,-658.0621337890625,0.002251874189823866,1.593613862991333
0.015,15.0,0.02172222222222222,21.722222222222218,0.82,22.7104549407959,1008.2994995117188,14.498964309692383,4.489071846008301,-662.6234130859375,0.0022362072486430407,1.567915678024292
0.015,15.0,0.02219444444444444,22.19444444444444,0.82,20.68560218811035,1033.0810546875,12.847593307495117,4.03620719909668,-664.2012939453125,0.002198519418016076,1.5497322082519531
0.015,15.0,0.02266666666666666,22.66666666666666,0.82,18.942514419555664,1059.9161376953125,11.26388931274414,3.5498273372650146,-663.2388916015625,0.0021462372969835997,1.538744330406189
0.015,15.0,0.023138888888888882,23.138888888888882,0.82,17.45135498046875,1085.164794921875,9.785338401794434,3.0536909103393555,-660.3004760742188,0.002085848478600383,1.535019040107727
0.015,15.0,0.023611111111111104,23.611111111111104,0.82,16.18205451965332,1106.23828125,8.441502571105957,2.5656137466430664,-655.9829711914062,0.0020225425250828266,1.5388635396957397
0.015,15.0,0.02408333333333334,24.08333333333334,0.82,15.110607147216797,1121.8099365234375,7.251115322113037,2.092902660369873,-650.9127807617188,0.0019604552071541548,1.5505609512329102
0.015,15.0,0.02455555555555556,24.55555555555556,0.82,14.22048282623291,1131.7493896484375,6.222753047943115,1.6338927745819092,-645.7591552734375,0.0019029004033654928,1.5701603889465332
0.015,15.0,0.02502777777777778,25.027777777777782,0.82,13.496686935424805,1136.86181640625,5.3571319580078125,1.1842492818832397,-641.1547241210938,0.0018523148028180003,1.5974000692367554
0.015,15.0,0.025500000000000002,25.500000000000004,0.82,12.916923522949219,1138.481689453125,4.648650169372559,0.7427350878715515,-637.5214233398438,0.001810083631426096,1.6316817998886108
0.015,15.0,0.025972222222222223,25.97222222222222,0.82,12.44839096069336,1137.9849853515625,4.086302757263184,0.3130195736885071,-634.9334716796875,0.001776649383828044,1.6719639301300049
0.015,15.0,0.026444444444444444,26.444444444444443,0.82,12.053391456604004,1136.406982421875,3.6543378829956055,-0.09781069308519363,-633.1373291015625,0.0017518571112304926,1.7165831327438354
0.015,15.0,0.026916666666666665,26.916666666666664,0.82,11.698858261108398,1134.306640625,3.3327484130859375,-0.48124825954437256,-631.7092895507812,0.0017353679286316037,1.7631722688674927
0.015,15.0,0.027388888888888886,27.388888888888886,0.82,11.36296558380127,1131.854248046875,3.0978739261627197,-0.8286873698234558,-630.251220703125,0.0017269462114199996,1.8087939023971558
0.015,15.0,0.027861111111111107,27.861111111111107,0.82,11.036474227905273,1128.99072265625,2.9238834381103516,-1.1325571537017822,-628.5288696289062,0.0017266515642404556,1.8502418994903564
0.015,15.0,0.02833333333333333,28.33333333333333,0.82,10.720107078552246,1125.5535888671875,2.7852866649627686,-1.3875510692596436,-626.5193481445312,0.0017349057598039508,1.884426236152649
0.015,15.0,0.02880555555555555,28.80555555555555,0.82,10.420770645141602,1121.35009765625,2.659942865371704,-1.5915204286575317,-624.3834838867188,0.0017524880822747946,1.9087284803390503
0.015,15.0,0.02927777777777777,29.27777777777777,0.82,10.147957801818848,1116.203125,2.531424045562744,-1.745659351348877,-622.3998413085938,0.0017804971430450678,1.9212981462478638
0.015,15.0,0.029750000000000006,29.750000000000007,0.82,9.91076946258545,1109.9993896484375,2.390153646469116,-1.8539537191390991,-620.8941650390625,0.001820366713218391,1.9212368726730347
0.015,15.0,0.030222222222222227,30.222222222222225,0.82,9.715433120727539,1102.7430419921875,2.2330832481384277,-1.9221032857894897,-620.18017578125,0.0018739637453109026,1.9086542129516602
0.015,15.0,0.030694444444444448,30.694444444444446,0.82,9.563401222229004,1094.606689453125,2.0624313354492188,-1.9561823606491089,-620.5172119140625,0.0019437444861978292,1.8845881223678589
0.015,15.0,0.03116666666666667,31.166666666666668,0.82,9.450217247009277,1085.9527587890625,1.8839945793151855,-1.961151361465454,-622.0790405273438,0.0020328548271209,1.8508186340332031
0.015,15.0,0.03163888888888889,31.63888888888889,0.82,9.365110397338867,1077.2978515625,1.705543041229248,-1.9395524263381958,-624.9328002929688,0.0021450843196362257,1.8096106052398682
0.015,15.0,0.03211111111111111,32.111111111111114,0.82,9.291099548339844,1069.20751953125,1.5353630781173706,-1.8906804323196411,-629.0243530273438,0.0022845647763460875,1.7634422779083252
0.015,15.0,0.03258333333333333,32.583333333333336,0.82,9.205659866333008,1062.1463623046875,1.3808815479278564,-1.8105069398880005,-634.1813354492188,0.0024552836548537016,1.7147443294525146
0.015,15.0,0.03305555555555555,33.05555555555555,0.82,9.082503318786621,1056.34765625,1.247442364692688,-1.6923213005065918,-640.1373291015625,0.002660523634403944,1.6656774282455444
0.015,15.0,0.033527777777777774,33.52777777777777,0.82,8.895527839660645,1051.7645263671875,1.1376841068267822,-1.528016448020935,-646.579345703125,0.0029024947434663773,1.617965817451477
0.015,15.0,0.033999999999999996,33.99999999999999,0.82,8.624886512756348,1048.119140625,1.0519827604293823,-1.3097108602523804,-653.2144165039062,0.0031823667231947184,1.5728157758712769
0.015,15.0,0.03447222222222222,34.472222222222214,0.82,8.263628959655762,1045.0048828125,0.9898765087127686,-1.0314786434173584,-659.8262939453125,0.0035006387624889612,1.5309277772903442
0.015,15.0,0.03494444444444444,34.944444444444436,0.82,7.822568893432617,1041.9852294921875,0.9516972899436951,-0.6907607316970825,-666.3038330078125,0.003857544157654047,1.4925882816314697
0.015,15.0,0.03541666666666667,35.41666666666667,0.82,7.33174467086792,1038.6629638671875,0.9395632743835449,-0.28901150822639465,-672.6268310546875,0.004253076389431953,1.4577969312667847
0.015,15.0,0.035888888888888894,35.88888888888889,0.82,6.838314533233643,1034.724609375,0.9573584198951721,0.16852913796901703,-678.825439453125,0.004686612170189619,1.426393747329712
0.015,15.0,0.036361111111111115,36.361111111111114,0.82,6.401636600494385,1029.9818115234375,1.0099207162857056,0.6737477779388428,-684.9358520507812,0.005156127270311117,1.3981515169143677
0.015,15.0,0.036833333333333336,36.833333333333336,0.82,6.086714267730713,1024.416015625,1.1016253232955933,1.2167905569076538,-690.9685668945312,0.005657501984387636,1.3728322982788086
0.015,15.0,0.03730555555555556,37.30555555555556,0.82,5.9572248458862305,1018.2184448242188,1.2347347736358643,1.7869442701339722,-696.8993530273438,0.006184122990816832,1.3502051830291748
0.015,15.0,0.03777777777777778,37.77777777777778,0.82,6.0689544677734375,1011.809326171875,1.407505989074707,2.373155117034912,-702.6756591796875,0.006727208849042654,1.330031394958496
0.015,15.0,0.03825,38.25,0.82,6.464283466339111,1005.8213500976562,1.6122543811798096,2.963756799697876,-708.2269287109375,0.007277068682014942,1.3120325803756714
0.015,15.0,0.03872222222222222,38.72222222222222,0.82,7.166843891143799,1001.0321655273438,1.8332161903381348,3.54561710357666,-713.4669189453125,0.007826188579201698,1.2958409786224365
0.015,15.0,0.03919444444444444,39.19444444444444,0.82,8.174539566040039,998.2265625,2.044006109237671,4.102169036865234,-718.2799682617188,0.008374830707907677,1.2809491157531738
0.015,15.0,0.03966666666666666,39.666666666666664,0.82,9.446625709533691,997.9533081054688,2.2039592266082764,4.610300064086914,-722.4816284179688,0.008941029198467731,1.266658902168274
0.015,15.0,0.040138888888888884,40.138888888888886,0.82,10.878334045410156,1000.11669921875,2.252394676208496,5.035275459289551,-725.74267578125,0.00957676861435175,1.2520631551742554
0.015,15.0,0.040611111111111105,40.61111111111111,0.82,12.253829956054688,1003.2737426757812,2.0992724895477295,5.323256969451904,-727.4653930664062,0.01039582397788763,1.2361150979995728
0.015,15.0,0.04108333333333334,41.08333333333334,0.82,13.165986061096191,1003.4232788085938,1.610567569732666,5.390881061553955,-726.626953125,0.011626973748207092,1.2179226875305176
0.015,15.0,0.04155555555555556,41.555555555555564,0.82,12.902411460876465,992.0546264648438,0.5879359245300293,5.11296272277832,-721.7236328125,0.01373344101011753,1.197426199913025
0.015,15.0,0.04202777777777778,42.02777777777778,0.82,10.352182388305664,953.8092651367188,-1.2484619617462158,4.315309047698975,-711.204345703125,0.017712224274873734,1.176455020904541
0.015,15.0,0.0425,42.5,0.82,4.131009101867676,866.2951049804688,-4.232456684112549,2.7959420680999756,-694.7349853515625,0.02586153894662857,1.1594791412353516
0.025,25.0,-0.0425,-42.5,0.82,-3.5015056133270264,885.0758056640625,-8.885380744934082,-7.419455051422119,-831.5875854492188,0.013598164543509483,1.6195367574691772
0.025,25.0,-0.04202777777777778,-42.02777777777778,0.82,-7.950516223907471,1004.296875,-6.858955383300781,-4.067631244659424,-744.7052612304688,0.005720188841223717,1.7844237089157104
0.025,25.0,-0.04155555555555556,-41.555555555555564,0.82,-8.094849586486816,1038.410888671875,-5.389638423919678,-2.998887538909912,-699.7916259765625,0.003353624604642391,1.9439963102340698
0.025,25.0,-0.04108333333333333,-41.083333333333336,0.82,-6.856378555297852,1049.109130859375,-4.303041458129883,-2.852139472961426,-675.64306640625,0.002419201424345374,2.084803342819214
0.025,25.0,-0.04061111111111111,-40.611111111111114,0.82,-5.469799041748047,1057.284423828125,-3.468611240386963,-2.948457956314087,-660.6446533203125,0.001953431637957692,2.2042012214660645
0.025,25.0,-0.04013888888888889,-40.13888888888889,0.82,-4.242363929748535,1065.948486328125,-2.7965569496154785,-3.0407495498657227,-650.2066040039062,0.0016743222950026393,2.304114818572998
0.025,25.0,-0.03966666666666667,-39.66666666666667,0.82,-3.178659677505493,1073.9449462890625,-2.236457347869873,-3.063084840774536,-642.5477294921875,0.0014816143084317446,2.3872058391571045
0.025,25.0,-0.03919444444444445,-39.19444444444445,0.82,-2.2192163467407227,1080.2032470703125,-1.764235019683838,-3.0133140087127686,-636.8643798828125,0.0013342439197003841,2.4556281566619873
0.025,25.0,-0.03872222222222223,-38.72222222222223,0.82,-1.3072738647460938,1084.375,-1.3701543807983398,-2.9073641300201416,-632.7269287109375,0.0012137128505855799,2.510974168777466
0.025,25.0,-0.038250000000000006,-38.25000000000001,0.82,-0.402039110660553,1086.63232421875,-1.0518461465835571,-2.763489007949829,-629.8827514648438,0.0011111510684713721,2.554521083831787
0.025,25.0,-0.03777777777777778,-37.77777777777778,0.82,0.5206995010375977,1087.428466796875,-0.8107216358184814,-2.5978500843048096,-628.1776733398438,0.0010221621487289667,2.5873544216156006
0.025,25.0,-0.03730555555555556,-37.30555555555556,0.82,1.4702634811401367,1087.3427734375,-0.6500449776649475,-2.4239866733551025,-627.51318359375,0.0009445562609471381,2.610361099243164
0.025,25.0,-0.036833333333333336,-36.833333333333336,0.82,2.4437408447265625,1086.97216796875,-0.5735465884208679,-2.253317356109619,-627.812255859375,0.0008772632572799921,2.6241462230682373
0.025,25.0,-0.036361111111111115,-36.361111111111114,0.82,3.4297327995300293,1086.848388671875,-0.5841789245605469,-2.0955710411071777,-628.9906005859375,0.000819765031337738,2.6289658546447754
0.025,25.0,-0.035888888888888894,-35.88888888888889,0.82,4.412539958953857,1087.361083984375,-0.6829107999801636,-1.9589135646820068,-630.9423828125,0.0007717938860878348,2.6247313022613525
0.025,25.0,-0.035416666666666666,-35.416666666666664,0.82,5.376352310180664,1088.703125,-0.8676804900169373,-1.8496485948562622,-633.535400390625,0.0007331889355555177,2.6110804080963135
0.025,25.0,-0.034944444444444445,-34.94444444444444,0.82,6.308382034301758,1090.841064453125,-1.1325796842575073,-1.7716395854949951,-636.6215209960938,0.0007038398762233555,2.5875353813171387
0.025,25.0,-0.034472222222222224,-34.47222222222222,0.82,7.2007598876953125,1093.529296875,-1.4675166606903076,-1.7256320714950562,-640.0533447265625,0.0006836731336079538,2.5536935329437256
0.025,25.0,-0.034,-34.0,0.82,8.051536560058594,1096.366455078125,-1.858288049697876,-1.7087677717208862,-643.7046508789062,0.0006726463325321674,2.509446144104004
0.025,25.0,-0.03352777777777778,-33.52777777777778,0.82,8.865130424499512,1098.885986328125,-2.2873289585113525,-1.714550256729126,-647.4813232421875,0.0006707105203531682,2.455188751220703
0.025,25.0,-0.03305555555555556,-33.05555555555556,0.82,9.652250289916992,1100.65625,-2.735260248184204,-1.7335529327392578,-651.3229370117188,0.0006777491653338075,2.391969680786133
0.025,25.0,-0.03258333333333334,-32.583333333333336,0.82,10.429425239562988,1101.36279296875,-3.1833620071411133,-1.7548447847366333,-655.1947021484375,0.0006934439879842103,2.321552276611328
0.025,25.0,-0.03211111111111112,-32.11111111111112,0.82,11.217133522033691,1100.85791015625,-3.6166605949401855,-1.7679227590560913,-659.0697021484375,0.0007170941098593175,2.246351480484009
0.025,25.0,-0.03163888888888889,-31.63888888888889,0.82,12.036819458007812,1099.18212890625,-4.027180194854736,-1.7645745277404785,-662.9135131835938,0.0007473800214938819,2.169264793395996
0.025,25.0,-0.03116666666666667,-31.166666666666668,0.82,12.907204627990723,1096.554443359375,-4.41636323928833,-1.7402048110961914,-666.6708984375,0.0007821315084584057,2.093421697616577
0.025,25.0,-0.030694444444444448,-30.694444444444446,0.82,13.841796875,1093.352294921875,-4.795983791351318,-1.694056749343872,-670.2634887695312,0.0008181884186342359,2.0219039916992188
0.025,25.0,-0.030222222222222227,-30.222222222222225,0.82,14.848973274230957,1090.07861328125,-5.186899662017822,-1.6284159421920776,-673.59619140625,0.0008514559012837708,1.9575024843215942
0.025,25.0,-0.029750000000000002,-29.750000000000004,0.82,15.93505859375,1087.3369140625,-5.615969181060791,-1.54692542552948,-676.5662231445312,0.0008772441069595516,1.9025501012802124
0.025,25.0,-0.02927777777777778,-29.277777777777782,0.82,17.108612060546875,1085.8228759765625,-6.111749649047852,-1.4526747465133667,-679.0722045898438,0.0008908847230486572,1.8588619232177734
0.025,25.0,-0.028805555555555556,-28.805555555555557,0.82,18.384185791015625,1086.346923828125,-6.699862957000732,-1.346702218055725,-681.0169067382812,0.0008884994895197451,1.8277778625488281
0.025,25.0,-0.028333333333333335,-28.333333333333336,0.82,19.78386688232422,1089.876708984375,-7.398651123046875,-1.2273932695388794,-682.3052978515625,0.0008677223813720047,1.8102689981460571
0.025,25.0,-0.027861111111111114,-27.861111111111114,0.82,21.33669090270996,1097.5673828125,-8.215507507324219,-1.0909276008605957,-682.84130859375,0.0008281809859909117,1.807060718536377
0.025,25.0,-0.027388888888888893,-27.388888888888893,0.82,23.076242446899414,1110.747802734375,-9.144147872924805,-0.932550847530365,-682.526123046875,0.0007716224645264447,1.8187414407730103
0.025,25.0,-0.02691666666666667,-26.916666666666668,0.82,25.03685760498047,1130.8365478515625,-10.16319465637207,-0.7483292818069458,-681.2588500976562,0.0007016664603725076,1.845825433731079
0.025,25.0,-0.026444444444444448,-26.444444444444446,0.82,27.248327255249023,1159.172607421875,-11.236412048339844,-0.537011444568634,-678.9432373046875,0.0006232394953258336,1.8887500762939453
0.025,25.0,-0.025972222222222226,-25.972222222222225,0.82,29.72918128967285,1196.777099609375,-12.31496810913086,-0.3015514314174652,-675.4963989257812,0.0005418056389316916,1.9478157758712769
0.025,25.0,-0.025500000000000002,-25.500000000000004,0.82,32.47949981689453,1244.07666015625,-13.341803550720215,-0.04991705343127251,-670.8626708984375,0.00046253640903159976,2.0230681896209717
0.025,25.0,-0.02502777777777778,-25.027777777777782,0.82,35.4753532409668,1300.656005859375,-14.257828712463379,0.20534442365169525,-665.032958984375,0.0003895855916198343,2.1141462326049805
0.025,25.0,-0.02455555555555556,-24.55555555555556,0.82,38.66720199584961,1365.1162109375,-15.009004592895508,0.4491927921772003,-658.0691528320312,0.00032564805587753654,2.2201125621795654
0.025,25.0,-0.024083333333333335,-24.083333333333336,0.82,41.9835090637207,1435.1280517578125,-15.552816390991211,0.6677733659744263,-650.1383666992188,0.00027188166859559715,2.3393118381500244
0.025,25.0,-0.023611111111111114,-23.611111111111114,0.82,45.337974548339844,1507.68017578125,-15.8627347946167,0.8526548147201538,-641.5419311523438,0.00022816305863671005,2.4692680835723877
0.025,25.0,-0.023138888888888893,-23.138888888888893,0.82,48.638336181640625,1579.4892578125,-15.9301176071167,1.0040048360824585,-632.7285766601562,0.0001935156324179843,2.6066768169403076
0.025,25.0,-0.02266666666666667,-22.666666666666668,0.82,51.792911529541016,1647.427978515625,-15.76363754272461,1.130797266960144,-624.2730712890625,0.0001665660965954885,2.7474708557128906
0.025,25.0,-0.022194444444444447,-22.194444444444446,0.82,54.71564865112305,1708.8734130859375,-15.387585639953613,1.2475162744522095,-616.8111572265625,0.0001458874176023528,2.886988401412964
0.025,25.0,-0.021722222222222226,-21.722222222222225,0.82,57.329429626464844,1761.9052734375,-14.839632034301758,1.368346929550171,-610.9447631835938,0.0001302123855566606,3.020204544067383
0.025,25.0,-0.02125,-21.25,0.82,59.569068908691406,1805.364013671875,-14.168440818786621,1.500928282737732,-607.14794921875,0.00011852210445795208,3.1420156955718994
0.025,25.0,-0.02077777777777778,-20.777777777777782,0.82,61.38369369506836,1838.7886962890625,-13.43089771270752,1.6418097019195557,-605.7083129882812,0.0001100598310586065,3.2475693225860596
0.025,25.0,-0.02030555555555556,-20.30555555555556,0.82,62.73806381225586,1862.281005859375,-12.688411712646484,1.7750885486602783,-606.7183227539062,0.00010430336988065392,3.3326096534729004
0.025,25.0,-0.019833333333333335,-19.833333333333336,0.82,63.6134033203125,1876.31494140625,-12.002236366271973,1.8739914894104004,-610.1019287109375,0.00010092194133903831,3.393847942352295
0.025,25.0,-0.019361111111111114,-19.361111111111114,0.82,64.00810241699219,1881.5247802734375,-11.427825927734375,1.905046820640564,-615.6517944335938,9.973366832127795e-05,3.429292917251587
0.025,25.0,-0.018888888888888893,-18.888888888888893,0.82,63.9374885559082,1878.499267578125,-11.00840950012207,1.833630919456482,-623.0460815429688,0.00010067316907225177,3.4384946823120117
0.025,25.0,-0.018416666666666668,-18.416666666666668,0.82,63.43198776245117,1867.62744140625,-10.76909351348877,1.6298301219940186,-631.8464965820312,0.0001037701076711528,3.4226162433624268
0.025,25.0,-0.017944444444444447,-17.944444444444446,0.82,62.53165817260742,1849.0380859375,-10.712396621704102,1.2734214067459106,-641.4942626953125,0.00010914498125202954,3.3843047618865967
0.025,25.0,-0.017472222222222226,-17.472222222222225,0.82,61.27783203125,1822.6881103515625,-10.816900253295898,0.7571054697036743,-651.33740234375,0.00011702143820002675,3.3273415565490723
0.025,25.0,-0.017,-17.0,0.82,59.7047233581543,1788.6541748046875,-11.039365768432617,0.0879308432340622,-660.7090454101562,0.00012775709910783917,3.2561440467834473
0.025,25.0,-0.01652777777777778,-16.52777777777778,0.82,57.83610534667969,1747.6119384765625,-11.320046424865723,-0.7125753164291382,-669.0543212890625,0.00014188751811161637,3.1752023696899414
0.025,25.0,-0.01605555555555556,-16.05555555555556,0.82,55.6892204284668,1701.344970703125,-11.590538024902344,-1.6089611053466797,-676.0616455078125,0.00016017118468880653,3.088569164276123
0.025,25.0,-0.015583333333333334,-15.583333333333334,0.82,53.283512115478516,1652.9814453125,-11.783799171447754,-2.554288148880005,-681.7335815429688,0.00018364483548793942,2.9994637966156006
0.025,25.0,-0.015111111111111113,-15.111111111111112,0.82,50.64854431152344,1606.6676025390625,-11.845192909240723,-3.495283603668213,-686.3421020507812,0.0002136910625267774,2.910055637359619
0.025,25.0,-0.014638888888888892,-14.638888888888893,0.82,47.825374603271484,1566.6597900390625,-11.741158485412598,-4.379921913146973,-690.2752685546875,0.0002521668211556971,2.821453094482422
0.025,25.0,-0.014166666666666668,-14.166666666666668,0.82,44.85942459106445,1536.2197265625,-11.460797309875488,-5.164001941680908,-693.8544311523438,0.00030161457834765315,2.7339699268341064
0.025,25.0,-0.013694444444444447,-13.694444444444446,0.82,41.786956787109375,1516.8592529296875,-11.009626388549805,-5.814885139465332,-697.214111328125,0.0003655664040707052,2.6476945877075195
0.025,25.0,-0.013222222222222225,-13.222222222222225,0.82,38.623321533203125,1508.2576904296875,-10.400209426879883,-6.313467025756836,-700.2886962890625,0.0004488190752454102,2.5632822513580322
0.025,25.0,-0.012750000000000001,-12.750000000000002,0.82,35.3637809753418,1508.8021240234375,-9.646918296813965,-6.65678071975708,-702.888671875,0.0005573650123551488,2.4826343059539795
0.025,25.0,-0.01227777777777778,-12.27777777777778,0.82,32.00086212158203,1516.49365234375,-8.768141746520996,-6.860293865203857,-704.8121337890625,0.0006973833660595119,2.4090778827667236
0.025,25.0,-0.011805555555555559,-11.805555555555559,0.82,28.547348022460938,1529.8680419921875,-7.792133331298828,-6.955572128295898,-705.9342651367188,0.0008726896485313773,2.3468496799468994
0.025,25.0,-0.011333333333333334,-11.333333333333334,0.82,25.044973373413086,1548.5660400390625,-6.758947849273682,-6.981081962585449,-706.2372436523438,0.0010808476945385337,2.3000855445861816
0.025,25.0,-0.010861111111111113,-10.861111111111112,0.82,21.55119514465332,1573.25439453125,-5.7147393226623535,-6.970135688781738,-705.7749633789062,0.0013098815688863397,2.271818161010742
0.025,25.0,-0.010388888888888892,-10.388888888888893,0.82,18.115333557128906,1604.93896484375,-4.701773643493652,-6.942923069000244,-704.6199340820312,0.0015389234758913517,2.2633771896362305
0.025,25.0,-0.00991666666666667,-9.916666666666671,0.82,14.763224601745605,1644.0841064453125,-3.750433921813965,-6.905573844909668,-702.8402099609375,0.0017443997785449028,2.274265766143799
0.025,25.0,-0.00944444444444445,-9.44444444444445,0.82,11.498138427734375,1690.0777587890625,-2.8761894702911377,-6.853708267211914,-700.5226440429688,0.0019089756533503532,2.3023769855499268
0.025,25.0,-0.008972222222222222,-8.972222222222221,0.82,8.312643051147461,1741.3167724609375,-2.08180832862854,-6.776598930358887,-697.8211669921875,0.00202761497348547,2.344367265701294
0.025,25.0,-0.0085,-8.5,0.82,5.200742721557617,1795.767578125,-1.3626980781555176,-6.660783290863037,-694.9878540039062,0.0021074756514281034,2.3960952758789062
0.025,25.0,-0.00802777777777778,-8.02777777777778,0.82,2.1642916202545166,1851.57275390625,-0.7131063938140869,-6.4939351081848145,-692.3662109375,0.0021629738621413708,2.4530792236328125
0.025,25.0,-0.007555555555555558,-7.555555555555558,0.82,-0.7865780591964722,1907.365966796875,-0.13034838438034058,-6.268969535827637,-690.3418579101562,0.0022098864428699017,2.510972261428833
0.025,25.0,-0.007083333333333337,-7.0833333333333375,0.82,-3.634793519973755,1962.21044921875,0.3842346668243408,-5.9869256019592285,-689.2697143554688,0.002261171117424965,2.5660219192504883
0.025,25.0,-0.006611111111111116,-6.611111111111116,0.82,-6.357503890991211,2015.3489990234375,0.8271077275276184,-5.657147407531738,-689.3992309570312,0.002325120847672224,2.6154417991638184
0.025,25.0,-0.006138888888888888,-6.138888888888888,0.82,-8.926788330078125,2065.986328125,1.195170283317566,-5.2953596115112305,-690.82177734375,0.00240512378513813,2.6576342582702637
0.025,25.0,-0.005666666666666667,-5.666666666666667,0.82,-11.311822891235352,2113.23974609375,1.4875462055206299,-4.920909881591797,-693.4517822265625,0.00250015826895833,2.69222092628479
0.025,25.0,-0.005194444444444446,-5.194444444444446,0.82,-13.483197212219238,2156.26416015625,1.7057846784591675,-4.554198265075684,-697.0521850585938,0.0026056808419525623,2.719897985458374
0.025,25.0,-0.004722222222222225,-4.722222222222225,0.82,-15.418730735778809,2194.466552734375,1.8528516292572021,-4.214483737945557,-701.296142578125,0.002714932430535555,2.7421696186065674
0.025,25.0,-0.004250000000000004,-4.2500000000000036,0.82,-17.108333587646484,2227.68701171875,1.9313620328903198,-3.917512893676758,-705.8545532226562,0.0028207243885844946,2.761019706726074
0.025,25.0,-0.0037777777777777827,-3.7777777777777826,0.82,-18.55546760559082,2256.234375,1.9420959949493408,-3.6733744144439697,-710.472900390625,0.0029174366500228643,2.7785797119140625
0.025,25.0,-0.0033055555555555546,-3.3055555555555545,0.82,-19.774927139282227,2280.7509765625,1.883731484413147,-3.4847450256347656,-715.0126342773438,0.003002521116286516,2.7968149185180664
0.025,25.0,-0.0028333333333333335,-2.8333333333333335,0.82,-20.788021087646484,2301.962646484375,1.7543184757232666,-3.3461668491363525,-719.4335327148438,0.0030767449643462896,2.817291498184204
0.025,25.0,-0.0023611111111111124,-2.3611111111111125,0.82,-21.61713409423828,2320.42529296875,1.5539507865905762,-3.24477481842041,-723.7344360351562,0.0031431156676262617,2.841007947921753
0.025,25.0,-0.0018888888888888913,-1.8888888888888913,0.82,-22.280517578125,2336.371337890625,1.2874178886413574,-3.162644147872925,-727.8865966796875,0.003205030458047986,2.868312120437622
0.025,25.0,-0.0014166666666666702,-1.4166666666666703,0.82,-22.788898468017578,2349.687744140625,0.965521514415741,-3.080177068710327,-731.7982177734375,0.003264568978920579,2.898894786834717
0.025,25.0,-0.0009444444444444491,-0.9444444444444491,0.82,-23.14459800720215,2359.999755859375,0.6044726967811584,-2.9796674251556396,-735.3213500976562,0.0033215160947293043,2.931847095489502
0.025,25.0,-0.0004722222222222211,-0.4722222222222211,0.82,-23.34396743774414,2366.82275390625,0.2237951159477234,-2.8482069969177246,-738.2849731445312,0.003373274812474847,2.9658048152923584
0.025,25.0,0.0,0.0,0.82,-23.381603240966797,2369.706787109375,-0.15637663006782532,-2.6793253421783447,-740.531494140625,0.003415466519072652,2.9991278648376465
0.025,25.0,0.0004722222222222211,0.4722222222222211,0.82,-23.254545211791992,2368.343017578125,-0.5178556442260742,-2.4732937812805176,-741.9384155273438,0.003442876972258091,3.0301361083984375
0.025,25.0,0.0009444444444444422,0.9444444444444422,0.82,-22.964664459228516,2362.611083984375,-0.8462859392166138,-2.2362351417541504,-742.4246826171875,0.003450451884418726,3.057319164276123
0.025,25.0,0.0014166666666666633,1.4166666666666634,0.82,-22.51852035522461,2352.568603515625,-1.1321663856506348,-1.978252649307251,-741.9462890625,0.003434188896790147,3.0795066356658936
0.025,25.0,0.0018888888888888844,1.8888888888888844,0.82,-21.92491340637207,2338.40966796875,-1.3709831237792969,-1.711134910583496,-740.4886474609375,0.003391653299331665,3.0959625244140625
0.025,25.0,0.0023611111111111124,2.3611111111111125,0.82,-21.191234588623047,2320.4013671875,-1.5627292394638062,-1.445986270904541,-738.0593872070312,0.0033222385682165623,3.106377601623535
0.025,25.0,0.0028333333333333335,2.8333333333333335,0.82,-20.320148468017578,2298.82421875,-1.7109501361846924,-1.1913570165634155,-734.68212890625,0.0032270902302116156,3.1107802391052246
0.025,25.0,0.0033055555555555546,3.3055555555555545,0.82,-19.307266235351562,2273.921142578125,-1.8216331005096436,-0.9518690705299377,-730.394287109375,0.0031088327523320913,3.109403133392334
0.025,25.0,0.0037777777777777757,3.777777777777776,0.82,-18.1407527923584,2245.863037109375,-1.9020166397094727,-0.7276731133460999,-725.2440795898438,0.002971210516989231,3.1025331020355225
0.025,25.0,0.004249999999999997,4.2499999999999964,0.82,-16.8027400970459,2214.72705078125,-1.9594790935516357,-0.5145663022994995,-719.291748046875,0.0028186673298478127,3.0903987884521484
0.025,25.0,0.004722222222222218,4.722222222222218,0.82,-15.272388458251953,2180.49462890625,-2.0003554821014404,-0.30473482608795166,-712.6080932617188,0.0026559438556432724,3.0731096267700195
0.025,25.0,0.005194444444444446,5.194444444444446,0.82,-13.530267715454102,2143.07373046875,-2.0286951065063477,-0.08796245604753494,-705.2753295898438,0.002487725345417857,3.0506503582000732
0.025,25.0,0.005666666666666667,5.666666666666667,0.82,-11.563311576843262,2102.3427734375,-2.044956922531128,0.14697593450546265,-697.3861083984375,0.00231836992315948,3.0229177474975586
0.025,25.0,0.006138888888888888,6.138888888888888,0.82,-9.369585990905762,2058.2236328125,-2.0447728633880615,0.41087982058525085,-689.043212890625,0.002151734894141555,2.9897921085357666
0.025,25.0,0.006611111111111109,6.611111111111109,0.82,-6.961580753326416,2010.7716064453125,-2.018289566040039,0.7130780220031738,-680.3592529296875,0.0019911008421331644,2.951202630996704
0.025,25.0,0.00708333333333333,7.08333333333333,0.82,-4.366833686828613,1960.2664794921875,-1.9504082202911377,1.0608108043670654,-671.4580078125,0.0018391517223790288,2.9071993827819824
0.025,25.0,0.0075555555555555515,7.555555555555552,0.82,-1.6253641843795776,1907.2906494140625,-1.8222891092300415,1.459141731262207,-662.4740600585938,0.001697991625405848,2.858004570007324
0.025,25.0,0.00802777777777778,8.02777777777778,0.82,1.2160407304763794,1852.7691650390625,-1.6139310598373413,1.911208152770996,-653.5499267578125,0.0015691760927438736,2.8040506839752197
0.025,25.0,0.0085,8.5,0.82,4.111441612243652,1797.9541015625,-1.3073334693908691,2.418462038040161,-644.8314819335938,0.0014537182869389653,2.7459940910339355
0.025,25.0,0.008972222222222222,8.972222222222221,0.82,7.02371883392334,1744.3505859375,-0.8892568349838257,2.980764389038086,-636.4642333984375,0.0013521374203264713,2.6847078800201416
0.025,25.0,0.009444444444444443,9.444444444444443,0.82,9.931013107299805,1693.5928955078125,-0.3527146875858307,3.5960631370544434,-628.59130859375,0.0012645167298614979,2.621255874633789
0.025,25.0,0.009916666666666664,9.916666666666664,0.82,12.830100059509277,1647.3001708984375,0.3032979369163513,4.259848594665527,-621.3572387695312,0.0011906003346666694,2.5568466186523438
0.025,25.0,0.010388888888888885,10.388888888888886,0.82,15.736184120178223,1606.940185546875,1.0757336616516113,4.964630603790283,-614.9110107421875,0.0011298853205516934,2.4927995204925537
0.025,25.0,0.010861111111111113,10.861111111111112,0.82,18.678730010986328,1573.7347412109375,1.9601417779922485,5.699524879455566,-609.40087890625,0.0010816804133355618,2.4305121898651123
0.025,25.0,0.011333333333333334,11.333333333333334,0.82,21.69423484802246,1548.6175537109375,2.9529285430908203,6.450293064117432,-604.960693359375,0.0010451005073264241,2.371441125869751
0.025,25.0,0.011805555555555555,11.805555555555555,0.82,24.81686782836914,1532.239990234375,4.051851272583008,7.1995134353637695,-601.6857299804688,0.0010189792374148965,2.317103862762451
0.025,25.0,0.012277777777777776,12.277777777777777,0.82,28.069198608398438,1524.995361328125,5.254558563232422,7.926556587219238,-599.6080932617188,0.0010017512831836939,2.26906156539917
0.025,25.0,0.012749999999999997,12.749999999999998,0.82,31.455232620239258,1527.0416259765625,6.5554351806640625,8.60733699798584,-598.6799926757812,0.0009913441026583314,2.228886365890503
0.025,25.0,0.013222222222222219,13.222222222222218,0.82,34.95756149291992,1538.2977294921875,7.942436218261719,9.213829040527344,-598.7775268554688,0.000985164544545114,2.1980926990509033
0.025,25.0,0.013694444444444447,13.694444444444446,0.82,38.5394287109375,1558.4105224609375,9.395572662353516,9.714163780212402,-599.7183227539062,0.0009802308632060885,2.1780340671539307
0.025,25.0,0.014166666666666668,14.166666666666668,0.82,42.15031433105469,1586.6998291015625,10.887856483459473,10.074146270751953,-601.28857421875,0.0009734689956530929,2.1697707176208496
0.025,25.0,0.014638888888888889,14.63888888888889,0.82,45.73228454589844,1622.0965576171875,12.388469696044922,10.260756492614746,-603.2651977539062,0.0009621579083614051,2.1739273071289062
0.025,25.0,0.01511111111111111,15.11111111111111,0.82,49.22454833984375,1663.0955810546875,13.866216659545898,10.247610092163086,-605.4205932617188,0.0009443954913876951,2.1905436515808105
0.025,25.0,0.015583333333333331,15.58333333333333,0.82,52.56414031982422,1707.7418212890625,15.291818618774414,10.021166801452637,-607.5180053710938,0.0009194643353112042,2.218945026397705
0.025,25.0,0.016055555555555552,16.055555555555554,0.82,55.684391021728516,1753.6636962890625,16.638153076171875,9.585755348205566,-609.3035278320312,0.0008879401721060276,2.25765061378479
0.025,25.0,0.01652777777777778,16.52777777777778,0.82,58.513694763183594,1798.1820068359375,17.879199981689453,8.965526580810547,-610.5109252929688,0.0008514668443240225,2.3043642044067383
0.025,25.0,0.017,17.0,0.82,60.97710037231445,1838.4892578125,18.98862648010254,8.20220947265625,-610.8910522460938,0.0008123006555251777,2.356066942214966
0.025,25.0,0.017472222222222222,17.47222222222222,0.82,63.00185012817383,1871.896240234375,19.939517974853516,7.3495192527771,-610.2555541992188,0.0007727885968051851,2.4092233180999756
0.025,25.0,0.017944444444444443,17.944444444444443,0.82,64.52442932128906,1896.1046142578125,20.705270767211914,6.465682029724121,-608.5244140625,0.0007349812076427042,2.4600753784179688
0.025,25.0,0.018416666666666665,18.416666666666664,0.82,65.4970703125,1909.4451904296875,21.261499404907227,5.606263637542725,-605.7548217773438,0.0007004481158219278,2.5049610137939453
0.025,25.0,0.018888888888888886,18.888888888888886,0.82,65.89192199707031,1911.03271484375,21.588449478149414,4.818519115447998,-602.1419067382812,0.0006702800164930522,2.540611743927002
0.025,25.0,0.019361111111111107,19.361111111111107,0.82,65.70294952392578,1900.7967529296875,21.67317771911621,4.13814640045166,-597.98974609375,0.000645201129373163,2.5643625259399414
0.025,25.0,0.019833333333333335,19.833333333333336,0.82,64.94632720947266,1879.3953857421875,21.511587142944336,3.5878937244415283,-593.6692504882812,0.0006257093045860529,2.574284553527832
0.025,25.0,0.020305555555555556,20.305555555555557,0.82,63.65994644165039,1848.04345703125,21.109832763671875,3.1780412197113037,-589.5722045898438,0.0006121995975263417,2.5692312717437744
0.025,25.0,0.020777777777777777,20.77777777777778,0.82,61.90144729614258,1808.3084716796875,20.48499870300293,2.9078421592712402,-586.0731201171875,0.00060505501460284,2.5488288402557373
0.025,25.0,0.021249999999999998,21.249999999999996,0.82,59.74452590942383,1761.925537109375,19.664337158203125,2.767829179763794,-583.5032348632812,0.0006047016941010952,2.513441562652588
0.025,25.0,0.02172222222222222,21.722222222222218,0.82,57.2730827331543,1710.66064453125,18.682863235473633,2.7423150539398193,-582.1312866210938,0.0006116488948464394,2.4641189575195312
0.025,25.0,0.02219444444444444,22.19444444444444,0.82,54.57366943359375,1656.2286376953125,17.579391479492188,2.8119454383850098,-582.150390625,0.0006265109986998141,2.4025254249572754
0.025,25.0,0.02266666666666666,22.66666666666666,0.82,51.72783279418945,1600.2369384765625,16.39211082458496,2.9557912349700928,-583.6616821289062,0.0006500227609649301,2.33083438873291
0.025,25.0,0.023138888888888882,23.138888888888882,0.82,48.80549621582031,1544.13525390625,15.155177116394043,3.1525802612304688,-586.6558227539062,0.0006830203928984702,2.251607894897461
0.025,25.0,0.023611111111111104,23.611111111111104,0.82,45.86052703857422,1489.1412353515625,13.89721393585205,3.3810746669769287,-590.9964599609375,0.0007263785810209811,2.1676597595214844
0.025,25.0,0.02408333333333334,24.08333333333334,0.82,42.929161071777344,1436.17333984375,12.642147064208984,3.6196842193603516,-596.4170532226562,0.0007808396476320922,2.0819501876831055
0.025,25.0,0.02455555555555556,24.55555555555556,0.82,40.0309944152832,1385.8121337890625,11.41118335723877,3.846147298812866,-602.5435791015625,0.0008467115112580359,1.9974992275238037
0.025,25.0,0.02502777777777778,25.027777777777782,0.82,37.17350769042969,1338.353759765625,10.224637985229492,4.037923812866211,-608.9509887695312,0.000923382118344307,1.9173216819763184
0.025,25.0,0.025500000000000002,25.500000000000004,0.82,34.359214782714844,1293.947509765625,9.102217674255371,4.173640251159668,-615.2453002929688,0.001008679741062224,1.8443341255187988
0.025,25.0,0.025972222222222223,25.97222222222222,0.82,31.594188690185547,1252.79052734375,8.061516761779785,4.235599040985107,-621.1497192382812,0.0010982690146192908,1.7812154293060303
0.025,25.0,0.026444444444444444,26.444444444444443,0.82,28.89461326599121,1215.27587890625,7.1155571937561035,4.212316513061523,-626.5543823242188,0.0011854817857965827,1.7302093505859375
0.025,25.0,0.026916666666666665,26.916666666666664,0.82,26.288610458374023,1181.99658203125,6.271146297454834,4.099934101104736,-631.50146484375,0.0012620690977200866,1.6929129362106323
0.025,25.0,0.027388888888888886,27.388888888888886,0.82,23.812297821044922,1153.5792236328125,5.528696537017822,3.9018619060516357,-636.107666015625,0.0013200733810663223,1.6700873374938965
0.025,25.0,0.027861111111111107,27.861111111111107,0.82,21.502527236938477,1130.4403076171875,4.883201599121094,3.6273272037506104,-640.4724731445312,0.0013542014639824629,1.6615710258483887
0.025,25.0,0.02833333333333333,28.33333333333333,0.82,19.389198303222656,1112.609375,4.325322151184082,3.289921998977661,-644.620849609375,0.0013634725473821163,1.6663099527359009
0.025,25.0,0.02880555555555555,28.80555555555555,0.82,17.48983383178711,1099.704345703125,3.8424947261810303,2.906249761581421,-648.5021362304688,0.001351226237602532,1.6825007200241089
0.025,25.0,0.02927777777777777,29.27777777777777,0.82,15.807628631591797,1091.0283203125,3.420210599899292,2.494173049926758,-652.025390625,0.0013236794620752335,1.707788348197937
0.025,25.0,0.029750000000000006,29.750000000000007,0.82,14.333468437194824,1085.715576171875,3.0437026023864746,2.070258855819702,-655.1018676757812,0.0012880194699391723,1.7394555807113647
0.025,25.0,0.030222222222222227,30.222222222222225,0.82,13.05040168762207,1082.8551025390625,2.6997296810150146,1.6471959352493286,-657.6748657226562,0.0012509779771789908,1.77457857131958
0.025,25.0,0.030694444444444448,30.694444444444446,0.82,11.938567161560059,1081.574951171875,2.378300905227661,1.2319623231887817,-659.7297973632812,0.0012181937927380204,1.810149908065796
0.025,25.0,0.03116666666666667,31.166666666666668,0.82,10.978287696838379,1081.0927734375,2.074012041091919,0.825485110282898,-661.2888793945312,0.0011942337732762098,1.843186855316162
0.025,25.0,0.03163888888888889,31.63888888888889,0.82,10.150430679321289,1080.7470703125,1.786706805229187,0.42340391874313354,-662.395751953125,0.0011830120347440243,1.8708525896072388
0.025,25.0,0.03211111111111111,32.111111111111114,0.82,9.434358596801758,1080.021484375,1.5212746858596802,0.01761433854699135,-663.1000366210938,0.0011883469996973872,1.8906095027923584
0.025,25.0,0.03258333333333333,32.583333333333336,0.82,8.804929733276367,1078.5689697265625,1.2865620851516724,-0.4017222821712494,-663.4437866210938,0.0012146142544224858,1.9004144668579102
0.025,25.0,0.03305555555555555,33.05555555555555,0.82,8.22931957244873,1076.2342529296875,1.0941317081451416,-0.8436508178710938,-663.4566650390625,0.0012675400357693434,1.8989331722259521
0.025,25.0,0.033527777777777774,33.52777777777777,0.82,7.664342403411865,1073.100830078125,0.9578970074653625,-1.3130359649658203,-663.1651000976562,0.0013553332537412643,1.8857543468475342
0.025,25.0,0.033999999999999996,33.99999999999999,0.82,7.055572986602783,1069.569580078125,0.8956157565116882,-1.8063186407089233,-662.6295166015625,0.001490538939833641,1.8615556955337524
0.025,25.0,0.03447222222222222,34.472222222222214,0.82,6.342668056488037,1066.4873046875,0.931746780872345,-2.307178497314453,-662.0338745117188,0.0016931575955823064,1.8281996250152588
0.025,25.0,0.03494444444444444,34.944444444444436,0.82,5.479618549346924,1065.229736328125,1.097814679145813,-2.785459280014038,-661.84521484375,0.0019959581550210714,1.7887102365493774
0.025,25.0,0.03541666666666667,35.41666666666667,0.82,4.474793910980225,1067.443359375,1.4219681024551392,-3.204387903213501,-663.019287109375,0.002452845685184002,1.747028112411499
0.025,25.0,0.035888888888888894,35.88888888888889,0.82,3.4300637245178223,1073.9901123046875,1.9017704725265503,-3.5402991771698,-667.11279296875,0.0031502796337008476,1.7074131965637207
0.025,25.0,0.036361111111111115,36.361111111111114,0.82,2.516124963760376,1083.29931640625,2.4756991863250732,-3.804682493209839,-675.9729614257812,0.0042176395654678345,1.6735764741897583
0.025,25.0,0.036833333333333336,36.833333333333336,0.82,1.842059850692749,1090.96337890625,3.0325441360473633,-4.039068698883057,-690.7313842773438,0.0058239297941327095,1.6479625701904297
0.025,25.0,0.03730555555555556,37.30555555555556,0.82,1.3184713125228882,1092.51806640625,3.468003749847412,-4.269399166107178,-710.6439208984375,0.008139613084495068,1.6315244436264038
0.025,25.0,0.03777777777777778,37.77777777777778,0.82,0.6861791610717773,1087.6241455078125,3.733494520187378,-4.465447425842285,-733.1030883789062,0.011254798620939255,1.6237289905548096
0.025,25.0,0.03825,38.25,0.82,-0.29726678133010864,1081.0211181640625,3.8352296352386475,-4.555917263031006,-755.0877075195312,0.015094276517629623,1.6224676370620728
0.025,25.0,0.03872222222222222,38.72222222222222,0.82,-1.6984201669692993,1079.019287109375,3.8076694011688232,-4.478682518005371,-774.6294555664062,0.019417252391576767,1.624100685119629
0.025,25.0,0.03919444444444444,39.19444444444444,0.82,-3.3829519748687744,1085.098876953125,3.6922905445098877,-4.214733123779297,-791.149658203125,0.023942986503243446,1.6240031719207764
0.025,25.0,0.03966666666666666,39.666666666666664,0.82,-5.08428430557251,1097.885498046875,3.5260555744171143,-3.7897071838378906,-804.9188842773438,0.028531186282634735,1.617412805557251
0.025,25.0,0.040138888888888884,40.138888888888886,0.82,-6.489294528961182,1111.6231689453125,3.335615873336792,-3.257638931274414,-816.38720703125,0.0333099365234375,1.600182294845581
0.025,25.0,0.040611111111111105,40.61111111111111,0.82,-7.302950382232666,1117.69921875,3.1351871490478516,-2.68245792388916,-825.8120727539062,0.038737040013074875,1.5692062377929688
0.025,25.0,0.04108333333333334,41.08333333333334,0.82,-7.287041664123535,1106.1209716796875,2.9262826442718506,-2.1245205402374268,-833.1907958984375,0.045675359666347504,1.5225657224655151
0.025,25.0,0.04155555555555556,41.555555555555564,0.82,-6.282164096832275,1066.6785888671875,2.69754958152771,-1.6337894201278687,-838.3467407226562,0.05560002475976944,1.4595658779144287
0.025,25.0,0.04202777777777778,42.02777777777778,0.82,-4.223287105560303,989.9633178710938,2.423190116882324,-1.2503864765167236,-841.0325927734375,0.07108765095472336,1.380859136581421
0.025,25.0,0.0425,42.5,0.82,-1.1576744318008423,868.7188720703125,2.0598154067993164,-1.0109771490097046,-840.984619140625,0.09680230170488358,1.2887866497039795
0.04,40.0,-0.0425,-42.5,0.82,-5.431199550628662,941.5941162109375,-5.805445671081543,-4.664213180541992,-854.1503295898438,0.013793060556054115,2.3779726028442383
0.04,40.0,-0.04202777777777778,-42.02777777777778,0.82,-10.421486854553223,1285.279296875,-2.6197822093963623,-0.9833472967147827,-706.6007690429688,0.004514866508543491,2.7331438064575195
0.04,40.0,-0.04155555555555556,-41.555555555555564,0.82,-7.6331329345703125,1306.280517578125,-1.4804952144622803,-0.5589525103569031,-690.5086059570312,0.002752765314653516,3.0357489585876465
0.04,40.0,-0.04108333333333333,-41.083333333333336,0.82,-5.57473611831665,1304.910400390625,-1.0934779644012451,-0.5120439529418945,-690.9108276367188,0.0018625766970217228,3.2793071269989014
0.04,40.0,-0.04061111111111111,-40.611111111111114,0.82,-3.563556432723999,1291.487548828125,-0.8425927758216858,-0.5882391929626465,-687.3248291015625,0.001264517311938107,3.5036535263061523
0.04,40.0,-0.04013888888888889,-40.13888888888889,0.82,-1.0666179656982422,1278.6114501953125,-0.47130897641181946,-0.7073317170143127,-678.08642578125,0.0008611823432147503,3.726672887802124
0.04,40.0,-0.03966666666666667,-39.66666666666667,0.82,1.8291116952896118,1278.18701171875,0.06818003952503204,-0.7865799069404602,-665.6140747070312,0.0005989205674268305,3.9432287216186523
0.04,40.0,-0.03919444444444445,-39.19444444444445,0.82,4.835126876831055,1292.009521484375,0.7016916275024414,-0.8034924268722534,-652.2096557617188,0.00043210104922764003,4.1421122550964355
0.04,40.0,-0.03872222222222223,-38.72222222222223,0.82,7.721253871917725,1316.262939453125,1.3168683052062988,-0.7820624113082886,-639.41357421875,0.00032586921588517725,4.314939022064209
0.04,40.0,-0.038250000000000006,-38.25000000000001,0.82,10.38597297668457,1346.5699462890625,1.817147970199585,-0.7545397281646729,-628.2186279296875,0.0002568633062765002,4.45819616317749
0.04,40.0,-0.03777777777777778,-37.77777777777778,0.82,12.832989692687988,1380.100830078125,2.142017126083374,-0.7384029030799866,-619.3341674804688,0.0002105652674799785,4.572639465332031
0.04,40.0,-0.03730555555555556,-37.30555555555556,0.82,15.123523712158203,1415.775390625,2.268554925918579,-0.7314823269844055,-613.2903442382812,0.00017823601956479251,4.662006855010986
0.04,40.0,-0.036833333333333336,-36.833333333333336,0.82,17.3369083404541,1453.7125244140625,2.204437732696533,-0.718073844909668,-610.4088745117188,0.00015465746400877833,4.7316484451293945
0.04,40.0,-0.036361111111111115,-36.361111111111114,0.82,19.547117233276367,1494.544921875,1.9778387546539307,-0.679133415222168,-610.7424926757812,0.00013671015040017664,4.78732967376709
0.04,40.0,-0.035888888888888894,-35.88888888888889,0.82,21.810283660888672,1538.8603515625,1.6276192665100098,-0.6009349226951599,-614.0679931640625,0.0001225338492076844,4.834304332733154
0.04,40.0,-0.035416666666666666,-35.416666666666664,0.82,24.158361434936523,1586.8740234375,1.1955316066741943,-0.4792698621749878,-619.9446411132812,0.00011103051656391472,4.876699447631836
0.04,40.0,-0.034944444444444445,-34.94444444444444,0.82,26.59617042541504,1638.3211669921875,0.7208337187767029,-0.3189392387866974,-627.8035278320312,0.00010156282223761082,4.917221546173096
0.04,40.0,-0.034472222222222224,-34.47222222222222,0.82,29.101760864257812,1692.491943359375,0.23695941269397736,-0.1302824765443802,-637.0293579101562,9.376728121424094e-05,4.957129001617432
0.04,40.0,-0.034,-34.0,0.82,31.630489349365234,1748.3203125,-0.23059996962547302,0.07499603927135468,-647.0191650390625,8.743334183236584e-05,4.99642276763916
0.04,40.0,-0.03352777777777778,-33.52777777777778,0.82,34.12215042114258,1804.4766845703125,-0.6652511954307556,0.2870382070541382,-657.2177124023438,8.242821786552668e-05,5.034154891967773
0.04,40.0,-0.03305555555555556,-33.05555555555556,0.82,36.509178161621094,1859.4410400390625,-1.0594741106033325,0.49942725896835327,-667.1447143554688,7.865385850891471e-05,5.068778991699219
0.04,40.0,-0.03258333333333334,-32.583333333333336,0.82,38.724735260009766,1911.593017578125,-1.4135972261428833,0.7091277241706848,-676.4207763671875,7.602674304507673e-05,5.098495006561279
0.04,40.0,-0.03211111111111112,-32.11111111111112,0.82,40.70858383178711,1959.35009765625,-1.7336223125457764,0.9153185486793518,-684.7861938476562,7.447678945027292e-05,5.121540069580078
0.04,40.0,-0.03163888888888889,-31.63888888888889,0.82,42.41164779663086,2001.3651123046875,-2.02797794342041,1.1176835298538208,-692.1055297851562,7.395362626994029e-05,5.13641357421875
0.04,40.0,-0.03116666666666667,-31.166666666666668,0.82,43.79970169067383,2036.7218017578125,-2.304063320159912,1.3149124383926392,-698.3529663085938,7.443340291501954e-05,5.142020225524902
0.04,40.0,-0.030694444444444448,-30.694444444444446,0.82,44.85750961303711,2065.07373046875,-2.565753221511841,1.5038511753082275,-703.5767211914062,7.59195172577165e-05,5.137739181518555
0.04,40.0,-0.030222222222222227,-30.222222222222225,0.82,45.59091567993164,2086.65869140625,-2.8125765323638916,1.6797199249267578,-707.8594360351562,7.843662751838565e-05,5.123388290405273
0.04,40.0,-0.029750000000000002,-29.750000000000004,0.82,46.02413558959961,2102.2197265625,-3.040247678756714,1.8370012044906616,-711.29052734375,8.202743629226461e-05,5.099122047424316
0.04,40.0,-0.02927777777777778,-29.277777777777782,0.82,46.192054748535156,2112.87109375,-3.2420177459716797,1.9706991910934448,-713.9584350585938,8.675386925460771e-05,5.06527853012085
0.04,40.0,-0.028805555555555556,-28.805555555555557,0.82,46.12969207763672,2119.94189453125,-3.4100232124328613,2.0772948265075684,-715.956787109375,9.27071669138968e-05,5.022207736968994
0.04,40.0,-0.028333333333333335,-28.333333333333336,0.82,45.86371994018555,2124.8427734375,-3.536397695541382,2.1553192138671875,-717.3908081054688,0.0001000190241029486,4.970212936401367
0.04,40.0,-0.027861111111111114,-27.861111111111114,0.82,45.40791320800781,2128.93798828125,-3.614323377609253,2.205456495285034,-718.3792114257812,0.00010887417738558725,4.909553527832031
0.04,40.0,-0.027388888888888893,-27.388888888888893,0.82,44.76399612426758,2133.42529296875,-3.639099359512329,2.230112314224243,-719.0432739257812,0.00011951338092330843,4.840569496154785
0.04,40.0,-0.02691666666666667,-26.916666666666668,0.82,43.926151275634766,2139.219482421875,-3.609473943710327,2.232758045196533,-719.48974609375,0.00013222963025327772,4.76384162902832
0.04,40.0,-0.026444444444444448,-26.444444444444446,0.82,42.88741683959961,2146.83203125,-3.528925657272339,2.2168915271759033,-719.7927856445312,0.00014735029253643006,4.680296897888184
0.04,40.0,-0.025972222222222226,-25.972222222222225,0.82,41.6458854675293,2156.29638671875,-3.406423807144165,2.18495512008667,-719.9891357421875,0.0001652047358220443,4.591200828552246
0.04,40.0,-0.025500000000000002,-25.500000000000004,0.82,40.20913314819336,2167.189697265625,-3.2563037872314453,2.137355089187622,-720.0875244140625,0.00018607605306897312,4.498042583465576
0.04,40.0,-0.02502777777777778,-25.027777777777782,0.82,38.59602355957031,2178.79296875,-3.0969696044921875,2.0718047618865967,-720.0889892578125,0.00021013863442931324,4.402303218841553
0.04,40.0,-0.02455555555555556,-24.55555555555556,0.82,36.83570098876953,2190.357421875,-2.9485690593719482,1.9832676649093628,-719.9987182617188,0.00023739556490909308,4.305248260498047
0.04,40.0,-0.024083333333333335,-24.083333333333336,0.82,34.96373748779297,2201.3701171875,-2.8298439979553223,1.8647369146347046,-719.8186645507812,0.00026764642097987235,4.207784652709961
0.04,40.0,-0.023611111111111114,-23.611111111111114,0.82,33.016788482666016,2211.6923828125,-2.7551677227020264,1.7086577415466309,-719.5198364257812,0.0003005119215231389,4.1104559898376465
0.04,40.0,-0.023138888888888893,-23.138888888888893,0.82,31.027156829833984,2221.535888671875,-2.732278347015381,1.5084738731384277,-719.0167846679688,0.0003355272929184139,4.013541221618652
0.04,40.0,-0.02266666666666667,-22.666666666666668,0.82,29.01910400390625,2231.31591796875,-2.7615809440612793,1.2596840858459473,-718.16064453125,0.0003722862747963518,3.9172189235687256
0.04,40.0,-0.022194444444444447,-22.194444444444446,0.82,27.007184982299805,2241.466552734375,-2.836820363998413,0.960340678691864,-716.7650146484375,0.0004105890984646976,3.8217196464538574
0.04,40.0,-0.021722222222222226,-21.722222222222225,0.82,24.99688720703125,2252.2861328125,-2.946723222732544,0.6111458539962769,-714.6509399414062,0.0004505523247644305,3.727445602416992
0.04,40.0,-0.02125,-21.25,0.82,22.986238479614258,2263.86083984375,-3.0767548084259033,0.21542638540267944,-711.6995849609375,0.0004926596884615719,3.6350173950195312
0.04,40.0,-0.02077777777777778,-20.777777777777782,0.82,20.968961715698242,2276.0478515625,-3.210688591003418,-0.22076259553432465,-707.8912353515625,0.0005377375637181103,3.545285224914551
0.04,40.0,-0.02030555555555556,-20.30555555555556,0.82,18.93834114074707,2288.53076171875,-3.331613302230835,-0.6886561512947083,-703.3252563476562,0.000586865411605686,3.4592909812927246
0.04,40.0,-0.019833333333333335,-19.833333333333336,0.82,16.892120361328125,2300.896484375,-3.42275333404541,-1.1769694089889526,-698.2152709960938,0.0006412173388525844,3.378235101699829
0.04,40.0,-0.019361111111111114,-19.361111111111114,0.82,14.836873054504395,2312.721923828125,-3.468493700027466,-1.672520399093628,-692.8624267578125,0.000701847136951983,3.3034050464630127
0.04,40.0,-0.018888888888888893,-18.888888888888893,0.82,12.790534973144531,2323.639892578125,-3.4560763835906982,-2.161086082458496,-687.6198120117188,0.0007694262312725186,3.236109733581543
0.04,40.0,-0.018416666666666668,-18.416666666666668,0.82,10.780633926391602,2333.3798828125,-3.3777761459350586,-2.6283037662506104,-682.853271484375,0.0008440247620455921,3.177583694458008
0.04,40.0,-0.017944444444444447,-17.944444444444446,0.82,8.838261604309082,2341.78857421875,-3.23272442817688,-3.060275077819824,-678.9086303710938,0.0009250229340977967,3.1288704872131348
0.04,40.0,-0.017472222222222226,-17.472222222222225,0.82,6.989571571350098,2348.843505859375,-3.027421712875366,-3.4438538551330566,-676.0858154296875,0.0010112577583640814,3.090718984603882
0.04,40.0,-0.017,-17.0,0.82,5.248273849487305,2354.656494140625,-2.774493932723999,-3.7670419216156006,-674.6153564453125,0.0011014213087037206,3.0634942054748535
0.04,40.0,-0.01652777777777778,-16.52777777777778,0.82,3.612290620803833,2359.4638671875,-2.490215539932251,-4.019705295562744,-674.6381225585938,0.0011946088634431362,3.0471255779266357
0.04,40.0,-0.01605555555555556,-16.05555555555556,0.82,2.065993309020996,2363.58935546875,-2.1917922496795654,-4.194897174835205,-676.186767578125,0.001290784333832562,3.041095018386841
0.04,40.0,-0.015583333333333334,-15.583333333333334,0.82,0.5867879390716553,2367.38427734375,-1.8951067924499512,-4.290257453918457,-679.1798095703125,0.0013910005800426006,3.0444581508636475
0.04,40.0,-0.015111111111111113,-15.111111111111112,0.82,-0.8464341163635254,2371.146728515625,-1.613391399383545,-4.308984279632568,-683.4273681640625,0.0014972749631851912,3.0559005737304688
0.04,40.0,-0.014638888888888892,-14.638888888888893,0.82,-2.2463724613189697,2375.05029296875,-1.3567038774490356,-4.25989294052124,-688.6549682617188,0.0016122390516102314,3.0738306045532227
0.04,40.0,-0.014166666666666668,-14.166666666666668,0.82,-3.6140074729919434,2379.097412109375,-1.1320569515228271,-4.156411647796631,-694.5384521484375,0.0017386383842676878,3.096503496170044
0.04,40.0,-0.013694444444444447,-13.694444444444446,0.82,-4.93946647644043,2383.12255859375,-0.9440659880638123,-4.014764308929443,-700.7420043945312,0.001878838986158371,3.1221580505371094
0.04,40.0,-0.013222222222222225,-13.222222222222225,0.82,-6.206166744232178,2386.83544921875,-0.7958022356033325,-3.8518309593200684,-706.9506225585938,0.0020343195647001266,3.1491730213165283
0.04,40.0,-0.012750000000000001,-12.750000000000002,0.82,-7.396298885345459,2389.908203125,-0.689616322517395,-3.6831283569335938,-712.8925170898438,0.002205210505053401,3.176190137863159
0.04,40.0,-0.01227777777777778,-12.27777777777778,0.82,-8.495530128479004,2392.073974609375,-0.6275935769081116,-3.52144455909729,-718.3475952148438,0.0023899232037365437,3.2022135257720947
0.04,40.0,-0.011805555555555559,-11.805555555555559,0.82,-9.495746612548828,2393.20654296875,-0.6115451455116272,-3.3762896060943604,-723.149169921875,0.0025849889498203993,3.2266523838043213
0.04,40.0,-0.011333333333333334,-11.333333333333334,0.82,-10.395380020141602,2393.364013671875,-0.6427060961723328,-3.254028081893921,-727.1845092773438,0.0027852484490722418,3.2492947578430176
0.04,40.0,-0.010861111111111113,-10.861111111111112,0.82,-11.19782829284668,2392.77587890625,-0.7213383913040161,-3.1584384441375732,-730.399658203125,0.0029844630043953657,3.2702250480651855
0.04,40.0,-0.010388888888888892,-10.388888888888893,0.82,-11.90910816192627,2391.7802734375,-0.8464372158050537,-3.0913474559783936,-732.8076782226562,0.0031761385034769773,3.2897047996520996
0.04,40.0,-0.00991666666666667,-9.916666666666671,0.82,-12.535901069641113,2390.739990234375,-1.015614628791809,-3.0531556606292725,-734.490234375,0.0033544001635164022,3.3080480098724365
0.04,40.0,-0.00944444444444445,-9.44444444444445,0.82,-13.08481216430664,2389.956787109375,-1.2250452041625977,-3.043231964111328,-735.5853881835938,0.0035146053414791822,3.325551748275757
0.04,40.0,-0.008972222222222222,-8.972222222222221,0.82,-13.562784194946289,2389.610595703125,-1.4694948196411133,-3.0600361824035645,-736.26123046875,0.003653687657788396,3.342484951019287
0.04,40.0,-0.0085,-8.5,0.82,-13.977615356445312,2389.718505859375,-1.7423267364501953,-3.100965738296509,-736.686279296875,0.0037702645640820265,3.359121322631836
0.04,40.0,-0.00802777777777778,-8.02777777777778,0.82,-14.338081359863281,2390.13232421875,-2.0355687141418457,-3.1619532108306885,-737.0078125,0.0038645374588668346,3.375770092010498
0.04,40.0,-0.007555555555555558,-7.555555555555558,0.82,-14.653190612792969,2390.566162109375,-2.3400516510009766,-3.2370922565460205,-737.3411865234375,0.003938022069633007,3.3927416801452637
0.04,40.0,-0.007083333333333337,-7.0833333333333375,0.82,-14.93106746673584,2390.663818359375,-2.6456997394561768,-3.3187289237976074,-737.7701416015625,0.003993098624050617,3.410280227661133
0.04,40.0,-0.006611111111111116,-6.611111111111116,0.82,-15.177924156188965,2390.09521484375,-2.941962957382202,-3.3981008529663086,-738.3517456054688,0.004032426048070192,3.428480863571167
0.04,40.0,-0.006138888888888888,-6.138888888888888,0.82,-15.397415161132812,2388.655517578125,-3.2184598445892334,-3.4665496349334717,-739.11962890625,0.004058415070176125,3.4472687244415283
0.04,40.0,-0.005666666666666667,-5.666666666666667,0.82,-15.590774536132812,2386.335693359375,-3.4657344818115234,-3.5166826248168945,-740.0811767578125,0.004072894342243671,3.4664478302001953
0.04,40.0,-0.005194444444444446,-5.194444444444446,0.82,-15.757604598999023,2383.33740234375,-3.6759631633758545,-3.5431692600250244,-741.21337890625,0.004077081102877855,3.485804319381714
0.04,40.0,-0.004722222222222225,-4.722222222222225,0.82,-15.897196769714355,2380.031005859375,-3.8433837890625,-3.5428402423858643,-742.45947265625,0.0040718442760407925,3.5051984786987305
0.04,40.0,-0.004250000000000004,-4.2500000000000036,0.82,-16.009737014770508,2376.86865234375,-3.9644269943237305,-3.5141992568969727,-743.7298583984375,0.004058021120727062,3.524580955505371
0.04,40.0,-0.0037777777777777827,-3.7777777777777826,0.82,-16.0969181060791,2374.28173828125,-4.037502765655518,-3.4567577838897705,-744.9148559570312,0.0040366631001234055,3.5439202785491943
0.04,40.0,-0.0033055555555555546,-3.3055555555555545,0.82,-16.161876678466797,2372.587890625,-4.062709331512451,-3.370676040649414,-745.8984985351562,0.00400905217975378,3.563081741333008
0.04,40.0,-0.0028333333333333335,-2.8333333333333335,0.82,-16.20851707458496,2371.933837890625,-4.041518211364746,-3.2568469047546387,-746.5760498046875,0.003976607695221901,3.581704616546631
0.04,40.0,-0.0023611111111111124,-2.3611111111111125,0.82,-16.240928649902344,2372.28076171875,-3.976572275161743,-3.1175217628479004,-746.8624267578125,0.003940798342227936,3.599141836166382
0.04,40.0,-0.0018888888888888913,-1.8888888888888913,0.82,-16.26283073425293,2373.433349609375,-3.8716158866882324,-2.9570670127868652,-746.695068359375,0.00390310725197196,3.6144676208496094
0.04,40.0,-0.0014166666666666702,-1.4166666666666703,0.82,-16.27730369567871,2375.095458984375,-3.731515407562256,-2.7825231552124023,-746.0316162109375,0.003865091362968087,3.6265463829040527
0.04,40.0,-0.0009444444444444491,-0.9444444444444491,0.82,-16.28670883178711,2376.940673828125,-3.5624237060546875,-2.6036946773529053,-744.847900390625,0.0038284198381006718,3.634131669998169
0.04,40.0,-0.0004722222222222211,-0.4722222222222211,0.82,-16.29256820678711,2378.670166015625,-3.371908187866211,-2.432579755783081,-743.1422119140625,0.0037948412355035543,3.6359829902648926
0.04,40.0,0.0,0.0,0.82,-16.295595169067383,2380.060546875,-3.169100761413574,-2.28224778175354,-740.9412231445312,0.0037660805974155664,3.6309707164764404
0.04,40.0,0.0004722222222222211,0.4722222222222211,0.82,-16.295534133911133,2380.98974609375,-2.9646198749542236,-2.1652770042419434,-738.308349609375,0.003743673674762249,3.618175506591797
0.04,40.0,0.0009444444444444422,0.9444444444444422,0.82,-16.2911376953125,2381.439453125,-2.7701685428619385,-2.092005491256714,-735.34326171875,0.003728852141648531,3.59698486328125
0.04,40.0,0.0014166666666666633,1.4166666666666634,0.82,-16.280176162719727,2381.478271484375,-2.5976548194885254,-2.068953514099121,-732.1732177734375,0.0037224949337542057,3.5671727657318115
0.04,40.0,0.0018888888888888844,1.8888888888888844,0.82,-16.259836196899414,2381.233642578125,-2.457944869995117,-2.0976779460906982,-728.9317626953125,0.0037251124158501625,3.528968334197998
0.04,40.0,0.0023611111111111124,2.3611111111111125,0.82,-16.22733497619629,2380.859619140625,-2.359480381011963,-2.1742656230926514,-725.735595703125,0.003736768616363406,3.4830901622772217
0.04,40.0,0.0028333333333333335,2.8333333333333335,0.82,-16.180768966674805,2380.516357421875,-2.3072094917297363,-2.2895054817199707,-722.6608276367188,0.00375686795450747,3.4307453632354736
0.04,40.0,0.0033055555555555546,3.3055555555555545,0.82,-16.11962127685547,2380.353271484375,-2.3019344806671143,-2.4298713207244873,-719.7284545898438,0.003783854655921459,3.373552083969116
0.04,40.0,0.0037777777777777757,3.777777777777776,0.82,-16.04473304748535,2380.508544921875,-2.34032940864563,-2.5791354179382324,-716.90234375,0.0038149203173816204,3.313386917114258
0.04,40.0,0.004249999999999997,4.2499999999999964,0.82,-15.957526206970215,2381.098388671875,-2.4156625270843506,-2.720580816268921,-714.1019897460938,0.0038459182251244783,3.252189874649048
0.04,40.0,0.004722222222222218,4.722222222222218,0.82,-15.858651161193848,2382.20458984375,-2.5191173553466797,-2.8394837379455566,-711.2290649414062,0.0038717149291187525,3.1917319297790527
0.04,40.0,0.005194444444444446,5.194444444444446,0.82,-15.746729850769043,2383.8515625,-2.641453266143799,-2.925379991531372,-708.2044677734375,0.003886970691382885,3.1334357261657715
0.04,40.0,0.005666666666666667,5.666666666666667,0.82,-15.617481231689453,2385.98583984375,-2.7744736671447754,-2.973538398742676,-705.0022583007812,0.003887140890583396,3.078259229660034
0.04,40.0,0.006138888888888888,6.138888888888888,0.82,-15.464037895202637,2388.473876953125,-2.9118125438690186,-2.9851677417755127,-701.6688232421875,0.003869410837069154,3.026693820953369
0.04,40.0,0.006611111111111109,6.611111111111109,0.82,-15.278264045715332,2391.111572265625,-3.0488603115081787,-2.966188669204712,-698.3211669921875,0.0038330976385623217,2.9788546562194824
0.04,40.0,0.00708333333333333,7.08333333333333,0.82,-15.05266284942627,2393.66357421875,-3.181992292404175,-2.925081968307495,-695.1209716796875,0.003779486520215869,2.934624671936035
0.04,40.0,0.0075555555555555515,7.555555555555552,0.82,-14.782186508178711,2395.902587890625,-3.307680606842041,-2.8704421520233154,-692.2372436523438,0.0037111465353518724,2.893820285797119
0.04,40.0,0.00802777777777778,8.02777777777778,0.82,-14.46523380279541,2397.665771484375,-3.4218759536743164,-2.8090460300445557,-689.802734375,0.003631103318184614,2.8563103675842285
0.04,40.0,0.0085,8.5,0.82,-14.103798866271973,2398.889892578125,-3.520054578781128,-2.7446534633636475,-687.8822631835938,0.0035420360509306192,2.8220973014831543
0.04,40.0,0.008972222222222222,8.972222222222221,0.82,-13.702648162841797,2399.6259765625,-3.597679853439331,-2.6776649951934814,-686.4551391601562,0.00344575266353786,2.791327953338623
0.04,40.0,0.009444444444444443,9.444444444444443,0.82,-13.267668724060059,2400.025146484375,-3.6508970260620117,-2.6053566932678223,-685.4165649414062,0.003342926036566496,2.76424503326416
0.04,40.0,0.009916666666666664,9.916666666666664,0.82,-12.803790092468262,2400.291259765625,-3.6772124767303467,-2.522639274597168,-684.59716796875,0.0032331151887774467,2.7410991191864014
0.04,40.0,0.010388888888888885,10.388888888888886,0.82,-12.312370300292969,2400.61474609375,-3.6759424209594727,-2.423175811767578,-683.7957153320312,0.003115108935162425,2.7220187187194824
0.04,40.0,0.010861111111111113,10.861111111111112,0.82,-11.788673400878906,2401.112060546875,-3.64827299118042,-2.3007400035858154,-682.8179321289062,0.0029874115716665983,2.706899642944336
0.04,40.0,0.011333333333333334,11.333333333333334,0.82,-11.219926834106445,2401.786865234375,-3.59700345993042,-2.1505935192108154,-681.5160522460938,0.002848878502845764,2.6953113079071045
0.04,40.0,0.011805555555555555,11.805555555555555,0.82,-10.584845542907715,2402.5283203125,-3.5258400440216064,-1.9705456495285034,-679.816650390625,0.0026992647908627987,2.6864852905273438
0.04,40.0,0.012277777777777776,12.277777777777777,0.82,-9.855459213256836,2403.15771484375,-3.4384021759033203,-1.7614638805389404,-677.7340698242188,0.0025396300479769707,2.6793947219848633
0.04,40.0,0.012749999999999997,12.749999999999998,0.82,-9.001313209533691,2403.491943359375,-3.336960554122925,-1.5271340608596802,-675.3637084960938,0.0023724797647446394,2.6729249954223633
0.04,40.0,0.013222222222222219,13.222222222222218,0.82,-7.995570182800293,2403.410888671875,-3.221338987350464,-1.27364182472229,-672.856689453125,0.0022015948779881,2.6660969257354736
0.04,40.0,0.013694444444444447,13.694444444444446,0.82,-6.821579456329346,2402.89453125,-3.0881526470184326,-1.0087037086486816,-670.3851928710938,0.0020315770525485277,2.65828800201416
0.04,40.0,0.014166666666666668,14.166666666666668,0.82,-5.478043556213379,2402.025390625,-2.9307796955108643,-0.741278886795044,-668.10205078125,0.0018671911675482988,2.6493890285491943
0.04,40.0,0.014638888888888889,14.63888888888889,0.82,-3.9809250831604004,2400.95703125,-2.73998761177063,-0.4814797043800354,-666.1063232421875,0.001712639583274722,2.6398377418518066
0.04,40.0,0.01511111111111111,15.11111111111111,0.82,-2.361271381378174,2399.86767578125,-2.505216360092163,-0.24052342772483826,-664.42822265625,0.00157094222959131,2.6305267810821533
0.04,40.0,0.015583333333333331,15.58333333333333,0.82,-0.6589467525482178,2398.912353515625,-2.2164690494537354,-0.030247118324041367,-663.0316772460938,0.0014435845660045743,2.6226072311401367
0.04,40.0,0.016055555555555552,16.055555555555554,0.82,1.085794448852539,2398.184814453125,-1.8665618896484375,0.13828498125076294,-661.837646484375,0.0013304713647812605,2.6172289848327637
0.04,40.0,0.01652777777777778,16.52777777777778,0.82,2.8407716751098633,2397.6962890625,-1.453526496887207,0.2567720115184784,-660.7542114257812,0.0012301482493057847,2.6153066158294678
0.04,40.0,0.017,17.0,0.82,4.587808609008789,2397.369873046875,-0.9822790622711182,0.32165858149528503,-659.6959838867188,0.0011402075178921223,2.6173629760742188
0.04,40.0,0.017472222222222222,17.47222222222222,0.82,6.32459831237793,2397.04931640625,-0.4647796154022217,0.3350938558578491,-658.5930786132812,0.0010578049113973975,2.6235010623931885
0.04,40.0,0.017944444444444443,17.944444444444443,0.82,8.062517166137695,2396.509521484375,0.081815704703331,0.3045838177204132,-657.3897705078125,0.0009801837150007486,2.633512020111084
0.04,40.0,0.018416666666666665,18.416666666666664,0.82,9.82154655456543,2395.45361328125,0.6384416222572327,0.24152405560016632,-656.0423583984375,0.0009051389642991126,2.6470744609832764
0.04,40.0,0.018888888888888886,18.888888888888886,0.82,11.62355899810791,2393.50341796875,1.1878448724746704,0.15939617156982422,-654.521240234375,0.000831354467663914,2.663973331451416
0.04,40.0,0.019361111111111107,19.361111111111107,0.82,13.486238479614258,2390.193603515625,1.717380166053772,0.07224564254283905,-652.8080444335938,0.0007585078128613532,2.6842641830444336
0.04,40.0,0.019833333333333335,19.833333333333336,0.82,15.418463706970215,2384.9951171875,2.220350742340088,-0.006491676904261112,-650.89501953125,0.0006871481309644878,2.708345890045166
0.04,40.0,0.020305555555555556,20.305555555555557,0.82,17.418703079223633,2377.390625,2.695774793624878,-0.0649188831448555,-648.7769775390625,0.0006183614023029804,2.7369141578674316
0.04,40.0,0.020777777777777777,20.77777777777778,0.82,19.476512908935547,2366.998046875,3.146986961364746,-0.09365122765302658,-646.4488525390625,0.0005533636431209743,2.770850419998169
0.04,40.0,0.021249999999999998,21.249999999999996,0.82,21.576894760131836,2353.699951171875,3.5797502994537354,-0.08667419850826263,-643.9072265625,0.0004931435105390847,2.811082363128662
0.04,40.0,0.02172222222222222,21.722222222222218,0.82,23.705135345458984,2337.73046875,4.000437259674072,-0.041796281933784485,-641.1602172851562,0.0004382602346595377,2.8584704399108887
0.04,40.0,0.02219444444444444,22.19444444444444,0.82,25.85079574584961,2319.675537109375,4.414445877075195,0.03956836462020874,-638.2391357421875,0.0003888061037287116,2.9137420654296875
0.04,40.0,0.02266666666666666,22.66666666666666,0.82,28.008363723754883,2300.37744140625,4.825019836425781,0.15365658700466156,-635.2100830078125,0.0003445120237302035,2.9774444103240967
0.04,40.0,0.023138888888888882,23.138888888888882,0.82,30.174869537353516,2280.7880859375,5.23203182220459,0.2961796522140503,-632.1760864257812,0.00030491140205413103,3.0499022006988525
0.04,40.0,0.023611111111111104,23.611111111111104,0.82,32.34564971923828,2261.8193359375,5.630945682525635,0.46419405937194824,-629.2681884765625,0.0002695015864446759,3.1311533451080322
0.04,40.0,0.02408333333333334,24.08333333333334,0.82,34.51047134399414,2244.2373046875,6.012322425842285,0.6573041081428528,-626.6240844726562,0.0002378525969106704,3.2208876609802246
0.04,40.0,0.02455555555555556,24.55555555555556,0.82,36.65162658691406,2228.6044921875,6.362501621246338,0.8773916959762573,-624.3568725585938,0.00020965027215424925,3.318380117416382
0.04,40.0,0.02502777777777778,25.027777777777782,0.82,38.74468231201172,2215.2666015625,6.665590286254883,1.1269892454147339,-622.5280151367188,0.00018468729103915393,3.422450304031372
0.04,40.0,0.025500000000000002,25.500000000000004,0.82,40.76112365722656,2204.35693359375,6.9063825607299805,1.4068312644958496,-621.1296997070312,0.00016281436546705663,3.5314674377441406
0.04,40.0,0.025972222222222223,25.97222222222222,0.82,42.670867919921875,2195.81005859375,7.073375225067139,1.713941216468811,-620.0927734375,0.00014389051648322493,3.6433653831481934
0.04,40.0,0.026444444444444444,26.444444444444443,0.82,44.44401550292969,2189.373046875,7.160913944244385,2.0413436889648438,-619.3162841796875,0.00012774358037859201,3.755701780319214
0.04,40.0,0.026916666666666665,26.916666666666664,0.82,46.051239013671875,2184.60693359375,7.169925689697266,2.3793625831604004,-618.7096557617188,0.00011415088374633342,3.8657374382019043
0.04,40.0,0.027388888888888886,27.388888888888886,0.82,47.46373748779297,2180.87744140625,7.1071014404296875,2.717970371246338,-618.2274169921875,0.00010284464224241674,3.9705705642700195
0.04,40.0,0.027861111111111107,27.861111111111107,0.82,48.65293884277344,2177.3408203125,6.982900142669678,3.0486114025115967,-617.8843994140625,9.353463246952742e-05,4.067306041717529
0.04,40.0,0.02833333333333333,28.33333333333333,0.82,49.59074020385742,2172.9580078125,6.808749675750732,3.365023374557495,-617.7400512695312,8.593589154770598e-05,4.153269290924072
0.04,40.0,0.02880555555555555,28.80555555555555,0.82,50.24945831298828,2166.54052734375,6.594323635101318,3.662909746170044,-617.8629760742188,7.979434303706512e-05,4.226207733154297
0.04,40.0,0.02927777777777777,29.27777777777777,0.82,50.60219955444336,2156.85107421875,6.345470905303955,3.939065456390381,-618.2896728515625,7.490222196793184e-05,4.28447151184082
0.04,40.0,0.029750000000000006,29.750000000000007,0.82,50.622798919677734,2142.744140625,6.063577175140381,4.190378665924072,-618.9954223632812,7.110379374353215e-05,4.327103614807129
0.04,40.0,0.030222222222222227,30.222222222222225,0.82,50.28632736206055,2123.31396484375,5.746352672576904,4.412999153137207,-619.8865966796875,6.829743506386876e-05,4.353867530822754
0.04,40.0,0.030694444444444448,30.694444444444446,0.82,49.5709114074707,2098.0146484375,5.390127182006836,4.60179328918457,-620.8198852539062,6.643171946052462e-05,4.365223407745361
0.04,40.0,0.03116666666666667,31.166666666666668,0.82,48.46134567260742,2066.72509765625,4.9926438331604,4.750226020812988,-621.64013671875,6.550256512127817e-05,4.36225700378418
0.04,40.0,0.03163888888888889,31.63888888888889,0.82,46.95473861694336,2029.7374267578125,4.555741310119629,4.850822448730469,-622.2305908203125,6.554780702572316e-05,4.346593856811523
0.04,40.0,0.03211111111111111,32.111111111111114,0.82,45.066322326660156,1987.673095703125,4.08696985244751,4.89644718170166,-622.5657958984375,6.664136162726209e-05,4.320282936096191
0.04,40.0,0.03258333333333333,32.583333333333336,0.82,42.832977294921875,1941.346435546875,3.59954833984375,4.882130146026611,-622.7548217773438,6.888568168506026e-05,4.285639762878418
0.04,40.0,0.03305555555555555,33.05555555555555,0.82,40.31212615966797,1891.6273193359375,3.110611915588379,4.80706787109375,-623.0641479492188,7.240449485834688e-05,4.245060443878174
0.04,40.0,0.033527777777777774,33.52777777777777,0.82,37.57597351074219,1839.33740234375,2.6385200023651123,4.67562198638916,-623.9114990234375,7.733544771326706e-05,4.200850486755371
0.04,40.0,0.033999999999999996,33.99999999999999,0.82,34.70206069946289,1785.2174072265625,2.2003133296966553,4.496788501739502,-625.8216552734375,8.382839587284252e-05,4.155094623565674
0.04,40.0,0.03447222222222222,34.472222222222214,0.82,31.764272689819336,1729.96728515625,1.810551404953003,4.2824506759643555,-629.3536987304688,9.205217793351039e-05,4.109622001647949
0.04,40.0,0.03494444444444444,34.944444444444436,0.82,28.824295043945312,1674.325439453125,1.4816926717758179,4.045498371124268,-635.0111083984375,0.00010221888078376651,4.066029071807861
0.04,40.0,0.03541666666666667,35.41666666666667,0.82,25.925275802612305,1619.1536865234375,1.2255194187164307,3.798900604248047,-643.1476440429688,0.00011463086411822587,4.025752067565918
0.04,40.0,0.035888888888888894,35.88888888888889,0.82,23.08707618713379,1565.490478515625,1.0541454553604126,3.555994987487793,-653.8781127929688,0.0001297529088333249,3.9901108741760254
0.04,40.0,0.036361111111111115,36.361111111111114,0.82,20.304718017578125,1514.5616455078125,0.9797545075416565,3.330713987350464,-666.9965209960938,0.0001483066298533231,3.9602773189544678
0.04,40.0,0.036833333333333336,36.833333333333336,0.82,17.551681518554688,1467.73876953125,1.0120829343795776,3.1365742683410645,-681.9241943359375,0.0001713852834654972,3.937103748321533
0.04,40.0,0.03730555555555556,37.30555555555556,0.82,14.790186882019043,1426.44580078125,1.1536580324172974,2.9831454753875732,-697.7322387695312,0.00020058662630617619,3.9207892417907715
0.04,40.0,0.03777777777777778,37.77777777777778,0.82,11.986674308776855,1391.9849853515625,1.3938697576522827,2.869969129562378,-713.2890014648438,0.00023818647605367005,3.9103705883026123
0.04,40.0,0.03825,38.25,0.82,9.127960205078125,1365.29833984375,1.7045512199401855,2.779576301574707,-727.525146484375,0.00028737957472912967,3.9031145572662354
0.04,40.0,0.03872222222222222,38.72222222222222,0.82,6.232329368591309,1346.7232666015625,2.04069185256958,2.672682046890259,-739.7037963867188,0.0003526397340465337,3.8939175605773926
0.04,40.0,0.03919444444444444,39.19444444444444,0.82,3.3565421104431152,1335.8201904296875,2.348390817642212,2.488452672958374,-749.4419555664062,0.00044016941683366895,3.8748764991760254
0.04,40.0,0.03966666666666666,39.666666666666664,0.82,0.6033580303192139,1331.2281494140625,2.580838441848755,2.149780750274658,-756.1828002929688,0.0005582807934843004,3.8351950645446777
0.04,40.0,0.040138888888888884,40.138888888888886,0.82,-1.872758388519287,1330.4769287109375,2.7208094596862793,1.5709047317504883,-757.9117431640625,0.0007173087797127664,3.761540651321411
0.04,40.0,0.040611111111111105,40.61111111111111,0.82,-3.899761438369751,1329.8232421875,2.803356647491455,0.6671636700630188,-749.327880859375,0.0009292982867918909,3.6389248371124268
0.04,40.0,0.04108333333333334,41.08333333333334,0.82,-5.5015788078308105,1324.429443359375,2.923588752746582,-0.6166174411773682,-720.9945678710938,0.0012186089297756553,3.4515867233276367
0.04,40.0,0.04155555555555556,41.555555555555564,0.82,-7.598536014556885,1310.889892578125,3.224932909011841,-2.2492032051086426,-662.3497924804688,0.0017399567877873778,3.1821975708007812
0.04,40.0,0.04202777777777778,42.02777777777778,0.82,-11.502765655517578,1280.926025390625,3.8708622455596924,-4.64520788192749,-569.973388671875,0.0037798264529556036,2.823227643966675
0.04,40.0,0.0425,42.5,0.82,-6.970142364501953,948.2178344726562,2.6468169689178467,-12.050009727478027,-521.4353637695312,0.02267627790570259,2.438654899597168
0.06,60.0,-0.0425,-42.5,0.82,-3.3773505687713623,838.8922729492188,-5.292892932891846,-2.646312713623047,-924.1668090820312,0.007533825933933258,3.6269121170043945
0.06,60.0,-0.04202777777777778,-42.02777777777778,0.82,36.80271530151367,2040.3692626953125,-4.013102054595947,-2.6764724254608154,-773.4645385742188,0.001467205467633903,4.1049017906188965
0.06,60.0,-0.04155555555555556,-41.555555555555564,0.82,40.671451568603516,2212.623291015625,-2.9593663215637207,1.3518255949020386,-658.9974975585938,0.0013998853974044323,4.795630931854248
0.06,60.0,-0.04108333333333333,-41.083333333333336,0.82,44.03531265258789,2291.08837890625,-2.1141111850738525,3.216210126876831,-576.2389526367188,0.0013633009511977434,5.371413707733154
0.06,60.0,-0.04061111111111111,-40.611111111111114,0.82,46.764686584472656,2337.67431640625,-1.8025870323181152,3.641632556915283,-533.7377319335938,0.001286846469156444,5.757294654846191
0.06,60.0,-0.04013888888888889,-40.13888888888889,0.82,48.6103515625,2358.292724609375,-1.8040627241134644,3.488172769546509,-518.8845825195312,0.0011912554036825895,5.973304271697998
0.06,60.0,-0.03966666666666667,-39.66666666666667,0.82,49.657379150390625,2360.14990234375,-1.933401107788086,3.1304681301116943,-521.51220703125,0.0010914071463048458,6.054912567138672
0.06,60.0,-0.03919444444444445,-39.19444444444445,0.82,50.060794830322266,2350.069580078125,-2.131831407546997,2.6995224952697754,-534.527099609375,0.00099640479311347,6.039807319641113
0.06,60.0,-0.03872222222222223,-38.72222222222223,0.82,49.968204498291016,2334.0859375,-2.3953006267547607,2.241090774536133,-553.140625,0.0009115199209190905,5.962654113769531
0.06,60.0,-0.038250000000000006,-38.25000000000001,0.82,49.50074005126953,2316.6806640625,-2.7160909175872803,1.7807482481002808,-573.93896484375,0.000839528685901314,5.851548194885254
0.06,60.0,-0.03777777777777778,-37.77777777777778,0.82,48.748023986816406,2300.629150390625,-3.068053722381592,1.3392729759216309,-594.3580322265625,0.0007815113058313727,5.726663112640381
0.06,60.0,-0.03730555555555556,-37.30555555555556,0.82,47.76622772216797,2287.43994140625,-3.4173226356506348,0.9308950901031494,-612.6317138671875,0.0007373954285867512,5.600691318511963
0.06,60.0,-0.036833333333333336,-36.833333333333336,0.82,46.58245086669922,2277.892822265625,-3.735036849975586,0.561516284942627,-627.8505249023438,0.000706507998984307,5.480437755584717
0.06,60.0,-0.036361111111111115,-36.361111111111114,0.82,45.2060661315918,2272.314453125,-4.001587867736816,0.23136335611343384,-639.8551025390625,0.0006879644934087992,5.368744373321533
0.06,60.0,-0.035888888888888894,-35.88888888888889,0.82,43.6417236328125,2270.625,-4.204757213592529,-0.06095503643155098,-648.9554443359375,0.0006808515754528344,5.266245365142822
0.06,60.0,-0.035416666666666666,-35.416666666666664,0.82,41.8976936340332,2272.337890625,-4.33749532699585,-0.3165445029735565,-655.63623046875,0.0006842603324912488,5.172600269317627
0.06,60.0,-0.034944444444444445,-34.94444444444444,0.82,39.9885139465332,2276.64208984375,-4.397602081298828,-0.5366817712783813,-660.3573608398438,0.0006972996052354574,5.087208271026611
0.06,60.0,-0.034472222222222224,-34.47222222222222,0.82,37.9346923828125,2282.557861328125,-4.38839864730835,-0.7239610552787781,-663.4640502929688,0.0007191047770902514,5.009492874145508
0.06,60.0,-0.034,-34.0,0.82,35.7613525390625,2289.1328125,-4.318706512451172,-0.8829066157341003,-665.1776123046875,0.0007488748524338007,4.938929557800293
0.06,60.0,-0.03352777777777778,-33.52777777777778,0.82,33.49610900878906,2295.6103515625,-4.201992988586426,-1.019710659980774,-665.634033203125,0.0007859189645387232,4.874917984008789
0.06,60.0,-0.03305555555555556,-33.05555555555556,0.82,31.1666316986084,2301.538818359375,-4.054610729217529,-1.1409707069396973,-664.9485473632812,0.0008297266904264688,4.816625595092773
0.06,60.0,-0.03258333333333334,-32.583333333333336,0.82,28.798748016357422,2306.8017578125,-3.893909215927124,-1.252077579498291,-663.282470703125,0.0008800289942882955,4.762885093688965
0.06,60.0,-0.03211111111111112,-32.11111111111112,0.82,26.415422439575195,2311.56787109375,-3.736515998840332,-1.3557555675506592,-660.8895874023438,0.0009368343744426966,4.712162971496582
0.06,60.0,-0.03163888888888889,-31.63888888888889,0.82,24.037565231323242,2316.18505859375,-3.597057819366455,-1.4513224363327026,-658.1251220703125,0.0010003866627812386,4.662651062011719
0.06,60.0,-0.03116666666666667,-31.166666666666668,0.82,21.685712814331055,2321.0322265625,-3.4871459007263184,-1.5350216627120972,-655.415771484375,0.0010710210772231221,4.612427711486816
0.06,60.0,-0.030694444444444448,-30.694444444444446,0.82,19.381494522094727,2326.384765625,-3.4145867824554443,-1.601206660270691,-653.2034912109375,0.001148950308561325,4.559669017791748
0.06,60.0,-0.030222222222222227,-30.222222222222225,0.82,17.1479434967041,2332.31494140625,-3.382763147354126,-1.6439523696899414,-651.8795166015625,0.001233986229635775,4.502856254577637
0.06,60.0,-0.029750000000000002,-29.750000000000004,0.82,15.007518768310547,2338.665771484375,-3.3903391361236572,-1.658576488494873,-651.7305908203125,0.001325342571362853,4.440948009490967
0.06,60.0,-0.02927777777777778,-29.277777777777782,0.82,12.978642463684082,2345.1123046875,-3.431539535522461,-1.6427984237670898,-652.9092407226562,0.0014215651899576187,4.373455047607422
0.06,60.0,-0.028805555555555556,-28.805555555555557,0.82,11.07207202911377,2351.26953125,-3.497220516204834,-1.5972363948822021,-655.43212890625,0.0015206719981506467,4.300415992736816
0.06,60.0,-0.028333333333333335,-28.333333333333336,0.82,9.288649559020996,2356.8193359375,-3.5765879154205322,-1.5252711772918701,-659.2024536132812,0.0016204253770411015,4.222241401672363
0.06,60.0,-0.027861111111111114,-27.861111111111114,0.82,7.61984920501709,2361.58740234375,-3.659210205078125,-1.4323651790618896,-664.0496215820312,0.0017185996985062957,4.139496803283691
0.06,60.0,-0.027388888888888893,-27.388888888888893,0.82,6.050809383392334,2365.56005859375,-3.7366220951080322,-1.3249893188476562,-669.7705688476562,0.0018131767865270376,4.052703857421875
0.06,60.0,-0.02691666666666667,-26.916666666666668,0.82,4.564663887023926,2368.837158203125,-3.8031022548675537,-1.2094603776931763,-676.161376953125,0.0019024600042030215,3.962254047393799
0.06,60.0,-0.026444444444444448,-26.444444444444446,0.82,3.146552562713623,2371.559326171875,-3.8553574085235596,-1.090908408164978,-683.0316772460938,0.001985203241929412,3.868433713912964
0.06,60.0,-0.025972222222222226,-25.972222222222225,0.82,1.7861464023590088,2373.842041015625,-3.89150333404541,-0.9726138710975647,-690.2041625976562,0.002060792176052928,3.7715582847595215
0.06,60.0,-0.025500000000000002,-25.500000000000004,0.82,0.47823888063430786,2375.7392578125,-3.909747838973999,-0.8557786345481873,-697.50390625,0.002129490952938795,3.672106981277466
0.06,60.0,-0.02502777777777778,-25.027777777777782,0.82,-0.7779644727706909,2377.24658203125,-3.9073801040649414,-0.7397501468658447,-704.7487182617188,0.002192643005400896,3.5708625316619873
0.06,60.0,-0.02455555555555556,-24.55555555555556,0.82,-1.9803568124771118,2378.330810546875,-3.880389928817749,-0.622606098651886,-711.7449340820312,0.002252730540931225,3.468968152999878
0.06,60.0,-0.024083333333333335,-24.083333333333336,0.82,-3.125767707824707,2378.9716796875,-3.823669195175171,-0.5019174218177795,-718.2947998046875,0.0023132695350795984,3.3679168224334717
0.06,60.0,-0.023611111111111114,-23.611111111111114,0.82,-4.2114715576171875,2379.20458984375,-3.7318291664123535,-0.37558168172836304,-724.2152099609375,0.0023785382509231567,3.2694709300994873
0.06,60.0,-0.023138888888888893,-23.138888888888893,0.82,-5.236477375030518,2379.13134765625,-3.600175142288208,-0.242555171251297,-729.3651733398438,0.0024532219395041466,3.175532341003418
0.06,60.0,-0.02266666666666667,-22.666666666666668,0.82,-6.202136039733887,2378.90673828125,-3.4256844520568848,-0.10343397408723831,-733.6759643554688,0.002542035421356559,3.0879931449890137
0.06,60.0,-0.022194444444444447,-22.194444444444446,0.82,-7.112204551696777,2378.692138671875,-3.2077066898345947,0.03933972865343094,-737.1736450195312,0.0026493966579437256,3.008591413497925
0.06,60.0,-0.021722222222222226,-21.722222222222225,0.82,-7.972536563873291,2378.604736328125,-2.9484031200408936,0.1817120611667633,-739.9786376953125,0.002779146423563361,2.938798427581787
0.06,60.0,-0.02125,-21.25,0.82,-8.790572166442871,2378.674072265625,-2.652681827545166,0.31864795088768005,-742.28515625,0.002934347838163376,2.8797409534454346
0.06,60.0,-0.02077777777777778,-20.777777777777782,0.82,-9.574748992919922,2378.831787109375,-2.3279716968536377,0.44514623284339905,-744.320556640625,0.0031171368900686502,2.8321609497070312
0.06,60.0,-0.02030555555555556,-20.30555555555556,0.82,-10.334040641784668,2378.928955078125,-1.9836262464523315,0.5574144124984741,-746.3026733398438,0.0033287040423601866,2.7964067459106445
0.06,60.0,-0.019833333333333335,-19.833333333333336,0.82,-11.077447891235352,2378.78125,-1.6302279233932495,0.6538548469543457,-748.4109497070312,0.0035693608224391937,2.7724647521972656
0.06,60.0,-0.019361111111111114,-19.361111111111114,0.82,-11.813261985778809,2378.215087890625,-1.2789353132247925,0.735634446144104,-750.7754516601562,0.003838706063106656,2.7599992752075195
0.06,60.0,-0.018888888888888893,-18.888888888888893,0.82,-12.54778003692627,2377.118896484375,-0.9410005807876587,0.8065310120582581,-753.481689453125,0.004135810304433107,2.7584214210510254
0.06,60.0,-0.018416666666666668,-18.416666666666668,0.82,-13.283551216125488,2375.473876953125,-0.6274728178977966,0.8722999095916748,-756.5797729492188,0.004459281452000141,2.7669475078582764
0.06,60.0,-0.017944444444444447,-17.944444444444446,0.82,-14.017624855041504,2373.3642578125,-0.34883975982666016,0.9397059679031372,-760.091552734375,0.004807220306247473,2.7846574783325195
0.06,60.0,-0.017472222222222226,-17.472222222222225,0.82,-14.740604400634766,2370.9599609375,-0.11442863196134567,1.0156251192092896,-764.0108642578125,0.00517706573009491,2.8105099201202393
0.06,60.0,-0.017,-17.0,0.82,-15.437372207641602,2368.472412109375,0.0686689242720604,1.1063971519470215,-768.2999877929688,0.005565493833273649,2.8433361053466797
0.06,60.0,-0.01652777777777778,-16.52777777777778,0.82,-16.089746475219727,2366.1025390625,0.19691894948482513,1.2173465490341187,-772.8851318359375,0.005968424491584301,2.881788730621338
0.06,60.0,-0.01605555555555556,-16.05555555555556,0.82,-16.68056869506836,2364.00341796875,0.2714380919933319,1.3522253036499023,-777.6536865234375,0.0063810828141868114,2.9242708683013916
0.06,60.0,-0.015583333333333334,-15.583333333333334,0.82,-17.198261260986328,2362.279296875,0.29840007424354553,1.512338638305664,-782.4527587890625,0.006797998212277889,2.968886613845825
0.06,60.0,-0.015111111111111113,-15.111111111111112,0.82,-17.640058517456055,2361.01220703125,0.28825095295906067,1.6955535411834717,-787.08740234375,0.007212471682578325,3.0134549140930176
0.06,60.0,-0.014638888888888892,-14.638888888888893,0.82,-18.01300811767578,2360.296875,0.25398507714271545,1.8957868814468384,-791.320556640625,0.007615628186613321,3.0556540489196777
0.06,60.0,-0.014166666666666668,-14.166666666666668,0.82,-18.332223892211914,2360.234619140625,0.20884296298027039,2.103668451309204,-794.8771362304688,0.007995323278009892,3.0932581424713135
0.06,60.0,-0.013694444444444447,-13.694444444444446,0.82,-18.617427825927734,2360.88818359375,0.16421344876289368,2.308478355407715,-797.46630859375,0.008335900492966175,3.124417543411255
0.06,60.0,-0.013222222222222225,-13.222222222222225,0.82,-18.888690948486328,2362.22119140625,0.12813317775726318,2.5006673336029053,-798.8295288085938,0.008620035834610462,3.147855758666992
0.06,60.0,-0.012750000000000001,-12.750000000000002,0.82,-19.162097930908203,2364.080078125,0.10472096502780914,2.6740097999572754,-798.810546875,0.008832666091620922,3.162959575653076
0.06,60.0,-0.01227777777777778,-12.27777777777778,0.82,-19.44529914855957,2366.223388671875,0.09448377043008804,2.8265910148620605,-797.4222412109375,0.00896560400724411,3.1697685718536377
0.06,60.0,-0.011805555555555559,-11.805555555555559,0.82,-19.73419189453125,2368.388427734375,0.09523911029100418,2.9605276584625244,-794.8671875,0.009020339697599411,3.1689136028289795
0.06,60.0,-0.011333333333333334,-11.333333333333334,0.82,-20.01311492919922,2370.34375,0.1034180298447609,3.080765724182129,-791.4920654296875,0.009007161483168602,3.161494255065918
0.06,60.0,-0.010861111111111113,-10.861111111111112,0.82,-20.25943374633789,2371.9248046875,0.11535107344388962,3.193366527557373,-787.6954345703125,0.008941419422626495,3.1489033699035645
0.06,60.0,-0.010388888888888892,-10.388888888888893,0.82,-20.450780868530273,2373.050537109375,0.128006711602211,3.30344820022583,-783.8318481445312,0.008838941343128681,3.132624626159668
0.06,60.0,-0.00991666666666667,-9.916666666666671,0.82,-20.571571350097656,2373.732177734375,0.13921038806438446,3.4131760597229004,-780.1573486328125,0.008712816052138805,3.114060878753662
0.06,60.0,-0.00944444444444445,-9.44444444444445,0.82,-20.616226196289062,2374.075439453125,0.14751575887203217,3.5203492641448975,-776.8252563476562,0.008572292514145374,3.0944340229034424
0.06,60.0,-0.008972222222222222,-8.972222222222221,0.82,-20.588565826416016,2374.266357421875,0.15219572186470032,3.61806058883667,-773.9163208007812,0.008423151448369026,3.0747649669647217
0.06,60.0,-0.0085,-8.5,0.82,-20.498859405517578,2374.523193359375,0.15376059710979462,3.6956677436828613,-771.4733276367188,0.008268792182207108,3.0559046268463135
0.06,60.0,-0.00802777777777778,-8.02777777777778,0.82,-20.36033821105957,2375.03173828125,0.15480723977088928,3.7408504486083984,-769.5224609375,0.008111227303743362,3.038576602935791
0.06,60.0,-0.007555555555555558,-7.555555555555558,0.82,-20.186342239379883,2375.87548828125,0.16067948937416077,3.742246389389038,-768.0742797851562,0.00795190129429102,3.0234105587005615
0.06,60.0,-0.007083333333333337,-7.0833333333333375,0.82,-19.98839569091797,2376.995361328125,0.17938801646232605,3.6920530796051025,-767.1128540039062,0.007792193908244371,3.010944366455078
0.06,60.0,-0.006611111111111116,-6.611111111111116,0.82,-19.77557945251465,2378.1982421875,0.2207060158252716,3.5880777835845947,-766.58447265625,0.007633846718817949,3.001633644104004
0.06,60.0,-0.006138888888888888,-6.138888888888888,0.82,-19.554594039916992,2379.208740234375,0.2945115864276886,3.4347455501556396,-766.3941650390625,0.007479116786271334,2.995828866958618
0.06,60.0,-0.005666666666666667,-5.666666666666667,0.82,-19.330488204956055,2379.75634765625,0.40898481011390686,3.2429442405700684,-766.4135131835938,0.00733083114027977,2.9937756061553955
0.06,60.0,-0.005194444444444446,-5.194444444444446,0.82,-19.10763168334961,2379.662109375,0.5691443681716919,3.0287837982177734,-766.5006713867188,0.007192155346274376,2.9956068992614746
0.06,60.0,-0.004722222222222225,-4.722222222222225,0.82,-18.890628814697266,2378.9013671875,0.7761622071266174,2.811616897583008,-766.5226440429688,0.007066219579428434,3.0013391971588135
0.06,60.0,-0.004250000000000004,-4.2500000000000036,0.82,-18.68483543395996,2377.621337890625,1.0274324417114258,2.61177659034729,-766.3733520507812,0.006955570541322231,3.010868549346924
0.06,60.0,-0.0037777777777777827,-3.7777777777777826,0.82,-18.49614715576172,2376.109130859375,1.3172590732574463,2.4482991695404053,-765.9849243164062,0.006861663423478603,3.0239486694335938
0.06,60.0,-0.0033055555555555546,-3.3055555555555545,0.82,-18.330242156982422,2374.717041015625,1.637705683708191,2.336683988571167,-765.3268432617188,0.006784482393413782,3.0401687622070312
0.06,60.0,-0.0028333333333333335,-2.8333333333333335,0.82,-18.191343307495117,2373.7587890625,1.9793132543563843,2.2867929935455322,-764.4017944335938,0.006722491700202227,3.0589046478271484
0.06,60.0,-0.0023611111111111124,-2.3611111111111125,0.82,-18.081195831298828,2373.42431640625,2.3315882682800293,2.301133394241333,-763.2368774414062,0.006673064548522234,3.0793001651763916
0.06,60.0,-0.0018888888888888913,-1.8888888888888913,0.82,-17.99860954284668,2373.732421875,2.683181047439575,2.3739025592803955,-761.8727416992188,0.006633280776441097,3.100243091583252
0.06,60.0,-0.0014166666666666702,-1.4166666666666703,0.82,-17.94005584716797,2374.543701171875,3.0220439434051514,2.4913406372070312,-760.3515014648438,0.006601021159440279,3.1203768253326416
0.06,60.0,-0.0009444444444444491,-0.9444444444444491,0.82,-17.901025772094727,2375.628173828125,3.3355016708374023,2.6333956718444824,-758.70361328125,0.006575970444828272,3.1381242275238037
0.06,60.0,-0.0004722222222222211,-0.4722222222222211,0.82,-17.87789535522461,2376.737548828125,3.610485553741455,2.7765414714813232,-756.94482421875,0.0065602189861238,3.1517574787139893
0.06,60.0,0.0,0.0,0.82,-17.869754791259766,2377.66943359375,3.833794593811035,2.896859884262085,-755.0769653320312,0.006558341905474663,3.159562110900879
0.06,60.0,0.0004722222222222211,0.4722222222222211,0.82,-17.87955093383789,2378.2822265625,3.992661476135254,2.9727563858032227,-753.0970458984375,0.006576929707080126,3.16009783744812
0.06,60.0,0.0009444444444444422,0.9444444444444422,0.82,-17.914438247680664,2378.49951171875,4.075737953186035,2.986659049987793,-751.00146484375,0.006623805500566959,3.1525590419769287
0.06,60.0,0.0014166666666666633,1.4166666666666634,0.82,-17.984575271606445,2378.301513671875,4.074367046356201,2.9257559776306152,-748.7902221679688,0.0067070722579956055,3.1371335983276367
0.06,60.0,0.0018888888888888844,1.8888888888888844,0.82,-18.100706100463867,2377.7392578125,3.9842522144317627,2.7823030948638916,-746.470703125,0.006834162399172783,3.115227222442627
0.06,60.0,0.0023611111111111124,2.3611111111111125,0.82,-18.270158767700195,2376.95068359375,3.8068835735321045,2.5541305541992188,-744.0673828125,0.007010865956544876,3.089416027069092
0.06,60.0,0.0028333333333333335,2.8333333333333335,0.82,-18.4928035736084,2376.15087890625,3.550208568572998,2.245551824569702,-741.6326293945312,0.007240570615977049,3.063062906265259
0.06,60.0,0.0033055555555555546,3.3055555555555545,0.82,-18.75851058959961,2375.57080078125,3.2279462814331055,1.8685280084609985,-739.2481079101562,0.0075237867422401905,3.0396690368652344
0.06,60.0,0.0037777777777777757,3.777777777777776,0.82,-19.048023223876953,2375.370849609375,2.8577191829681396,1.4432264566421509,-737.01220703125,0.00785813294351101,3.0221900939941406
0.06,60.0,0.004249999999999997,4.2499999999999964,0.82,-19.337358474731445,2375.583984375,2.4584360122680664,0.9973897337913513,-735.0188598632812,0.008238670416176319,3.012573480606079
0.06,60.0,0.004722222222222218,4.722222222222218,0.82,-19.60349464416504,2376.123046875,2.04789137840271,0.5638325810432434,-733.3483276367188,0.008658399805426598,3.0116395950317383
0.06,60.0,0.005194444444444446,5.194444444444446,0.82,-19.828506469726562,2376.84326171875,1.6410105228424072,0.17608198523521423,-732.0703125,0.009108700789511204,3.019291400909424
0.06,60.0,0.005666666666666667,5.666666666666667,0.82,-20.00104331970215,2377.6044921875,1.2488198280334473,-0.13721096515655518,-731.261962890625,0.009579885751008987,3.034862756729126
0.06,60.0,0.006138888888888888,6.138888888888888,0.82,-20.116180419921875,2378.294921875,0.8781254291534424,-0.35738858580589294,-731.0240478515625,0.010061928071081638,3.0574796199798584
0.06,60.0,0.006611111111111109,6.611111111111109,0.82,-20.174837112426758,2378.845703125,0.531614363193512,-0.47870784997940063,-731.490966796875,0.010545405559241772,3.0862700939178467
0.06,60.0,0.00708333333333333,7.08333333333333,0.82,-20.183256149291992,2379.2333984375,0.20848053693771362,-0.5080685019493103,-732.823974609375,0.011022411286830902,3.1204121112823486
0.06,60.0,0.0075555555555555515,7.555555555555552,0.82,-20.151958465576172,2379.50341796875,-0.09443860501050949,-0.46219703555107117,-735.1854248046875,0.011487121693789959,3.159022569656372
0.06,60.0,0.00802777777777778,8.02777777777778,0.82,-20.093873977661133,2379.780517578125,-0.38108009099960327,-0.3636537194252014,-738.7009887695312,0.011935612186789513,3.200985908508301
0.06,60.0,0.0085,8.5,0.82,-20.02165985107422,2380.238525390625,-0.6542947888374329,-0.23709164559841156,-743.425537109375,0.012364573776721954,3.2448208332061768
0.06,60.0,0.008972222222222222,8.972222222222221,0.82,-19.94528579711914,2381.02685546875,-0.9140792489051819,-0.10630518198013306,-749.315185546875,0.012768815271556377,3.2886526584625244
0.06,60.0,0.009444444444444443,9.444444444444443,0.82,-19.87065315246582,2382.16552734375,-1.1564254760742188,0.008353780955076218,-756.2073974609375,0.013137603178620338,3.3303260803222656
0.06,60.0,0.009916666666666664,9.916666666666664,0.82,-19.800037384033203,2383.473876953125,-1.3730436563491821,0.09272567927837372,-763.7949829101562,0.013450704514980316,3.367586851119995
0.06,60.0,0.010388888888888885,10.388888888888886,0.82,-19.734214782714844,2384.5888671875,-1.5522109270095825,0.14128319919109344,-771.5969848632812,0.013676182366907597,3.398314952850342
0.06,60.0,0.010861111111111113,10.861111111111112,0.82,-19.674360275268555,2385.08349609375,-1.680732011795044,0.15776580572128296,-778.946533203125,0.013772115111351013,3.4206912517547607
0.06,60.0,0.011333333333333334,11.333333333333334,0.82,-19.62114143371582,2384.640380859375,-1.7471545934677124,0.15253373980522156,-785.0450439453125,0.013694582507014275,3.4333341121673584
0.06,60.0,0.011805555555555555,11.805555555555555,0.82,-19.570045471191406,2383.19189453125,-1.7454993724822998,0.13726487755775452,-789.0965576171875,0.013411351479589939,3.4353604316711426
0.06,60.0,0.012277777777777776,12.277777777777777,0.82,-19.505922317504883,2380.970703125,-1.6780165433883667,0.11986887454986572,-790.5000610351562,0.012916330248117447,3.4264187812805176
0.06,60.0,0.012749999999999997,12.749999999999998,0.82,-19.40240478515625,2378.44580078125,-1.5554739236831665,0.10280875861644745,-789.01953125,0.01223741378635168,3.4066810607910156
0.06,60.0,0.013222222222222219,13.222222222222218,0.82,-19.22942352294922,2376.1630859375,-1.3944743871688843,0.0852789580821991,-784.8533935546875,0.011431753635406494,3.3768110275268555
0.06,60.0,0.013694444444444447,13.694444444444446,0.82,-18.965229034423828,2374.5537109375,-1.2130376100540161,0.06639372557401657,-778.5689086914062,0.010569852776825428,3.3379502296447754
0.06,60.0,0.014166666666666668,14.166666666666668,0.82,-18.60434913635254,2373.7802734375,-1.0264569520950317,0.046046916395425797,-770.9400634765625,0.009716663509607315,3.291703224182129
0.06,60.0,0.014638888888888889,14.63888888888889,0.82,-18.1566219329834,2373.694091796875,-0.8450067043304443,0.02316480129957199,-762.7571411132812,0.008918476291000843,3.2401020526885986
0.06,60.0,0.01511111111111111,15.11111111111111,0.82,-17.640094757080078,2373.919677734375,-0.6742113828659058,-0.006062069442123175,-754.6826782226562,0.008199803531169891,3.1855061054229736
0.06,60.0,0.015583333333333331,15.58333333333333,0.82,-17.073917388916016,2374.030029296875,-0.5168676972389221,-0.047938939183950424,-747.1815185546875,0.007567557040601969,3.130409002304077
0.06,60.0,0.016055555555555552,16.055555555555554,0.82,-16.474788665771484,2373.724365234375,-0.3755815625190735,-0.10934574156999588,-740.5157470703125,0.007017951458692551,3.077199935913086
0.06,60.0,0.01652777777777778,16.52777777777778,0.82,-15.85623550415039,2372.930908203125,-0.2542695999145508,-0.19547107815742493,-734.781494140625,0.0065422686748206615,3.0279383659362793
0.06,60.0,0.017,17.0,0.82,-15.22893238067627,2371.8037109375,-0.15809619426727295,-0.30832070112228394,-729.9591064453125,0.006130503490567207,2.9842066764831543
0.06,60.0,0.017472222222222222,17.47222222222222,0.82,-14.600760459899902,2370.630859375,-0.09196370840072632,-0.4461711645126343,-725.9611206054688,0.005772944074124098,2.9470713138580322
0.06,60.0,0.017944444444444443,17.944444444444443,0.82,-13.976334571838379,2369.706787109375,-0.05874673277139664,-0.6039760708808899,-722.6685791015625,0.005460635758936405,2.917135238647461
0.06,60.0,0.018416666666666665,18.416666666666664,0.82,-13.35622501373291,2369.223876953125,-0.05812687799334526,-0.774441659450531,-719.9566040039062,0.005185308400541544,2.894652843475342
0.06,60.0,0.018888888888888886,18.888888888888886,0.82,-12.736474990844727,2369.21923828125,-0.08636243641376495,-0.9492840766906738,-717.7090454101562,0.0049392483197152615,2.879648208618164
0.06,60.0,0.019361111111111107,19.361111111111107,0.82,-12.108853340148926,2369.5859375,-0.1370459794998169,-1.120467185974121,-715.8262329101562,0.004715282004326582,2.8720099925994873
0.06,60.0,0.019833333333333335,19.833333333333336,0.82,-11.462064743041992,2370.132080078125,-0.2023802250623703,-1.2809542417526245,-714.2266235351562,0.0045069195330142975,2.8715403079986572
0.06,60.0,0.020305555555555556,20.305555555555557,0.82,-10.783782005310059,2370.652099609375,-0.2744515538215637,-1.4250528812408447,-712.8451538085938,0.004308599513024092,2.877969741821289
0.06,60.0,0.020777777777777777,20.77777777777778,0.82,-10.062729835510254,2371.00244140625,-0.3462745249271393,-1.5483118295669556,-711.626708984375,0.004115882329642773,2.890946388244629
0.06,60.0,0.021249999999999998,21.249999999999996,0.82,-9.290343284606934,2371.1328125,-0.41230425238609314,-1.6470882892608643,-710.5247192382812,0.0039255619049072266,2.910029649734497
0.06,60.0,0.02172222222222222,21.722222222222218,0.82,-8.461384773254395,2371.094482421875,-0.468580037355423,-1.7180819511413574,-709.4974975585938,0.0037356377579271793,2.934688091278076
0.06,60.0,0.02219444444444444,22.19444444444444,0.82,-7.57332181930542,2371.015380859375,-0.5126021504402161,-1.7580620050430298,-708.5099487304688,0.0035451697185635567,2.96433687210083
0.06,60.0,0.02266666666666666,22.66666666666666,0.82,-6.625030517578125,2371.0537109375,-0.5431308150291443,-1.7640324831008911,-707.5339965820312,0.0033540474250912666,2.998399496078491
0.06,60.0,0.023138888888888882,23.138888888888882,0.82,-5.615725517272949,2371.3486328125,-0.5600678324699402,-1.7340221405029297,-706.5496215820312,0.0031627921853214502,3.03640079498291
0.06,60.0,0.023611111111111104,23.611111111111104,0.82,-4.544770240783691,2371.969482421875,-0.5643311738967896,-1.6682204008102417,-705.5465087890625,0.0029724177438765764,3.0780680179595947
0.06,60.0,0.02408333333333334,24.08333333333334,0.82,-3.4129014015197754,2372.88916015625,-0.557767927646637,-1.5701953172683716,-704.5242309570312,0.0027843681164085865,3.123403549194336
0.06,60.0,0.02455555555555556,24.55555555555556,0.82,-2.223566770553589,2373.979736328125,-0.5429772734642029,-1.447609782218933,-703.4946899414062,0.0026003962848335505,3.172682762145996
0.06,60.0,0.02502777777777778,25.027777777777782,0.82,-0.9836127758026123,2375.04638671875,-0.523087739944458,-1.3120558261871338,-702.4866333007812,0.0024224133230745792,3.2263450622558594
0.06,60.0,0.025500000000000002,25.500000000000004,0.82,0.2987893223762512,2375.878173828125,-0.5016084909439087,-1.1776468753814697,-701.5496826171875,0.0022520951461046934,3.284780740737915
0.06,60.0,0.025972222222222223,25.97222222222222,0.82,1.6182810068130493,2376.30224609375,-0.48242008686065674,-1.058574914932251,-700.7567749023438,0.002090444788336754,3.348062038421631
0.06,60.0,0.026444444444444444,26.444444444444443,0.82,2.977215528488159,2376.216796875,-0.46971699595451355,-0.9661511182785034,-700.2003173828125,0.0019374589901417494,3.41570782661438
0.06,60.0,0.026916666666666665,26.916666666666664,0.82,4.388529300689697,2375.593994140625,-0.4678201973438263,-0.9064491987228394,-699.9810791015625,0.0017920698737725616,3.4865753650665283
0.06,60.0,0.027388888888888886,27.388888888888886,0.82,5.8749613761901855,2374.456298828125,-0.48051536083221436,-0.8793014883995056,-700.189453125,0.0016525243408977985,3.558929204940796
0.06,60.0,0.027861111111111107,27.861111111111107,0.82,7.464757919311523,2372.84716796875,-0.510217547416687,-0.879059910774231,-700.8845825195312,0.0015170383267104626,3.6306965351104736
0.06,60.0,0.02833333333333333,28.33333333333333,0.82,9.185361862182617,2370.80029296875,-0.5572497248649597,-0.8967804908752441,-702.0865478515625,0.001384467352181673,3.6998355388641357
0.06,60.0,0.02880555555555555,28.80555555555555,0.82,11.056775093078613,2368.3369140625,-0.6196077466011047,-0.923027753829956,-703.7789306640625,0.0012547350488603115,3.7647171020507812
0.06,60.0,0.02927777777777777,29.27777777777777,0.82,13.0858736038208,2365.47998046875,-0.6931220293045044,-0.950532853603363,-705.9241943359375,0.0011288771638646722,3.8244218826293945
0.06,60.0,0.029750000000000006,29.750000000000007,0.82,15.262908935546875,2362.28125,-0.7717148661613464,-0.9760061502456665,-708.4804077148438,0.0010087238624691963,3.878847122192383
0.06,60.0,0.030222222222222227,30.222222222222225,0.82,17.561328887939453,2358.833984375,-0.8477017879486084,-1.0005451440811157,-711.41015625,0.0008963586296886206,3.9286532402038574
0.06,60.0,0.030694444444444448,30.694444444444446,0.82,19.941265106201172,2355.264892578125,-0.9121937155723572,-1.0288044214248657,-714.67919921875,0.0007935747853480279,3.975101947784424
0.06,60.0,0.03116666666666667,31.166666666666668,0.82,22.35628890991211,2351.710205078125,-0.9557777643203735,-1.0669598579406738,-718.2492065429688,0.0007014801958575845,4.01987361907959
0.06,60.0,0.03163888888888889,31.63888888888889,0.82,24.761293411254883,2348.2861328125,-0.9694834351539612,-1.1204925775527954,-722.0681762695312,0.000620360195171088,4.064941883087158
0.06,60.0,0.03211111111111111,32.111111111111114,0.82,27.119937896728516,2345.07080078125,-0.9457799196243286,-1.1923906803131104,-726.0692138671875,0.0005497421370819211,4.112497806549072
0.06,60.0,0.03258333333333333,32.583333333333336,0.82,29.4094181060791,2342.09814453125,-0.8793120980262756,-1.2823435068130493,-730.1723022460938,0.0004886095994152129,4.164883613586426
0.06,60.0,0.03305555555555555,33.05555555555555,0.82,31.622209548950195,2339.37939453125,-0.7671703696250916,-1.3869233131408691,-734.2910766601562,0.00043566213571466506,4.224458694458008
0.06,60.0,0.033527777777777774,33.52777777777777,0.82,33.76404571533203,2336.94921875,-0.6084447503089905,-1.5004109144210815,-738.3380126953125,0.00038955776835791767,4.293353080749512
0.06,60.0,0.033999999999999996,33.99999999999999,0.82,35.849586486816406,2334.93115234375,-0.40306854248046875,-1.6158523559570312,-742.22216796875,0.00034910065005533397,4.373120307922363
0.06,60.0,0.03447222222222222,34.472222222222214,0.82,37.896114349365234,2333.59912109375,-0.15043777227401733,-1.7259583473205566,-745.8435668945312,0.0003133595164399594,4.464375019073486
0.06,60.0,0.03494444444444444,34.944444444444436,0.82,39.917205810546875,2333.3935546875,0.15176329016685486,-1.8236231803894043,-749.0853881835938,0.00028169085271656513,4.566494941711426
0.06,60.0,0.03541666666666667,35.41666666666667,0.82,41.91713333129883,2334.87158203125,0.5076692700386047,-1.901760458946228,-751.8162231445312,0.00025370196090079844,4.6774773597717285
0.06,60.0,0.035888888888888894,35.88888888888889,0.82,43.88725280761719,2338.6005859375,0.9223259091377258,-1.952796220779419,-753.9067993164062,0.00022916433226782829,4.793990135192871
0.06,60.0,0.036361111111111115,36.361111111111114,0.82,45.80411911010742,2345.01611328125,1.3999797105789185,-1.9680193662643433,-755.2657470703125,0.0002079280820908025,4.911529541015625
0.06,60.0,0.036833333333333336,36.833333333333336,0.82,47.629249572753906,2354.28759765625,1.942525029182434,-1.937615990638733,-755.8827514648438,0.00018986374197993428,5.024651050567627
0.06,60.0,0.03730555555555556,37.30555555555556,0.82,49.309906005859375,2366.1953125,2.5484039783477783,-1.8515172004699707,-755.8563842773438,0.00017483528063166887,5.127180099487305
0.06,60.0,0.03777777777777778,37.77777777777778,0.82,50.78059387207031,2380.015625,3.2122061252593994,-1.7010159492492676,-755.390625,0.00016269812476821244,5.212399005889893
0.06,60.0,0.03825,38.25,0.82,51.96635437011719,2394.394775390625,3.9246106147766113,-1.4810452461242676,-754.7391967773438,0.00015330816677305847,5.2732133865356445
0.06,60.0,0.03872222222222222,38.72222222222222,0.82,52.788307189941406,2407.19873046875,4.672499656677246,-1.193029761314392,-754.0829467773438,0.00014653810649178922,5.302317142486572
0.06,60.0,0.03919444444444444,39.19444444444444,0.82,53.17200469970703,2415.3603515625,5.439105033874512,-0.8487716913223267,-753.3236694335938,0.00014232631656341255,5.292281627655029
0.06,60.0,0.03966666666666666,39.666666666666664,0.82,53.0539436340332,2414.781494140625,6.203307628631592,-0.47583073377609253,-751.8187866210938,0.00014081726840231568,5.23524284362793
0.06,60.0,0.040138888888888884,40.138888888888886,0.82,52.37128829956055,2400.4921875,6.9305739402771,-0.12672819197177887,-748.169677734375,0.0001426975941285491,5.121759414672852
0.06,60.0,0.040611111111111105,40.61111111111111,0.82,51.022891998291016,2367.190673828125,7.537904739379883,0.0986662358045578,-740.2119750976562,0.00014980304695200175,4.93858528137207
0.06,60.0,0.04108333333333334,41.08333333333334,0.82,48.8750114440918,2309.422119140625,7.847062110900879,0.011547047644853592,-724.8291625976562,0.00016637099906802177,4.665767192840576
0.06,60.0,0.04155555555555556,41.555555555555564,0.82,46.06683349609375,2218.63232421875,7.612254619598389,-0.6198735237121582,-698.3302612304688,0.00020486180437728763,4.276196479797363
0.06,60.0,0.04202777777777778,42.02777777777778,0.82,41.90740966796875,2026.9100341796875,5.971515655517578,-1.132952332496643,-681.6665649414062,0.0003412725927773863,3.765319347381592
0.06,60.0,0.0425,42.5,0.82,-0.5090148448944092,867.1347045898438,1.9006538391113281,-5.171189308166504,-904.5476684570312,0.008177734911441803,3.440966844558716
0.08,80.0,-0.0425,-42.5,0.82,-0.15186631679534912,851.8892211914062,-15.492490768432617,0.7368752956390381,-821.3248291015625,0.0015040355501696467,3.2533137798309326
0.08,80.0,-0.04202777777777778,-42.02777777777778,0.82,36.96036911010742,1917.436279296875,-13.937240600585938,2.7906062602996826,-691.4695434570312,0.0002956762327812612,3.5898492336273193
0.08,80.0,-0.04155555555555556,-41.555555555555564,0.82,43.62302017211914,2192.77734375,-9.782752990722656,2.603456497192383,-639.4324340820312,0.00023848122509662062,4.088148593902588
0.08,80.0,-0.04108333333333333,-41.083333333333336,0.82,45.96873474121094,2290.790771484375,-7.623336315155029,2.518537998199463,-622.5986938476562,0.00023752554261591285,4.54465389251709
0.08,80.0,-0.04061111111111111,-40.611111111111114,0.82,46.810176849365234,2337.18408203125,-6.759983539581299,2.3009181022644043,-624.8173828125,0.00024845555890351534,4.897726535797119
0.08,80.0,-0.04013888888888889,-40.13888888888889,0.82,46.8758659362793,2360.62646484375,-6.521636962890625,1.939810037612915,-634.904296875,0.0002629450464155525,5.153469085693359
0.08,80.0,-0.03966666666666667,-39.66666666666667,0.82,46.50425338745117,2371.8408203125,-6.547970294952393,1.501720905303955,-647.2230224609375,0.0002787151897791773,5.321693420410156
0.08,80.0,-0.03919444444444445,-39.19444444444445,0.82,45.831504821777344,2376.06298828125,-6.6595025062561035,1.0353180170059204,-658.6864013671875,0.00029554092907346785,5.410802841186523
0.08,80.0,-0.03872222222222223,-38.72222222222223,0.82,44.92177200317383,2376.2763671875,-6.7692694664001465,0.5715042352676392,-667.8681030273438,0.0003136701416224241,5.4299750328063965
0.08,80.0,-0.038250000000000006,-38.25000000000001,0.82,43.82403564453125,2374.358642578125,-6.835140228271484,0.13524188101291656,-674.4730224609375,0.00033323580282740295,5.389846324920654
0.08,80.0,-0.03777777777777778,-37.77777777777778,0.82,42.585853576660156,2371.546875,-6.837096691131592,-0.25095072388648987,-678.8720092773438,0.00035412347642704844,5.302195072174072
0.08,80.0,-0.03730555555555556,-37.30555555555556,0.82,41.24941635131836,2368.609130859375,-6.767547607421875,-0.5699094533920288,-681.7481689453125,0.0003760296676773578,5.179259777069092
0.08,80.0,-0.036833333333333336,-36.833333333333336,0.82,39.84443664550781,2365.927734375,-6.627748966217041,-0.8142758011817932,-683.8392333984375,0.00039857940282672644,5.033036231994629
0.08,80.0,-0.036361111111111115,-36.361111111111114,0.82,38.38408279418945,2363.565673828125,-6.425959587097168,-0.9893108606338501,-685.760986328125,0.0004214286454953253,4.8746161460876465
0.08,80.0,-0.035888888888888894,-35.88888888888889,0.82,36.866554260253906,2361.3662109375,-6.175285339355469,-1.1117409467697144,-687.8982543945312,0.00044432448339648545,4.713627815246582
0.08,80.0,-0.035416666666666666,-35.416666666666664,0.82,35.281524658203125,2359.090087890625,-5.890536308288574,-1.2045153379440308,-690.3711547851562,0.0004671280912589282,4.5578389167785645
0.08,80.0,-0.034944444444444445,-34.94444444444444,0.82,33.61920166015625,2356.5732421875,-5.584835052490234,-1.289203405380249,-693.0769653320312,0.0004897956969216466,4.412969589233398
0.08,80.0,-0.034472222222222224,-34.47222222222222,0.82,31.878089904785156,2353.83984375,-5.267257213592529,-1.378646731376648,-695.7914428710938,0.0005123469163663685,4.282709121704102
0.08,80.0,-0.034,-34.0,0.82,30.068119049072266,2351.146484375,-4.94240140914917,-1.4727261066436768,-698.2896728515625,0.0005348190315999091,4.168922424316406
0.08,80.0,-0.03352777777777778,-33.52777777777778,0.82,28.208600997924805,2348.9140625,-4.611972808837891,-1.558705449104309,-700.4391479492188,0.0005572114023379982,4.0719194412231445
0.08,80.0,-0.03305555555555556,-33.05555555555556,0.82,26.32280921936035,2347.5888671875,-4.277397155761719,-1.6160860061645508,-702.2391967773438,0.0005794343305751681,3.990770101547241
0.08,80.0,-0.03258333333333334,-32.583333333333336,0.82,24.431886672973633,2347.48974609375,-3.941983699798584,-1.624229907989502,-703.8013305664062,0.0006012886296957731,3.9235637187957764
0.08,80.0,-0.03211111111111112,-32.11111111111112,0.82,22.551408767700195,2348.6943359375,-3.611671209335327,-1.5698786973953247,-705.2916870117188,0.0006224974640645087,3.8676867485046387
0.08,80.0,-0.03163888888888889,-31.63888888888889,0.82,20.690990447998047,2351.004638671875,-3.2943508625030518,-1.4519871473312378,-706.8597412109375,0.00064281583763659,3.820056676864624
0.08,80.0,-0.03116666666666667,-31.166666666666668,0.82,18.857099533081055,2353.99853515625,-2.9986226558685303,-1.2826833724975586,-708.5797729492188,0.0006621385691687465,3.7773940563201904
0.08,80.0,-0.030694444444444448,-30.694444444444446,0.82,17.056514739990234,2357.1376953125,-2.7327017784118652,-1.0846211910247803,-710.4198608398438,0.0006806040182709694,3.736497640609741
0.08,80.0,-0.030222222222222227,-30.222222222222225,0.82,15.298495292663574,2359.9052734375,-2.503939390182495,-0.8862542510032654,-712.2432861328125,0.000698625692166388,3.694526195526123
0.08,80.0,-0.029750000000000002,-29.750000000000004,0.82,13.594358444213867,2361.9306640625,-2.318715810775757,-0.7165027856826782,-713.8397216796875,0.0007168815354816616,3.6492598056793213
0.08,80.0,-0.02927777777777778,-29.277777777777782,0.82,11.95474624633789,2363.067138671875,-2.1823151111602783,-0.5998685359954834,-714.9772338867188,0.0007362806354649365,3.5992932319641113
0.08,80.0,-0.028805555555555556,-28.805555555555557,0.82,10.386357307434082,2363.407470703125,-2.098522901535034,-0.5525608658790588,-715.4568481445312,0.0007579021039418876,3.5441396236419678
0.08,80.0,-0.028333333333333335,-28.333333333333336,0.82,8.889431953430176,2363.23486328125,-2.0685813426971436,-0.5798287987709045,-715.1543579101562,0.0007829292444512248,3.4842023849487305
0.08,80.0,-0.027861111111111114,-27.861111111111114,0.82,7.457333564758301,2362.923583984375,-2.0899600982666016,-0.6748946309089661,-714.0404052734375,0.0008125589229166508,3.4206247329711914
0.08,80.0,-0.027388888888888893,-27.388888888888893,0.82,6.078450679779053,2362.8271484375,-2.1553077697753906,-0.8199631571769714,-712.1762084960938,0.0008479077951051295,3.355041027069092
0.08,80.0,-0.02691666666666667,-26.916666666666668,0.82,4.739703178405762,2363.181396484375,-2.25243878364563,-0.9893781542778015,-709.6923217773438,0.0008899069507606328,3.289292097091675
0.08,80.0,-0.026444444444444448,-26.444444444444446,0.82,3.430697202682495,2364.0556640625,-2.365783929824829,-1.1546878814697266,-706.763671875,0.0009391976636834443,3.225161075592041
0.08,80.0,-0.025972222222222226,-25.972222222222225,0.82,2.146483898162842,2365.3583984375,-2.4791553020477295,-1.29031240940094,-703.5849609375,0.0009960501920431852,3.1641845703125
0.08,80.0,-0.025500000000000002,-25.500000000000004,0.82,0.888119637966156,2366.8916015625,-2.5789947509765625,-1.378410816192627,-700.3546142578125,0.0010603014379739761,3.107572317123413
0.08,80.0,-0.02502777777777778,-25.027777777777782,0.82,-0.33934012055397034,2368.418701171875,-2.6568853855133057,-1.411561131477356,-697.2667236328125,0.0011313277063891292,3.0562021732330322
0.08,80.0,-0.02455555555555556,-24.55555555555556,0.82,-1.52988862991333,2369.72900390625,-2.710325002670288,-1.3929604291915894,-694.5046997070312,0.0012080440064892173,3.010669231414795
0.08,80.0,-0.024083333333333335,-24.083333333333336,0.82,-2.6793956756591797,2370.677490234375,-2.7414631843566895,-1.334438443183899,-692.2371826171875,0.0012889642966911197,2.9713263511657715
0.08,80.0,-0.023611111111111114,-23.611111111111114,0.82,-3.7870213985443115,2371.193115234375,-2.754319906234741,-1.2531460523605347,-690.6119995117188,0.0013723012525588274,2.9383320808410645
0.08,80.0,-0.023138888888888893,-23.138888888888893,0.82,-4.855132579803467,2371.279541015625,-2.751546859741211,-1.1676952838897705,-689.7503662109375,0.0014561566058546305,2.9116568565368652
0.08,80.0,-0.02266666666666667,-22.666666666666668,0.82,-5.887789726257324,2371.005615234375,-2.732001781463623,-1.0945682525634766,-689.7371215820312,0.0015387688763439655,2.891066789627075
0.08,80.0,-0.022194444444444447,-22.194444444444446,0.82,-6.888780117034912,2370.485595703125,-2.6899983882904053,-1.045407772064209,-690.6130981445312,0.0016188001027330756,2.8760881423950195
0.08,80.0,-0.021722222222222226,-21.722222222222225,0.82,-7.859470844268799,2369.85205078125,-2.6165642738342285,-1.0256165266036987,-692.36767578125,0.0016955817118287086,2.865973711013794
0.08,80.0,-0.02125,-21.25,0.82,-8.797962188720703,2369.226806640625,-2.502155303955078,-1.0344785451889038,-694.9363403320312,0.0017692678375169635,2.8596999645233154
0.08,80.0,-0.02077777777777778,-20.777777777777782,0.82,-9.699544906616211,2368.693359375,-2.3399510383605957,-1.0666335821151733,-698.2066650390625,0.0018408383475616574,2.856019973754883
0.08,80.0,-0.02030555555555556,-20.30555555555556,0.82,-10.55892276763916,2368.28076171875,-2.128662109375,-1.1142663955688477,-702.03076171875,0.001911977189593017,2.8535728454589844
0.08,80.0,-0.019833333333333335,-19.833333333333336,0.82,-11.372941970825195,2367.967529296875,-1.8740745782852173,-1.1694560050964355,-706.2403564453125,0.0019848705269396305,2.8510172367095947
0.08,80.0,-0.019361111111111114,-19.361111111111114,0.82,-12.14310073852539,2367.697021484375,-1.589037537574768,-1.225808024406433,-710.6593627929688,0.002061984268948436,2.847174644470215
0.08,80.0,-0.018888888888888893,-18.888888888888893,0.82,-12.876669883728027,2367.406982421875,-1.2919105291366577,-1.2792397737503052,-715.1116333007812,0.0021459090057760477,2.841137170791626
0.08,80.0,-0.018416666666666668,-18.416666666666668,0.82,-13.586111068725586,2367.060791015625,-1.003871202468872,-1.3277701139450073,-719.4270629882812,0.0022393001709133387,2.8323450088500977
0.08,80.0,-0.017944444444444447,-17.944444444444446,0.82,-14.2871675491333,2366.66259765625,-0.7454472184181213,-1.370750069618225,-723.4494018554688,0.002344925422221422,2.820653200149536
0.08,80.0,-0.017472222222222226,-17.472222222222225,0.82,-14.99548625946045,2366.24609375,-0.5329737663269043,-1.4080333709716797,-727.0476684570312,0.002465752884745598,2.806381940841675
0.08,80.0,-0.017,-17.0,0.82,-15.722387313842773,2365.820068359375,-0.37567076086997986,-1.4394817352294922,-730.128173828125,0.0026049427688121796,2.79032826423645
0.08,80.0,-0.01652777777777778,-16.52777777777778,0.82,-16.47013282775879,2365.30126953125,-0.274248331785202,-1.4649933576583862,-732.63916015625,0.002765535842627287,2.7736830711364746
0.08,80.0,-0.01605555555555556,-16.05555555555556,0.82,-17.227792739868164,2364.466064453125,-0.2217402309179306,-1.4849077463150024,-734.5587768554688,0.0029496289789676666,2.7577950954437256
0.08,80.0,-0.015583333333333334,-15.583333333333334,0.82,-17.970537185668945,2363.0,-0.20650580525398254,-1.500501275062561,-735.8648071289062,0.003157139988616109,2.743818521499634
0.08,80.0,-0.015111111111111113,-15.111111111111112,0.82,-18.664003372192383,2360.6689453125,-0.21646864712238312,-1.5140290260314941,-736.50537109375,0.003384539159014821,2.7323806285858154
0.08,80.0,-0.014638888888888892,-14.638888888888893,0.82,-19.274635314941406,2357.53857421875,-0.242173969745636,-1.5276511907577515,-736.3956909179688,0.003624534700065851,2.7234718799591064
0.08,80.0,-0.014166666666666668,-14.166666666666668,0.82,-19.781387329101562,2354.07958984375,-0.2770269513130188,-1.5409955978393555,-735.4578857421875,0.0038672899827361107,2.7166261672973633
0.08,80.0,-0.013694444444444447,-13.694444444444446,0.82,-20.183347702026367,2351.049560546875,-0.31501761078834534,-1.5485066175460815,-733.6806030273438,0.004103043116629124,2.7112722396850586
0.08,80.0,-0.013222222222222225,-13.222222222222225,0.82,-20.498489379882812,2349.19140625,-0.3483237624168396,-1.538799524307251,-731.162353515625,0.004324803128838539,2.707042932510376
0.08,80.0,-0.012750000000000001,-12.750000000000002,0.82,-20.75486183166504,2348.921142578125,-0.3670492470264435,-1.497416615486145,-728.1100463867188,0.004529518075287342,2.703906536102295
0.08,80.0,-0.01227777777777778,-12.27777777777778,0.82,-20.97907066345215,2350.17626953125,-0.3611431121826172,-1.41212797164917,-724.7962646484375,0.0047173211351037025,2.7021403312683105
0.08,80.0,-0.011805555555555559,-11.805555555555559,0.82,-21.188438415527344,2352.478271484375,-0.32329249382019043,-1.2780615091323853,-721.4920654296875,0.004889622796326876,2.702181577682495
0.08,80.0,-0.011333333333333334,-11.333333333333334,0.82,-21.38916778564453,2355.14453125,-0.2509055733680725,-1.1001486778259277,-718.4072875976562,0.005047468934208155,2.704439163208008
0.08,80.0,-0.010861111111111113,-10.861111111111112,0.82,-21.579181671142578,2357.5390625,-0.14657525718212128,-0.8922354578971863,-715.6536254882812,0.0051908232271671295,2.709134101867676
0.08,80.0,-0.010388888888888892,-10.388888888888893,0.82,-21.75233268737793,2359.260986328125,-0.017338424921035767,-0.6736853718757629,-713.2499389648438,0.005318844690918922,2.7161965370178223
0.08,80.0,-0.00991666666666667,-9.916666666666671,0.82,-21.901508331298828,2360.22412109375,0.1265524923801422,-0.465230256319046,-711.1578369140625,0.005430831108242273,2.725254774093628
0.08,80.0,-0.00944444444444445,-9.44444444444445,0.82,-22.019699096679688,2360.6240234375,0.2727320194244385,-0.2855588495731354,-709.3364868164062,0.0055271415039896965,2.7356793880462646
0.08,80.0,-0.008972222222222222,-8.972222222222221,0.82,-22.100051879882812,2360.831298828125,0.4078049659729004,-0.14916913211345673,-707.7913208007812,0.0056096999906003475,2.746669292449951
0.08,80.0,-0.0085,-8.5,0.82,-22.13524055480957,2361.241455078125,0.5187069773674011,-0.06548143923282623,-706.5909423828125,0.005681556649506092,2.75736141204834
0.08,80.0,-0.00802777777777778,-8.02777777777778,0.82,-22.1170597076416,2362.13720703125,0.594610333442688,-0.038513537496328354,-705.8452758789062,0.005745571572333574,2.7669341564178467
0.08,80.0,-0.007555555555555558,-7.555555555555558,0.82,-22.0365047454834,2363.605712890625,0.6289801001548767,-0.06684506684541702,-705.6580200195312,0.005802755244076252,2.7747251987457275
0.08,80.0,-0.007083333333333337,-7.0833333333333375,0.82,-21.884700775146484,2365.537841796875,0.6209118366241455,-0.14368246495723724,-706.0781860351562,0.005850898567587137,2.7802932262420654
0.08,80.0,-0.006611111111111116,-6.611111111111116,0.82,-21.65562629699707,2367.6962890625,0.5754061341285706,-0.25753724575042725,-707.0709838867188,0.005884237587451935,2.7834665775299072
0.08,80.0,-0.006138888888888888,-6.138888888888888,0.82,-21.34964942932129,2369.8330078125,0.50214022397995,-0.393619567155838,-708.5192260742188,0.005894250236451626,2.784334421157837
0.08,80.0,-0.005666666666666667,-5.666666666666667,0.82,-20.976762771606445,2371.786865234375,0.41340509057044983,-0.5360127687454224,-710.2439575195312,0.0058714719489216805,2.7832186222076416
0.08,80.0,-0.005194444444444446,-5.194444444444446,0.82,-20.556970596313477,2373.527587890625,0.3216824531555176,-0.6699278950691223,-712.0336303710938,0.005807577166706324,2.780606746673584
0.08,80.0,-0.004722222222222225,-4.722222222222225,0.82,-20.117137908935547,2375.12451171875,0.23761031031608582,-0.7834030389785767,-713.68017578125,0.005697203334420919,2.777070999145508
0.08,80.0,-0.004250000000000004,-4.2500000000000036,0.82,-19.68461036682129,2376.673095703125,0.1685750037431717,-0.8681260347366333,-715.0091552734375,0.005538939498364925,2.7731499671936035
0.08,80.0,-0.0037777777777777827,-3.7777777777777826,0.82,-19.280466079711914,2378.198486328125,0.11804953217506409,-0.9194989204406738,-715.90869140625,0.005335438530892134,2.7692110538482666
0.08,80.0,-0.0033055555555555546,-3.3055555555555545,0.82,-18.915658950805664,2379.61279296875,0.08557096123695374,-0.9366510510444641,-716.3401489257812,0.005092996172606945,2.76533842086792
0.08,80.0,-0.0028333333333333335,-2.8333333333333335,0.82,-18.591800689697266,2380.7421875,0.0673377588391304,-0.9225010871887207,-716.3284912109375,0.004820909816771746,2.7612600326538086
0.08,80.0,-0.0023611111111111124,-2.3611111111111125,0.82,-18.30623435974121,2381.412353515625,0.05734782665967941,-0.8838211297988892,-715.9308471679688,0.004530783277004957,2.756364107131958
0.08,80.0,-0.0018888888888888913,-1.8888888888888913,0.82,-18.05842399597168,2381.54638671875,0.04893971234560013,-0.830764889717102,-715.2052001953125,0.004235607106238604,2.7498040199279785
0.08,80.0,-0.0014166666666666702,-1.4166666666666703,0.82,-17.854522705078125,2381.212158203125,0.036299873143434525,-0.7758817672729492,-714.1891479492188,0.003948575351387262,2.7406787872314453
0.08,80.0,-0.0009444444444444491,-0.9444444444444491,0.82,-17.707307815551758,2380.604736328125,0.015255306847393513,-0.7328792214393616,-712.8917846679688,0.003681686706840992,2.7282485961914062
0.08,80.0,-0.0004722222222222211,-0.4722222222222211,0.82,-17.63224220275879,2379.969970703125,-0.016798732802271843,-0.7155272364616394,-711.294677734375,0.0034446162171661854,2.712162733078003
0.08,80.0,0.0,0.0,0.82,-17.64072608947754,2379.526611328125,-0.06182342395186424,-0.7368411421775818,-709.3543701171875,0.00324394553899765,2.6926231384277344
0.08,80.0,0.0004722222222222211,0.4722222222222211,0.82,-17.734113693237305,2379.402587890625,-0.12228576838970184,-0.8082666397094727,-707.01123046875,0.0030829915776848793,2.670473575592041
0.08,80.0,0.0009444444444444422,0.9444444444444422,0.82,-17.900859832763672,2379.602783203125,-0.20166778564453125,-0.938717782497406,-704.206787109375,0.002962044905871153,2.647163152694702
0.08,80.0,0.0014166666666666633,1.4166666666666634,0.82,-18.118864059448242,2380.003662109375,-0.30403295159339905,-1.1332882642745972,-700.9146728515625,0.0028788431081920862,2.624600410461426
0.08,80.0,0.0018888888888888844,1.8888888888888844,0.82,-18.361873626708984,2380.381591796875,-0.43280914425849915,-1.3917872905731201,-697.177978515625,0.002829276956617832,2.6049015522003174
0.08,80.0,0.0023611111111111124,2.3611111111111125,0.82,-18.60797691345215,2380.477783203125,-0.5894923210144043,-1.7076449394226074,-693.135009765625,0.002808156656101346,2.590106964111328
0.08,80.0,0.0028333333333333335,2.8333333333333335,0.82,-18.846601486206055,2380.0830078125,-0.7728676199913025,-2.0676732063293457,-689.0203247070312,0.0028100800700485706,2.581921100616455
0.08,80.0,0.0033055555555555546,3.3055555555555545,0.82,-19.08148956298828,2379.116943359375,-0.9792611002922058,-2.453167200088501,-685.1303100585938,0.002830331912264228,2.581540107727051
0.08,80.0,0.0037777777777777757,3.777777777777776,0.82,-19.327808380126953,2377.671142578125,-1.2034631967544556,-2.8420941829681396,-681.7592163085938,0.0028656264767050743,2.5895683765411377
0.08,80.0,0.004249999999999997,4.2499999999999964,0.82,-19.60540199279785,2375.989990234375,-1.4399021863937378,-3.211935520172119,-679.13037109375,0.002914587501436472,2.6060128211975098
0.08,80.0,0.004722222222222218,4.722222222222218,0.82,-19.930744171142578,2374.3984375,-1.6834970712661743,-3.54255747795105,-677.3471069335938,0.002977879950776696,2.6303114891052246
0.08,80.0,0.005194444444444446,5.194444444444446,0.82,-20.310625076293945,2373.2119140625,-1.929959774017334,-3.8186681270599365,-676.3809814453125,0.003057930851355195,2.661374568939209
0.08,80.0,0.005666666666666667,5.666666666666667,0.82,-20.739213943481445,2372.654296875,-2.1755576133728027,-4.031517505645752,-676.1089477539062,0.0031582359224557877,2.6976478099823
0.08,80.0,0.006138888888888888,6.138888888888888,0.82,-21.19840431213379,2372.8134765625,-2.4167888164520264,-4.179563999176025,-676.3792114257812,0.003282248042523861,2.7371714115142822
0.08,80.0,0.006611111111111109,6.611111111111109,0.82,-21.66089630126953,2373.632568359375,-2.650054454803467,-4.2678608894348145,-677.082763671875,0.0034319760743528605,2.777651786804199
0.08,80.0,0.00708333333333333,7.08333333333333,0.82,-22.094770431518555,2374.94091796875,-2.8716795444488525,-4.306146144866943,-678.1978759765625,0.003606518730521202,2.816540241241455
0.08,80.0,0.0075555555555555515,7.555555555555552,0.82,-22.468671798706055,2376.508056640625,-3.0782055854797363,-4.306202411651611,-679.7847900390625,0.003800896694883704,2.8511476516723633
0.08,80.0,0.00802777777777778,8.02777777777778,0.82,-22.756744384765625,2378.1220703125,-3.266878604888916,-4.279252052307129,-681.93310546875,0.004005682189017534,2.8788325786590576
0.08,80.0,0.0085,8.5,0.82,-22.942079544067383,2379.64208984375,-3.4360876083374023,-4.2340569496154785,-684.6884765625,0.0042076450772583485,2.897273540496826
0.08,80.0,0.008972222222222222,8.972222222222221,0.82,-23.01868438720703,2381.019775390625,-3.585446357727051,-4.175922870635986,-687.9983520507812,0.0043914723210036755,2.904782295227051
0.08,80.0,0.009444444444444443,9.444444444444443,0.82,-22.991697311401367,2382.274169921875,-3.7152974605560303,-4.106498718261719,-691.7013549804688,0.00454217242076993,2.9005517959594727
0.08,80.0,0.009916666666666664,9.916666666666664,0.82,-22.875825881958008,2383.44482421875,-3.8256614208221436,-4.024215221405029,-695.563720703125,0.004647478461265564,2.884780168533325
0.08,80.0,0.010388888888888885,10.388888888888886,0.82,-22.691421508789062,2384.54931640625,-3.915055513381958,-3.925335645675659,-699.3406982421875,0.00469964137300849,2.858630418777466
0.08,80.0,0.010861111111111113,10.861111111111112,0.82,-22.458568572998047,2385.5732421875,-3.9795475006103516,-3.8052220344543457,-702.8425903320312,0.004696274176239967,2.824047565460205
0.08,80.0,0.011333333333333334,11.333333333333334,0.82,-22.190696716308594,2386.47998046875,-4.01295280456543,-3.659891128540039,-705.977783203125,0.00464042229577899,2.783461332321167
0.08,80.0,0.011805555555555555,11.805555555555555,0.82,-21.890226364135742,2387.237548828125,-4.00835657119751,-3.487152576446533,-708.7562255859375,0.00453986506909132,2.73945689201355
0.08,80.0,0.012277777777777776,12.277777777777777,0.82,-21.548784255981445,2387.840576171875,-3.9605555534362793,-3.2874200344085693,-711.2542114257812,0.004405870568007231,2.694438934326172
0.08,80.0,0.012749999999999997,12.749999999999998,0.82,-21.152067184448242,2388.3125,-3.8682096004486084,-3.0638394355773926,-713.5547485351562,0.004251356702297926,2.6503965854644775
0.08,80.0,0.013222222222222219,13.222222222222218,0.82,-20.687440872192383,2388.69091796875,-3.734747886657715,-2.821821928024292,-715.690673828125,0.004088738467544317,2.608795642852783
0.08,80.0,0.013694444444444447,13.694444444444446,0.82,-20.150175094604492,2388.9951171875,-3.5677647590637207,-2.5681405067443848,-717.61328125,0.003928030375391245,2.570605754852295
0.08,80.0,0.014166666666666668,14.166666666666668,0.82,-19.545560836791992,2389.201904296875,-3.3774170875549316,-2.309997797012329,-719.19580078125,0.003775795688852668,2.536409378051758
0.08,80.0,0.014638888888888889,14.63888888888889,0.82,-18.88650131225586,2389.24462890625,-3.1747324466705322,-2.0542588233947754,-720.2682495117188,0.003635199973359704,2.5065457820892334
0.08,80.0,0.01511111111111111,15.11111111111111,0.82,-18.18866539001465,2389.031982421875,-2.970306873321533,-1.8072088956832886,-720.6652221679688,0.003506871173158288,2.4812331199645996
0.08,80.0,0.015583333333333331,15.58333333333333,0.82,-17.466171264648438,2388.4853515625,-2.7735862731933594,-1.5745749473571777,-720.2695922851562,0.003390013240277767,2.4606566429138184
0.08,80.0,0.016055555555555552,16.055555555555554,0.82,-16.7291202545166,2387.569580078125,-2.5925920009613037,-1.361718773841858,-719.039794921875,0.0032833314035087824,2.445021867752075
0.08,80.0,0.01652777777777778,16.52777777777778,0.82,-15.982942581176758,2386.308837890625,-2.4339780807495117,-1.1736273765563965,-717.0156860351562,0.003185443812981248,2.434574842453003
0.08,80.0,0.017,17.0,0.82,-15.228975296020508,2384.782958984375,-2.3030636310577393,-1.0146578550338745,-714.3074951171875,0.0030950510408729315,2.4295899868011475
0.08,80.0,0.017472222222222222,17.47222222222222,0.82,-14.465473175048828,2383.106201171875,-2.2037649154663086,-0.887878954410553,-711.072998046875,0.003010898595675826,2.4303417205810547
0.08,80.0,0.017944444444444443,17.944444444444443,0.82,-13.688822746276855,2381.395751953125,-2.138446569442749,-0.7944096922874451,-707.4915161132812,0.0029318355955183506,2.43705415725708
0.08,80.0,0.018416666666666665,18.416666666666664,0.82,-12.895036697387695,2379.74462890625,-2.10783314704895,-0.7327211499214172,-703.7385864257812,0.002856890670955181,2.449846029281616
0.08,80.0,0.018888888888888886,18.888888888888886,0.82,-12.081156730651855,2378.2080078125,-2.111231565475464,-0.6982192993164062,-699.9647827148438,0.002785359974950552,2.4687023162841797
0.08,80.0,0.019361111111111107,19.361111111111107,0.82,-11.246342658996582,2376.801513671875,-2.1471221446990967,-0.6831644177436829,-696.28076171875,0.002716821851208806,2.493462324142456
0.08,80.0,0.019833333333333335,19.833333333333336,0.82,-10.392343521118164,2375.51953125,-2.2137932777404785,-0.6770121455192566,-692.753173828125,0.002651083981618285,2.5238497257232666
0.08,80.0,0.020305555555555556,20.305555555555557,0.82,-9.52314281463623,2374.34912109375,-2.309760093688965,-0.667233943939209,-689.4083251953125,0.0025880925823003054,2.5595145225524902
0.08,80.0,0.020777777777777777,20.77777777777778,0.82,-8.643975257873535,2373.286376953125,-2.433777332305908,-0.6406010985374451,-686.2448120117188,0.002527849283069372,2.60007905960083
0.08,80.0,0.021249999999999998,21.249999999999996,0.82,-7.759912490844727,2372.34228515625,-2.5844380855560303,-0.5849626660346985,-683.252197265625,0.0024703487288206816,2.6451668739318848
0.08,80.0,0.02172222222222222,21.722222222222218,0.82,-6.874565124511719,2371.54052734375,-2.7595925331115723,-0.4912579357624054,-680.430908203125,0.0024155471473932266,2.694394111633301
0.08,80.0,0.02219444444444444,22.19444444444444,0.82,-5.989175796508789,2370.915283203125,-2.9559667110443115,-0.3554612696170807,-677.8094482421875,0.002363296225667,2.7473397254943848
0.08,80.0,0.02266666666666666,22.66666666666666,0.82,-5.1021833419799805,2370.498779296875,-3.169142484664917,-0.17994874715805054,-675.4540405273438,0.002313302829861641,2.8035025596618652
0.08,80.0,0.023138888888888882,23.138888888888882,0.82,-4.20946741104126,2370.30712890625,-3.394092082977295,0.026352141052484512,-673.464599609375,0.002265064511448145,2.8622803688049316
0.08,80.0,0.023611111111111104,23.611111111111104,0.82,-3.304525136947632,2370.330322265625,-3.6258544921875,0.24924908578395844,-671.9623413085938,0.0022178594954311848,2.9229867458343506
0.08,80.0,0.02408333333333334,24.08333333333334,0.82,-2.3788352012634277,2370.52490234375,-3.8602283000946045,0.4718795716762543,-671.0657348632812,0.0021708160638809204,2.9849305152893066
0.08,80.0,0.02455555555555556,24.55555555555556,0.82,-1.421950340270996,2370.82080078125,-4.093996047973633,0.6778649091720581,-670.8662109375,0.0021230303682386875,3.047508716583252
0.08,80.0,0.02502777777777778,25.027777777777782,0.82,-0.42200544476509094,2371.14599609375,-4.324639320373535,0.8542473316192627,-671.4104614257812,0.0020737077575176954,3.1103005409240723
0.08,80.0,0.025500000000000002,25.500000000000004,0.82,0.633447527885437,2371.4482421875,-4.54946231842041,0.993392825126648,-672.6964111328125,0.002022321103140712,3.173116683959961
0.08,80.0,0.025972222222222223,25.97222222222222,0.82,1.755894422531128,2371.713134765625,-4.764535903930664,1.0936590433120728,-674.6786499023438,0.001968689728528261,3.2359864711761475
0.08,80.0,0.026444444444444444,26.444444444444443,0.82,2.9541430473327637,2371.9609375,-4.963674068450928,1.1589385271072388,-677.2816772460938,0.0019130512373521924,3.2991085052490234
0.08,80.0,0.026916666666666665,26.916666666666664,0.82,4.233006477355957,2372.225341796875,-5.138023853302002,1.197295069694519,-680.4143676757812,0.0018560211174190044,3.3627820014953613
0.08,80.0,0.027388888888888886,27.388888888888886,0.82,5.592826843261719,2372.525146484375,-5.276294231414795,1.2192444801330566,-683.9791259765625,0.0017984965816140175,3.4273343086242676
0.08,80.0,0.027861111111111107,27.861111111111107,0.82,7.030060768127441,2372.846923828125,-5.365769863128662,1.2359585762023926,-687.8759155273438,0.0017414793837815523,3.4930810928344727
0.08,80.0,0.02833333333333333,28.33333333333333,0.82,8.538529396057129,2373.13671875,-5.393730163574219,1.257743000984192,-691.99609375,0.0016858696471899748,3.560288667678833
0.08,80.0,0.02880555555555555,28.80555555555555,0.82,10.110749244689941,2373.32080078125,-5.348983287811279,1.2929961681365967,-696.2113037109375,0.001632270752452314,3.6291606426239014
0.08,80.0,0.02927777777777777,29.27777777777777,0.82,11.738988876342773,2373.341796875,-5.223342418670654,1.3476380109786987,-700.3577880859375,0.0015808278694748878,3.699833631515503
0.08,80.0,0.029750000000000006,29.750000000000007,0.82,13.41553783416748,2373.201171875,-5.012889862060547,1.42497718334198,-704.2196044921875,0.0015312049072235823,3.7723944187164307
0.08,80.0,0.030222222222222227,30.222222222222225,0.82,15.132919311523438,2372.986572265625,-4.719103813171387,1.5259344577789307,-707.5119018554688,0.0014826185069978237,3.846947431564331
0.08,80.0,0.030694444444444448,30.694444444444446,0.82,16.884109497070312,2372.87548828125,-4.349698543548584,1.6492950916290283,-709.8687133789062,0.0014340222114697099,3.9237453937530518
0.08,80.0,0.03116666666666667,31.166666666666668,0.82,18.663463592529297,2373.111572265625,-3.919051170349121,1.79158353805542,-710.8338012695312,0.001384398783557117,4.003419876098633
0.08,80.0,0.03163888888888889,31.63888888888889,0.82,20.46816062927246,2373.951416015625,-3.4480092525482178,1.9459307193756104,-709.8535766601562,0.0013331366935744882,4.087249279022217
0.08,80.0,0.03211111111111111,32.111111111111114,0.82,22.300107955932617,2375.61083984375,-2.963181495666504,2.0994763374328613,-706.2792358398438,0.001280466327443719,4.177454948425293
0.08,80.0,0.03258333333333333,32.583333333333336,0.82,24.167232513427734,2378.207763671875,-2.4963972568511963,2.2299458980560303,-699.3884887695312,0.0012278060894459486,4.277370452880859
0.08,80.0,0.03305555555555555,33.05555555555555,0.82,26.083152770996094,2381.7373046875,-2.084846019744873,2.303591728210449,-688.4647827148438,0.0011778951156884432,4.391426086425781
0.08,80.0,0.033527777777777774,33.52777777777777,0.82,28.06297492980957,2386.0908203125,-1.7709382772445679,2.2782583236694336,-673.0155029296875,0.0011345476377755404,4.52488374710083
0.08,80.0,0.033999999999999996,33.99999999999999,0.82,30.112815856933594,2391.10986328125,-1.5974072217941284,2.1152536869049072,-653.228759765625,0.0011019058292731643,4.683321952819824
0.08,80.0,0.03447222222222222,34.472222222222214,0.82,32.21162033081055,2396.587158203125,-1.5933325290679932,1.7998522520065308,-630.5980834960938,0.0010831411927938461,4.871793270111084
0.08,80.0,0.03494444444444444,34.944444444444436,0.82,34.29618453979492,2402.158935546875,-1.7544505596160889,1.3611937761306763,-608.1973266601562,0.0010789141524583101,5.09339714050293
0.08,80.0,0.03541666666666667,35.41666666666667,0.82,36.27363967895508,2407.2509765625,-2.032979726791382,0.8739446997642517,-589.970458984375,0.0010863413335755467,5.3473429679870605
0.08,80.0,0.035888888888888894,35.88888888888889,0.82,38.06804656982422,2411.32275390625,-2.3512473106384277,0.4324030876159668,-579.1552734375,0.0010993031319230795,5.627211093902588
0.08,80.0,0.036361111111111115,36.361111111111114,0.82,39.665767669677734,2414.24658203125,-2.6322107315063477,0.11269425600767136,-576.9260864257812,0.0011100550182163715,5.920494556427002
0.08,80.0,0.036833333333333336,36.833333333333336,0.82,41.11827087402344,2416.365478515625,-2.8220584392547607,-0.05045109987258911,-582.0913696289062,0.0011113163782283664,6.209726810455322
0.08,80.0,0.03730555555555556,37.30555555555556,0.82,42.50244140625,2418.07470703125,-2.8910090923309326,-0.060944028198719025,-591.7503051757812,0.0010981019586324692,6.474417686462402
0.08,80.0,0.03777777777777778,37.77777777777778,0.82,43.87318801879883,2419.306640625,-2.8186752796173096,0.05637669563293457,-602.2765502929688,0.001068754936568439,6.692769527435303
0.08,80.0,0.03825,38.25,0.82,45.23760986328125,2419.333984375,-2.577329397201538,0.27226951718330383,-610.1150512695312,0.0010247859172523022,6.84276008605957
0.08,80.0,0.03872222222222222,38.72222222222222,0.82,46.55657196044922,2417.01708984375,-2.118638277053833,0.5625962615013123,-612.1884765625,0.000969641434494406,6.902822017669678
0.08,80.0,0.03919444444444444,39.19444444444444,0.82,47.76161193847656,2411.30224609375,-1.3636380434036255,0.9135476350784302,-605.9879150390625,0.0009070353116840124,6.852426052093506
0.08,80.0,0.03966666666666666,39.666666666666664,0.82,48.776119232177734,2401.5712890625,-0.2007676362991333,1.3263193368911743,-589.6409301757812,0.0008394207106903195,6.6731767654418945
0.08,80.0,0.040138888888888884,40.138888888888886,0.82,49.526275634765625,2387.031005859375,1.4875434637069702,1.8230688571929932,-562.398681640625,0.0007668061880394816,6.35109806060791
0.08,80.0,0.040611111111111105,40.61111111111111,0.82,49.90959167480469,2363.528564453125,3.7274417877197266,2.4579436779022217,-526.6246948242188,0.0006859951536171138,5.881765365600586
0.08,80.0,0.04108333333333334,41.08333333333334,0.82,49.64968490600586,2315.8740234375,6.260025978088379,3.3290317058563232,-495.19305419921875,0.0005913152708671987,5.279637336730957
0.08,80.0,0.04155555555555556,41.555555555555564,0.82,47.976280212402344,2206.7119140625,8.406790733337402,4.452939510345459,-511.1788330078125,0.000481325201690197,4.590848445892334
0.08,80.0,0.04202777777777778,42.02777777777778,0.82,40.97528839111328,1915.518798828125,8.564787864685059,4.482260704040527,-636.7657470703125,0.00039235016447491944,3.925668478012085
0.08,80.0,0.0425,42.5,0.82,-0.6508762240409851,794.006591796875,3.5178167819976807,0.997542679309845,-738.3273315429688,0.0007003609789535403,3.710641622543335
