z_m,q_wall,phi,q_wall_pred
0.184,-583127.0,0.7,-538253.56
0.182515,-591602.0,0.7,-540686.56
0.184,-487470.0,0.7,-538253.56
0.182,-696262.0,0.7,-567602.2
0.182276,-562320.0,0.7,-551832.5
0.182453,-708775.0,0.7,-543334.1
0.181046,-689603.0,0.7,-637246.8
0.184,-452441.0,0.7,-538253.56
0.180623,-796488.0,0.7,-669951.56
0.184,-616707.0,0.7,-538253.56
0.18,-758991.0,0.7,-712648.06
0.180242,-673815.0,0.7,-697200.06
0.182111,-539651.0,0.7,-560919.4
0.181359,-801210.0,0.7,-612865.4
0.182739,-706579.0,0.7,-532662.2
0.17906,-712733.0,0.7,-753703.44
0.184,-427497.0,0.7,-538253.56
0.179748,-827271.0,0.7,-726794.8
0.178615,-791113.0,0.7,-761569.9
0.184,-644761.0,0.7,-538253.56
0.178,-734350.0,0.7,-761102.7
0.178312,-684502.0,0.7,-762868.8
0.18054,-642812.0,0.7,-676131.25
0.182331,-504546.0,0.7,-549046.5
0.180354,-828812.0,0.7,-689514.6
0.182369,-750370.0,0.7,-547196.9
0.177176,-671199.0,0.7,-744150.9
0.178658,-674560.0,0.7,-761127.56
0.184,-417903.0,0.7,-538253.56
0.178042,-797465.0,0.7,-761510.94
0.177103,-727258.0,0.7,-741968.44
0.184,-667365.0,0.7,-538253.56
0.176,-657781.0,0.7,-700864.94
0.176583,-617039.0,0.7,-724179.2
0.179083,-668772.0,0.7,-753095.2
0.182,-526902.0,0.7,-567602.2
0.176756,-720078.0,0.7,-730485.06
0.179792,-821465.0,0.7,-724479.75
0.181896,-763341.0,0.7,-574238.75
0.175333,-577618.0,0.7,-671297.0
0.177188,-630543.0,0.7,-744500.06
0.18,-645825.0,0.7,-712648.06
0.184,-416279.0,0.7,-538253.56
0.175902,-691058.0,0.7,-696698.1
0.177486,-771546.0,0.7,-752321.9
0.175396,-637619.0,0.7,-674214.56
0.184,-650033.0,0.7,-538253.56
0.174,-554207.0,0.7,-598889.75
0.174476,-514295.0,0.7,-627782.06
0.175485,-557929.0,0.7,-678289.7
0.177885,-640161.0,0.7,-759729.5
0.181833,-518620.0,0.7,-578421.3
0.174999,-626317.0,0.7,-655290.44
0.175583,-684917.0,0.7,-682715.06
0.181694,-738998.0,0.7,-588028.94
0.179389,-789120.0,0.7,-743066.8
0.173292,-487223.0,0.7,-547147.3
0.176035,-573346.0,0.7,-702337.44
0.178323,-642667.0,0.7,-762875.2
0.179622,-627370.0,0.7,-733046.06
0.184,-402437.0,0.7,-538253.56
0.174132,-599385.0,0.7,-607350.4
0.177382,-743628.0,0.7,-749791.1
0.175632,-676873.0,0.7,-684904.2
0.173323,-545245.0,0.7,-549618.9
0.184,-619127.0,0.7,-538253.56
0.172,-480214.0,0.7,-445727.88
0.1725,-443684.0,0.7,-482181.47
0.173917,-485209.0,0.7,-593378.7
0.176755,-590835.0,0.7,-730450.4
0.181653,-495436.0,0.7,-590955.06
0.173083,-570884.0,0.7,-530156.6
0.181493,-741042.0,0.7,-602701.8
0.179278,-769992.0,0.7,-747119.3
0.174158,-604793.0,0.7,-608973.06
0.17125,-441496.0,0.7,-409173.22
0.175064,-510327.0,0.7,-658483.6
0.177382,-603528.0,0.7,-749791.1
0.179256,-599906.0,0.7,-747866.4
0.184,-365922.0,0.7,-538253.56
0.171872,-526647.0,0.7,-437769.75
0.175375,-643733.0,0.7,-673245.56
0.176979,-713170.0,0.7,-738064.7
0.173778,-576686.0,0.7,-583809.6
0.170861,-486590.0,0.7,-399822.75
0.182652,-640336.0,0.7,-535485.1
0.17,-455242.0,0.7,-397178.56
0.170199,-423710.0,0.7,-396112.62
0.17175,-426921.0,0.7,-430815.75
0.173086,-437571.0,0.7,-530403.5
0.175843,-530448.0,0.7,-694158.6
0.177758,-590390.0,0.7,-757797.25
0.181745,-481911.0,0.7,-584447.0
0.172468,-546565.0,0.7,-479647.88
0.170801,-531049.0,0.7,-398910.16
0.181182,-745998.0,0.7,-626590.06
0.178318,-745411.0,0.7,-762872.6
0.184,-525934.0,0.7,-538253.56
0.169208,-430694.0,0.7,-406401.5
0.174166,-446818.0,0.7,-609470.2
0.175634,-499381.0,0.7,-684992.8
0.179669,-645878.0,0.7,-730781.3
0.176741,-556431.0,0.7,-729951.6
0.184,-337441.0,0.7,-538253.56
0.169892,-508515.0,0.7,-398049.2
0.17991,-762991.0,0.7,-717942.94
0.174903,-603626.0,0.7,-650496.6
0.173512,-542906.0,0.7,-564324.6
0.176313,-669435.0,0.7,-713727.4
0.17199,-517420.0,0.7,-445082.25
0.168917,-473889.0,0.7,-410525.5
0.182631,-616994.0,0.7,-536223.7
0.168,-442111.0,0.7,-421979.97
0.169667,-415829.0,0.7,-400372.03
0.167761,-425393.0,0.7,-424354.1
0.171007,-404370.0,0.7,-402611.8
0.172139,-388966.0,0.7,-455077.0
0.181267,-592688.0,0.7,-619968.2
0.177624,-632520.0,0.7,-755316.94
0.182712,-425198.0,0.7,-533497.25
0.170526,-521862.0,0.7,-396316.66
0.168708,-522863.0,0.7,-413422.03
0.181267,-715401.0,0.7,-619968.2
0.179669,-746199.0,0.7,-730781.3
0.177624,-708759.0,0.7,-755316.94
0.184,-499066.0,0.7,-538253.56
0.167167,-425289.0,0.7,-429428.34
0.167955,-422148.0,0.7,-422445.72
0.17323,-399240.0,0.7,-542163.9
0.174485,-460000.0,0.7,-628287.9
0.17991,-684458.0,0.7,-717942.94
0.178318,-686417.0,0.7,-762872.6
0.175447,-554551.0,0.7,-676556.06
0.184,-370294.0,0.7,-538253.56
0.168012,-498231.0,0.7,-421854.0
0.169146,-525310.0,0.7,-407277.97
0.173384,-529212.0,0.7,-554435.2
0.174299,-562468.0,0.7,-617544.25
0.171864,-498900.0,0.7,-437294.94
0.175447,-612977.0,0.7,-676556.06
0.169734,-495024.0,0.7,-399618.34
0.166972,-461674.0,0.7,-430952.84
0.182712,-582852.0,0.7,-533497.25
0.166323,-423851.0,0.7,-436028.5
0.167319,-402927.0,0.7,-428209.5
0.168793,-384045.0,0.7,-412257.5
0.166333,-421226.0,0.7,-435948.38
0.16575,-421391.0,0.7,-440767.44
0.169802,-367336.0,0.7,-398904.62
0.17062,-385002.0,0.7,-396925.94
0.182631,-495712.0,0.7,-536223.7
0.181182,-656819.0,0.7,-626590.06
0.176313,-631285.0,0.7,-713727.4
0.168562,-512585.0,0.7,-415366.16
0.167026,-511893.0,0.7,-430533.62
0.167133,-517767.0,0.7,-429696.8
0.181745,-635047.0,0.7,-584447.0
0.179256,-705170.0,0.7,-747866.4
0.176741,-649055.0,0.7,-729951.6
0.166,-433421.0,0.7,-438670.53
0.184,-501668.0,0.7,-538253.56
0.165167,-418004.0,0.7,-445649.94
0.166471,-413328.0,0.7,-434849.06
0.172143,-413774.0,0.7,-455357.06
0.173017,-466248.0,0.7,-524701.1
0.179278,-722522.0,0.7,-747119.3
0.176979,-685904.0,0.7,-738064.7
0.174299,-534288.0,0.7,-617544.25
0.184,-438109.0,0.7,-538253.56
0.166001,-484977.0,0.7,-438662.25
0.172395,-501348.0,0.7,-473948.75
0.173017,-511410.0,0.7,-524701.1
0.170305,-476028.0,0.7,-395883.34
0.174485,-543835.0,0.7,-628287.9
0.16713,-491899.0,0.7,-429720.34
0.164902,-448555.0,0.7,-447739.06
0.164583,-416035.0,0.7,-449999.4
0.1655,-395010.0,0.7,-442880.84
0.16677,-348753.0,0.7,-432514.72
0.16766,-353725.0,0.7,-425288.78
0.164917,-403885.0,0.7,-447625.03
0.164333,-408876.0,0.7,-451476.75
0.16375,-408539.0,0.7,-453376.97
0.168292,-387271.0,0.7,-418727.25
0.169709,-427796.0,0.7,-399894.3
0.182652,-548872.0,0.7,-535485.1
0.181493,-682916.0,0.7,-602701.8
0.174903,-587745.0,0.7,-650496.6
0.166247,-501316.0,0.7,-436642.1
0.165275,-503445.0,0.7,-444763.6
0.181653,-622133.0,0.7,-590955.06
0.168106,-471505.0,0.7,-420845.75
0.177758,-666312.0,0.7,-757797.25
0.175634,-567788.0,0.7,-684992.8
0.164,-419648.0,0.7,-452876.22
0.184,-516101.0,0.7,-538253.56
0.163167,-406228.0,0.7,-452180.1
0.165835,-366399.0,0.7,-440051.1
0.168565,-419395.0,0.7,-415326.66
0.170505,-441549.0,0.7,-396217.2
0.172395,-480149.0,0.7,-473948.75
0.179389,-759465.0,0.7,-743066.8
0.177382,-727465.0,0.7,-749791.1
0.175375,-632729.0,0.7,-673245.56
0.173384,-512912.0,0.7,-554435.2
0.184,-569161.0,0.7,-538253.56
0.163855,-473101.0,0.7,-453231.3
0.164615,-506371.0,0.7,-449789.6
0.179622,-713733.0,0.7,-733046.06
0.171071,-474870.0,0.7,-404101.06
0.172143,-479420.0,0.7,-455357.06
0.168833,-461504.0,0.7,-411702.5
0.17323,-466904.0,0.7,-542163.9
0.165867,-470200.0,0.7,-439782.1
0.165049,-484886.0,0.7,-446598.03
0.162924,-435621.0,0.7,-450549.9
0.162583,-404945.0,0.7,-447064.53
0.1635,-373980.0,0.7,-453304.22
0.164083,-339479.0,0.7,-452598.3
0.164941,-322410.0,0.7,-447441.38
0.165915,-339645.0,0.7,-439379.56
0.166095,-389176.0,0.7,-437884.06
0.162917,-387246.0,0.7,-450492.53
0.162333,-391595.0,0.7,-443639.1
0.16175,-391734.0,0.7,-433144.38
0.166634,-422590.0,0.7,-433570.16
0.167267,-438726.0,0.7,-428630.84
0.168113,-445935.0,0.7,-420768.94
0.171071,-457341.0,0.7,-404101.06
0.181694,-706929.0,0.7,-588028.94
0.173512,-535721.0,0.7,-564324.6
0.16423,-493920.0,0.7,-451987.0
0.162771,-492013.0,0.7,-449159.12
0.181833,-636859.0,0.7,-578421.3
0.184,-533211.0,0.7,-538253.56
0.170505,-474640.0,0.7,-396217.2
0.166938,-457612.0,0.7,-431216.22
0.177382,-666650.0,0.7,-749791.1
0.174166,-497602.0,0.7,-609470.2
0.162,-406931.0,0.7,-438031.06
0.161167,-390027.0,0.7,-420169.28
0.168833,-455970.0,0.7,-411702.5
0.171864,-491526.0,0.7,-437294.94
0.170305,-471585.0,0.7,-395883.34
0.179792,-791820.0,0.7,-724479.75
0.177486,-753660.0,0.7,-752321.9
0.175632,-656876.0,0.7,-684904.2
0.173778,-553488.0,0.7,-583809.6
0.161427,-458287.0,0.7,-426164.94
0.162594,-495693.0,0.7,-447199.0
0.18,-730751.0,0.7,-712648.06
0.169709,-473100.0,0.7,-399894.3
0.17062,-446524.0,0.7,-396925.94
0.166259,-450656.0,0.7,-436544.78
0.178323,-717973.0,0.7,-762875.2
0.175843,-587614.0,0.7,-694158.6
0.172139,-442602.0,0.7,-455077.0
0.16369,-465011.0,0.7,-453415.28
0.164695,-449701.0,0.7,-449246.12
0.162857,-482697.0,0.7,-449975.75
0.161042,-415020.0,0.7,-417214.1
0.160583,-390350.0,0.7,-406279.1
0.162083,-323884.0,0.7,-439532.25
0.1615,-357663.0,0.7,-427795.94
0.162948,-310557.0,0.7,-450742.5
0.164108,-369416.0,0.7,-452505.0
0.16485,-418911.0,0.7,-448130.4
0.160917,-367740.0,0.7,-414234.88
0.160333,-370542.0,0.7,-400465.6
0.15975,-370925.0,0.7,-388038.53
0.164918,-436191.0,0.7,-447617.5
0.165669,-445123.0,0.7,-441452.25
0.166259,-452197.0,0.7,-436544.78
0.184,-632244.0,0.7,-538253.56
0.181896,-732203.0,0.7,-574238.75
0.17199,-502785.0,0.7,-445082.25
0.160338,-477239.0,0.7,-400579.72
0.182,-626789.0,0.7,-567602.2
0.184,-538943.0,0.7,-538253.56
0.168113,-466361.0,0.7,-420768.94
0.176755,-654650.0,0.7,-730450.4
0.173086,-484570.0,0.7,-530403.5
0.175064,-567195.0,0.7,-658483.6
0.16,-394091.0,0.7,-393123.6
0.159167,-370474.0,0.7,-378031.75
0.166938,-465344.0,0.7,-431216.22
0.168106,-474824.0,0.7,-420845.75
0.169734,-486142.0,0.7,-399618.34
0.180354,-789411.0,0.7,-689514.6
0.178042,-771659.0,0.7,-761510.94
0.175583,-651586.0,0.7,-682715.06
0.174158,-567699.0,0.7,-608973.06
0.172468,-510478.0,0.7,-479647.88
0.159825,-420172.0,0.7,-389519.7
0.160756,-483975.0,0.7,-410388.22
0.159051,-434314.0,0.7,-376388.4
0.177885,-699484.0,0.7,-759729.5
0.18054,-703177.0,0.7,-676131.25
0.168565,-470486.0,0.7,-415326.66
0.167267,-470808.0,0.7,-428630.84
0.169802,-422297.0,0.7,-398904.62
0.165669,-456446.0,0.7,-441452.25
0.164,-439087.0,0.7,-452876.22
0.171007,-456366.0,0.7,-402611.8
0.162282,-437930.0,0.7,-442854.4
0.161392,-462917.0,0.7,-425373.5
0.159167,-398323.0,0.7,-378031.75
0.158802,-373718.0,0.7,-373270.3
0.160773,-310725.0,0.7,-410794.0
0.160083,-310999.0,0.7,-394899.44
0.1595,-345125.0,0.7,-383405.03
0.1617,-365721.0,0.7,-432107.75
0.162856,-418208.0,0.7,-449966.66
0.158917,-353362.0,0.7,-374640.72
0.158333,-353003.0,0.7,-368896.72
0.157322,-350787.0,0.7,-365036.16
0.163457,-437675.0,0.7,-453227.66
0.164,-443245.0,0.7,-452876.22
0.164695,-456801.0,0.7,-449246.12
0.184,-640020.0,0.7,-538253.56
0.182369,-705347.0,0.7,-547196.9
0.170526,-495392.0,0.7,-396316.66
0.158653,-474114.0,0.7,-371671.9
0.157792,-443662.0,0.7,-366047.6
0.179083,-724834.0,0.7,-753095.2
0.182331,-577619.0,0.7,-549046.5
0.184,-508380.0,0.7,-538253.56
0.168292,-446121.0,0.7,-418727.25
0.176035,-621648.0,0.7,-702337.44
0.173917,-531343.0,0.7,-593378.7
0.17175,-476011.0,0.7,-430815.75
0.158,-375824.0,0.7,-366894.53
0.157156,-356661.0,0.7,-364900.47
0.165867,-471960.0,0.7,-439782.1
0.16713,-483417.0,0.7,-429720.34
0.181359,-750910.0,0.7,-612865.4
0.179748,-786278.0,0.7,-726794.8
0.175902,-662026.0,0.7,-696698.1
0.173083,-528484.0,0.7,-530156.6
0.170801,-491695.0,0.7,-398910.16
0.168562,-490251.0,0.7,-415366.16
0.158107,-401415.0,0.7,-367445.84
0.159318,-463883.0,0.7,-380350.16
0.157009,-401272.0,0.7,-364843.97
0.177188,-664238.0,0.7,-744500.06
0.182111,-570100.0,0.7,-560919.4
0.178658,-698143.0,0.7,-761127.56
0.166634,-467498.0,0.7,-433570.16
0.164918,-459879.0,0.7,-447617.5
0.168793,-437090.0,0.7,-412257.5
0.16766,-409848.0,0.7,-425288.78
0.163457,-443144.0,0.7,-453227.66
0.162173,-426650.0,0.7,-441084.7
0.169667,-468405.0,0.7,-400372.03
0.159875,-432228.0,0.7,-390529.0
0.157134,-377459.0,0.7,-364888.72
0.159444,-361213.0,0.7,-382435.53
0.158787,-308543.0,0.7,-373100.6
0.158083,-300168.0,0.7,-367315.2
0.1575,-335672.0,0.7,-365293.9
0.160222,-397270.0,0.7,-397957.3
0.161299,-420688.0,0.7,-423244.8
0.157158,-342612.0,0.7,-364901.7
0.156069,-334523.0,0.7,-364724.7
0.155915,-340303.0,0.7,-364574.0
0.162173,-431889.0,0.7,-441084.7
0.162282,-443623.0,0.7,-442854.4
0.16369,-462880.0,0.7,-453415.28
0.184,-596235.0,0.7,-538253.56
0.182739,-652568.0,0.7,-532662.2
0.178615,-756025.0,0.7,-761569.9
0.176756,-691592.0,0.7,-730485.06
0.174132,-558404.0,0.7,-607350.4
0.169146,-491124.0,0.7,-407277.97
0.156308,-448817.0,0.7,-364836.56
0.157138,-456790.0,0.7,-364890.9
0.155393,-402454.0,0.7,-363433.22
0.184,-474914.0,0.7,-538253.56
0.180242,-672485.0,0.7,-697200.06
0.166095,-447236.0,0.7,-437884.06
0.160363,-411678.0,0.7,-401152.0
0.175485,-597386.0,0.7,-678289.7
0.1725,-476299.0,0.7,-482181.47
0.170199,-457106.0,0.7,-396112.62
0.156,-351978.0,0.7,-364666.0
0.155,-328282.0,0.7,-361798.72
0.155208,-336312.0,0.7,-362752.88
0.165049,-474822.0,0.7,-446598.03
0.166247,-482640.0,0.7,-436642.1
0.182453,-649877.0,0.7,-543334.1
0.180623,-746770.0,0.7,-669951.56
0.174999,-591713.0,0.7,-655290.44
0.171872,-486616.0,0.7,-437769.75
0.168708,-483567.0,0.7,-413422.03
0.167133,-484924.0,0.7,-429696.8
0.156409,-378046.0,0.7,-364850.88
0.157803,-429258.0,0.7,-366085.4
0.154567,-355715.0,0.7,-359159.06
0.176583,-636983.0,0.7,-724179.2
0.182276,-521503.0,0.7,-551832.5
0.184,-439416.0,0.7,-538253.56
0.178312,-677452.0,0.7,-762868.8
0.16485,-460985.0,0.7,-448130.4
0.162856,-444294.0,0.7,-449966.66
0.167319,-462182.0,0.7,-428209.5
0.16677,-405387.0,0.7,-432514.72
0.165915,-401541.0,0.7,-439379.56
0.161299,-422686.0,0.7,-423244.8
0.174476,-549072.0,0.7,-627782.06
0.167955,-468541.0,0.7,-422445.72
0.158315,-395700.0,0.7,-368766.38
0.155174,-351058.0,0.7,-362610.7
0.157556,-367896.0,0.7,-365403.84
0.157757,-353573.0,0.7,-365932.06
0.156874,-311009.0,0.7,-364828.3
0.155958,-281020.0,0.7,-364623.12
0.155154,-312281.0,0.7,-362524.75
0.159097,-395904.0,0.7,-377025.5
0.160363,-419822.0,0.7,-401152.0
0.153833,-311410.0,0.7,-352787.75
0.154196,-321986.0,0.7,-356217.8
0.161392,-455715.0,0.7,-425373.5
0.162857,-468364.0,0.7,-449975.75
0.184,-555710.0,0.7,-538253.56
0.18,-721920.0,0.7,-712648.06
0.177103,-693785.0,0.7,-741968.44
0.175396,-600786.0,0.7,-674214.56
0.173323,-505272.0,0.7,-549618.9
0.169892,-472050.0,0.7,-398049.2
0.154835,-434092.0,0.7,-360896.47
0.154129,-417844.0,0.7,-355624.22
0.155596,-418604.0,0.7,-364005.8
0.152875,-353134.0,0.7,-341567.62
0.181046,-615300.0,0.7,-637246.8
0.17906,-665775.0,0.7,-753703.44
0.164108,-431189.0,0.7,-452505.0
0.159097,-395389.0,0.7,-377025.5
0.173292,-484559.0,0.7,-547147.3
0.17125,-441917.0,0.7,-409173.22
0.167761,-453307.0,0.7,-424354.1
0.154,-322922.0,0.7,-354429.7
0.15312,-307500.0,0.7,-344702.47
0.153147,-308510.0,0.7,-345037.53
0.159875,-435428.0,0.7,-390529.0
0.16423,-476411.0,0.7,-451987.0
0.164615,-480359.0,0.7,-449789.6
0.184,-531261.0,0.7,-538253.56
0.182,-650648.0,0.7,-567602.2
0.178,-708944.0,0.7,-761102.7
0.170861,-455440.0,0.7,-399822.75
0.168012,-467783.0,0.7,-421854.0
0.167026,-477547.0,0.7,-430533.62
0.156253,-387371.0,0.7,-364821.66
0.151771,-305307.0,0.7,-325267.66
0.177176,-645576.0,0.7,-744150.9
0.184,-392171.0,0.7,-538253.56
0.182515,-476726.0,0.7,-540686.56
0.160222,-419442.0,0.7,-397957.3
0.165835,-431616.0,0.7,-440051.1
0.166471,-466650.0,0.7,-434849.06
0.164941,-386270.0,0.7,-447441.38
0.175333,-572359.0,0.7,-671297.0
0.169208,-436078.0,0.7,-406401.5
0.166333,-463318.0,0.7,-435948.38
0.156938,-368244.0,0.7,-364832.22
0.153056,-314560.0,0.7,-343899.75
0.156938,-373464.0,0.7,-364832.22
0.155865,-342995.0,0.7,-364509.2
0.154667,-284879.0,0.7,-359846.38
0.15365,-239278.0,0.7,-350872.06
0.158315,-405701.0,0.7,-368766.38
0.152208,-267390.0,0.7,-332172.12
0.151498,-283950.0,0.7,-320593.53
0.1526,-300399.0,0.7,-337848.34
0.160756,-462938.0,0.7,-410388.22
0.159318,-449803.0,0.7,-380350.16
0.162594,-473081.0,0.7,-447199.0
0.165275,-473620.0,0.7,-444763.6
0.181046,-662786.0,0.7,-637246.8
0.17906,-693659.0,0.7,-753703.44
0.176,-628131.0,0.7,-700864.94
0.174,-519509.0,0.7,-598889.75
0.172,-451781.0,0.7,-445727.88
0.168917,-449633.0,0.7,-410525.5
0.152922,-409540.0,0.7,-342182.2
0.153231,-392547.0,0.7,-346065.8
0.151819,-374615.0,0.7,-326059.1
0.153989,-371920.0,0.7,-354324.75
0.150149,-295497.0,0.7,-291880.44
0.18,-646010.0,0.7,-712648.06
0.182,-536380.0,0.7,-567602.2
0.178,-648885.0,0.7,-761102.7
0.1617,-423880.0,0.7,-432107.75
0.1655,-459086.0,0.7,-442880.84
0.162948,-374683.0,0.7,-450742.5
0.157556,-386772.0,0.7,-365403.84
0.172,-435679.0,0.7,-445727.88
0.174,-488703.0,0.7,-598889.75
0.17,-419122.0,0.7,-397178.56
0.167167,-436822.0,0.7,-429428.34
0.16575,-450588.0,0.7,-440767.44
0.152,-290342.0,0.7,-328967.72
0.155688,-350299.0,0.7,-364209.2
0.154819,-334703.0,0.7,-360802.22
0.151174,-280277.0,0.7,-314620.06
0.151261,-279195.0,0.7,-316273.25
0.157803,-427756.0,0.7,-366085.4
0.162771,-467820.0,0.7,-449159.12
0.182515,-558783.0,0.7,-540686.56
0.177176,-663832.0,0.7,-744150.9
0.17,-435406.0,0.7,-397178.56
0.166001,-460366.0,0.7,-438662.25
0.166972,-442682.0,0.7,-430952.84
0.154877,-348978.0,0.7,-361138.56
0.14939,-251321.0,0.7,-270589.84
0.150728,-270002.0,0.7,-305510.47
0.176,-586076.0,0.7,-700864.94
0.184,-394571.0,0.7,-538253.56
0.159444,-411080.0,0.7,-382435.53
0.164083,-406575.0,0.7,-452598.3
0.164917,-457584.0,0.7,-447625.03
0.168,-417535.0,0.7,-421979.97
0.164333,-451911.0,0.7,-451476.75
0.155688,-353953.0,0.7,-364209.2
0.156253,-394649.0,0.7,-364821.66
0.154877,-355128.0,0.7,-361138.56
0.153354,-312581.0,0.7,-347533.8
0.152667,-258110.0,0.7,-338774.03
0.151795,-223416.0,0.7,-325664.62
0.150231,-254902.0,0.7,-293944.9
0.149188,-248889.0,0.7,-264285.03
0.158653,-447793.0,0.7,-371671.9
0.160338,-455090.0,0.7,-400579.72
0.157138,-435860.0,0.7,-364890.9
0.163855,-452240.0,0.7,-453231.3
0.184,-457826.0,0.7,-538253.56
0.180242,-668634.0,0.7,-697200.06
0.182276,-549690.0,0.7,-551832.5
0.178312,-678940.0,0.7,-762868.8
0.175333,-569727.0,0.7,-671297.0
0.173292,-476471.0,0.7,-547147.3
0.17125,-432112.0,0.7,-409173.22
0.168,-428448.0,0.7,-421979.97
0.150972,-365709.0,0.7,-310630.88
0.151859,-349771.0,0.7,-326712.16
0.14925,-315404.0,0.7,-266246.66
0.152689,-328589.0,0.7,-339075.22
0.147953,-230602.0,0.7,-221834.75
0.178792,-665512.0,0.7,-759320.0
0.180802,-630133.0,0.7,-656291.56
0.182417,-481502.0,0.7,-544950.75
0.17675,-611910.0,0.7,-730271.9
0.160773,-365966.0,0.7,-410794.0
0.1635,-440198.0,0.7,-453304.22
0.162083,-380674.0,0.7,-439532.25
0.157757,-398539.0,0.7,-365932.06
0.17125,-411744.0,0.7,-409173.22
0.172909,-434939.0,0.7,-515729.97
0.174571,-498633.0,0.7,-633060.1
0.16925,-407118.0,0.7,-405811.3
0.165167,-434877.0,0.7,-445649.94
0.166323,-423934.0,0.7,-436028.5
0.16375,-440725.0,0.7,-453376.97
0.154819,-353511.0,0.7,-360802.22
0.15,-250261.0,0.7,-288011.34
0.153777,-326720.0,0.7,-352214.22
0.152975,-311091.0,0.7,-342867.6
0.150282,-219464.0,0.7,-295206.06
0.149196,-240072.0,0.7,-264539.56
0.155596,-410434.0,0.7,-364005.8
0.161427,-441363.0,0.7,-426164.94
0.176583,-626410.0,0.7,-724179.2
0.169208,-423967.0,0.7,-406401.5
0.164902,-432843.0,0.7,-447739.06
0.166,-423590.0,0.7,-438670.53
0.153777,-328895.0,0.7,-352214.22
0.148268,-265528.0,0.7,-233036.88
0.147335,-194157.0,0.7,-200256.83
0.148642,-219651.0,0.7,-246133.98
0.184,-370247.0,0.7,-538253.56
0.158787,-359917.0,0.7,-373100.6
0.162917,-442275.0,0.7,-450492.53
0.155865,-378120.0,0.7,-364509.2
0.16725,-405630.0,0.7,-428767.25
0.166,-414866.0,0.7,-438670.53
0.162333,-437184.0,0.7,-443639.1
0.153989,-369451.0,0.7,-354324.75
0.152689,-327870.0,0.7,-339075.22
0.151555,-284964.0,0.7,-321594.97
0.151637,-285784.0,0.7,-323011.47
0.150464,-237140.0,0.7,-299565.34
0.148483,-204643.0,0.7,-240611.38
0.147167,-202495.0,0.7,-194658.9
0.156308,-417551.0,0.7,-364836.56
0.157792,-420498.0,0.7,-366047.6
0.154835,-406950.0,0.7,-360896.47
0.162924,-423053.0,0.7,-450549.9
0.184,-448838.0,0.7,-538253.56
0.182111,-552016.0,0.7,-560919.4
0.178658,-676748.0,0.7,-761127.56
0.174476,-528765.0,0.7,-627782.06
0.1725,-452925.0,0.7,-482181.47
0.170199,-430861.0,0.7,-396112.62
0.167167,-421803.0,0.7,-429428.34
0.166323,-418168.0,0.7,-436028.5
0.149998,-327866.0,0.7,-287958.44
0.148503,-324115.0,0.7,-241310.45
0.150769,-302866.0,0.7,-306394.88
0.147397,-262207.0,0.7,-202361.55
0.151853,-301976.0,0.7,-326614.62
0.146194,-176889.0,0.7,-166721.28
0.146636,-216382.0,0.7,-178295.52
0.179649,-687624.0,0.7,-731754.06
0.1775,-653304.0,0.7,-752645.56
0.181958,-589247.0,0.7,-570239.6
0.184,-452543.0,0.7,-538253.56
0.175167,-530302.0,0.7,-663461.2
0.160083,-357151.0,0.7,-394899.44
0.1615,-420499.0,0.7,-427795.94
0.156874,-352303.0,0.7,-364828.3
0.1705,-408481.0,0.7,-396195.56
0.172723,-428950.0,0.7,-500292.47
0.1685,-405760.0,0.7,-416166.1
0.163167,-427006.0,0.7,-452180.1
0.164583,-421188.0,0.7,-449999.4
0.16175,-427467.0,0.7,-433144.38
0.152975,-321059.0,0.7,-342867.6
0.153354,-338391.0,0.7,-347533.8
0.148,-206061.0,0.7,-223507.64
0.151853,-301151.0,0.7,-326614.62
0.1485,-181128.0,0.7,-241205.55
0.14675,-194511.0,0.7,-181607.69
0.147329,-195983.0,0.7,-200054.17
0.153231,-372281.0,0.7,-346065.8
0.159051,-420198.0,0.7,-376388.4
0.161042,-409036.0,0.7,-417214.1
0.18054,-660321.0,0.7,-676131.25
0.177188,-639799.0,0.7,-744500.06
0.175485,-571995.0,0.7,-678289.7
0.167761,-428708.0,0.7,-424354.1
0.164,-413748.0,0.7,-452876.22
0.164583,-414748.0,0.7,-449999.4
0.147116,-284909.0,0.7,-192992.98
0.145556,-153646.0,0.7,-154116.03
0.14666,-174075.0,0.7,-178982.67
0.158083,-336032.0,0.7,-367315.2
0.160917,-424341.0,0.7,-414234.88
0.154667,-322948.0,0.7,-359846.38
0.1665,-401370.0,0.7,-434620.28
0.16525,-402919.0,0.7,-444970.25
0.164,-409722.0,0.7,-452876.22
0.160333,-418823.0,0.7,-400465.6
0.151859,-332142.0,0.7,-326712.16
0.150769,-296192.0,0.7,-306394.88
0.149651,-260285.0,0.7,-278351.5
0.149858,-256285.0,0.7,-284181.97
0.148385,-214581.0,0.7,-237170.94
0.146636,-150617.0,0.7,-178295.52
0.145389,-154717.0,0.7,-151683.2
0.144778,-149490.0,0.7,-145854.8
0.155393,-378403.0,0.7,-363433.22
0.154129,-382917.0,0.7,-355624.22
0.157009,-387452.0,0.7,-364843.97
0.159825,-411342.0,0.7,-389519.7
0.152922,-373657.0,0.7,-342182.2
0.162,-406782.0,0.7,-438031.06
0.184,-442854.0,0.7,-538253.56
0.182331,-528351.0,0.7,-549046.5
0.179083,-682303.0,0.7,-753095.2
0.173917,-502822.0,0.7,-593378.7
0.17175,-447061.0,0.7,-430815.75
0.167955,-434468.0,0.7,-422445.72
0.165167,-419653.0,0.7,-445649.94
0.16575,-425956.0,0.7,-440767.44
0.148564,-275776.0,0.7,-243435.03
0.145944,-283287.0,0.7,-161170.1
0.149651,-260200.0,0.7,-278351.5
0.145712,-216237.0,0.7,-156718.17
0.151555,-295429.0,0.7,-321594.97
0.144742,-144460.0,0.7,-145656.66
0.144982,-166722.0,0.7,-147275.4
0.180299,-701708.0,0.7,-693327.1
0.17818,-693931.0,0.7,-762485.9
0.176284,-610535.0,0.7,-712566.2
0.184,-505667.0,0.7,-538253.56
0.173976,-477955.0,0.7,-597312.25
0.1595,-400426.0,0.7,-383405.03
0.155958,-306884.0,0.7,-364623.12
0.16975,-414238.0,0.7,-399445.6
0.17175,-423114.0,0.7,-430815.75
0.16775,-409348.0,0.7,-424457.7
0.162583,-415000.0,0.7,-447064.53
0.161167,-416170.0,0.7,-420169.28
0.15975,-411253.0,0.7,-388038.53
0.152667,-310032.0,0.7,-338774.03
0.146,-164408.0,0.7,-162346.95
0.14669,-160934.0,0.7,-179849.39
0.144369,-133454.0,0.7,-144476.98
0.150972,-328480.0,0.7,-310630.88
0.158107,-396439.0,0.7,-367445.84
0.16,-401916.0,0.7,-393123.6
0.159167,-400035.0,0.7,-378031.75
0.182,-559097.0,0.7,-567602.2
0.18,-674494.0,0.7,-712648.06
0.177885,-658408.0,0.7,-759729.5
0.176035,-590576.0,0.7,-702337.44
0.169667,-435730.0,0.7,-400372.03
0.166333,-430760.0,0.7,-435948.38
0.162583,-410158.0,0.7,-447064.53
0.163167,-414683.0,0.7,-452180.1
0.14655,-278771.0,0.7,-175880.67
0.144678,-220070.0,0.7,-145342.23
0.143556,-121257.0,0.7,-146490.69
0.145022,-145091.0,0.7,-147614.48
0.182039,-614365.0,0.7,-565205.4
0.1575,-375912.0,0.7,-365293.9
0.158917,-408634.0,0.7,-374640.72
0.15365,-277322.0,0.7,-350872.06
0.16575,-402852.0,0.7,-440767.44
0.164171,-396586.0,0.7,-452250.0
0.16325,-398914.0,0.7,-452577.1
0.162,-404592.0,0.7,-438031.06
0.158333,-402886.0,0.7,-368896.72
0.151637,-311162.0,0.7,-323011.47
0.149998,-298749.0,0.7,-287958.44
0.148564,-261293.0,0.7,-243435.03
0.148,-221542.0,0.7,-223507.64
0.146418,-189951.0,0.7,-172321.95
0.14527,-124506.0,0.7,-150172.7
0.143208,-109190.0,0.7,-148647.25
0.144,-127224.0,0.7,-144722.22
0.142597,-106089.0,0.7,-153006.0
0.152875,-328666.0,0.7,-341567.62
0.154567,-344579.0,0.7,-359159.06
0.151819,-337982.0,0.7,-326059.1
0.156409,-374535.0,0.7,-364850.88
0.160583,-404831.0,0.7,-406279.1
0.184,-445569.0,0.7,-538253.56
0.173086,-465800.0,0.7,-530403.5
0.175064,-545724.0,0.7,-658483.6
0.171007,-433897.0,0.7,-402611.8
0.166471,-429299.0,0.7,-434849.06
0.167319,-429368.0,0.7,-428209.5
0.16375,-418200.0,0.7,-453376.97
0.164333,-419593.0,0.7,-451476.75
0.147417,-212294.0,0.7,-203044.34
0.146391,-226002.0,0.7,-171616.8
0.143556,-225474.0,0.7,-146490.69
0.14468,-263295.0,0.7,-145351.33
0.149858,-271582.0,0.7,-284181.97
0.14387,-158793.0,0.7,-145094.42
0.143405,-126919.0,0.7,-147364.78
0.177845,-692975.0,0.7,-759167.3
0.179956,-712202.0,0.7,-715269.75
0.175214,-574117.0,0.7,-665703.2
0.184,-524853.0,0.7,-538253.56
0.173,-462937.0,0.7,-523292.0
0.155154,-338799.0,0.7,-362524.75
0.168798,-425116.0,0.7,-412188.28
0.1708,-432830.0,0.7,-398896.38
0.16679,-417537.0,0.7,-432359.94
0.160583,-406008.0,0.7,-406279.1
0.159167,-402355.0,0.7,-378031.75
0.157322,-389920.0,0.7,-365036.16
0.150464,-284309.0,0.7,-299565.34
0.151795,-274650.0,0.7,-325664.62
0.147417,-219765.0,0.7,-203044.34
0.144932,-153581.0,0.7,-146879.78
0.143442,-109429.0,0.7,-147140.66
0.141824,-101375.0,0.7,-156928.83
0.148503,-276325.0,0.7,-241310.45
0.157134,-383865.0,0.7,-364888.72
0.14925,-278944.0,0.7,-266246.66
0.158,-390047.0,0.7,-366894.53
0.158802,-394109.0,0.7,-373270.3
0.184,-457932.0,0.7,-538253.56
0.181833,-566541.0,0.7,-578421.3
0.178323,-670976.0,0.7,-762875.2
0.176755,-621046.0,0.7,-730450.4
0.168793,-421828.0,0.7,-412257.5
0.164917,-419858.0,0.7,-447625.03
0.161167,-407389.0,0.7,-420169.28
0.16175,-409038.0,0.7,-433144.38
0.148,-225014.0,0.7,-223507.64
0.145215,-248698.0,0.7,-149536.92
0.142592,-152602.0,0.7,-153040.36
0.141569,-93842.0,0.7,-157231.55
0.181833,-625757.0,0.7,-578421.3
0.157158,-390139.0,0.7,-364901.7
0.152208,-290107.0,0.7,-332172.12
0.163486,-395927.0,0.7,-453281.53
0.164739,-408009.0,0.7,-448937.6
0.16216,-392671.0,0.7,-440865.62
0.16121,-394675.0,0.7,-421176.78
0.16,-396416.0,0.7,-393123.6
0.156069,-375401.0,0.7,-364724.7
0.146391,-218774.0,0.7,-171616.8
0.145917,-190187.0,0.7,-160616.72
0.144445,-174762.0,0.7,-144592.92
0.140841,-96020.4,0.7,-154011.47
0.142,-106467.0,0.7,-156373.44
0.140056,-94994.3,0.7,-142978.86
0.150149,-271103.0,0.7,-291880.44
0.151771,-288801.0,0.7,-325267.66
0.155174,-355339.0,0.7,-362610.7
0.159167,-394656.0,0.7,-378031.75
0.179622,-671080.0,0.7,-733046.06
0.172139,-434773.0,0.7,-455077.0
0.174166,-487844.0,0.7,-609470.2
0.175843,-571435.0,0.7,-694158.6
0.169802,-424313.0,0.7,-398904.62
0.1655,-422628.0,0.7,-442880.84
0.16677,-399601.0,0.7,-432514.72
0.162333,-408490.0,0.7,-443639.1
0.162917,-407582.0,0.7,-450492.53
0.145232,-177988.0,0.7,-149729.12
0.145917,-190575.0,0.7,-160616.72
0.144477,-203202.0,0.7,-144660.12
0.142779,-229392.0,0.7,-151715.97
0.14131,-166237.0,0.7,-156829.78
0.143648,-237632.0,0.7,-146016.75
0.148385,-247929.0,0.7,-237170.94
0.141853,-105565.0,0.7,-156855.33
0.141785,-101349.0,0.7,-157015.69
0.177615,-693785.0,0.7,-755134.94
0.179774,-708837.0,0.7,-725434.75
0.17375,-507179.0,0.7,-581831.8
0.184,-515867.0,0.7,-538253.56
0.17175,-453470.0,0.7,-430815.75
0.153833,-342228.0,0.7,-352787.75
0.16975,-441598.0,0.7,-399445.6
0.16775,-433938.0,0.7,-424457.7
0.16181,-389284.0,0.7,-434363.47
0.16575,-423259.0,0.7,-440767.44
0.158802,-393119.0,0.7,-373270.3
0.157156,-378892.0,0.7,-364900.47
0.155,-363426.0,0.7,-361798.72
0.150282,-252845.0,0.7,-295206.06
0.14655,-231552.0,0.7,-175880.67
0.145232,-186823.0,0.7,-149729.12
0.143139,-133304.0,0.7,-149124.22
0.141116,-97074.8,0.7,-156005.11
0.138931,-114845.0,0.7,-118172.664
0.147116,-243907.0,0.7,-192992.98
0.153056,-312299.0,0.7,-343899.75
0.156,-366991.0,0.7,-364666.0
0.148268,-240907.0,0.7,-233036.88
0.157156,-377971.0,0.7,-364900.47
0.184,-461394.0,0.7,-538253.56
0.181653,-575835.0,0.7,-590955.06
0.177382,-635810.0,0.7,-749791.1
0.16766,-418076.0,0.7,-425288.78
0.1635,-405944.0,0.7,-453304.22
0.165835,-407632.0,0.7,-440051.1
0.15975,-393759.0,0.7,-388038.53
0.160333,-391678.0,0.7,-400465.6
0.146418,-214725.0,0.7,-172321.95
0.140375,-92361.4,0.7,-148374.78
0.139824,-78017.8,0.7,-138395.08
0.139607,-74631.5,0.7,-133719.39
0.181833,-609043.0,0.7,-578421.3
0.175838,-619478.0,0.7,-693943.5
0.151498,-309851.0,0.7,-320593.53
0.161167,-385633.0,0.7,-420169.28
0.162696,-397358.0,0.7,-448374.3
0.16375,-411601.0,0.7,-453376.97
0.160363,-382746.0,0.7,-401152.0
0.159085,-384014.0,0.7,-376857.6
0.155915,-369667.0,0.7,-364574.0
0.158,-383296.0,0.7,-366894.53
0.1485,-228821.0,0.7,-241205.55
0.150231,-271875.0,0.7,-293944.9
0.145944,-229139.0,0.7,-161170.1
0.144477,-184625.0,0.7,-144660.12
0.145215,-206776.0,0.7,-149536.92
0.143833,-169819.0,0.7,-145224.33
0.142333,-161358.0,0.7,-154715.27
0.14,-86722.0,0.7,-141918.38
0.138685,-105284.0,0.7,-112797.414
0.137613,-89080.9,0.7,-98856.41
0.147397,-233130.0,0.7,-202361.55
0.14939,-238994.0,0.7,-270589.84
0.150728,-263991.0,0.7,-305510.47
0.154,-334069.0,0.7,-354429.7
0.147953,-216019.0,0.7,-221834.75
0.157322,-373285.0,0.7,-365036.16
0.179256,-691355.0,0.7,-747866.4
0.177758,-647630.0,0.7,-757797.25
0.17062,-455972.0,0.7,-396925.94
0.17323,-466610.0,0.7,-542163.9
0.175634,-557788.0,0.7,-684992.8
0.168292,-456778.0,0.7,-418727.25
0.164083,-388084.0,0.7,-452598.3
0.164941,-385334.0,0.7,-447441.38
0.165915,-410666.0,0.7,-439379.56
0.160917,-392877.0,0.7,-414234.88
0.1615,-391068.0,0.7,-427795.94
0.143358,-159981.0,0.7,-147658.03
0.143833,-169485.0,0.7,-145224.33
0.144445,-195622.0,0.7,-144592.92
0.142938,-198977.0,0.7,-150562.11
0.141458,-208948.0,0.7,-157152.86
0.138689,-103126.0,0.7,-112881.14
0.14669,-208214.0,0.7,-179849.39
0.177759,-689735.0,0.7,-757814.44
0.180292,-677868.0,0.7,-693807.75
0.175193,-580668.0,0.7,-664703.6
0.172723,-472131.0,0.7,-500292.47
0.184,-470950.0,0.7,-538253.56
0.1705,-447348.0,0.7,-396195.56
0.15312,-335777.0,0.7,-344702.47
0.1685,-442694.0,0.7,-416166.1
0.1665,-435142.0,0.7,-434620.28
0.159622,-371044.0,0.7,-385605.34
0.1645,-423952.0,0.7,-450523.66
0.155208,-355006.0,0.7,-362752.88
0.154196,-349842.0,0.7,-356217.8
0.148483,-221559.0,0.7,-240611.38
0.14468,-205892.0,0.7,-145351.33
0.143358,-154594.0,0.7,-147658.03
0.141411,-125167.0,0.7,-157077.94
0.138618,-113340.0,0.7,-111416.67
0.139089,-98803.4,0.7,-121793.57
0.13669,-102182.0,0.7,-108094.19
0.144678,-198008.0,0.7,-145342.23
0.145712,-198274.0,0.7,-156718.17
0.152,-295392.0,0.7,-328967.72
0.155208,-354690.0,0.7,-362752.88
0.146636,-201746.0,0.7,-178295.52
0.155915,-360458.0,0.7,-364574.0
0.184,-480743.0,0.7,-538253.56
0.181745,-617244.0,0.7,-584447.0
0.166095,-455280.0,0.7,-437884.06
0.162083,-370713.0,0.7,-439532.25
0.158333,-375488.0,0.7,-368896.72
0.158917,-377167.0,0.7,-374640.72
0.144932,-196126.0,0.7,-146879.78
0.139521,-169543.0,0.7,-131788.73
0.138293,-75143.1,0.7,-105454.36
0.137792,-77477.2,0.7,-99643.7
0.138,-91448.3,0.7,-101462.88
0.181869,-585943.0,0.7,-576016.3
0.151174,-297728.0,0.7,-314620.06
0.149188,-257533.0,0.7,-264285.03
0.160763,-385971.0,0.7,-410555.25
0.15914,-369681.0,0.7,-377638.6
0.161685,-399114.0,0.7,-431793.22
0.162639,-411316.0,0.7,-447732.53
0.158288,-362065.0,0.7,-368575.7
0.156892,-361415.0,0.7,-364829.03
0.156,-359010.0,0.7,-364666.0
0.146636,-175308.0,0.7,-178295.52
0.143556,-189268.0,0.7,-146490.69
0.143648,-186984.0,0.7,-146016.75
0.142938,-163145.0,0.7,-150562.11
0.141896,-135915.0,0.7,-156732.73
0.140372,-148643.0,0.7,-148329.5
0.139959,-130105.0,0.7,-141122.67
0.136746,-110359.0,0.7,-106866.266
0.136343,-96338.3,0.7,-117563.76
0.137326,-94752.3,0.7,-99255.625
0.135566,-117447.0,0.7,-148536.17
0.148642,-212599.0,0.7,-246133.98
0.147335,-188647.0,0.7,-200256.83
0.15,-247078.0,0.7,-288011.34
0.153147,-324007.0,0.7,-345037.53
0.146194,-174408.0,0.7,-166721.28
0.155,-346363.0,0.7,-361798.72
0.176741,-638989.0,0.7,-729951.6
0.179669,-743170.0,0.7,-730781.3
0.172143,-480630.0,0.7,-455357.06
0.168565,-476608.0,0.7,-415326.66
0.174485,-534473.0,0.7,-628287.9
0.166634,-471291.0,0.7,-433570.16
0.162948,-378438.0,0.7,-450742.5
0.164108,-435191.0,0.7,-452505.0
0.1595,-375012.0,0.7,-383405.03
0.160083,-354856.0,0.7,-394899.44
0.156069,-353279.0,0.7,-364724.7
0.141578,-167803.0,0.7,-157232.05
0.141896,-142802.0,0.7,-156732.73
0.142333,-173173.0,0.7,-154715.27
0.143139,-175556.0,0.7,-149124.22
0.139812,-179215.0,0.7,-138145.4
0.137859,-144714.0,0.7,-100128.336
0.13659,-79920.2,0.7,-110498.625
0.14527,-157646.0,0.7,-150172.7
0.137309,-68489.7,0.7,-99347.086
0.178953,-669415.0,0.7,-756270.7
0.180917,-613666.0,0.7,-647351.44
0.17675,-631173.0,0.7,-730271.9
0.174572,-521214.0,0.7,-633114.06
0.17125,-436009.0,0.7,-409173.22
0.182458,-465279.0,0.7,-543113.9
0.16925,-437136.0,0.7,-405811.3
0.1526,-322258.0,0.7,-337848.34
0.16725,-437560.0,0.7,-428767.25
0.16525,-432121.0,0.7,-444970.25
0.157743,-343835.0,0.7,-365888.06
0.16325,-421691.0,0.7,-452577.1
0.153147,-324532.0,0.7,-345037.53
0.154,-328972.0,0.7,-354429.7
0.14675,-192718.0,0.7,-181607.69
0.142779,-180440.0,0.7,-151715.97
0.141578,-138616.0,0.7,-157232.05
0.140127,-116833.0,0.7,-144277.62
0.136472,-107625.0,0.7,-113678.28
0.138472,-110092.0,0.7,-108571.68
0.135332,-150524.0,0.7,-159648.67
0.14387,-158927.0,0.7,-145094.42
0.142592,-154086.0,0.7,-153040.36
0.144982,-165324.0,0.7,-147275.4
0.151261,-287984.0,0.7,-316273.25
0.154196,-341829.0,0.7,-356217.8
0.184,-495632.0,0.7,-538253.56
0.177624,-705831.0,0.7,-755316.94
0.181267,-709367.0,0.7,-619968.2
0.169709,-478475.0,0.7,-399894.3
0.16485,-464704.0,0.7,-448130.4
0.160773,-371918.0,0.7,-410794.0
0.157158,-362194.0,0.7,-364901.7
0.1575,-356006.0,0.7,-365293.9
0.143442,-144467.0,0.7,-147140.66
0.137875,-172208.0,0.7,-100258.695
0.136389,-125793.0,0.7,-116130.26
0.136681,-76734.8,0.7,-108299.586
0.135948,-113650.0,0.7,-131882.12
0.135896,-131617.0,0.7,-134008.72
0.172909,-452816.0,0.7,-515729.97
0.184,-347796.0,0.7,-538253.56
0.149196,-240693.0,0.7,-264539.56
0.151261,-290181.0,0.7,-316273.25
0.159889,-386619.0,0.7,-390814.22
0.157132,-346422.0,0.7,-364887.75
0.160609,-398467.0,0.7,-406893.5
0.161458,-406364.0,0.7,-426861.0
0.156482,-333726.0,0.7,-364852.66
0.155087,-339841.0,0.7,-362222.53
0.144369,-140466.0,0.7,-144476.98
0.147167,-200150.0,0.7,-194658.9
0.14131,-148422.0,0.7,-156829.78
0.141458,-161635.0,0.7,-157152.86
0.13988,-103295.0,0.7,-139545.67
0.13531,-158188.0,0.7,-160716.14
0.136,-79712.2,0.7,-129807.1
0.135586,-135842.0,0.7,-147612.66
0.134,-201920.0,0.7,-220884.8
0.134,-215476.0,0.7,-220884.8
0.14666,-161432.0,0.7,-178982.67
0.148,-190735.0,0.7,-223507.64
0.145556,-146892.0,0.7,-154116.03
0.149196,-235192.0,0.7,-264539.56
0.1526,-316676.0,0.7,-337848.34
0.144742,-143365.0,0.7,-145656.66
0.15312,-322559.0,0.7,-344702.47
0.153833,-323420.0,0.7,-352787.75
0.182712,-577462.0,0.7,-533497.25
0.175447,-606769.0,0.7,-676556.06
0.178318,-747111.0,0.7,-762872.6
0.17991,-764354.0,0.7,-717942.94
0.173017,-512132.0,0.7,-524701.1
0.170505,-481636.0,0.7,-396217.2
0.167267,-473765.0,0.7,-428630.84
0.164918,-461965.0,0.7,-447617.5
0.1617,-422907.0,0.7,-432107.75
0.162856,-447920.0,0.7,-449966.66
0.158083,-339645.0,0.7,-367315.2
0.158787,-363122.0,0.7,-373100.6
0.155154,-327525.0,0.7,-362524.75
0.13988,-130077.0,0.7,-139545.67
0.140127,-120284.0,0.7,-144277.62
0.141411,-159317.0,0.7,-157077.94
0.141116,-135130.0,0.7,-156005.11
0.137933,-166159.0,0.7,-100777.086
0.136094,-176848.0,0.7,-126193.95
0.134,-157783.0,0.7,-220884.8
0.135324,-126417.0,0.7,-160036.3
0.135503,-136071.0,0.7,-151476.98
0.18,-621677.0,0.7,-712648.06
0.178,-626929.0,0.7,-761102.7
0.182,-503940.0,0.7,-567602.2
0.176,-541262.0,0.7,-700864.94
0.174,-444781.0,0.7,-598889.75
0.17,-412311.0,0.7,-397178.56
0.172,-411866.0,0.7,-445727.88
0.184,-367956.0,0.7,-538253.56
0.168,-420989.0,0.7,-421979.97
0.166,-424310.0,0.7,-438670.53
0.164,-421817.0,0.7,-452876.22
0.158196,-368426.0,0.7,-367969.75
0.155979,-317830.0,0.7,-364645.38
0.162,-412497.0,0.7,-438031.06
0.155083,-326877.0,0.7,-362203.97
0.152,-289562.0,0.7,-328967.72
0.153491,-306428.0,0.7,-349114.03
0.144778,-152184.0,0.7,-145854.8
0.139812,-139337.0,0.7,-138145.4
0.137933,-95072.3,0.7,-100777.086
0.134,-207596.0,0.7,-220884.8
0.136083,-117448.0,0.7,-126607.28
0.134,-254759.0,0.7,-220884.8
0.143405,-129718.0,0.7,-147364.78
0.141853,-117016.0,0.7,-156855.33
0.140375,-105973.0,0.7,-148374.78
0.151174,-289192.0,0.7,-314620.06
0.184,-508929.0,0.7,-538253.56
0.176313,-668895.0,0.7,-713727.4
0.182631,-621801.0,0.7,-536223.7
0.181182,-748900.0,0.7,-626590.06
0.168113,-476109.0,0.7,-420768.94
0.159444,-407084.0,0.7,-382435.53
0.155958,-324180.0,0.7,-364623.12
0.140372,-155728.0,0.7,-148329.5
0.141824,-130070.0,0.7,-156928.83
0.13601,-196219.0,0.7,-129414.11
0.134,-183568.0,0.7,-220884.8
0.135706,-197343.0,0.7,-142175.53
0.134,-201414.0,0.7,-220884.8
0.134,-208828.0,0.7,-220884.8
0.134,-222941.0,0.7,-220884.8
0.147329,-189039.0,0.7,-200054.17
0.15,-244765.0,0.7,-288011.34
0.158414,-379637.0,0.7,-369516.66
0.155,-311284.0,0.7,-361798.72
0.156371,-347670.0,0.7,-364847.28
0.159667,-389619.0,0.7,-386446.7
0.16,-390324.0,0.7,-393123.6
0.15499,-310955.0,0.7,-361747.56
0.142597,-135728.0,0.7,-153006.0
0.145389,-155116.0,0.7,-151683.2
0.139521,-137573.0,0.7,-131788.73
0.137933,-133388.0,0.7,-100777.086
0.134,-259070.0,0.7,-220884.8
0.132847,-216560.0,0.7,-247228.39
0.132876,-236249.0,0.7,-246991.88
0.138689,-102360.0,0.7,-112881.14
0.146,-138060.0,0.7,-162346.95
0.145022,-123886.0,0.7,-147614.48
0.147329,-175268.0,0.7,-200054.17
0.143556,-112324.0,0.7,-146490.69
0.149188,-242744.0,0.7,-264285.03
0.151498,-287983.0,0.7,-320593.53
0.152208,-271472.0,0.7,-332172.12
0.174299,-561562.0,0.7,-617544.25
0.179278,-783096.0,0.7,-747119.3
0.176979,-719725.0,0.7,-738064.7
0.171071,-487790.0,0.7,-404101.06
0.168833,-481770.0,0.7,-411702.5
0.165669,-466524.0,0.7,-441452.25
0.163457,-452933.0,0.7,-453227.66
0.160222,-422158.0,0.7,-397957.3
0.156874,-359437.0,0.7,-364828.3
0.157757,-391592.0,0.7,-365932.06
0.137933,-105024.0,0.7,-100777.086
0.138472,-103748.0,0.7,-108571.68
0.139959,-146041.0,0.7,-141122.67
0.138931,-128849.0,0.7,-118172.664
0.13601,-187375.0,0.7,-129414.11
0.134,-260074.0,0.7,-220884.8
0.134,-228748.0,0.7,-220884.8
0.13275,-167810.0,0.7,-247864.75
0.178792,-641018.0,0.7,-759320.0
0.180802,-600911.0,0.7,-656291.56
0.17675,-575187.0,0.7,-730271.9
0.182417,-449622.0,0.7,-544950.75
0.174571,-452372.0,0.7,-633060.1
0.172909,-393316.0,0.7,-515729.97
0.17125,-384743.0,0.7,-409173.22
0.16925,-386531.0,0.7,-405811.3
0.16725,-387618.0,0.7,-428767.25
0.148,-200352.0,0.7,-223507.64
0.16525,-387463.0,0.7,-444970.25
0.16325,-392319.0,0.7,-452577.1
0.154046,-289464.0,0.7,-354863.2
0.16121,-397392.0,0.7,-421176.78
0.153292,-287691.0,0.7,-346799.4
0.151484,-261021.0,0.7,-320345.44
0.143208,-137194.0,0.7,-148647.25
0.137875,-143752.0,0.7,-100258.695
0.13601,-173446.0,0.7,-129414.11
0.135759,-157190.0,0.7,-139838.62
0.134,-223363.0,0.7,-220884.8
0.133088,-255129.0,0.7,-244600.14
0.133308,-248216.0,0.7,-240857.1
0.132661,-251511.0,0.7,-248243.36
0.141569,-99403.6,0.7,-157231.55
0.139607,-92026.0,0.7,-133719.39
0.138293,-92129.5,0.7,-105454.36
0.147167,-192019.0,0.7,-194658.9
0.15365,-289092.0,0.7,-350872.06
0.184,-547000.0,0.7,-538253.56
0.174903,-603391.0,0.7,-650496.6
0.182652,-655689.0,0.7,-535485.1
0.181493,-765450.0,0.7,-602701.8
0.172395,-509246.0,0.7,-473948.75
0.166259,-473361.0,0.7,-436544.78
0.161299,-431483.0,0.7,-423244.8
0.157556,-387228.0,0.7,-365403.84
0.154667,-338876.0,0.7,-359846.38
0.138618,-116528.0,0.7,-111416.67
0.140056,-138576.0,0.7,-142978.86
0.134,-283729.0,0.7,-220884.8
0.134,-277837.0,0.7,-220884.8
0.132749,-254900.0,0.7,-247870.27
0.13275,-212326.0,0.7,-247864.75
0.133378,-295072.0,0.7,-239394.31
0.133192,-275997.0,0.7,-242991.98
0.132968,-259064.0,0.7,-246098.34
0.184,-345515.0,0.7,-538253.56
0.146,-169533.0,0.7,-162346.95
0.14925,-217101.0,0.7,-266246.66
0.158094,-370663.0,0.7,-367374.6
0.156746,-361235.0,0.7,-364832.9
0.154026,-307440.0,0.7,-354675.7
0.153,-273815.0,0.7,-343188.06
0.159085,-377441.0,0.7,-376857.6
0.140841,-143735.0,0.7,-154011.47
0.144,-153067.0,0.7,-144722.22
0.137859,-117751.0,0.7,-100128.336
0.13601,-193701.0,0.7,-129414.11
0.132649,-247633.0,0.7,-248280.11
0.133217,-259153.0,0.7,-242562.44
0.131969,-204170.0,0.7,-245320.38
0.132466,-210979.0,0.7,-248419.94
0.131648,-207033.0,0.7,-241216.33
0.13659,-93677.3,0.7,-110498.625
0.145389,-132861.0,0.7,-151683.2
0.144,-102918.0,0.7,-144722.22
0.150231,-245512.0,0.7,-293944.9
0.14675,-183605.0,0.7,-181607.69
0.141785,-91383.7,0.7,-157015.69
0.151795,-265340.0,0.7,-325664.62
0.173384,-534028.0,0.7,-554435.2
0.177382,-764122.0,0.7,-749791.1
0.175375,-648656.0,0.7,-673245.56
0.179389,-820548.0,0.7,-743066.8
0.170305,-498380.0,0.7,-395883.34
0.166938,-487975.0,0.7,-431216.22
0.164,-461377.0,0.7,-452876.22
0.162173,-445160.0,0.7,-441084.7
0.159097,-404567.0,0.7,-377025.5
0.155865,-375389.0,0.7,-364509.2
0.136083,-101072.0,0.7,-126607.28
0.136746,-105017.0,0.7,-106866.266
0.137613,-114247.0,0.7,-98856.41
0.135759,-136931.0,0.7,-139838.62
0.134,-256011.0,0.7,-220884.8
0.132541,-274453.0,0.7,-248455.38
0.131356,-136648.0,0.7,-236551.4
0.131616,-183161.0,0.7,-240740.78
0.133091,-286612.0,0.7,-244557.67
0.1775,-626361.0,0.7,-752645.56
0.179649,-651798.0,0.7,-731754.06
0.181958,-539016.0,0.7,-570239.6
0.175167,-517270.0,0.7,-663461.2
0.184,-406726.0,0.7,-538253.56
0.172723,-412963.0,0.7,-500292.47
0.1705,-393881.0,0.7,-396195.56
0.1685,-380570.0,0.7,-416166.1
0.1665,-364988.0,0.7,-434620.28
0.14725,-185514.0,0.7,-197404.17
0.164171,-350654.0,0.7,-452250.0
0.16216,-358048.0,0.7,-440865.62
0.154935,-332700.0,0.7,-361458.66
0.152049,-255043.0,0.7,-329735.53
0.158,-363259.0,0.7,-366894.53
0.160363,-350562.0,0.7,-401152.0
0.150765,-240150.0,0.7,-306308.9
0.142,-153703.0,0.7,-156373.44
0.136389,-106773.0,0.7,-116130.26
0.136094,-147937.0,0.7,-126193.95
0.135706,-190759.0,0.7,-142175.53
0.134,-290070.0,0.7,-220884.8
0.134,-268080.0,0.7,-220884.8
0.13275,-274225.0,0.7,-247864.75
0.132012,-228331.0,0.7,-245762.61
0.131694,-197563.0,0.7,-241881.45
0.131622,-213024.0,0.7,-240830.75
0.139824,-91160.0,0.7,-138395.08
0.137309,-92247.6,0.7,-99347.086
0.136681,-94527.2,0.7,-108299.586
0.144778,-149842.0,0.7,-145854.8
0.148483,-199319.0,0.7,-240611.38
0.150282,-230630.0,0.7,-295206.06
0.152667,-310007.0,0.7,-338774.03
0.184,-658202.0,0.7,-538253.56
0.173512,-551813.0,0.7,-564324.6
0.181694,-785087.0,0.7,-588028.94
0.171864,-517240.0,0.7,-437294.94
0.168106,-501203.0,0.7,-420845.75
0.164695,-479132.0,0.7,-449246.12
0.160363,-430573.0,0.7,-401152.0
0.156938,-380466.0,0.7,-364832.22
0.154819,-352388.0,0.7,-360802.22
0.153354,-338478.0,0.7,-347533.8
0.136472,-86038.2,0.7,-113678.28
0.13669,-106770.0,0.7,-108094.19
0.138685,-132522.0,0.7,-112797.414
0.132819,-288578.0,0.7,-247436.47
0.132493,-279479.0,0.7,-248447.0
0.131303,-239185.0,0.7,-235640.64
0.132333,-260879.0,0.7,-248057.03
0.131651,-216883.0,0.7,-241260.23
0.13255,-267915.0,0.7,-248450.94
0.132192,-258854.0,0.7,-247280.6
0.14525,-164340.0,0.7,-149937.03
0.1485,-202073.0,0.7,-241205.55
0.155918,-345196.0,0.7,-364577.72
0.152866,-297206.0,0.7,-341449.12
0.151987,-264769.0,0.7,-328762.56
0.151,-236338.0,0.7,-311196.78
0.156892,-352643.0,0.7,-364829.03
0.158288,-338796.0,0.7,-368575.7
0.14,-156736.0,0.7,-141918.38
0.143139,-157350.0,0.7,-149124.22
0.175214,-542722.0,0.7,-665703.2
0.177845,-639592.0,0.7,-759167.3
0.177615,-647206.0,0.7,-755134.94
0.175838,-591761.0,0.7,-693943.5
0.176284,-583687.0,0.7,-712566.2
0.173976,-473335.0,0.7,-597312.25
0.17818,-646693.0,0.7,-762485.9
0.16725,-441974.0,0.7,-428767.25
0.16525,-431458.0,0.7,-444970.25
0.1665,-426695.0,0.7,-434620.28
0.1685,-434696.0,0.7,-416166.1
0.1645,-413828.0,0.7,-450523.66
0.16575,-407847.0,0.7,-440767.44
0.16775,-418558.0,0.7,-424457.7
0.16679,-399630.0,0.7,-432359.94
0.17175,-423643.0,0.7,-430815.75
0.16975,-410122.0,0.7,-399445.6
0.1708,-422894.0,0.7,-398896.38
0.173,-448583.0,0.7,-523292.0
0.168798,-411763.0,0.7,-412188.28
0.16775,-392985.0,0.7,-424457.7
0.17375,-490564.0,0.7,-581831.8
0.17175,-437059.0,0.7,-430815.75
0.134,-268888.0,0.7,-220884.8
0.13141,-236472.0,0.7,-237462.31
0.131083,-229637.0,0.7,-231734.9
0.132238,-218504.0,0.7,-247576.23
0.130818,-193118.0,0.7,-226922.12
0.131354,-195448.0,0.7,-236517.02
0.130781,-200784.0,0.7,-226253.16
0.137792,-94552.8,0.7,-99643.7
0.135324,-129677.0,0.7,-160036.3
0.134,-150609.0,0.7,-220884.8
0.143208,-105912.0,0.7,-148647.25
0.142,-89644.5,0.7,-156373.44
0.144369,-146394.0,0.7,-144476.98
0.146636,-159762.0,0.7,-178295.52
0.14,-97491.9,0.7,-141918.38
0.150464,-270808.0,0.7,-299565.34
0.177486,-799621.0,0.7,-752321.9
0.175632,-689010.0,0.7,-684904.2
0.173778,-586339.0,0.7,-583809.6
0.179792,-858115.0,0.7,-724479.75
0.169734,-519143.0,0.7,-399618.34
0.165867,-501436.0,0.7,-439782.1
0.162282,-463675.0,0.7,-442854.4
0.155688,-357750.0,0.7,-364209.2
0.158315,-415683.0,0.7,-368766.38
0.134,-218906.0,0.7,-220884.8
0.134,-227303.0,0.7,-220884.8
0.135332,-173375.0,0.7,-159648.67
0.13531,-160658.0,0.7,-160716.14
0.135566,-155462.0,0.7,-148536.17
0.136343,-111653.0,0.7,-117563.76
0.132654,-258509.0,0.7,-248265.36
0.131291,-230618.0,0.7,-235432.39
0.130253,-172042.0,0.7,-217243.72
0.130309,-130649.0,0.7,-218131.52
0.130564,-204642.0,0.7,-222401.9
0.139089,-153092.0,0.7,-121793.57
0.132182,-223293.0,0.7,-247211.25
0.180299,-646796.0,0.7,-693327.1
0.184,-433844.0,0.7,-538253.56
0.16575,-376625.0,0.7,-440767.44
0.1465,-172477.0,0.7,-174511.08
0.16181,-332780.0,0.7,-434363.47
0.153541,-314412.0,0.7,-349675.72
0.14975,-218044.0,0.7,-281176.72
0.156,-339361.0,0.7,-364666.0
0.159622,-330029.0,0.7,-385605.34
0.141113,-149870.0,0.7,-155988.75
0.166247,-530292.0,0.7,-436642.1
0.16713,-520329.0,0.7,-429720.34
0.165049,-515223.0,0.7,-446598.03
0.17199,-539495.0,0.7,-445082.25
0.168562,-535665.0,0.7,-415366.16
0.170526,-542995.0,0.7,-396316.66
0.172468,-564749.0,0.7,-479647.88
0.174158,-615805.0,0.7,-608973.06
0.173083,-588204.0,0.7,-530156.6
0.170801,-551828.0,0.7,-398910.16
0.175583,-706789.0,0.7,-682715.06
0.179956,-658508.0,0.7,-715269.75
0.177759,-677999.0,0.7,-757814.44
0.16975,-426020.0,0.7,-399445.6
0.172723,-477998.0,0.7,-500292.47
0.175193,-580567.0,0.7,-664703.6
0.1705,-442948.0,0.7,-396195.56
0.16925,-450804.0,0.7,-405811.3
0.164739,-386227.0,0.7,-448937.6
0.16375,-392723.0,0.7,-453376.97
0.162696,-373222.0,0.7,-448374.3
0.163486,-363742.0,0.7,-453281.53
0.168,-464055.0,0.7,-421979.97
0.17125,-464057.0,0.7,-409173.22
0.172909,-500082.0,0.7,-515729.97
0.172,-497087.0,0.7,-445727.88
0.17,-475677.0,0.7,-397178.56
0.170861,-509887.0,0.7,-399822.75
0.168917,-497639.0,0.7,-410525.5
0.166,-453220.0,0.7,-438670.53
0.16325,-417330.0,0.7,-452577.1
0.162639,-395770.0,0.7,-447732.53
0.164,-440769.0,0.7,-452876.22
0.161685,-374893.0,0.7,-431793.22
0.134,-148089.0,0.7,-220884.8
0.134,-225074.0,0.7,-220884.8
0.133002,-292028.0,0.7,-245712.42
0.132576,-281261.0,0.7,-248428.31
0.131708,-246267.0,0.7,-242079.23
0.13073,-211763.0,0.7,-225336.0
0.130576,-177972.0,0.7,-222610.75
0.138,-115067.0,0.7,-101462.88
0.135896,-122580.0,0.7,-134008.72
0.135503,-129339.0,0.7,-151476.98
0.142597,-134930.0,0.7,-153006.0
0.1485,-205609.0,0.7,-241205.55
0.151637,-313295.0,0.7,-323011.47
0.184,-712923.0,0.7,-538253.56
0.181896,-815764.0,0.7,-574238.75
0.16369,-494373.0,0.7,-453415.28
0.159875,-455046.0,0.7,-390529.0
0.154877,-362557.0,0.7,-361138.56
0.156253,-405342.0,0.7,-364821.66
0.153777,-333041.0,0.7,-352214.22
0.152975,-321726.0,0.7,-342867.6
0.137326,-122786.0,0.7,-99255.625
0.131396,-234068.0,0.7,-237227.95
0.131461,-232496.0,0.7,-238305.22
0.130113,-221345.0,0.7,-215116.8
0.131185,-237029.0,0.7,-233566.02
0.130341,-220706.0,0.7,-218647.81
0.129993,-105145.0,0.7,-213407.3
0.129833,-220574.0,0.7,-211303.47
0.13145,-240442.0,0.7,-238125.03
0.182039,-545970.0,0.7,-565205.4
0.144236,-151199.0,0.7,-144416.19
0.14775,-186369.0,0.7,-214636.23
0.154,-319555.0,0.7,-354429.7
0.150743,-254260.0,0.7,-305835.1
0.15153,-282568.0,0.7,-321157.25
0.14975,-220390.0,0.7,-281176.72
0.149,-200890.0,0.7,-258202.7
0.155087,-330215.0,0.7,-362222.53
0.156482,-327088.0,0.7,-364852.66
0.157743,-327790.0,0.7,-365888.06
0.138,-145527.0,0.7,-101462.88
0.139167,-141038.0,0.7,-123604.766
0.142234,-143123.0,0.7,-155278.2
0.171872,-548356.0,0.7,-437769.75
0.174132,-622562.0,0.7,-607350.4
0.173323,-563716.0,0.7,-549618.9
0.174999,-662773.0,0.7,-655290.44
0.175396,-667346.0,0.7,-674214.56
0.174,-565208.0,0.7,-598889.75
0.175902,-730041.0,0.7,-696698.1
0.162857,-511948.0,0.7,-449975.75
0.16423,-525054.0,0.7,-451987.0
0.169146,-546524.0,0.7,-407277.97
0.169892,-532091.0,0.7,-398049.2
0.167133,-543115.0,0.7,-429696.8
0.168708,-545908.0,0.7,-413422.03
0.179774,-675548.0,0.7,-725434.75
0.180292,-698347.0,0.7,-693807.75
0.178953,-736602.0,0.7,-756270.7
0.17675,-680290.0,0.7,-730271.9
0.178042,-832171.0,0.7,-761510.94
0.176,-680500.0,0.7,-700864.94
0.177103,-760742.0,0.7,-741968.44
0.174572,-571406.0,0.7,-633114.06
0.161167,-357404.0,0.7,-420169.28
0.166972,-485081.0,0.7,-430952.84
0.164902,-472186.0,0.7,-447739.06
0.162,-426864.0,0.7,-438031.06
0.160763,-364609.0,0.7,-410555.25
0.160609,-374759.0,0.7,-406893.5
0.132722,-252523.0,0.7,-248004.86
0.132226,-286577.0,0.7,-247502.78
0.13025,-234872.0,0.7,-217196.83
0.13012,-224453.0,0.7,-215219.8
0.129212,-213051.0,0.7,-205130.58
0.131573,-204452.0,0.7,-240086.05
0.129977,-196690.0,0.7,-213187.5
0.129917,-179180.0,0.7,-212382.47
0.1301,-176689.0,0.7,-214926.22
0.129657,-199562.0,0.7,-209231.5
0.135948,-117730.0,0.7,-131882.12
0.134,-225605.0,0.7,-220884.8
0.132958,-155036.0,0.7,-246206.08
0.140841,-107267.0,0.7,-154011.47
0.14527,-151781.0,0.7,-150172.7
0.141824,-141535.0,0.7,-156928.83
0.14669,-204564.0,0.7,-179849.39
0.139089,-117079.0,0.7,-121793.57
0.149858,-278770.0,0.7,-284181.97
0.148385,-249921.0,0.7,-237170.94
0.180354,-864198.0,0.7,-689514.6
0.161392,-488738.0,0.7,-425373.5
0.157803,-447131.0,0.7,-366085.4
0.151555,-301036.0,0.7,-321594.97
0.134,-283356.0,0.7,-220884.8
0.133065,-279068.0,0.7,-244916.6
0.134,-273447.0,0.7,-220884.8
0.134,-243355.0,0.7,-220884.8
0.135586,-166908.0,0.7,-147612.66
0.132586,-276960.0,0.7,-248415.33
0.1315,-235316.0,0.7,-238937.11
0.130388,-221533.0,0.7,-219416.95
0.129203,-199170.0,0.7,-205063.66
0.129113,-134148.0,0.7,-204429.0
0.12942,-178869.0,0.7,-206848.56
0.128975,-96358.1,0.7,-203566.94
0.131273,-200866.0,0.7,-235118.72
0.184,-452098.0,0.7,-538253.56
0.14575,-161939.0,0.7,-157399.92
0.152,-291114.0,0.7,-328967.72
0.155083,-334405.0,0.7,-362203.97
0.15914,-357181.0,0.7,-377638.6
0.140329,-126358.0,0.7,-147669.23
0.176756,-761624.0,0.7,-730485.06
0.162594,-526607.0,0.7,-447199.0
0.164615,-537391.0,0.7,-449789.6
0.165275,-533096.0,0.7,-444763.6
0.162771,-524410.0,0.7,-449159.12
0.167026,-538147.0,0.7,-430533.62
0.168012,-523518.0,0.7,-421854.0
0.181833,-583378.0,0.7,-578421.3
0.181833,-567514.0,0.7,-578421.3
0.178,-763042.0,0.7,-761102.7
0.178615,-821324.0,0.7,-761569.9
0.179748,-858569.0,0.7,-726794.8
0.162924,-460891.0,0.7,-450549.9
0.161458,-401582.0,0.7,-426861.0
0.159889,-362778.0,0.7,-390814.22
0.163855,-501307.0,0.7,-453231.3
0.166001,-511656.0,0.7,-438662.25
0.161427,-489290.0,0.7,-426164.94
0.132861,-196602.0,0.7,-247116.83
0.131048,-235817.0,0.7,-231101.45
0.131349,-225240.0,0.7,-236432.05
0.130621,-241279.0,0.7,-223398.67
0.130582,-190937.0,0.7,-222715.17
0.129596,-191096.0,0.7,-208573.73
0.129483,-167934.0,0.7,-207436.8
0.136,-103287.0,0.7,-129807.1
0.134,-206973.0,0.7,-220884.8
0.134,-213121.0,0.7,-220884.8
0.132819,-225371.0,0.7,-247436.47
0.140056,-138253.0,0.7,-142978.86
0.143442,-151444.0,0.7,-147140.66
0.137326,-109549.0,0.7,-99255.625
0.184,-732713.0,0.7,-538253.56
0.182369,-801625.0,0.7,-547196.9
0.159318,-484094.0,0.7,-380350.16
0.152689,-341342.0,0.7,-339075.22
0.153989,-386898.0,0.7,-354324.75
0.155596,-431199.0,0.7,-364005.8
0.151853,-308685.0,0.7,-326614.62
0.13287,-278666.0,0.7,-247042.66
0.136,-113166.0,0.7,-129807.1
0.130262,-220322.0,0.7,-217385.02
0.13062,-220498.0,0.7,-223381.11
0.128583,-210245.0,0.7,-201760.67
0.129207,-210299.0,0.7,-205093.36
0.129754,-214039.0,0.7,-210341.7
0.13024,-222938.0,0.7,-217040.22
0.129239,-216386.0,0.7,-205334.66
0.128135,-204321.0,0.7,-200563.52
0.130117,-220193.0,0.7,-215175.52
0.144041,-146248.0,0.7,-144633.5
0.142401,-134078.0,0.7,-154300.69
0.147,-171978.0,0.7,-189271.39
0.153491,-307847.0,0.7,-349114.03
0.1485,-209336.0,0.7,-241205.55
0.14925,-243036.0,0.7,-266246.66
0.15,-255970.0,0.7,-288011.34
0.14775,-182361.0,0.7,-214636.23
0.15499,-311146.0,0.7,-361747.56
0.155979,-307553.0,0.7,-364645.38
0.157132,-346516.0,0.7,-364887.75
0.13715,-117426.0,0.7,-100581.38
0.13804,-107798.0,0.7,-101915.15
0.158196,-351577.0,0.7,-367969.75
0.160756,-509929.0,0.7,-410388.22
0.160338,-508830.0,0.7,-400579.72
0.158653,-497362.0,0.7,-371671.9
0.157138,-471941.0,0.7,-364890.9
0.180917,-721235.0,0.7,-647351.44
0.181869,-625205.0,0.7,-576016.3
0.18,-784806.0,0.7,-712648.06
0.180623,-827743.0,0.7,-669951.56
0.181359,-839196.0,0.7,-612865.4
0.161042,-439217.0,0.7,-417214.1
0.16,-410773.0,0.7,-393123.6
0.159667,-378799.0,0.7,-386446.7
0.158414,-355512.0,0.7,-369516.66
0.131423,-179926.0,0.7,-237678.8
0.129,-224822.0,0.7,-203713.14
0.129043,-222962.0,0.7,-203975.31
0.128326,-200005.0,0.7,-200987.03
0.129065,-193356.0,0.7,-204114.08
0.128923,-178872.0,0.7,-203275.3
0.129481,-178434.0,0.7,-207417.48
0.128807,-165473.0,0.7,-202685.33
0.134,-233056.0,0.7,-220884.8
0.133226,-270209.0,0.7,-242403.75
0.132024,-151715.0,0.7,-245880.39
0.131916,-137271.0,0.7,-244737.47
0.138685,-119052.0,0.7,-112797.414
0.144932,-203184.0,0.7,-146879.78
0.141116,-141716.0,0.7,-156005.11
0.138931,-125029.0,0.7,-118172.664
0.146418,-235818.0,0.7,-172321.95
0.149651,-272117.0,0.7,-278351.5
0.148,-242909.0,0.7,-223507.64
0.132894,-291575.0,0.7,-246834.42
0.13199,-244475.0,0.7,-245539.97
0.132847,-289912.0,0.7,-247228.39
0.134,-298330.0,0.7,-220884.8
0.134,-264219.0,0.7,-220884.8
0.131187,-234859.0,0.7,-233601.72
0.130307,-219512.0,0.7,-218099.39
0.128228,-208517.0,0.7,-200756.02
0.128091,-175521.0,0.7,-200480.05
0.128071,-97629.0,0.7,-200443.97
0.128287,-152056.0,0.7,-200891.14
0.184,-468699.0,0.7,-538253.56
0.145,-154670.0,0.7,-147425.44
0.151484,-271550.0,0.7,-320345.44
0.153292,-289309.0,0.7,-346799.4
0.138333,-125755.0,0.7,-106111.07
0.1405,-123254.0,0.7,-150160.94
0.156371,-334235.0,0.7,-364847.28
0.155,-314447.0,0.7,-361798.72
0.154046,-274128.0,0.7,-354863.2
0.157792,-473846.0,0.7,-366047.6
0.156308,-470250.0,0.7,-364836.56
0.159051,-467273.0,0.7,-376388.4
0.154835,-446975.0,0.7,-360896.47
0.184,-505710.0,0.7,-538253.56
0.182453,-753555.0,0.7,-543334.1
0.182,-729675.0,0.7,-567602.2
0.159167,-421716.0,0.7,-378031.75
0.158094,-367205.0,0.7,-367374.6
0.158,-391229.0,0.7,-366894.53
0.159825,-449506.0,0.7,-389519.7
0.157009,-430348.0,0.7,-364843.97
0.158107,-429708.0,0.7,-367445.84
0.129833,-211599.0,0.7,-211303.47
0.129624,-221166.0,0.7,-208871.95
0.13043,-195583.0,0.7,-220114.8
0.127683,-212633.0,0.7,-199875.92
0.127333,-209095.0,0.7,-199455.47
0.128726,-188142.0,0.7,-202320.06
0.128106,-171323.0,0.7,-200508.0
0.135586,-153413.0,0.7,-147612.66
0.133355,-296051.0,0.7,-239889.3
0.133116,-276319.0,0.7,-244195.61
0.132308,-253357.0,0.7,-247947.52
0.1315,-208661.0,0.7,-238937.11
0.137613,-109124.0,0.7,-98856.41
0.143139,-188682.0,0.7,-149124.22
0.136343,-105444.0,0.7,-117563.76
0.184,-702897.0,0.7,-538253.56
0.182739,-758427.0,0.7,-532662.2
0.150769,-316045.0,0.7,-306394.88
0.151859,-364338.0,0.7,-326712.16
0.153231,-404961.0,0.7,-346065.8
0.131518,-244069.0,0.7,-239224.58
0.133308,-308560.0,0.7,-240857.1
0.135453,-143685.0,0.7,-153839.83
0.128781,-206255.0,0.7,-202563.88
0.129537,-213985.0,0.7,-207967.25
0.127133,-203210.0,0.7,-199189.86
0.128125,-205157.0,0.7,-200544.12
0.128413,-204264.0,0.7,-201219.3
0.127715,-80683.0,0.7,-199915.77
0.127114,-160170.0,0.7,-199162.22
0.142804,-136053.0,0.7,-151535.11
0.14575,-151027.0,0.7,-157399.92
0.1465,-167576.0,0.7,-174511.08
0.14725,-205700.0,0.7,-197404.17
0.148,-221322.0,0.7,-223507.64
0.14925,-229266.0,0.7,-266246.66
0.135867,-140347.0,0.7,-135215.88
0.136167,-136062.0,0.7,-123517.27
0.154935,-321266.0,0.7,-361458.66
0.154026,-306085.0,0.7,-354675.7
0.156746,-344180.0,0.7,-364832.9
0.155918,-350187.0,0.7,-364577.72
0.153,-278457.0,0.7,-343188.06
0.155393,-429168.0,0.7,-363433.22
0.182458,-604057.0,0.7,-543113.9
0.157134,-397403.0,0.7,-364888.72
0.130751,-125428.0,0.7,-225712.9
0.130154,-156540.0,0.7,-215725.25
0.128241,-212454.0,0.7,-200784.86
0.127661,-215253.0,0.7,-199848.88
0.127009,-200709.0,0.7,-198999.34
0.12793,-190944.0,0.7,-200211.33
0.127608,-185257.0,0.7,-199784.6
0.134,-294430.0,0.7,-220884.8
0.133091,-315081.0,0.7,-244557.67
0.131083,-129670.0,0.7,-231734.9
0.144445,-211644.0,0.7,-144592.92
0.141411,-165729.0,0.7,-157077.94
0.138618,-116045.0,0.7,-111416.67
0.13669,-98321.3,0.7,-108094.19
0.145917,-205990.0,0.7,-160616.72
0.147417,-228086.0,0.7,-203044.34
0.148564,-291623.0,0.7,-243435.03
0.131986,-263690.0,0.7,-245498.72
0.130875,-231944.0,0.7,-227956.2
0.132466,-276110.0,0.7,-248419.94
0.133217,-320246.0,0.7,-242562.44
0.134,-258325.0,0.7,-220884.8
0.129937,-223532.0,0.7,-212647.53
0.129197,-210495.0,0.7,-205019.69
0.126359,-199948.0,0.7,-197371.95
0.127131,-194762.0,0.7,-199187.02
0.127179,-140346.0,0.7,-199254.69
0.127147,-69034.9,0.7,-199209.78
0.144055,-138614.0,0.7,-144606.44
0.150765,-242791.0,0.7,-306308.9
0.152049,-242331.0,0.7,-329735.53
0.138333,-118922.0,0.7,-106111.07
0.136167,-143213.0,0.7,-123517.27
0.140512,-113575.0,0.7,-150322.05
0.152866,-290776.0,0.7,-341449.12
0.151987,-275039.0,0.7,-328762.56
0.156,-367050.0,0.7,-364666.0
0.154129,-439188.0,0.7,-355624.22
0.152922,-425925.0,0.7,-342182.2
0.184,-497983.0,0.7,-538253.56
0.184,-624318.0,0.7,-538253.56
0.184,-670632.0,0.7,-538253.56
0.156409,-399727.0,0.7,-364850.88
0.154567,-376293.0,0.7,-359159.06
0.129432,-182811.0,0.7,-206957.9
0.128898,-209174.0,0.7,-203141.27
0.127333,-213373.0,0.7,-199455.47
0.126349,-210474.0,0.7,-197335.25
0.126556,-211152.0,0.7,-198010.5
0.126056,-208498.0,0.7,-196044.6
0.134,-247559.0,0.7,-220884.8
0.133217,-320987.0,0.7,-242562.44
0.13255,-266159.0,0.7,-248450.94
0.131336,-245760.0,0.7,-236209.55
0.132114,-262316.0,0.7,-246691.23
0.130036,-148014.0,0.7,-214006.95
0.135566,-166680.0,0.7,-148536.17
0.142333,-184938.0,0.7,-154715.27
0.139959,-142786.0,0.7,-141122.67
0.136746,-103502.0,0.7,-106866.266
0.149998,-342443.0,0.7,-287958.44
0.150972,-384884.0,0.7,-310630.88
0.130836,-243858.0,0.7,-227248.12
0.130412,-225894.0,0.7,-219814.55
0.131705,-265891.0,0.7,-242037.27
0.133091,-324811.0,0.7,-244557.67
0.133378,-327152.0,0.7,-239394.31
0.127546,-200066.0,0.7,-199710.73
0.128402,-205991.0,0.7,-201188.39
0.125322,-200071.0,0.7,-190468.78
0.127262,-200804.0,0.7,-199365.6
0.127279,-210483.0,0.7,-199387.66
0.126361,-74929.3,0.7,-197379.34
0.125666,-161853.0,0.7,-193554.77
0.142427,-120265.0,0.7,-154136.97
0.144291,-126315.0,0.7,-144419.84
0.14525,-167809.0,0.7,-149937.03
0.146,-189343.0,0.7,-162346.95
0.14725,-191644.0,0.7,-197404.17
0.1485,-203866.0,0.7,-241205.55
0.134,-238262.0,0.7,-220884.8
0.134,-220650.0,0.7,-220884.8
0.152875,-376909.0,0.7,-341567.62
0.151819,-398518.0,0.7,-326059.1
0.151771,-317846.0,0.7,-325267.66
0.151,-236567.0,0.7,-311196.78
0.150743,-251157.0,0.7,-305835.1
0.153541,-312410.0,0.7,-349675.72
0.15153,-270947.0,0.7,-321157.25
0.14975,-202760.0,0.7,-281176.72
0.14975,-231264.0,0.7,-281176.72
0.149,-190941.0,0.7,-258202.7
0.154,-334610.0,0.7,-354429.7
0.155174,-367041.0,0.7,-362610.7
0.152,-292011.0,0.7,-328967.72
0.153056,-325728.0,0.7,-343899.75
0.130231,-106818.0,0.7,-216900.4
0.129678,-117263.0,0.7,-209465.33
0.128635,-195635.0,0.7,-201952.22
0.129198,-145974.0,0.7,-205026.88
0.126821,-204469.0,0.7,-198654.94
0.127719,-199375.0,0.7,-199920.8
0.126288,-210962.0,0.7,-197101.66
0.133308,-310825.0,0.7,-240857.1
0.132238,-272732.0,0.7,-247576.23
0.132182,-248759.0,0.7,-247211.25
0.130249,-223806.0,0.7,-217181.03
0.143833,-179938.0,0.7,-145224.33
0.140372,-161267.0,0.7,-148329.5
0.138472,-110672.0,0.7,-108571.68
0.136472,-89067.7,0.7,-113678.28
0.135332,-177621.0,0.7,-159648.67
0.145232,-192619.0,0.7,-149729.12
0.146391,-243947.0,0.7,-171616.8
0.148503,-343323.0,0.7,-241310.45
0.13025,-231642.0,0.7,-217196.83
0.129888,-222821.0,0.7,-212003.47
0.132238,-271264.0,0.7,-247576.23
0.131355,-258173.0,0.7,-236534.36
0.133192,-306611.0,0.7,-242991.98
0.128909,-214975.0,0.7,-203199.5
0.127638,-200807.0,0.7,-199820.78
0.127967,-205922.0,0.7,-200268.75
0.124708,-197036.0,0.7,-182601.92
0.12602,-198898.0,0.7,-195854.52
0.126087,-200778.0,0.7,-196202.33
0.126148,-167650.0,0.7,-196497.38
0.126322,-88782.2,0.7,-197233.95
0.136132,-115417.0,0.7,-124786.06
0.138333,-100801.0,0.7,-106111.07
0.134,-180235.0,0.7,-220884.8
0.140383,-95790.4,0.7,-148494.98
0.150149,-311210.0,0.7,-291880.44
0.1485,-208270.0,0.7,-241205.55
0.14925,-220667.0,0.7,-266246.66
0.15,-242785.0,0.7,-288011.34
0.14775,-174110.0,0.7,-214636.23
0.14775,-192946.0,0.7,-214636.23
0.150728,-272850.0,0.7,-305510.47
0.128375,-166814.0,0.7,-201114.38
0.125829,-206944.0,0.7,-194715.39
0.125074,-209714.0,0.7,-187662.48
0.125243,-209614.0,0.7,-189629.08
0.134,-277540.0,0.7,-220884.8
0.132847,-292722.0,0.7,-247228.39
0.132466,-278147.0,0.7,-248419.94
0.13145,-242649.0,0.7,-238125.03
0.13024,-234079.0,0.7,-217040.22
0.129106,-201930.0,0.7,-204382.06
0.129205,-100759.0,0.7,-205078.67
0.141896,-155066.0,0.7,-156732.73
0.140127,-134687.0,0.7,-144277.62
0.13531,-168217.0,0.7,-160716.14
0.14655,-293116.0,0.7,-175880.67
0.129596,-229666.0,0.7,-208573.73
0.130579,-242778.0,0.7,-222663.11
0.129408,-219411.0,0.7,-206740.1
0.13255,-287735.0,0.7,-248450.94
0.132182,-255522.0,0.7,-247211.25
0.126446,-198136.0,0.7,-197673.14
0.126649,-198016.0,0.7,-198261.4
0.126915,-199985.0,0.7,-198836.61
0.124,-197701.0,0.7,-170075.55
0.124699,-197784.0,0.7,-182464.14
0.125378,-50273.3,0.7,-191033.12
0.124833,-81169.1,0.7,-184452.27
0.124,-166345.0,0.7,-170075.55
0.142429,-96246.8,0.7,-154124.08
0.14325,-132497.0,0.7,-148362.9
0.144,-160434.0,0.7,-144722.22
0.14525,-161572.0,0.7,-149937.03
0.1465,-172244.0,0.7,-174511.08
0.132968,-293037.0,0.7,-246098.34
0.13275,-253256.0,0.7,-247864.75
0.14925,-339927.0,0.7,-266246.66
0.148,-189195.0,0.7,-223507.64
0.14725,-172358.0,0.7,-197404.17
0.148642,-215577.0,0.7,-246133.98
0.14939,-254434.0,0.7,-270589.84
0.147116,-308563.0,0.7,-192992.98
0.148268,-279136.0,0.7,-233036.88
0.147397,-278655.0,0.7,-202361.55
0.145944,-302397.0,0.7,-161170.1
0.147953,-233401.0,0.7,-221834.75
0.146636,-220721.0,0.7,-178295.52
0.147335,-189418.0,0.7,-200256.83
0.146,-134849.0,0.7,-162346.95
0.14666,-159174.0,0.7,-178982.67
0.14575,-145608.0,0.7,-157399.92
0.147,-159556.0,0.7,-189271.39
0.128466,-117164.0,0.7,-201374.83
0.127243,-183404.0,0.7,-199340.81
0.125289,-200089.0,0.7,-190124.06
0.125188,-208646.0,0.7,-189014.88
0.131355,-258290.0,0.7,-236534.36
0.131573,-258179.0,0.7,-240086.05
0.131273,-223906.0,0.7,-235118.72
0.129232,-226484.0,0.7,-205281.17
0.128709,-128024.0,0.7,-202248.19
0.143358,-172809.0,0.7,-147658.03
0.136083,-113312.0,0.7,-126607.28
0.134,-227294.0,0.7,-220884.8
0.134,-283276.0,0.7,-220884.8
0.144477,-218000.0,0.7,-144660.12
0.145215,-262239.0,0.7,-149536.92
0.129224,-219878.0,0.7,-205220.52
0.129912,-234297.0,0.7,-212316.19
0.131573,-255277.0,0.7,-240086.05
0.130097,-240349.0,0.7,-214882.72
0.132192,-283821.0,0.7,-247280.6
0.127713,-205485.0,0.7,-199913.33
0.12661,-201469.0,0.7,-198159.73
0.123079,-194809.0,0.7,-151629.0
0.125293,-196659.0,0.7,-190166.39
0.124877,-183023.0,0.7,-185073.61
0.125229,-111804.0,0.7,-189475.12
0.136091,-114924.0,0.7,-126306.3
0.134,-128081.0,0.7,-220884.8
0.137894,-89734.8,0.7,-100420.68
0.13275,-160854.0,0.7,-247864.75
0.14125,-108163.0,0.7,-156624.53
0.144236,-135920.0,0.7,-144416.19
0.144041,-119091.0,0.7,-144633.5
0.145,-137676.0,0.7,-147425.44
0.142804,-108954.0,0.7,-151535.11
0.14575,-160447.0,0.7,-157399.92
0.1465,-171853.0,0.7,-174511.08
0.144678,-238588.0,0.7,-145342.23
0.14468,-276948.0,0.7,-145351.33
0.145712,-226568.0,0.7,-156718.17
0.146194,-171412.0,0.7,-166721.28
0.144982,-160301.0,0.7,-147275.4
0.144742,-134016.0,0.7,-145656.66
0.145556,-142201.0,0.7,-154116.03
0.14387,-157295.0,0.7,-145094.42
0.143405,-120987.0,0.7,-147364.78
0.145022,-124394.0,0.7,-147614.48
0.127514,-151236.0,0.7,-199672.97
0.132894,-291219.0,0.7,-246834.42
0.131705,-266109.0,0.7,-242037.27
0.130117,-225109.0,0.7,-215175.52
0.129131,-226269.0,0.7,-204551.4
0.128215,-217738.0,0.7,-200727.67
0.128098,-178539.0,0.7,-200493.06
0.12799,-92256.2,0.7,-200305.53
0.13988,-142904.0,0.7,-139545.67
0.141578,-180023.0,0.7,-157232.05
0.137933,-120397.0,0.7,-100777.086
0.128626,-218240.0,0.7,-201918.06
0.128921,-226314.0,0.7,-203264.14
0.129483,-231811.0,0.7,-207436.8
0.128166,-212126.0,0.7,-200625.05
0.13058,-241810.0,0.7,-222680.38
0.13145,-260267.0,0.7,-238125.03
0.131273,-229261.0,0.7,-235118.72
0.125809,-197126.0,0.7,-194582.69
0.125809,-196740.0,0.7,-194582.69
0.125849,-197326.0,0.7,-194845.34
0.12275,-196683.0,0.7,-145749.05
0.123662,-197192.0,0.7,-163284.36
0.12385,-196824.0,0.7,-167094.86
0.124116,-55230.4,0.7,-172323.81
0.123325,-85696.6,0.7,-156440.7
0.142,-139211.0,0.7,-156373.44
0.143139,-136404.0,0.7,-149124.22
0.131651,-253537.0,0.7,-241260.23
0.13925,-99557.5,0.7,-125538.53
0.131356,-173058.0,0.7,-236551.4
0.143556,-244378.0,0.7,-146490.69
0.143648,-249279.0,0.7,-146016.75
0.142779,-243638.0,0.7,-151715.97
0.142401,-112346.0,0.7,-154300.69
0.144055,-136508.0,0.7,-144606.44
0.144291,-136231.0,0.7,-144419.84
0.14525,-127340.0,0.7,-149937.03
0.144,-106717.0,0.7,-144722.22
0.14325,-110687.0,0.7,-148362.9
0.142592,-163091.0,0.7,-153040.36
0.143556,-116940.0,0.7,-146490.69
0.141569,-100793.0,0.7,-157231.55
0.141853,-108210.0,0.7,-156855.33
0.142938,-210879.0,0.7,-150562.11
0.127333,-108393.0,0.7,-199455.47
0.131986,-263421.0,0.7,-245498.72
0.130579,-242772.0,0.7,-222663.11
0.13058,-243933.0,0.7,-222680.38
0.130364,-206089.0,0.7,-219022.58
0.128344,-224986.0,0.7,-201032.8
0.127271,-114093.0,0.7,-199377.28
0.134,-247674.0,0.7,-220884.8
0.135759,-160448.0,0.7,-139838.62
0.13287,-282684.0,0.7,-247042.66
0.129616,-236973.0,0.7,-208786.06
0.128809,-232967.0,0.7,-202694.9
0.131185,-256159.0,0.7,-233566.02
0.126805,-203031.0,0.7,-198621.72
0.125169,-197305.0,0.7,-188796.84
0.124585,-195684.0,0.7,-180662.94
0.134,-191038.0,0.7,-220884.8
0.136219,-103750.0,0.7,-121682.9
0.132749,-162745.0,0.7,-247870.27
0.137246,-113354.0,0.7,-99753.7
0.131616,-116653.0,0.7,-240740.78
0.14,-124480.0,0.7,-141918.38
0.141458,-219730.0,0.7,-157152.86
0.14131,-181073.0,0.7,-156829.78
0.142234,-118177.0,0.7,-155278.2
0.142,-102026.0,0.7,-156373.44
0.1405,-96007.6,0.7,-150160.94
0.142427,-115619.0,0.7,-154136.97
0.140512,-92254.5,0.7,-150322.05
0.142429,-117528.0,0.7,-154124.08
0.141785,-96447.5,0.7,-157015.69
0.139607,-89632.2,0.7,-133719.39
0.140375,-103519.0,0.7,-148374.78
0.131518,-247873.0,0.7,-239224.58
0.130836,-244281.0,0.7,-227248.12
0.130097,-240109.0,0.7,-214882.72
0.129533,-211433.0,0.7,-207926.67
0.12892,-222274.0,0.7,-203258.61
0.127131,-192704.0,0.7,-199187.02
0.126884,-86109.8,0.7,-198779.0
0.139812,-188896.0,0.7,-138145.4
0.137933,-173031.0,0.7,-100777.086
0.133065,-293085.0,0.7,-244916.6
0.13601,-204076.0,0.7,-129414.11
0.12752,-216393.0,0.7,-199679.98
0.128086,-222706.0,0.7,-200470.86
0.130364,-217949.0,0.7,-219022.58
0.129608,-233509.0,0.7,-208700.88
0.130117,-241343.0,0.7,-215175.52
0.13024,-241557.0,0.7,-217040.22
0.125446,-200154.0,0.7,-191685.53
0.124867,-196130.0,0.7,-184933.75
0.122331,-196531.0,0.7,-139729.23
0.12275,-196054.0,0.7,-145749.05
0.141113,-117792.0,0.7,-155988.75
0.130253,-218926.0,0.7,-217243.72
0.138,-136984.0,0.7,-101462.88
0.130309,-95763.9,0.7,-218131.52
0.139521,-179991.0,0.7,-131788.73
0.140329,-100110.0,0.7,-147669.23
0.139167,-100063.0,0.7,-123604.766
0.140383,-108560.0,0.7,-148494.98
0.138333,-92398.7,0.7,-106111.07
0.14,-92858.7,0.7,-141918.38
0.14125,-109907.0,0.7,-156624.53
0.138689,-115179.0,0.7,-112881.14
0.139824,-82737.0,0.7,-138395.08
0.129483,-231139.0,0.7,-207436.8
0.129912,-234243.0,0.7,-212316.19
0.129616,-235073.0,0.7,-208786.06
0.129608,-234245.0,0.7,-208700.88
0.129455,-196428.0,0.7,-207171.11
0.134,-283303.0,0.7,-220884.8
0.132586,-294986.0,0.7,-248415.33
0.13199,-255223.0,0.7,-245539.97
0.128797,-233178.0,0.7,-202638.06
0.127664,-228163.0,0.7,-199852.56
0.130341,-240363.0,0.7,-218647.81
0.123757,-195321.0,0.7,-165216.9
0.129993,-158210.0,0.7,-213407.3
0.135542,-185650.0,0.7,-149651.45
0.132541,-242788.0,0.7,-248455.38
0.131303,-184998.0,0.7,-235640.64
0.136,-165988.0,0.7,-129807.1
0.130564,-126693.0,0.7,-222401.9
0.137859,-160120.0,0.7,-100128.336
0.137875,-184304.0,0.7,-100258.695
0.138333,-101452.0,0.7,-106111.07
0.13804,-79149.3,0.7,-101915.15
0.13925,-96072.5,0.7,-125538.53
0.138333,-103625.0,0.7,-106111.07
0.137894,-100798.0,0.7,-100420.68
0.138293,-84830.9,0.7,-105454.36
0.137792,-81216.2,0.7,-99643.7
0.13025,-234688.0,0.7,-217196.83
0.128809,-231829.0,0.7,-202694.9
0.129596,-229548.0,0.7,-208573.73
0.128694,-202643.0,0.7,-202185.81
0.13601,-209754.0,0.7,-129414.11
0.132654,-280965.0,0.7,-248265.36
0.134,-307252.0,0.7,-220884.8
0.130875,-242325.0,0.7,-227956.2
0.127013,-217853.0,0.7,-199006.02
0.129533,-233360.0,0.7,-207926.67
0.129455,-211229.0,0.7,-207171.11
0.128465,-227874.0,0.7,-201371.92
0.12694,-220086.0,0.7,-198881.69
0.129132,-234800.0,0.7,-204557.92
0.129239,-232901.0,0.7,-205334.66
0.129203,-225722.0,0.7,-205063.66
0.129113,-185211.0,0.7,-204429.0
0.134,-301303.0,0.7,-220884.8
0.13715,-108969.0,0.7,-100581.38
0.12942,-106584.0,0.7,-206848.56
0.128975,-96250.8,0.7,-203566.94
0.13659,-89600.1,0.7,-110498.625
0.136389,-149940.0,0.7,-116130.26
0.136094,-200014.0,0.7,-126193.95
0.136132,-104777.0,0.7,-124786.06
0.137246,-74223.4,0.7,-99753.7
0.136167,-108173.0,0.7,-123517.27
0.138,-80669.1,0.7,-101462.88
0.137309,-81175.3,0.7,-99347.086
0.130412,-232989.0,0.7,-219814.55
0.128086,-221348.0,0.7,-200470.86
0.128921,-225646.0,0.7,-203264.14
0.128797,-230698.0,0.7,-202638.06
0.128465,-227438.0,0.7,-201371.92
0.128545,-191485.0,0.7,-201628.61
0.132493,-301585.0,0.7,-248447.0
0.131187,-249524.0,0.7,-233601.72
0.1315,-254947.0,0.7,-238937.11
0.126228,-211903.0,0.7,-196854.62
0.12892,-234061.0,0.7,-203258.61
0.126591,-220796.0,0.7,-198108.31
0.134,-271980.0,0.7,-220884.8
0.131291,-214025.0,0.7,-235432.39
0.132333,-247332.0,0.7,-248057.03
0.129833,-172686.0,0.7,-211303.47
0.135453,-167502.0,0.7,-153839.83
0.136681,-77756.4,0.7,-108299.586
0.134,-162070.0,0.7,-220884.8
0.135706,-219346.0,0.7,-142175.53
0.134,-222232.0,0.7,-220884.8
0.136167,-104722.0,0.7,-123517.27
0.135867,-100150.0,0.7,-135215.88
0.136091,-145012.0,0.7,-126306.3
0.136219,-115047.0,0.7,-121682.9
0.135503,-105579.0,0.7,-151476.98
0.135324,-107577.0,0.7,-160036.3
0.135896,-106958.0,0.7,-134008.72
0.135948,-98460.7,0.7,-131882.12
0.129224,-223598.0,0.7,-205220.52
0.129408,-227586.0,0.7,-206740.1
0.127664,-225610.0,0.7,-199852.56
0.128626,-220048.0,0.7,-201918.06
0.134,-302407.0,0.7,-220884.8
0.131461,-254052.0,0.7,-238305.22
0.132819,-312465.0,0.7,-247436.47
0.129937,-237270.0,0.7,-212647.53
0.129888,-233373.0,0.7,-212003.47
0.126016,-216664.0,0.7,-195832.89
0.128694,-223057.0,0.7,-202185.81
0.128545,-201627.0,0.7,-201628.61
0.12726,-230752.0,0.7,-199363.14
0.126571,-225817.0,0.7,-198053.03
0.126101,-218412.0,0.7,-196271.98
0.127996,-232709.0,0.7,-200315.36
0.128345,-230854.0,0.7,-201035.33
0.128228,-226407.0,0.7,-200756.02
0.128091,-210002.0,0.7,-200480.05
0.128071,-149380.0,0.7,-200443.97
0.132819,-274080.0,0.7,-247436.47
0.130113,-199283.0,0.7,-215116.8
0.128287,-83163.4,0.7,-200891.14
0.128135,-147494.0,0.7,-200563.52
0.134,-282942.0,0.7,-220884.8
0.136,-71650.6,0.7,-129807.1
0.134,-156253.0,0.7,-220884.8
0.134,-180487.0,0.7,-220884.8
0.135542,-127747.0,0.7,-149651.45
0.134,-193460.0,0.7,-220884.8
0.134,-181897.0,0.7,-220884.8
0.12752,-217290.0,0.7,-199679.98
0.12694,-217240.0,0.7,-198881.69
0.131396,-254245.0,0.7,-237227.95
0.130307,-237548.0,0.7,-218099.39
0.13062,-241213.0,0.7,-223381.11
0.127873,-231421.0,0.7,-200127.27
0.127804,-226266.0,0.7,-200031.66
0.125637,-220598.0,0.7,-193328.98
0.127715,-70312.4,0.7,-199915.77
0.132493,-266043.0,0.7,-248447.0
0.130388,-209903.0,0.7,-219416.95
0.131396,-221810.0,0.7,-237227.95
0.134,-241958.0,0.7,-220884.8
0.128583,-185347.0,0.7,-201760.67
0.134,-183432.0,0.7,-220884.8
0.13275,-200823.0,0.7,-247864.75
0.132749,-284331.0,0.7,-247870.27
0.134,-187050.0,0.7,-220884.8
0.134,-218523.0,0.7,-220884.8
0.134,-207345.0,0.7,-220884.8
0.134,-188956.0,0.7,-220884.8
0.128166,-221340.0,0.7,-200625.05
0.128909,-227839.0,0.7,-203199.5
0.127013,-216145.0,0.7,-199006.02
0.126591,-217085.0,0.7,-198108.31
0.127272,-216136.0,0.7,-199378.67
0.12726,-225217.0,0.7,-199363.14
0.132333,-282814.0,0.7,-248057.03
0.130262,-240260.0,0.7,-217385.02
0.129197,-228013.0,0.7,-205019.69
0.124936,-216406.0,0.7,-185882.33
0.12775,-223254.0,0.7,-199960.48
0.127636,-199495.0,0.7,-199818.3
0.126933,-224490.0,0.7,-198869.34
0.126199,-229284.0,0.7,-196729.0
0.125144,-225090.0,0.7,-188505.66
0.12703,-232442.0,0.7,-199033.47
0.127279,-227963.0,0.7,-199387.66
0.127131,-215881.0,0.7,-199187.02
0.127179,-187312.0,0.7,-199254.69
0.127147,-115377.0,0.7,-199209.78
0.129207,-197798.0,0.7,-205093.36
0.127114,-89962.6,0.7,-199162.22
0.127133,-178903.0,0.7,-199189.86
0.13275,-182095.0,0.7,-247864.75
0.132541,-289535.0,0.7,-248455.38
0.132847,-234227.0,0.7,-247228.39
0.132894,-240826.0,0.7,-246834.42
0.13287,-232981.0,0.7,-247042.66
0.134,-258118.0,0.7,-220884.8
0.132654,-234494.0,0.7,-248265.36
0.133065,-222253.0,0.7,-244916.6
0.133378,-303782.0,0.7,-239394.31
0.132968,-235107.0,0.7,-246098.34
0.133192,-271799.0,0.7,-242991.98
0.126228,-213074.0,0.7,-196854.62
0.126571,-222940.0,0.7,-198053.03
0.126101,-214516.0,0.7,-196271.98
0.126016,-214241.0,0.7,-195832.89
0.126313,-214140.0,0.7,-197199.55
0.129754,-233271.0,0.7,-210341.7
0.129537,-233639.0,0.7,-207967.25
0.131291,-247122.0,0.7,-235432.39
0.126954,-231291.0,0.7,-198906.39
0.126361,-64272.3,0.7,-197379.34
0.131461,-215883.0,0.7,-238305.22
0.129754,-205409.0,0.7,-210341.7
0.128125,-190115.0,0.7,-200544.12
0.126359,-149626.0,0.7,-197371.95
0.131356,-138042.0,0.7,-236551.4
0.131616,-228059.0,0.7,-240740.78
0.131303,-251411.0,0.7,-235640.64
0.133308,-269330.0,0.7,-240857.1
0.132586,-242058.0,0.7,-248415.33
0.133217,-283787.0,0.7,-242562.44
0.133091,-295299.0,0.7,-244557.67
0.132192,-249706.0,0.7,-247280.6
0.127713,-219447.0,0.7,-199913.33
0.126805,-215874.0,0.7,-198621.72
0.125637,-215704.0,0.7,-193328.98
0.12596,-215170.0,0.7,-195520.78
0.130388,-239045.0,0.7,-219416.95
0.128781,-225678.0,0.7,-202563.88
0.127967,-223342.0,0.7,-200268.75
0.128402,-225457.0,0.7,-201188.39
0.126771,-221957.0,0.7,-198549.03
0.126727,-194785.0,0.7,-198450.45
0.125962,-223865.0,0.7,-195532.28
0.125102,-229002.0,0.7,-188004.55
0.126235,-227046.0,0.7,-196884.69
0.12591,-232289.0,0.7,-195226.23
0.126087,-218630.0,0.7,-196202.33
0.126148,-199954.0,0.7,-196497.38
0.126322,-140300.0,0.7,-197233.95
0.130262,-206988.0,0.7,-217385.02
0.128413,-195869.0,0.7,-201219.3
0.125666,-92418.9,0.7,-193554.77
0.125322,-174756.0,0.7,-190468.78
0.127262,-189836.0,0.7,-199365.6
0.131651,-182902.0,0.7,-241260.23
0.131986,-223180.0,0.7,-245498.72
0.132466,-243600.0,0.7,-248419.94
0.131518,-201977.0,0.7,-239224.58
0.13199,-191556.0,0.7,-245539.97
0.1315,-212168.0,0.7,-238937.11
0.13255,-267231.0,0.7,-248450.94
0.125232,-213007.0,0.7,-189508.2
0.125115,-210738.0,0.7,-188161.3
0.124936,-213563.0,0.7,-185882.33
0.125072,-215169.0,0.7,-187637.78
0.129207,-225954.0,0.7,-205093.36
0.128413,-221801.0,0.7,-201219.3
0.130113,-234043.0,0.7,-215116.8
0.125907,-232141.0,0.7,-195207.92
0.124265,-226804.0,0.7,-175117.25
0.125378,-88404.6,0.7,-191033.12
0.13062,-202533.0,0.7,-223381.11
0.128781,-196545.0,0.7,-202563.88
0.124708,-150778.0,0.7,-182601.92
0.124833,-53381.6,0.7,-184452.27
0.12602,-185502.0,0.7,-195854.52
0.130253,-128033.0,0.7,-217243.72
0.130309,-184825.0,0.7,-218131.52
0.130564,-232758.0,0.7,-222401.9
0.131705,-224865.0,0.7,-242037.27
0.131187,-201159.0,0.7,-233601.72
0.132238,-237556.0,0.7,-247576.23
0.132182,-227907.0,0.7,-247211.25
0.131185,-226379.0,0.7,-233566.02
0.13145,-237805.0,0.7,-238125.03
0.12661,-219289.0,0.7,-198159.73
0.125446,-216726.0,0.7,-191685.53
0.124788,-215142.0,0.7,-183800.34
0.127546,-218566.0,0.7,-199710.73
0.127638,-220291.0,0.7,-199820.78
0.126915,-219523.0,0.7,-198836.61
0.125862,-221377.0,0.7,-194928.7
0.125818,-192379.0,0.7,-194642.75
0.124916,-222852.0,0.7,-185611.36
0.123981,-227890.0,0.7,-169702.1
0.123567,-224374.0,0.7,-161345.72
0.125078,-223175.0,0.7,-187711.92
0.125226,-227762.0,0.7,-189441.95
0.124812,-236023.0,0.7,-184149.83
0.124877,-204736.0,0.7,-185073.61
0.125229,-159155.0,0.7,-189475.12
0.129537,-197453.0,0.7,-207967.25
0.127546,-192781.0,0.7,-199710.73
0.124,-97629.7,0.7,-170075.55
0.124,-172580.0,0.7,-170075.55
0.124699,-183122.0,0.7,-182464.14
0.126446,-190521.0,0.7,-197673.14
0.130341,-201220.0,0.7,-218647.81
0.129993,-102379.0,0.7,-213407.3
0.129833,-228534.0,0.7,-211303.47
0.130836,-203469.0,0.7,-227248.12
0.131355,-226093.0,0.7,-236534.36
0.130875,-188387.0,0.7,-227956.2
0.130307,-195035.0,0.7,-218099.39
0.124179,-216054.0,0.7,-173519.14
0.124307,-214251.0,0.7,-175882.48
0.12392,-211880.0,0.7,-168494.83
0.123983,-215566.0,0.7,-169741.38
0.128125,-218926.0,0.7,-200544.12
0.128583,-220645.0,0.7,-201760.67
0.127262,-216210.0,0.7,-199365.6
0.124873,-233840.0,0.7,-185017.78
0.123335,-226178.0,0.7,-156641.25
0.124769,-230953.0,0.7,-183520.31
0.124116,-88355.5,0.7,-172323.81
0.127638,-191984.0,0.7,-199820.78
0.128402,-191702.0,0.7,-201188.39
0.123079,-151817.0,0.7,-151629.0
0.123325,-48726.0,0.7,-156440.7
0.125293,-189195.0,0.7,-190166.39
0.129203,-167322.0,0.7,-205063.66
0.129113,-96472.3,0.7,-204429.0
0.12942,-213919.0,0.7,-206848.56
0.128975,-141929.0,0.7,-203566.94
0.13025,-191871.0,0.7,-217196.83
0.130579,-207843.0,0.7,-222663.11
0.130412,-186058.0,0.7,-219814.55
0.129937,-188882.0,0.7,-212647.53
0.131573,-220851.0,0.7,-240086.05
0.131273,-203472.0,0.7,-235118.72
0.13024,-218026.0,0.7,-217040.22
0.125169,-216704.0,0.7,-188796.84
0.125849,-216897.0,0.7,-194845.34
0.124,-215533.0,0.7,-170075.55
0.126446,-215425.0,0.7,-197673.14
0.126649,-217026.0,0.7,-198261.4
0.124884,-219867.0,0.7,-185171.08
0.124909,-189615.0,0.7,-185515.83
0.123719,-219982.0,0.7,-164445.03
0.123829,-217184.0,0.7,-166672.42
0.124151,-228291.0,0.7,-172990.33
0.123711,-237708.0,0.7,-164282.33
0.123609,-234664.0,0.7,-162203.23
0.124174,-167964.0,0.7,-173425.17
0.129197,-187712.0,0.7,-205019.69
0.126649,-190342.0,0.7,-198261.4
0.122509,-95729.5,0.7,-142044.28
0.12275,-173955.0,0.7,-145749.05
0.123662,-182457.0,0.7,-163284.36
0.12385,-188663.0,0.7,-167094.86
0.125809,-190373.0,0.7,-194582.69
0.129239,-207621.0,0.7,-205334.66
0.128135,-213270.0,0.7,-200563.52
0.129596,-188606.0,0.7,-208573.73
0.129912,-196925.0,0.7,-212316.19
0.130097,-208950.0,0.7,-214882.72
0.129888,-182731.0,0.7,-212003.47
0.130117,-218590.0,0.7,-215175.52
0.125809,-215836.0,0.7,-194582.69
0.123274,-217048.0,0.7,-155423.47
0.122709,-217118.0,0.7,-145077.55
0.127133,-213153.0,0.7,-199189.86
0.12602,-212631.0,0.7,-195854.52
0.12367,-233433.0,0.7,-163447.4
0.123488,-191282.0,0.7,-159735.31
0.122627,-56649.2,0.7,-143783.33
0.123129,-136724.0,0.7,-152585.1
0.126915,-188836.0,0.7,-198836.61
0.127967,-185756.0,0.7,-200268.75
0.121728,-139582.0,0.7,-135238.66
0.121916,-47766.8,0.7,-136024.95
0.121876,-160885.0,0.7,-135808.06
0.124585,-189549.0,0.7,-180662.94
0.128228,-191411.0,0.7,-200756.02
0.128091,-132501.0,0.7,-200480.05
0.128071,-82596.6,0.7,-200443.97
0.128287,-199951.0,0.7,-200891.14
0.129224,-180486.0,0.7,-205220.52
0.129408,-180926.0,0.7,-206740.1
0.129483,-197218.0,0.7,-207436.8
0.13058,-211098.0,0.7,-222680.38
0.128909,-180518.0,0.7,-203199.5
0.130364,-194502.0,0.7,-219022.58
0.129132,-212311.0,0.7,-204557.92
0.123891,-215545.0,0.7,-167916.5
0.124867,-215391.0,0.7,-184933.75
0.122726,-215922.0,0.7,-145354.03
0.125809,-215589.0,0.7,-194582.69
0.125293,-213456.0,0.7,-190166.39
0.124047,-213722.0,0.7,-170993.45
0.124,-186427.0,0.7,-170075.55
0.122598,-204804.0,0.7,-143341.88
0.122939,-225514.0,0.7,-149030.7
0.122516,-241414.0,0.7,-142143.19
0.125809,-188558.0,0.7,-194582.69
0.121457,-94987.5,0.7,-135189.56
0.12136,-173128.0,0.7,-135495.83
0.122331,-186200.0,0.7,-139729.23
0.12275,-190514.0,0.7,-145749.05
0.128345,-208505.0,0.7,-201035.33
0.127715,-145136.0,0.7,-199915.77
0.127114,-197507.0,0.7,-199162.22
0.126359,-206383.0,0.7,-197371.95
0.128626,-178705.0,0.7,-201918.06
0.128921,-187422.0,0.7,-203264.14
0.129616,-207533.0,0.7,-208786.06
0.128809,-200709.0,0.7,-202694.9
0.129533,-213232.0,0.7,-207926.67
0.12892,-210123.0,0.7,-203258.61
0.124585,-214629.0,0.7,-180662.94
0.125322,-209371.0,0.7,-190468.78
0.124699,-211175.0,0.7,-182464.14
0.122257,-174166.0,0.7,-138886.16
0.122168,-234096.0,0.7,-137972.25
0.121879,-107591.0,0.7,-135823.31
0.121367,-41743.1,0.7,-135467.86
0.12661,-183656.0,0.7,-198159.73
0.125849,-187120.0,0.7,-194845.34
0.127713,-177316.0,0.7,-199913.33
0.120828,-154462.0,0.7,-140277.78
0.120326,-120454.0,0.7,-149327.5
0.120796,-59370.1,0.7,-140730.08
0.123757,-188434.0,0.7,-165216.9
0.124867,-187727.0,0.7,-184933.75
0.127131,-166054.0,0.7,-199187.02
0.127279,-202193.0,0.7,-199387.66
0.127179,-90000.1,0.7,-199254.69
0.127147,-80227.5,0.7,-199209.78
0.128166,-175985.0,0.7,-200625.05
0.128086,-185690.0,0.7,-200470.86
0.129608,-203741.0,0.7,-208700.88
0.129455,-189071.0,0.7,-207171.11
0.127996,-210081.0,0.7,-200315.36
0.122677,-215950.0,0.7,-144564.48
0.123757,-215018.0,0.7,-165216.9
0.12385,-213827.0,0.7,-167094.86
0.121727,-214507.0,0.7,-135236.22
0.121386,-188988.0,0.7,-135396.83
0.120667,-183287.0,0.7,-142733.81
0.120071,-167494.0,0.7,-155306.97
0.121083,-190465.0,0.7,-137332.83
0.122677,-188574.0,0.7,-144564.48
0.126361,-140566.0,0.7,-197379.34
0.125666,-193517.0,0.7,-193554.77
0.124708,-202327.0,0.7,-182601.92
0.127272,-173760.0,0.7,-199378.67
0.12752,-178107.0,0.7,-199679.98
0.128797,-204668.0,0.7,-202638.06
0.127664,-196417.0,0.7,-199852.56
0.128694,-201755.0,0.7,-202185.81
0.127873,-207390.0,0.7,-200127.27
0.124,-207031.0,0.7,-170075.55
0.123662,-210787.0,0.7,-163284.36
0.121007,-153753.0,0.7,-138086.5
0.120629,-76056.4,0.7,-143378.2
0.120127,-36654.8,0.7,-153929.06
0.125169,-185457.0,0.7,-188796.84
0.126805,-174441.0,0.7,-198621.72
0.119417,-146630.0,0.7,-172980.34
0.119748,-70201.1,0.7,-163789.5
0.121422,-190633.0,0.7,-135280.02
0.123891,-186908.0,0.7,-167916.5
0.126087,-182421.0,0.7,-196202.33
0.126148,-119306.0,0.7,-196497.38
0.12703,-209253.0,0.7,-199033.47
0.126322,-67393.4,0.7,-197233.95
0.127013,-179385.0,0.7,-199006.02
0.128465,-197784.0,0.7,-201371.92
0.12694,-182093.0,0.7,-198881.69
0.128545,-175132.0,0.7,-201628.61
0.120515,-199090.0,0.7,-145451.83
0.120036,-173033.0,0.7,-156184.48
0.125446,-179468.0,0.7,-191685.53
0.118744,-109260.0,0.7,-190263.89
0.119838,-186704.0,0.7,-161351.12
0.119173,-176909.0,0.7,-179671.9
0.118974,-162397.0,0.7,-184841.36
0.119955,-190348.0,0.7,-158259.5
0.12172,-188777.0,0.7,-135218.8
0.122726,-185890.0,0.7,-145354.03
0.126235,-201388.0,0.7,-196884.69
0.125378,-81661.2,0.7,-191033.12
0.124833,-155385.0,0.7,-184452.27
0.124,-191138.0,0.7,-170075.55
0.123079,-199438.0,0.7,-151629.0
0.12596,-173766.0,0.7,-195520.78
0.126313,-173262.0,0.7,-197199.55
0.126228,-176161.0,0.7,-196854.62
0.126591,-183725.0,0.7,-198108.31
0.12775,-198626.0,0.7,-199960.48
0.126954,-206350.0,0.7,-198906.39
0.12275,-207128.0,0.7,-145749.05
0.119757,-126001.0,0.7,-163543.98
0.119379,-51223.1,0.7,-174036.75
0.118786,-42200.7,0.7,-189328.11
0.124,-181958.0,0.7,-170075.55
0.118209,-133253.0,0.7,-199295.4
0.118044,-147584.0,0.7,-200757.78
0.12065,-189357.0,0.7,-143019.28
0.124877,-144367.0,0.7,-185073.61
0.125078,-190617.0,0.7,-187711.92
0.125229,-62388.1,0.7,-189475.12
0.12591,-207909.0,0.7,-195226.23
0.126016,-179278.0,0.7,-195832.89
0.12726,-203333.0,0.7,-199363.14
0.126571,-192681.0,0.7,-198053.03
0.126101,-179923.0,0.7,-196271.98
0.127804,-193616.0,0.7,-200031.66
0.127636,-169768.0,0.7,-199818.3
0.119041,-183994.0,0.7,-183141.53
0.11864,-154750.0,0.7,-192458.64
0.124788,-176627.0,0.7,-183800.34
0.117403,-115207.0,0.7,-199044.64
0.117611,-66079.4,0.7,-200967.08
0.118792,-185557.0,0.7,-189192.38
0.117906,-164568.0,0.7,-201416.84
0.119287,-189111.0,0.7,-176577.62
0.121509,-186392.0,0.7,-135096.48
0.122709,-182710.0,0.7,-145077.55
0.125226,-200813.0,0.7,-189441.95
0.124116,-69725.8,0.7,-172323.81
0.123325,-157901.0,0.7,-156440.7
0.122509,-187402.0,0.7,-142044.28
0.125072,-174060.0,0.7,-187637.78
0.125232,-172925.0,0.7,-189508.2
0.125115,-174962.0,0.7,-188161.3
0.125637,-182253.0,0.7,-193328.98
0.126771,-194596.0,0.7,-198549.03
0.125907,-204412.0,0.7,-195207.92
0.1195,-209086.0,0.7,-170665.23
0.118525,-98019.1,0.7,-194662.6
0.11809,-43446.9,0.7,-200421.66
0.123983,-177652.0,0.7,-169741.38
0.117126,-131600.0,0.7,-194365.69
0.11757,-37748.7,0.7,-200695.16
0.117806,-177552.0,0.7,-201555.0
0.118487,-187675.0,0.7,-195335.03
0.1165,-141209.0,0.7,-175268.8
0.120089,-185754.0,0.7,-154860.6
0.124174,-71027.4,0.7,-173425.17
0.123829,-176773.0,0.7,-166672.42
0.124151,-196383.0,0.7,-172990.33
0.124769,-204064.0,0.7,-183520.31
0.124936,-179575.0,0.7,-185882.33
0.126933,-192877.0,0.7,-198869.34
0.126199,-200878.0,0.7,-196729.0
0.125144,-187830.0,0.7,-188505.66
0.126727,-163120.0,0.7,-198450.45
0.124812,-208898.0,0.7,-184149.83
0.11792,-195400.0,0.7,-201374.27
0.117608,-167795.0,0.7,-200948.94
0.117435,-135425.0,0.7,-199428.81
0.116386,-73576.0,0.7,-170666.55
0.116268,-115384.0,0.7,-165600.86
0.116498,-45211.7,0.7,-175190.95
0.117742,-183878.0,0.7,-201488.92
0.1165,-160565.0,0.7,-175268.8
0.1178,-185048.0,0.7,-201554.06
0.118619,-186419.0,0.7,-192879.53
0.121344,-183356.0,0.7,-135563.12
0.123274,-178657.0,0.7,-155423.47
0.123488,-122480.0,0.7,-159735.31
0.122627,-89144.4,0.7,-143783.33
0.123129,-50912.3,0.7,-152585.1
0.121916,-168238.0,0.7,-136024.95
0.124179,-174917.0,0.7,-173519.14
0.124307,-173560.0,0.7,-175882.48
0.12392,-174563.0,0.7,-168494.83
0.124331,-181464.0,0.7,-176315.61
0.125862,-190307.0,0.7,-194928.7
0.124873,-202833.0,0.7,-185017.78
0.117215,-73838.2,0.7,-196132.84
0.116766,-43188.2,0.7,-184743.97
0.1165,-173097.0,0.7,-175268.8
0.117125,-182340.0,0.7,-194344.45
0.11525,-139888.0,0.7,-115192.086
0.118672,-182349.0,0.7,-191802.62
0.122264,-181686.0,0.7,-138962.62
0.119995,-181447.0,0.7,-157227.72
0.122598,-160569.0,0.7,-143341.88
0.122939,-188242.0,0.7,-149030.7
0.123609,-202625.0,0.7,-162203.23
0.123396,-177924.0,0.7,-157869.28
0.125962,-190396.0,0.7,-195532.28
0.125102,-197750.0,0.7,-188004.55
0.123567,-180051.0,0.7,-161345.72
0.125818,-156563.0,0.7,-194642.75
0.123711,-206832.0,0.7,-164282.33
0.116657,-177787.0,0.7,-181088.14
0.116412,-152052.0,0.7,-171742.44
0.116347,-109029.0,0.7,-169024.44
0.115205,-120036.0,0.7,-112958.44
0.115319,-55407.8,0.7,-118654.195
0.115215,-90631.3,0.7,-113452.54
0.115472,-58031.1,0.7,-126446.27
0.115234,-152657.0,0.7,-114395.72
0.116186,-168915.0,0.7,-161919.11
0.117448,-181535.0,0.7,-199575.77
0.121167,-182752.0,0.7,-136624.98
0.123246,-175816.0,0.7,-154868.81
0.122257,-93611.4,0.7,-138886.16
0.121879,-42607.2,0.7,-135823.31
0.121367,-112206.0,0.7,-135467.86
0.122777,-173973.0,0.7,-146199.55
0.124265,-185854.0,0.7,-175117.25
0.123172,-179052.0,0.7,-153417.47
0.124884,-183707.0,0.7,-185171.08
0.12367,-197072.0,0.7,-163447.4
0.116179,-58926.9,0.7,-161598.8
0.116012,-169738.0,0.7,-153730.27
0.115157,-157538.0,0.7,-110600.586
0.114,-81258.8,0.7,-69315.72
0.114,-65590.1,0.7,-69315.72
0.118668,-177036.0,0.7,-191885.8
0.117271,-175647.0,0.7,-197117.12
0.122026,-178300.0,0.7,-136754.36
0.120004,-179672.0,0.7,-156997.44
0.122168,-193944.0,0.7,-137972.25
0.122516,-204922.0,0.7,-142143.19
0.122222,-173472.0,0.7,-138513.3
0.124916,-187744.0,0.7,-185611.36
0.123981,-190489.0,0.7,-169702.1
0.122479,-176794.0,0.7,-141627.27
0.123335,-180267.0,0.7,-156641.25
0.122309,-176481.0,0.7,-139470.86
0.124909,-151832.0,0.7,-185515.83
0.122621,-204329.0,0.7,-143691.28
0.115354,-167311.0,0.7,-120425.055
0.115231,-136276.0,0.7,-114246.09
0.115264,-95223.6,0.7,-115890.96
0.114,-57079.7,0.7,-69315.72
0.114,-37503.3,0.7,-69315.72
0.114,-37595.6,0.7,-69315.72
0.114,-91495.8,0.7,-69315.72
0.11618,-169443.0,0.7,-161644.61
0.115093,-153960.0,0.7,-107502.93
0.121048,-180445.0,0.7,-137666.73
0.121625,-174550.0,0.7,-135065.34
0.122714,-177430.0,0.7,-145158.61
0.124047,-170627.0,0.7,-170993.45
0.12256,-189931.0,0.7,-142777.19
0.114,-58192.2,0.7,-69315.72
0.114,-96881.4,0.7,-69315.72
0.112013,-44473.8,0.7,-74692.13
0.111955,-32383.0,0.7,-74953.05
0.115075,-150382.0,0.7,-106642.23
0.114878,-149395.0,0.7,-97578.11
0.117472,-170137.0,0.7,-199832.98
0.118568,-172988.0,0.7,-193867.6
0.115439,-152532.0,0.7,-124756.26
0.120563,-177595.0,0.7,-144553.12
0.12156,-172396.0,0.7,-135052.98
0.120895,-172218.0,0.7,-139389.84
0.123719,-183864.0,0.7,-164445.03
0.122971,-180038.0,0.7,-149613.2
0.121576,-173408.0,0.7,-135048.95
0.121702,-173525.0,0.7,-135177.62
0.122389,-175519.0,0.7,-140440.17
0.123214,-169345.0,0.7,-154238.42
0.124,-147086.0,0.7,-170075.55
0.114,-87785.8,0.7,-69315.72
0.114,-70708.9,0.7,-69315.72
0.112036,-28613.1,0.7,-74576.58
0.111577,-43798.8,0.7,-75542.37
0.111998,-27471.0,0.7,-74763.77
0.111915,-53113.0,0.7,-75106.84
0.114,-100160.0,0.7,-69315.72
0.116423,-165410.0,0.7,-172192.7
0.119443,-175680.0,0.7,-172255.84
0.122323,-159820.0,0.7,-139634.33
0.114,-101286.0,0.7,-69315.72
0.112105,-38259.1,0.7,-74189.43
0.112008,-61018.4,0.7,-74716.39
0.109841,-39611.1,0.7,-61379.047
0.110365,-33692.2,0.7,-67210.164
0.109939,-31032.3,0.7,-62489.56
0.114,-96666.6,0.7,-69315.72
0.114,-84375.3,0.7,-69315.72
0.117476,-166837.0,0.7,-199873.92
0.116413,-160071.0,0.7,-171783.17
0.118385,-170658.0,0.7,-196990.56
0.115285,-145310.0,0.7,-116943.28
0.119992,-175099.0,0.7,-157304.47
0.120629,-169707.0,0.7,-143378.2
0.122621,-178664.0,0.7,-143691.28
0.12205,-173008.0,0.7,-136938.77
0.120537,-169066.0,0.7,-145035.47
0.121301,-170502.0,0.7,-135767.52
0.122641,-163545.0,0.7,-143999.55
0.123091,-132085.0,0.7,-151857.27
0.112218,-52100.5,0.7,-73432.1
0.112656,-41809.0,0.7,-69456.07
0.11039,-29316.8,0.7,-67475.734
0.10981,-38365.5,0.7,-61027.883
0.110002,-42753.3,0.7,-63202.203
0.110135,-54351.6,0.7,-64696.0
0.10948,-28080.7,0.7,-57337.195
0.114,-80079.8,0.7,-69315.72
0.1121,-63399.6,0.7,-74219.45
0.119126,-172374.0,0.7,-180923.19
0.119671,-169972.0,0.7,-165906.78
0.120369,-168142.0,0.7,-148400.47
0.122182,-133534.0,0.7,-138108.67
0.10922,-49215.4,0.7,-54560.64
0.111077,-37755.3,0.7,-73582.6
0.110201,-61271.6,0.7,-65428.42
0.10868,-25609.9,0.7,-49488.777
0.108028,-33648.0,0.7,-45297.812
0.10795,-27898.2,0.7,-44978.105
0.108566,-27741.3,0.7,-48580.324
0.111991,-58175.2,0.7,-74796.336
0.111701,-56862.1,0.7,-75561.445
0.116462,-156880.0,0.7,-173768.45
0.117784,-166684.0,0.7,-201546.2
0.115346,-140992.0,0.7,-120019.68
0.114,-78788.8,0.7,-69315.72
0.119555,-166912.0,0.7,-169130.14
0.121719,-172609.0,0.7,-135216.25
0.120972,-168220.0,0.7,-138469.05
0.119375,-166367.0,0.7,-174148.02
0.120056,-165523.0,0.7,-155681.67
0.121285,-151884.0,0.7,-135852.25
0.107368,-38036.3,0.7,-44033.246
0.107346,-40750.3,0.7,-44049.883
0.108798,-50397.1,0.7,-50495.754
0.107918,-25235.3,0.7,-44859.406
0.107493,-30968.0,0.7,-44013.12
0.112285,-56124.9,0.7,-72916.625
0.110073,-63090.5,0.7,-64001.785
0.118637,-167757.0,0.7,-192519.34
0.118667,-164771.0,0.7,-191906.33
0.121466,-161606.0,0.7,-135169.75
0.119082,-165267.0,0.7,-182079.2
0.121273,-130270.0,0.7,-135919.06
0.108569,-55338.3,0.7,-48603.438
0.10694,-28725.9,0.7,-45049.066
0.106317,-25692.9,0.7,-48939.207
0.10727,-34515.1,0.7,-44136.777
0.106347,-33881.4,0.7,-48696.215
0.106165,-29945.0,0.7,-50237.246
0.109808,-63917.5,0.7,-61005.184
0.110552,-63486.7,0.7,-69143.32
0.116539,-156582.0,0.7,-176772.69
0.115353,-136756.0,0.7,-120374.555
0.114,-76870.5,0.7,-69315.72
0.117672,-163613.0,0.7,-201275.31
0.112621,-53738.8,0.7,-69807.16
0.11868,-163693.0,0.7,-191635.89
0.120736,-167656.0,0.7,-141626.53
0.119923,-163086.0,0.7,-159094.78
0.118049,-160625.0,0.7,-200724.0
0.11883,-163562.0,0.7,-188320.22
0.117732,-159927.0,0.7,-201467.48
0.105485,-42396.4,0.7,-56883.867
0.105915,-23127.1,0.7,-52572.887
0.105733,-41099.5,0.7,-54376.74
0.109267,-66133.5,0.7,-55050.242
0.110919,-61298.7,0.7,-72445.58
0.108121,-59609.0,0.7,-45734.223
0.120289,-158153.0,0.7,-150145.25
0.119214,-161789.0,0.7,-178567.5
0.117653,-159175.0,0.7,-201191.48
0.11663,-152580.0,0.7,-180132.52
0.11658,-155447.0,0.7,-178313.03
0.105447,-36911.6,0.7,-57266.527
0.106581,-43084.8,0.7,-46978.598
0.105281,-38668.0,0.7,-58913.336
0.104611,-36235.9,0.7,-64603.223
0.105559,-23400.2,0.7,-56135.816
0.104571,-43197.1,0.7,-64871.652
0.107695,-63638.0,0.7,-44242.65
0.108618,-68938.9,0.7,-48986.582
0.115368,-134901.0,0.7,-121135.73
0.114,-77259.7,0.7,-69315.72
0.111823,-57211.9,0.7,-75378.66
0.11948,-160961.0,0.7,-171223.73
0.118728,-158518.0,0.7,-190613.11
0.116574,-150629.0,0.7,-178089.88
0.118085,-159487.0,0.7,-200461.16
0.104185,-43399.1,0.7,-66952.94
0.103678,-49740.4,0.7,-68291.91
0.104149,-30773.1,0.7,-67099.19
0.103949,-47497.1,0.7,-67764.87
0.107544,-67064.7,0.7,-44040.76
0.109855,-64329.8,0.7,-61537.953
0.106,-53105.3,0.7,-51755.785
0.112559,-57664.9,0.7,-70424.24
0.116235,-147043.0,0.7,-164134.39
0.116845,-150408.0,0.7,-187184.92
0.115324,-128597.0,0.7,-118907.0
0.11532,-131513.0,0.7,-118704.79
0.104114,-35789.0,0.7,-67233.44
0.105818,-61108.0,0.7,-53527.0
0.103378,-46984.8,0.7,-68434.49
0.102585,-46313.3,0.7,-67241.48
0.10278,-46899.8,0.7,-67690.26
0.102819,-46176.8,0.7,-67770.375
0.107827,-72060.3,0.7,-44562.906
0.106294,-67350.7,0.7,-49128.35
0.114,-76673.5,0.7,-69315.72
0.112392,-57277.3,0.7,-72006.03
0.110945,-58558.8,0.7,-72646.56
0.117606,-152842.0,0.7,-200936.58
0.115251,-124459.0,0.7,-115241.734
0.10379,-48342.4,0.7,-68123.71
0.106836,-71496.3,0.7,-45512.004
0.103732,-58738.9,0.7,-68219.21
0.104832,-67902.7,0.7,-62956.395
0.108956,-68068.6,0.7,-51939.836
0.105885,-72688.3,0.7,-52866.008
0.107183,-73488.2,0.7,-44293.305
0.102182,-51494.9,0.7,-66122.1
0.101712,-43892.8,0.7,-64668.895
0.101978,-45147.2,0.7,-65497.203
0.102713,-63467.5,0.7,-67544.79
0.103788,-70774.5,0.7,-68127.4
0.105641,-73643.3,0.7,-55305.344
0.107741,-72076.9,0.7,-44339.15
0.115355,-122592.0,0.7,-120475.81
0.114,-77606.1,0.7,-69315.72
0.114,-76794.1,0.7,-69315.72
0.101648,-44883.9,0.7,-64472.42
0.101539,-51485.0,0.7,-64143.82
0.110322,-58443.8,0.7,-66749.6
0.101044,-46120.3,0.7,-62847.9
0.101239,-39892.2,0.7,-63308.312
0.0993379,-37628.7,0.7,-64197.99
0.100747,-43628.4,0.7,-62328.117
0.0998894,-36327.7,0.7,-62546.066
0.112202,-55515.2,0.7,-73548.05
0.101125,-58499.7,0.7,-63029.305
0.105671,-74023.6,0.7,-55001.83
0.114,-75677.8,0.7,-69315.72
0.100865,-65343.7,0.7,-62504.844
0.099368,-67284.1,0.7,-64080.344
0.100266,-48548.9,0.7,-62098.957
0.0986582,-41721.3,0.7,-67421.46
0.0993653,-75520.3,0.7,-64090.773
0.101544,-69237.1,0.7,-64158.61
0.10399,-74438.6,0.7,-67648.305
0.102243,-74687.9,0.7,-66303.51
0.107096,-73252.6,0.7,-44510.39
0.111731,-55129.6,0.7,-75535.37
0.111679,-56968.1,0.7,-75573.055
0.109482,-61125.9,0.7,-57359.1
0.100291,-77414.7,0.7,-62089.508
0.097437,-78570.2,0.7,-73137.28
0.0986134,-85317.6,0.7,-67657.484
0.0971836,-88814.8,0.7,-73856.52
0.10418,-74563.7,0.7,-66973.74
0.102521,-77064.5,0.7,-67078.59
0.105445,-74412.2,0.7,-57286.586
0.107315,-70708.9,0.7,-44079.715
0.109462,-56342.4,0.7,-57140.203
0.0989049,-87415.2,0.7,-66154.14
0.0967832,-98867.9,0.7,-74522.695
0.10074,-80259.5,0.7,-62319.05
0.103397,-75815.5,0.7,-68437.67
0.110784,-35285.6,0.7,-71324.664
0.112392,-31978.5,0.7,-72006.03
0.111874,-33685.3,0.7,-75242.164
0.114,-16622.2,0.7,-69315.72
0.110443,-36702.0,0.7,-68031.82
0.11151,-64465.4,0.7,-75448.43
0.114,-18031.0,0.7,-69315.72
0.112034,-33187.7,0.7,-74586.875
0.108784,-32926.6,0.7,-50372.867
0.114,-42646.0,0.7,-69315.72
0.109795,-52521.4,0.7,-60857.906
0.114909,-22811.8,0.7,-98956.45
0.114,-25152.2,0.7,-69315.72
0.11038,-33251.4,0.7,-67369.69
0.1088,-32606.1,0.7,-50513.395
0.111866,-83565.0,0.7,-75265.94
0.110014,-77082.3,0.7,-63337.58
0.114836,-19638.1,0.7,-95742.4
0.112001,-45306.6,0.7,-74749.71
0.107436,-33627.9,0.7,-44006.844
0.107885,-53643.8,0.7,-44744.875
0.114,-45261.5,0.7,-69315.72
0.114909,-45712.6,0.7,-98956.45
0.115818,-44443.1,0.7,-144136.58
0.114,-47682.8,0.7,-69315.72
0.115303,-46704.3,0.7,-117847.9
0.110243,-37429.0,0.7,-65890.61
0.108776,-24659.9,0.7,-50303.285
0.106784,-27715.9,0.7,-45773.746
0.107124,-24979.9,0.7,-44434.016
0.110312,-83383.6,0.7,-66641.65
0.111693,-79747.3,0.7,-75566.555
0.108456,-66501.7,0.7,-47768.516
0.111953,-52882.0,0.7,-74961.16
0.105773,-31464.8,0.7,-53975.574
0.105674,-40392.9,0.7,-54971.54
0.114,-42048.8,0.7,-69315.72
0.114762,-42964.8,0.7,-92603.32
0.106273,-50722.3,0.7,-49303.5
0.115574,-74485.0,0.7,-131684.1
0.116727,-70976.4,0.7,-183473.47
0.114,-63707.2,0.7,-69315.72
0.115241,-82957.0,0.7,-114743.28
0.108806,-28230.3,0.7,-50566.38
0.110323,-44126.8,0.7,-66760.23
0.106992,-19625.1,0.7,-44848.516
0.104784,-24102.9,0.7,-63336.64
0.104935,-26229.2,0.7,-62101.445
0.108962,-63461.9,0.7,-51996.64
0.114,-55883.1,0.7,-69315.72
0.106845,-46385.0,0.7,-45468.84
0.116433,-91963.0,0.7,-172600.1
0.111769,-62537.0,0.7,-75484.51
0.105721,-17286.9,0.7,-54497.523
0.103494,-30031.8,0.7,-68428.945
0.104627,-43389.3,0.7,-64493.23
0.103872,-32070.5,0.7,-67956.82
0.109104,-56501.5,0.7,-53380.207
0.111612,-80062.9,0.7,-75568.39
0.115243,-69255.9,0.7,-114843.19
0.104323,-40431.7,0.7,-66316.44
0.116557,-105127.0,0.7,-177454.3
0.117636,-94557.3,0.7,-201107.23
0.114,-77265.8,0.7,-69315.72
0.115175,-106920.0,0.7,-111481.51
0.116335,-119278.0,0.7,-168512.8
0.10924,-41148.3,0.7,-54768.19
0.107072,-33408.1,0.7,-44580.848
0.105108,-17252.9,0.7,-60560.066
0.102784,-20412.6,0.7,-67698.695
0.102708,-24757.5,0.7,-67533.555
0.104004,-16736.1,0.7,-67606.195
0.107262,-39043.3,0.7,-44148.727
0.11258,-79978.6,0.7,-70216.24
0.115296,-82646.2,0.7,-117495.32
0.105071,-37835.7,0.7,-60899.836
0.117422,-119093.0,0.7,-199276.61
0.11248,-75386.5,0.7,-71191.57
0.105831,-28746.1,0.7,-53398.023
0.110699,-63794.2,0.7,-70559.04
0.101723,-27747.1,0.7,-64703.004
0.101433,-31137.8,0.7,-63834.832
0.102994,-37650.9,0.7,-68082.83
0.102283,-28494.2,0.7,-66420.64
0.107462,-36869.3,0.7,-44006.38
0.109377,-53245.3,0.7,-56218.516
0.110949,-73954.6,0.7,-72677.03
0.114,-56846.1,0.7,-69315.72
0.116455,-120408.0,0.7,-173488.14
0.102377,-52210.4,0.7,-66689.31
0.117354,-122189.0,0.7,-198393.44
0.118545,-114254.0,0.7,-194297.39
0.114,-85563.8,0.7,-69315.72
0.115182,-123450.0,0.7,-111825.445
0.116259,-137664.0,0.7,-165202.9
0.117283,-141014.0,0.7,-197315.1
0.107397,-36554.0,0.7,-44017.62
0.104934,-39108.9,0.7,-62109.973
0.109016,-40481.6,0.7,-52514.32
0.103848,-17103.4,0.7,-68009.67
0.104616,-27442.1,0.7,-64569.02
0.100784,-20179.5,0.7,-62379.043
0.100861,-27390.8,0.7,-62498.234
0.102455,-18345.5,0.7,-66903.875
0.101519,-41691.1,0.7,-64084.574
0.105824,-37420.7,0.7,-53467.375
0.112337,-76627.4,0.7,-72486.58
0.116559,-127346.0,0.7,-177529.39
0.115386,-94662.7,0.7,-122050.98
0.103796,-54224.1,0.7,-68112.82
0.11839,-132653.0,0.7,-196914.58
0.112243,-78583.3,0.7,-73245.164
0.105594,-42576.7,0.7,-55781.27
0.110677,-63263.8,0.7,-70353.914
0.0999754,-27337.6,0.7,-62393.33
0.0992374,-34357.9,0.7,-64610.125
0.101302,-32254.9,0.7,-63472.777
0.107774,-39231.7,0.7,-44418.477
0.106339,-39458.6,0.7,-48760.707
0.109393,-46463.1,0.7,-56390.81
0.110306,-53699.2,0.7,-66576.75
0.114,-61209.4,0.7,-69315.72
0.117552,-139307.0,0.7,-200559.5
0.100062,-58415.4,0.7,-62269.973
0.1022,-64488.1,0.7,-66175.97
0.119455,-123286.0,0.7,-171921.2
0.114,-103124.0,0.7,-69315.72
0.115318,-142126.0,0.7,-118603.734
0.116323,-154759.0,0.7,-167997.72
0.117272,-154239.0,0.7,-197133.92
0.118274,-150489.0,0.7,-198529.36
0.107515,-37292.0,0.7,-44022.668
0.106032,-42993.2,0.7,-51453.703
0.103525,-38383.6,0.7,-68417.34
0.103518,-27918.3,0.7,-68420.32
0.108979,-41802.2,0.7,-52158.316
0.0987836,-16733.8,0.7,-66768.68
0.100362,-31342.2,0.7,-62076.0
0.0987037,-40717.2,0.7,-67183.09
0.100221,-32488.6,0.7,-62122.293
0.0996209,-24561.0,0.7,-63211.26
0.104817,-52704.2,0.7,-63076.39
0.112381,-67156.2,0.7,-72104.1
0.116759,-133808.0,0.7,-184519.0
0.117793,-146135.0,0.7,-201551.56
0.115453,-109028.0,0.7,-125472.83
0.100129,-66758.5,0.7,-62195.188
0.0993248,-45786.7,0.7,-64250.016
0.10351,-66861.0,0.7,-68423.51
0.118662,-146880.0,0.7,-192009.62
0.11931,-140145.0,0.7,-175945.3
0.112302,-83741.7,0.7,-72778.79
0.104284,-43782.3,0.7,-66508.68
0.110824,-63521.3,0.7,-71669.805
0.101882,-28648.5,0.7,-65197.914
0.0978917,-29414.4,0.7,-71333.45
0.0966655,-46349.5,0.7,-74609.81
0.105932,-52309.0,0.7,-52407.812
0.108087,-44581.7,0.7,-45567.875
0.110473,-44401.5,0.7,-68342.24
0.114,-64250.9,0.7,-69315.72
0.097869,-66170.8,0.7,-71436.836
0.101175,-72036.7,0.7,-63148.47
0.119587,-152552.0,0.7,-168238.22
0.120364,-128062.0,0.7,-148506.78
0.114,-108312.0,0.7,-69315.72
0.114998,-146290.0,0.7,-103017.5
0.116626,-164043.0,0.7,-179989.25
0.11724,-161334.0,0.7,-196584.44
0.118112,-159436.0,0.7,-200241.06
0.119209,-159083.0,0.7,-178702.72
0.106702,-42545.0,0.7,-46226.195
0.10456,-50045.8,0.7,-64943.73
0.102837,-44138.5,0.7,-67806.16
0.108962,-43778.1,0.7,-51996.64
0.0967836,-16384.3,0.7,-74522.32
0.0978002,-23286.9,0.7,-71742.46
0.100269,-39848.2,0.7,-62097.67
0.0985183,-47166.9,0.7,-68161.04
0.0965778,-50951.9,0.7,-74644.12
0.0986116,-30822.9,0.7,-67667.01
0.107969,-50083.8,0.7,-45052.08
0.112296,-64069.4,0.7,-72827.71
0.116823,-140795.0,0.7,-186523.11
0.118034,-151043.0,0.7,-200823.05
0.119,-159177.0,0.7,-184187.08
0.114958,-103467.0,0.7,-101173.97
0.0979703,-76554.0,0.7,-70966.88
0.0971626,-53577.6,0.7,-73905.99
0.102028,-74427.7,0.7,-65652.26
0.0993707,-75574.3,0.7,-64069.99
0.120263,-144617.0,0.7,-150730.62
0.112227,-80928.8,0.7,-73365.57
0.116222,-165074.0,0.7,-163551.03
0.103126,-50056.9,0.7,-68260.87
0.101331,-44608.7,0.7,-63550.71
0.110594,-61847.0,0.7,-69558.3
0.0957246,-33281.9,0.7,-73913.516
0.0949874,-51908.8,0.7,-72706.64
0.105575,-63427.2,0.7,-55973.727
0.108784,-47168.2,0.7,-50372.867
0.110855,-50347.3,0.7,-71929.89
0.114,-70244.4,0.7,-69315.72
0.116114,-137627.0,0.7,-158587.58
0.0958826,-79186.7,0.7,-74156.484
0.0952198,-72988.9,0.7,-73054.8
0.0997666,-78129.0,0.7,-62815.504
0.10388,-69903.7,0.7,-67938.56
0.120289,-158153.0,0.7,-150145.25
0.121273,-130270.0,0.7,-135919.06
0.114,-107233.0,0.7,-69315.72
0.11548,-156603.0,0.7,-126856.28
0.117838,-168518.0,0.7,-201542.66
0.117374,-169931.0,0.7,-198668.38
0.118762,-169203.0,0.7,-189866.16
0.120282,-166736.0,0.7,-150302.0
0.106231,-46926.0,0.7,-49660.375
0.102214,-58322.8,0.7,-66217.63
0.101618,-55934.9,0.7,-64380.973
0.108348,-42852.1,0.7,-47037.58
0.0957866,-32655.1,0.7,-74012.31
0.0947836,-16546.6,0.7,-72472.89
0.0969292,-42726.7,0.7,-74347.016
0.0948625,-45471.4,0.7,-72553.59
0.0991321,-54567.3,0.7,-65071.76
0.0963564,-60309.7,0.7,-74622.984
0.0947393,-57445.8,0.7,-72433.73
0.10562,-67437.1,0.7,-55517.863
0.106938,-63709.7,0.7,-45057.113
0.112566,-66918.9,0.7,-70355.055
0.117606,-152842.0,0.7,-200936.58
0.11948,-160961.0,0.7,-171223.73
0.115355,-122592.0,0.7,-120475.81
0.0978123,-80641.3,0.7,-71689.53
0.0964231,-81994.5,0.7,-74644.805
0.0947192,-59555.0,0.7,-72417.48
0.100487,-79219.1,0.7,-62099.305
0.102548,-74774.5,0.7,-67148.09
0.121285,-151884.0,0.7,-135852.25
0.11242,-82480.9,0.7,-71752.5
0.116681,-168656.0,0.7,-181920.8
0.119491,-172435.0,0.7,-170916.64
0.103342,-53940.3,0.7,-68424.64
0.0996931,-60656.7,0.7,-63005.03
0.10922,-45668.0,0.7,-54560.64
0.0935316,-30926.4,0.7,-73846.92
0.0930262,-55784.4,0.7,-76216.86
0.0934034,-47122.6,0.7,-74341.15
0.1092,-52008.2,0.7,-54354.21
0.106977,-65135.1,0.7,-44904.223
0.111679,-56968.1,0.7,-75573.055
0.114,-75677.8,0.7,-69315.72
0.116845,-150408.0,0.7,-187184.92
0.118728,-158518.0,0.7,-190613.11
0.0944196,-85493.4,0.7,-72305.14
0.0933937,-80553.0,0.7,-74381.484
0.092731,-73875.2,0.7,-78120.086
0.0981863,-83167.5,0.7,-69900.4
0.103936,-71350.2,0.7,-67799.72
0.114,-100695.0,0.7,-69315.72
0.115273,-147694.0,0.7,-116341.15
0.118527,-181530.0,0.7,-194626.52
0.118138,-177605.0,0.7,-200011.3
0.111737,-67237.8,0.7,-75528.695
0.11906,-181807.0,0.7,-182650.88
0.120271,-186840.0,0.7,-150549.36
0.121378,-177960.0,0.7,-135425.95
0.106799,-42516.3,0.7,-45696.125
0.104566,-47145.9,0.7,-64904.527
0.100876,-56236.6,0.7,-62523.445
0.100123,-61853.6,0.7,-62201.11
0.0937514,-36641.8,0.7,-73166.64
0.0927836,-18035.0,0.7,-77753.39
0.0974195,-64308.3,0.7,-73194.12
0.0940852,-61153.7,0.7,-72522.13
0.0925697,-58508.7,0.7,-79317.39
0.104865,-72508.0,0.7,-62688.047
0.0957587,-89936.2,0.7,-73968.28
0.0917254,-62273.9,0.7,-87300.26
0.10253,-76611.3,0.7,-67101.86
0.0987211,-85435.1,0.7,-67092.27
0.116311,-158957.0,0.7,-167480.23
0.117659,-172189.0,0.7,-201219.3
0.122323,-159820.0,0.7,-139634.33
0.102401,-49866.9,0.7,-66756.18
0.0980535,-62653.9,0.7,-70565.39
0.110043,-51174.7,0.7,-63664.49
0.107538,-38897.2,0.7,-44036.473
0.0918497,-28159.4,0.7,-85950.125
0.091941,-43833.1,0.7,-84996.305
0.0951628,-61594.3,0.7,-72963.516
0.0907522,-54072.7,0.7,-99917.13
0.0914508,-53044.3,0.7,-90491.34
0.107193,-67088.1,0.7,-44272.26
0.109462,-56342.4,0.7,-57140.203
0.105194,-73279.5,0.7,-59752.535
0.0918644,-95401.0,0.7,-85794.484
0.0932262,-104987.0,0.7,-75143.914
0.0914634,-85207.5,0.7,-90338.54
0.0904057,-79669.1,0.7,-105301.97
0.100836,-79970.5,0.7,-62457.574
0.0965723,-95751.2,0.7,-74645.4
0.114,-83297.8,0.7,-69315.72
0.115032,-137812.0,0.7,-104606.02
0.119438,-193724.0,0.7,-172395.38
0.119353,-190054.0,0.7,-174757.78
0.119055,-183294.0,0.7,-182780.47
0.121514,-198121.0,0.7,-135089.97
0.12256,-189931.0,0.7,-142777.19
0.105439,-40735.9,0.7,-57346.87
0.103634,-44695.3,0.7,-68339.87
0.0985797,-58163.7,0.7,-67835.64
0.100536,-49595.4,0.7,-62124.355
0.111879,-52689.6,0.7,-75226.84
0.0913574,-42638.5,0.7,-91642.125
0.0907836,-22101.0,0.7,-99452.52
0.0958425,-60258.2,0.7,-74097.69
0.0919872,-61181.2,0.7,-84525.96
0.0932344,-61366.1,0.7,-75103.695
0.0906549,-59356.7,0.7,-101381.63
0.10331,-76498.0,0.7,-68411.32
0.0943456,-111311.0,0.7,-72319.4
0.0892372,-67235.2,0.7,-126404.7
0.099171,-86205.3,0.7,-64897.863
0.0974105,-96693.5,0.7,-73222.92
0.117122,-156518.0,0.7,-194280.42
0.115559,-134540.0,0.7,-130913.42
0.118622,-173207.0,0.7,-192819.6
0.120365,-199641.0,0.7,-148485.4
0.101868,-45584.6,0.7,-65154.24
0.0989755,-52377.7,0.7,-65806.91
0.096499,-57327.5,0.7,-74653.64
0.109587,-49608.2,0.7,-58519.734
0.105671,-36536.7,0.7,-55001.83
0.0899105,-37581.3,0.7,-113783.2
0.0898907,-49156.9,0.7,-114139.64
0.0941509,-59612.8,0.7,-72447.445
0.089235,-57561.9,0.7,-126446.93
0.089666,-50696.8,0.7,-118262.7
0.105211,-74650.3,0.7,-59590.13
0.107315,-70708.9,0.7,-44079.715
0.0906502,-122076.0,0.7,-101453.34
0.0894712,-108164.0,0.7,-121931.08
0.092012,-128518.0,0.7,-84276.766
0.088388,-96679.9,0.7,-141965.53
0.0899035,-55295.1,0.7,-113909.125
0.101853,-77786.3,0.7,-65107.344
0.100217,-82952.5,0.7,-62124.766
0.0953196,-113200.0,0.7,-73221.22
0.114,-62884.1,0.7,-69315.72
0.120245,-194285.0,0.7,-151140.95
0.120067,-186034.0,0.7,-155406.72
0.122621,-204329.0,0.7,-143691.28
0.121442,-203969.0,0.7,-135225.36
0.103655,-42079.7,0.7,-68318.25
0.0971304,-50856.8,0.7,-73978.555
0.0999949,-43341.6,0.7,-62362.88
0.0991025,-45783.1,0.7,-65206.56
0.107491,-38480.8,0.7,-44012.54
0.111486,-56697.4,0.7,-75401.195
0.0893361,-36856.7,0.7,-124508.875
0.0887836,-23294.1,0.7,-135006.42
0.0942745,-61283.3,0.7,-72350.516
0.0899805,-74985.6,0.7,-112532.83
0.0912608,-73614.3,0.7,-92867.72
0.0926163,-68992.0,0.7,-78960.25
0.0884793,-52650.9,0.7,-140435.12
0.0886716,-75283.4,0.7,-137053.77
0.103397,-75815.5,0.7,-68437.67
0.0930928,-130730.0,0.7,-75840.0
0.0875185,-80908.0,0.7,-152649.38
0.08791,-54406.2,0.7,-148867.64
0.0984801,-92652.7,0.7,-68363.65
0.0960748,-110936.0,0.7,-74402.85
0.116622,-131602.0,0.7,-179845.94
0.11792,-142622.0,0.7,-201374.27
0.1195,-168576.0,0.7,-170665.23
0.101609,-42064.6,0.7,-64353.71
0.0977868,-43146.8,0.7,-71800.62
0.0952524,-51657.6,0.7,-73108.47
0.108746,-51519.8,0.7,-50043.965
0.106526,-39810.2,0.7,-47352.7
0.103913,-40253.4,0.7,-67858.99
0.0876035,-37816.6,0.7,-151998.14
0.0884164,-44747.5,0.7,-141495.36
0.0882402,-47922.7,0.7,-144317.16
0.087458,-71528.1,0.7,-153051.25
0.105445,-74412.2,0.7,-57286.586
0.0884355,-138318.0,0.7,-141175.97
0.0897908,-143877.0,0.7,-115955.805
0.0909889,-145516.0,0.7,-96510.45
0.0874127,-128308.0,0.7,-153318.17
0.0862621,-115287.0,0.7,-150131.84
0.101361,-79723.3,0.7,-63632.668
0.099567,-86584.6,0.7,-63377.77
0.0937504,-129114.0,0.7,-73169.33
0.114,-55537.5,0.7,-69315.72
0.115599,-109505.0,0.7,-132968.31
0.121258,-196090.0,0.7,-136005.95
0.120944,-183966.0,0.7,-138791.28
0.122516,-204922.0,0.7,-142143.19
0.0960836,-42508.6,0.7,-74412.51
0.0990529,-36691.1,0.7,-65436.945
0.0983564,-37987.5,0.7,-69017.55
0.11009,-66087.5,0.7,-64192.594
0.0877372,-32843.6,0.7,-150777.42
0.0867836,-27366.6,0.7,-153868.56
0.0921426,-74969.9,0.7,-83004.34
0.0935036,-61060.3,0.7,-73948.63
0.0879447,-95768.0,0.7,-148441.86
0.0892806,-92104.5,0.7,-125572.32
0.0906912,-85853.9,0.7,-100830.83
0.0863605,-61141.9,0.7,-151078.62
0.0866723,-97284.4,0.7,-153359.56
0.0916945,-143650.0,0.7,-87644.94
0.0859266,-83940.1,0.7,-146332.11
0.102521,-77064.5,0.7,-67078.59
0.0974859,-99485.5,0.7,-72973.17
0.0940881,-124223.0,0.7,-72518.516
0.112218,-53308.6,0.7,-73432.1
0.116657,-105376.0,0.7,-181088.14
0.119041,-131095.0,0.7,-183141.53
0.120515,-157019.0,0.7,-145451.83
0.102151,-41189.4,0.7,-66028.76
0.0969075,-36903.3,0.7,-74377.984
0.100109,-35264.3,0.7,-62215.535
0.0939567,-59553.5,0.7,-72716.555
0.108081,-52490.7,0.7,-45539.4
0.10476,-41205.5,0.7,-63522.25
0.0866285,-46927.2,0.7,-153112.86
0.0856681,-41682.6,0.7,-143116.89
0.0852614,-94906.3,0.7,-138534.61
0.0873535,-160531.0,0.7,-153621.89
0.0861558,-152223.0,0.7,-149010.23
0.0889315,-159138.0,0.7,-132240.73
0.0898443,-155203.0,0.7,-114979.56
0.0857639,-138915.0,0.7,-144311.7
0.0858724,-47608.4,0.7,-145664.52
0.0842599,-115475.0,0.7,-139536.9
0.10074,-80259.5,0.7,-62319.05
0.0957851,-111371.0,0.7,-74009.98
0.0989049,-87415.2,0.7,-66154.14
0.0922324,-138651.0,0.7,-82168.234
0.114,-35607.0,0.7,-69315.72
0.115354,-75255.0,0.7,-120425.055
0.117608,-97537.9,0.7,-200948.94
0.122168,-193944.0,0.7,-137972.25
0.121727,-175849.0,0.7,-135236.22
0.103235,-42542.9,0.7,-68364.8
0.0956586,-42403.0,0.7,-73804.586
0.0971476,-39647.0,0.7,-73940.25
0.0979272,-35810.3,0.7,-71169.6
0.0965191,-36895.1,0.7,-74653.13
0.106671,-50171.0,0.7,-46409.473
0.108882,-63380.7,0.7,-51250.65
0.111077,-62018.5,0.7,-73582.6
0.0847836,-29242.9,0.7,-135930.28
0.0916401,-80142.6,0.7,-88260.71
0.0903557,-92195.5,0.7,-106117.734
0.0869128,-111992.0,0.7,-154237.62
0.085604,-113888.0,0.7,-142327.97
0.0883315,-107648.0,0.7,-142884.16
0.0838883,-85770.4,0.7,-147319.14
0.0846916,-112901.0,0.7,-135993.58
0.0847588,-58948.4,0.7,-135925.92
0.0904774,-149569.0,0.7,-104149.19
0.084272,-137528.0,0.7,-139358.58
0.0841962,-86233.1,0.7,-140555.4
0.0967832,-98867.9,0.7,-74522.695
0.0944453,-114404.0,0.7,-72304.305
0.0924523,-128453.0,0.7,-80257.04
0.112656,-40887.4,0.7,-69456.07
0.116412,-61836.4,0.7,-171742.44
0.120036,-109515.0,0.7,-156184.48
0.11864,-78294.5,0.7,-192458.64
0.121386,-136727.0,0.7,-135396.83
0.101798,-41448.6,0.7,-64935.79
0.0987914,-31175.4,0.7,-66728.664
0.0949648,-56300.8,0.7,-72676.94
0.102994,-44743.6,0.7,-68082.83
0.105122,-51361.6,0.7,-60430.363
0.0837952,-49669.0,0.7,-149933.36
0.0916923,-90635.4,0.7,-87669.58
0.0829445,-116220.0,0.7,-180081.25
0.0850697,-171048.0,0.7,-136985.77
0.0873578,-168441.0,0.7,-153601.6
0.0842999,-153914.0,0.7,-138964.92
0.0880985,-164533.0,0.7,-146400.83
0.0889278,-157665.0,0.7,-132310.39
0.0841577,-49909.0,0.7,-141235.16
0.0826859,-113042.0,0.7,-188005.55
0.081997,-137810.0,0.7,-193065.86
0.0910077,-141578.0,0.7,-96249.41
0.114,-33629.1,0.7,-69315.72
0.115231,-42264.6,0.7,-114246.09
0.117435,-47655.6,0.7,-199428.81
0.122939,-188242.0,0.7,-149030.7
0.122598,-160569.0,0.7,-143341.88
0.100502,-37209.9,0.7,-62106.04
0.0956449,-58027.5,0.7,-73781.63
0.0968174,-43367.6,0.7,-74488.38
0.0926013,-93226.1,0.7,-79074.18
0.107346,-69068.8,0.7,-44049.883
0.110002,-71927.8,0.7,-63202.203
0.112105,-46934.5,0.7,-74189.43
0.0827836,-36888.8,0.7,-185270.05
0.0893756,-105333.0,0.7,-123753.28
0.0885448,-111087.0,0.7,-139305.27
0.0898012,-109099.0,0.7,-115765.555
0.0857508,-126105.0,0.7,-144147.83
0.0842304,-129684.0,0.7,-139992.33
0.0831843,-126408.0,0.7,-171370.6
0.0817127,-103078.0,0.7,-186334.22
0.0827516,-75278.0,0.7,-186205.47
0.0843675,-165821.0,0.7,-138115.4
0.085784,-174470.0,0.7,-144562.98
0.0893952,-149558.0,0.7,-123378.89
0.0823824,-155553.0,0.7,-193709.73
0.0822876,-76781.6,0.7,-194440.7
0.0901586,-137734.0,0.7,-109424.67
0.116347,-28079.7,0.7,-169024.44
0.121007,-67261.4,0.7,-138086.5
0.119757,-47481.5,0.7,-163543.98
0.118525,-33941.3,0.7,-194662.6
0.122257,-93611.4,0.7,-138886.16
0.0988513,-32262.3,0.7,-66423.234
0.0935111,-88448.5,0.7,-73921.09
0.103356,-52113.0,0.7,-68429.08
0.105485,-64777.4,0.7,-56883.867
0.0817664,-61924.0,0.7,-187994.98
0.0865699,-126506.0,0.7,-152742.92
0.0904725,-113810.0,0.7,-104227.36
0.0808147,-125225.0,0.7,-142948.95
0.0812749,-134277.0,0.7,-167434.7
0.083305,-178773.0,0.7,-166823.33
0.0840042,-181794.0,0.7,-144422.12
0.0864984,-171997.0,0.7,-152232.72
0.0826963,-169764.0,0.7,-187732.1
0.0870316,-165277.0,0.7,-154359.48
0.0878182,-157045.0,0.7,-149926.8
0.0808312,-121719.0,0.7,-143798.95
0.0802866,-158993.0,0.7,-121598.19
0.114,-39423.2,0.7,-69315.72
0.115264,-44704.5,0.7,-115890.96
0.117215,-31189.0,0.7,-196132.84
0.101083,-41851.1,0.7,-62933.414
0.0944232,-78566.2,0.7,-72304.89
0.0972962,-33765.4,0.7,-73564.74
0.0917863,-111009.0,0.7,-86631.3
0.10922,-66349.7,0.7,-54560.64
0.111577,-41460.7,0.7,-75542.37
0.107368,-53204.4,0.7,-44033.246
0.0807836,-46234.6,0.7,-141364.12
0.0881183,-125505.0,0.7,-146120.72
0.0874597,-125262.0,0.7,-153040.8
0.0887595,-129586.0,0.7,-135451.05
0.0907864,-118715.0,0.7,-99411.27
0.083804,-137547.0,0.7,-149676.06
0.0844541,-138787.0,0.7,-137239.28
0.0817513,-139603.0,0.7,-187545.66
0.0806616,-89441.4,0.7,-135435.03
0.0792156,-117535.0,0.7,-135495.1
0.0849389,-178763.0,0.7,-136288.53
0.0878719,-149303.0,0.7,-149319.17
0.0807593,-172964.0,0.7,-140144.2
0.0795556,-147285.0,0.7,-122671.43
0.0798316,-89693.1,0.7,-117568.33
0.116179,-30071.8,0.7,-161598.8
0.121879,-42607.2,0.7,-135823.31
0.120629,-48830.5,0.7,-143378.2
0.119379,-66500.2,0.7,-174036.75
0.11809,-81831.9,0.7,-200421.66
0.0952893,-61741.4,0.7,-73169.99
0.0994607,-34777.3,0.7,-63736.453
0.0921282,-111396.0,0.7,-83141.34
0.101331,-47235.5,0.7,-63550.71
0.103678,-58914.5,0.7,-68291.91
0.105447,-61544.5,0.7,-57266.527
0.0797226,-71963.1,0.7,-118932.03
0.0854754,-140109.0,0.7,-140798.22
0.0890471,-136226.0,0.7,-130045.445
0.0821929,-143363.0,0.7,-194605.42
0.0790988,-139386.0,0.7,-141105.12
0.0797824,-146156.0,0.7,-118074.555
0.0811914,-186194.0,0.7,-163075.75
0.0822245,-188253.0,0.7,-194615.1
0.0834388,-183630.0,0.7,-161847.9
0.0848593,-174072.0,0.7,-136035.81
0.0858675,-159926.0,0.7,-145603.73
0.0786294,-131279.0,0.7,-166099.84
0.0785973,-175483.0,0.7,-167804.1
0.0785971,-161782.0,0.7,-167814.52
0.114,-56788.3,0.7,-69315.72
0.115472,-77903.2,0.7,-126446.27
0.116766,-75360.9,0.7,-184743.97
0.0934595,-92769.0,0.7,-74115.93
0.0959919,-44178.7,0.7,-74304.52
0.0976779,-30592.1,0.7,-72255.49
0.0902902,-129483.0,0.7,-107200.66
0.10981,-28977.8,0.7,-61027.883
0.106165,-31996.3,0.7,-50237.246
0.0787836,-53006.7,0.7,-157774.39
0.0862769,-140959.0,0.7,-150280.33
0.087037,-141841.0,0.7,-154359.94
0.0876225,-144546.0,0.7,-151839.03
0.0824229,-148088.0,0.7,-193232.73
0.0830618,-151952.0,0.7,-175916.31
0.0799178,-151652.0,0.7,-117124.34
0.0782405,-99291.9,0.7,-185166.75
0.0775816,-135766.0,0.7,-204579.4
0.0794017,-186009.0,0.7,-127712.91
0.0777221,-153529.0,0.7,-202031.67
0.0778164,-98822.7,0.7,-199835.45
0.111998,-30962.7,0.7,-74763.77
0.121367,-112206.0,0.7,-135467.86
0.120127,-135212.0,0.7,-153929.06
0.118786,-151842.0,0.7,-189328.11
0.11757,-138300.0,0.7,-200695.16
0.0939424,-81154.6,0.7,-72742.26
0.0994205,-39556.6,0.7,-63882.13
0.0900558,-137613.0,0.7,-111205.516
0.108566,-18069.3,0.7,-48580.324
0.102182,-52705.4,0.7,-66122.1
0.104185,-52159.7,0.7,-66952.94
0.0774127,-79650.6,0.7,-206544.75
0.0840686,-154761.0,0.7,-142993.1
0.0871621,-154637.0,0.7,-154248.48
0.0885483,-148320.0,0.7,-139244.34
0.0807012,-154351.0,0.7,-137302.84
0.0765378,-121208.0,0.7,-202342.1
0.0780749,-150333.0,0.7,-191795.83
0.0771069,-148620.0,0.7,-207399.98
0.0777124,-157368.0,0.7,-202235.58
0.0802589,-195062.0,0.7,-120915.4
0.081409,-190261.0,0.7,-174059.78
0.0826234,-180474.0,0.7,-189552.33
0.0835728,-168172.0,0.7,-157073.89
0.0789803,-195805.0,0.7,-147193.94
0.0767404,-137030.0,0.7,-204871.27
0.0777739,-191617.0,0.7,-200874.39
0.0771454,-169457.0,0.7,-207462.81
0.114,-84459.2,0.7,-69315.72
0.115319,-141242.0,0.7,-118654.195
0.116498,-131925.0,0.7,-175190.95
0.0918059,-116138.0,0.7,-86419.17
0.0959279,-37374.4,0.7,-74220.18
0.0945028,-64072.8,0.7,-72310.16
0.0980543,-39121.9,0.7,-70561.48
0.100115,-48125.2,0.7,-62209.246
0.11039,-33222.1,0.7,-67475.734
0.10795,-26416.1,0.7,-44978.105
0.104571,-27024.2,0.7,-64871.652
0.0767836,-57881.1,0.7,-205324.14
0.0850258,-156784.0,0.7,-136715.36
0.0859856,-157138.0,0.7,-147047.44
0.0806814,-162321.0,0.7,-136361.36
0.0816087,-166189.0,0.7,-182647.47
0.0790196,-160040.0,0.7,-145139.47
0.0764374,-103425.0,0.7,-200892.12
0.0756297,-143913.0,0.7,-187781.67
0.0781087,-161080.0,0.7,-190532.0
0.0756491,-159033.0,0.7,-188081.64
0.0758247,-105402.0,0.7,-190890.78
0.112036,-58038.7,0.7,-74576.58
0.120796,-173715.0,0.7,-140730.08
0.119748,-175358.0,0.7,-163789.5
0.117611,-167010.0,0.7,-200967.08
0.0927997,-96881.8,0.7,-77643.54
0.089528,-143299.0,0.7,-120854.41
0.0881148,-155915.0,0.7,-146170.5
0.109939,-49551.2,0.7,-62489.56
0.100747,-51234.1,0.7,-62328.117
0.10278,-46354.6,0.7,-67690.26
0.106347,-15865.0,0.7,-48696.215
0.0754322,-85483.4,0.7,-184882.81
0.082698,-169813.0,0.7,-187686.86
0.0851781,-168594.0,0.7,-137794.36
0.0866217,-164190.0,0.7,-153072.14
0.0789519,-165913.0,0.7,-148695.92
0.0762209,-168431.0,0.7,-197480.97
0.0748008,-142568.0,0.7,-178330.66
0.114,-105563.0,0.7,-69315.72
0.115215,-168963.0,0.7,-113452.54
0.116386,-162325.0,0.7,-170666.55
0.121916,-168238.0,0.7,-136024.95
0.118744,-183102.0,0.7,-190263.89
0.0907286,-128927.0,0.7,-100268.94
0.0966561,-37292.5,0.7,-74614.69
0.0938522,-66811.2,0.7,-72923.72
0.0987858,-48747.5,0.7,-66757.414
0.107493,-29653.8,0.7,-44013.12
0.10948,-60056.1,0.7,-57337.195
0.105733,-18631.9,0.7,-54376.74
0.102819,-32321.7,0.7,-67770.375
0.0747836,-61915.4,0.7,-178223.81
0.0838599,-170808.0,0.7,-148090.44
0.0794747,-175343.0,0.7,-125145.555
0.0787148,-172643.0,0.7,-161508.14
0.0804947,-179244.0,0.7,-128315.27
0.0775487,-168051.0,0.7,-205053.92
0.0738023,-111617.0,0.7,-179377.06
0.111955,-67482.3,0.7,-74953.05
0.120326,-187532.0,0.7,-149327.5
0.121457,-184362.0,0.7,-135189.56
0.117403,-182743.0,0.7,-199044.64
0.0917764,-108333.0,0.7,-86739.13
0.0946376,-40194.8,0.7,-72362.01
0.0874177,-160939.0,0.7,-153290.11
0.0890453,-147170.0,0.7,-130079.66
0.0859864,-170307.0,0.7,-147056.94
0.101239,-46604.7,0.7,-63308.312
0.0993379,-52175.7,0.7,-64197.99
0.103949,-19470.6,0.7,-67764.87
0.0816316,-181197.0,0.7,-183510.3
0.0845085,-175972.0,0.7,-136807.69
0.0829307,-180072.0,0.7,-180553.28
0.0772805,-175809.0,0.7,-207310.23
0.0758188,-178073.0,0.7,-190794.1
0.114,-107084.0,0.7,-69315.72
0.115205,-183180.0,0.7,-112958.44
0.116268,-178502.0,0.7,-165600.86
0.122509,-187402.0,0.7,-142044.28
0.119417,-197567.0,0.7,-172980.34
0.118209,-192467.0,0.7,-199295.4
0.0897238,-137551.0,0.7,-117189.51
0.0973654,-46860.0,0.7,-73363.23
0.0953545,-34626.1,0.7,-73280.9
0.0926417,-78110.4,0.7,-78769.414
0.10694,-26866.7,0.7,-45049.066
0.10868,-49547.4,0.7,-49488.777
0.110365,-75967.4,0.7,-67210.164
0.105281,-22429.7,0.7,-58913.336
0.101978,-32853.3,0.7,-65497.203
0.0779823,-188247.0,0.7,-195011.86
0.0775508,-180964.0,0.7,-205024.81
0.0793932,-190666.0,0.7,-128031.21
0.07404,-179425.0,0.7,-177815.75
0.114,-116569.0,0.7,-69315.72
0.121728,-193327.0,0.7,-135238.66
0.120828,-199349.0,0.7,-140277.78
0.117126,-191907.0,0.7,-194365.69
0.0907487,-116347.0,0.7,-99969.234
0.093534,-48843.4,0.7,-73838.35
0.0853643,-174767.0,0.7,-139567.44
0.0879917,-154761.0,0.7,-147844.36
0.0843298,-179141.0,0.7,-138571.12
0.0998894,-50278.7,0.7,-62546.066
0.097945,-50608.1,0.7,-71086.36
0.112013,-77033.6,0.7,-74692.13
0.103378,-23001.3,0.7,-68434.49
0.0806413,-190041.0,0.7,-134501.11
0.0821193,-186997.0,0.7,-194327.98
0.0758862,-185093.0,0.7,-191905.0
0.0743671,-170504.0,0.7,-176971.9
0.0737831,-189478.0,0.7,-179534.7
0.11525,-194871.0,0.7,-115192.086
0.1165,-194410.0,0.7,-175268.8
0.123079,-199438.0,0.7,-151629.0
0.120071,-206040.0,0.7,-155306.97
0.118044,-199810.0,0.7,-200757.78
0.0888727,-141929.0,0.7,-133347.22
0.0960336,-37429.2,0.7,-74355.6
0.0939003,-38503.8,0.7,-72822.88
0.0917105,-88422.3,0.7,-87465.95
0.0863069,-168777.0,0.7,-150574.66
0.107918,-38315.7,0.7,-44859.406
0.106317,-26236.5,0.7,-48939.207
0.109841,-69874.6,0.7,-61379.047
0.104611,-26160.9,0.7,-64603.223
0.101044,-42596.7,0.7,-62847.9
0.0773237,-199360.0,0.7,-207130.36
0.0763389,-189361.0,0.7,-199378.58
0.0784249,-199298.0,0.7,-176625.05
0.0723003,-179084.0,0.7,-196157.55
0.0718581,-188590.0,0.7,-197496.4
0.114,-120109.0,0.7,-69315.72
0.115234,-201609.0,0.7,-114395.72
0.121876,-201365.0,0.7,-135808.06
0.118974,-205800.0,0.7,-184841.36
0.12136,-206620.0,0.7,-135495.83
0.0900407,-118524.0,0.7,-111470.12
0.0914448,-80777.3,0.7,-90564.22
0.0837724,-181819.0,0.7,-150610.11
0.0843729,-179750.0,0.7,-138054.0
0.0871166,-158992.0,0.7,-154316.42
0.0823004,-187453.0,0.7,-194374.3
0.0986582,-51062.8,0.7,-67421.46
0.0968218,-41351.0,0.7,-74483.64
0.111915,-82732.6,0.7,-75106.84
0.102585,-35949.5,0.7,-67241.48
0.0794361,-197943.0,0.7,-126465.16
0.0759087,-197256.0,0.7,-192278.47
0.0748062,-194607.0,0.7,-178365.11
0.0716892,-197141.0,0.7,-196979.84
0.1165,-204666.0,0.7,-175268.8
0.12275,-207128.0,0.7,-145749.05
0.119173,-211468.0,0.7,-179671.9
0.120667,-212116.0,0.7,-142733.81
0.117906,-208262.0,0.7,-201416.84
0.08815,-144278.0,0.7,-145664.48
0.0950036,-34770.7,0.7,-72728.6
0.092756,-61362.3,0.7,-77944.33
0.0852727,-173282.0,0.7,-138642.19
0.0805248,-194686.0,0.7,-129498.44
0.108028,-44929.3,0.7,-45297.812
0.105915,-31021.6,0.7,-52572.887
0.110135,-77865.7,0.7,-64696.0
0.104149,-32529.4,0.7,-67099.19
0.100266,-50639.9,0.7,-62098.957
0.0765493,-206647.0,0.7,-202501.02
0.0753477,-206289.0,0.7,-183743.75
0.0775047,-204388.0,0.7,-205617.94
0.0729765,-200556.0,0.7,-188883.61
0.0702271,-187189.0,0.7,-172151.9
0.069894,-196153.0,0.7,-165366.8
0.114,-124952.0,0.7,-69315.72
0.115157,-203260.0,0.7,-110600.586
0.1165,-211782.0,0.7,-175268.8
0.122331,-213166.0,0.7,-139729.23
0.0889726,-125492.0,0.7,-131462.75
0.0905084,-101317.0,0.7,-103656.984
0.0824578,-187465.0,0.7,-192745.67
0.0832528,-184373.0,0.7,-168790.34
0.0862284,-161884.0,0.7,-149786.53
0.0806682,-194125.0,0.7,-135742.14
0.0966856,-38373.7,0.7,-74598.24
0.112008,-88019.1,0.7,-74716.39
0.101712,-44386.3,0.7,-64668.895
0.0981806,-45159.7,0.7,-69929.41
0.0787666,-201342.0,0.7,-158698.16
0.0741529,-203631.0,0.7,-177346.19
0.0774109,-205732.0,0.7,-206559.55
0.0709729,-206588.0,0.7,-188275.9
0.0699786,-203003.0,0.7,-166956.66
0.117806,-214889.0,0.7,-201555.0
0.119838,-215823.0,0.7,-161351.12
0.121083,-217536.0,0.7,-137332.83
0.0871513,-148837.0,0.7,-154267.44
0.0935861,-53588.6,0.7,-73658.7
0.0914612,-90314.2,0.7,-90365.12
0.0838798,-177716.0,0.7,-147547.66
0.0786551,-201887.0,0.7,-164725.73
0.0952131,-36155.0,0.7,-73044.0
0.108798,-58225.2,0.7,-50495.754
0.10727,-44657.6,0.7,-44136.777
0.105559,-37328.9,0.7,-56135.816
0.110201,-78305.4,0.7,-65428.42
0.104114,-43493.3,0.7,-67233.44
0.0991926,-46100.9,0.7,-64803.02
0.0745937,-213874.0,0.7,-177331.17
0.0757029,-211210.0,0.7,-188925.72
0.0734216,-213066.0,0.7,-183224.6
0.0720545,-210089.0,0.7,-197355.42
0.0680322,-204025.0,0.7,-180312.75
0.114,-133508.0,0.7,-69315.72
0.115093,-201961.0,0.7,-107502.93
0.116012,-208235.0,0.7,-153730.27
0.117742,-219529.0,0.7,-201488.92
0.123662,-210787.0,0.7,-163284.36
0.118792,-217772.0,0.7,-189192.38
0.12275,-216029.0,0.7,-145749.05
0.0870565,-144447.0,0.7,-154358.12
0.0891857,-122986.0,0.7,-127392.55
0.0882608,-130900.0,0.7,-143999.55
0.0813297,-192770.0,0.7,-170207.8
0.0817814,-188463.0,0.7,-188427.97
0.0852371,-163234.0,0.7,-138308.9
0.0791567,-200687.0,0.7,-138266.38
0.0962748,-36259.3,0.7,-74579.414
0.1121,-86685.4,0.7,-74219.45
0.101648,-47891.2,0.7,-64472.42
0.0975372,-39974.4,0.7,-72792.61
0.0995513,-45674.7,0.7,-63428.19
0.0771029,-207177.0,0.7,-207391.05
0.0759154,-211138.0,0.7,-192390.05
0.0700821,-215644.0,0.7,-169040.36
0.0690562,-211059.0,0.7,-158736.17
0.117125,-220785.0,0.7,-194344.45
0.12385,-213827.0,0.7,-167094.86
0.119955,-220787.0,0.7,-158259.5
0.121422,-218572.0,0.7,-135280.02
0.0945683,-47855.1,0.7,-72328.836
0.0923483,-83789.0,0.7,-81136.63
0.0902431,-114610.0,0.7,-107989.36
0.0826137,-179809.0,0.7,-189776.77
0.0768024,-208826.0,0.7,-205509.95
0.108569,-58833.7,0.7,-48603.438
0.106581,-50200.7,0.7,-46978.598
0.110073,-75699.2,0.7,-64001.785
0.10379,-55280.5,0.7,-68123.71
0.0979084,-42041.1,0.7,-71256.71
0.0764934,-209319.0,0.7,-201714.14
0.0725575,-220863.0,0.7,-193906.64
0.0736225,-218719.0,0.7,-181017.31
0.0713819,-219836.0,0.7,-194481.1
0.0744354,-216133.0,0.7,-176998.11
0.066953,-215064.0,0.7,-218611.39
0.114,-128942.0,0.7,-69315.72
0.114878,-207432.0,0.7,-97578.11
0.116186,-212766.0,0.7,-161919.11
0.118487,-222532.0,0.7,-195335.03
0.124585,-214629.0,0.7,-180662.94
0.122677,-215950.0,0.7,-144564.48
0.0854847,-155221.0,0.7,-140905.62
0.0866484,-145111.0,0.7,-153228.16
0.0879619,-139968.0,0.7,-148226.05
0.0870043,-144914.0,0.7,-154350.1
0.0795835,-197800.0,0.7,-121914.85
0.0802347,-190632.0,0.7,-120362.87
0.0838374,-166511.0,0.7,-148718.23
0.0772448,-206979.0,0.7,-207409.33
0.0960852,-42263.9,0.7,-74414.266
0.106,-55908.0,0.7,-51755.785
0.111991,-75115.2,0.7,-74796.336
0.0994288,-52671.7,0.7,-63851.64
0.101539,-57449.0,0.7,-64143.82
0.0974589,-46539.1,0.7,-73064.79
0.0753412,-213284.0,0.7,-183658.86
0.0681055,-219744.0,0.7,-177826.45
0.0692766,-224863.0,0.7,-158513.0
0.0655351,-209323.0,0.7,-208315.14
0.1178,-224865.0,0.7,-201554.06
0.119287,-224326.0,0.7,-176577.62
0.12065,-220448.0,0.7,-143019.28
0.123757,-215018.0,0.7,-165216.9
0.12172,-217817.0,0.7,-135218.8
0.0939991,-65965.0,0.7,-72645.16
0.0908882,-108389.0,0.7,-97932.77
0.0890502,-130295.0,0.7,-129986.24
0.0816716,-178292.0,0.7,-184949.25
0.0744666,-216525.0,0.7,-177033.84
0.0747981,-216175.0,0.7,-178313.8
0.108121,-60020.2,0.7,-45734.223
0.109808,-73600.5,0.7,-61005.184
0.103732,-64188.7,0.7,-68219.21
0.105818,-60266.3,0.7,-53527.0
0.0717714,-224536.0,0.7,-197306.97
0.070554,-226558.0,0.7,-179519.56
0.0726803,-221906.0,0.7,-192560.61
0.0736337,-218758.0,0.7,-180904.9
0.0661174,-223403.0,0.7,-225743.36
0.0648506,-218095.0,0.7,-174088.47
0.114,-114086.0,0.7,-69315.72
0.115075,-209664.0,0.7,-106642.23
0.117448,-225731.0,0.7,-199575.77
0.122726,-215922.0,0.7,-145354.03
0.0852166,-155103.0,0.7,-138124.66
0.0919593,-94607.6,0.7,-84808.96
0.0865404,-154400.0,0.7,-152540.0
0.0857479,-157321.0,0.7,-144111.58
0.0778557,-200738.0,0.7,-198803.55
0.0791379,-190598.0,0.7,-139176.4
0.0836512,-164994.0,0.7,-154427.86
0.0753056,-212823.0,0.7,-183202.25
0.095726,-56757.6,0.7,-73915.78
0.107695,-60340.4,0.7,-44242.65
0.111701,-80853.3,0.7,-75561.445
0.100066,-61699.3,0.7,-62264.87
0.0972404,-59199.6,0.7,-73715.0
0.101125,-71386.2,0.7,-63029.305
0.0673424,-228618.0,0.7,-206003.38
0.0685323,-231318.0,0.7,-165837.11
0.0629279,-211454.0,0.7,-201745.83
0.11618,-218904.0,0.7,-161644.61
0.118619,-226286.0,0.7,-192879.53
0.120089,-221821.0,0.7,-154860.6
0.121509,-218243.0,0.7,-135096.48
0.0852407,-157275.0,0.7,-138341.88
0.0928583,-86318.6,0.7,-77253.2
0.0902373,-116709.0,0.7,-108086.88
0.0881701,-138535.0,0.7,-145370.47
0.0799471,-183911.0,0.7,-117102.99
0.0819834,-174569.0,0.7,-192863.34
0.0725132,-223578.0,0.7,-194354.44
0.0729683,-222515.0,0.7,-188990.06
0.0944061,-70996.6,0.7,-72306.414
0.109267,-70953.0,0.7,-55050.242
0.0984947,-65574.6,0.7,-68286.15
0.102713,-75774.9,0.7,-67544.79
0.106294,-61967.3,0.7,-49128.35
0.107544,-60777.4,0.7,-44040.76
0.0719447,-224126.0,0.7,-197529.75
0.0709914,-226954.0,0.7,-188617.14
0.0699837,-229656.0,0.7,-167056.08
0.0639131,-226024.0,0.7,-161172.22
0.065223,-231803.0,0.7,-193059.95
0.0624176,-219689.0,0.7,-207007.47
0.114,-119721.0,0.7,-69315.72
0.115439,-209747.0,0.7,-124756.26
0.117271,-224489.0,0.7,-197117.12
0.118672,-225421.0,0.7,-191802.62
0.122709,-217118.0,0.7,-145077.55
0.0914245,-104795.0,0.7,-90811.94
0.0859246,-156620.0,0.7,-146307.55
0.0841104,-170099.0,0.7,-142136.28
0.0838961,-166580.0,0.7,-147111.86
0.0757438,-206270.0,0.7,-189577.94
0.0773216,-197717.0,0.7,-207140.64
0.0779845,-191634.0,0.7,-194939.5
0.0736502,-216686.0,0.7,-180741.77
0.0956563,-71038.5,0.7,-73800.79
0.110552,-83528.2,0.7,-69143.32
0.0994223,-71922.6,0.7,-63875.473
0.0966134,-75500.5,0.7,-74633.32
0.104832,-65555.9,0.7,-62956.395
0.100865,-85164.5,0.7,-62504.844
0.0662896,-234934.0,0.7,-227252.52
0.0677475,-234384.0,0.7,-190707.12
0.112285,-85914.9,0.7,-72916.625
0.121344,-218525.0,0.7,-135563.12
0.0939208,-83855.7,0.7,-72782.81
0.0923116,-101373.0,0.7,-81457.52
0.0895503,-123560.0,0.7,-120433.04
0.0840832,-171141.0,0.7,-142687.4
0.0877178,-140952.0,0.7,-150968.95
0.078341,-191125.0,0.7,-180646.61
0.0803865,-183775.0,0.7,-124486.47
0.0823478,-177384.0,0.7,-194040.03
0.0708913,-227856.0,0.7,-186713.67
0.0706947,-230000.0,0.7,-182632.33
0.0715073,-227207.0,0.7,-195741.7
0.108618,-69699.6,0.7,-48986.582
0.099368,-84827.4,0.7,-64080.344
0.097869,-81638.4,0.7,-71436.836
0.103788,-75039.6,0.7,-68127.4
0.101544,-89753.7,0.7,-64158.61
0.106836,-63010.1,0.7,-45512.004
0.0700951,-229195.0,0.7,-169311.25
0.0693685,-231259.0,0.7,-158881.1
0.0614801,-226087.0,0.7,-202212.78
0.0629756,-233062.0,0.7,-200411.3
0.0643128,-236698.0,0.7,-157512.1
0.114,-122293.0,0.7,-69315.72
0.115285,-207053.0,0.7,-116943.28
0.116423,-219155.0,0.7,-172192.7
0.118668,-223938.0,0.7,-191885.8
0.119995,-221131.0,0.7,-157227.72
0.122264,-219108.0,0.7,-138962.62
0.0907062,-114471.0,0.7,-100604.83
0.0836083,-170494.0,0.7,-155860.16
0.0858349,-155407.0,0.7,-145198.48
0.0823243,-180986.0,0.7,-194223.31
0.075884,-200254.0,0.7,-191868.28
0.074281,-209331.0,0.7,-177039.66
0.0761007,-197629.0,0.7,-195489.67
0.0718317,-221485.0,0.7,-197455.5
0.0940216,-95998.3,0.7,-72610.25
0.110919,-85840.2,0.7,-72445.58
0.0958119,-96845.6,0.7,-74051.39
0.105885,-65280.1,0.7,-52866.008
0.0993653,-99109.6,0.7,-64090.773
0.0656988,-237172.0,0.7,-214981.9
0.0683127,-233275.0,0.7,-171413.95
0.112621,-82674.0,0.7,-69807.16
0.117472,-223787.0,0.7,-199832.98
0.121167,-221215.0,0.7,-136624.98
0.123274,-217048.0,0.7,-155423.47
0.0906648,-118560.0,0.7,-101230.88
0.0892702,-128369.0,0.7,-125771.76
0.0819914,-182148.0,0.7,-192983.94
0.0874752,-143564.0,0.7,-152942.28
0.0788279,-195509.0,0.7,-155368.0
0.0766066,-201186.0,0.7,-203267.81
0.0808948,-185922.0,0.7,-147131.3
0.0692088,-232026.0,0.7,-158411.92
0.0697311,-233880.0,0.7,-162664.23
0.0698336,-231684.0,0.7,-164305.45
0.109855,-80812.0,0.7,-61537.953
0.097437,-98409.4,0.7,-73137.28
0.105641,-69775.9,0.7,-55305.344
0.102243,-92072.0,0.7,-66303.51
0.100291,-104387.0,0.7,-62089.508
0.107827,-67642.0,0.7,-44562.906
0.0662617,-237327.0,0.7,-227124.19
0.0605426,-230908.0,0.7,-205391.2
0.0620381,-236462.0,0.7,-204880.05
0.0636953,-238566.0,0.7,-168895.06
0.114,-120046.0,0.7,-69315.72
0.115346,-207107.0,0.7,-120019.68
0.116413,-217832.0,0.7,-171783.17
0.120004,-222757.0,0.7,-156997.44
0.118568,-223708.0,0.7,-193867.6
0.122026,-219786.0,0.7,-136754.36
0.123246,-217165.0,0.7,-154868.81
0.0920769,-111117.0,0.7,-83636.1
0.0843981,-164591.0,0.7,-137778.9
0.0813881,-182918.0,0.7,-173065.11
0.0858857,-156077.0,0.7,-145828.97
0.0804391,-190401.0,0.7,-126262.125
0.0741977,-204524.0,0.7,-177211.4
0.0726698,-213240.0,0.7,-192681.08
0.0743395,-206950.0,0.7,-176981.52
0.0684143,-236142.0,0.7,-168662.47
0.0698237,-228913.0,0.7,-164137.73
0.111823,-87288.8,0.7,-75378.66
0.0936747,-116564.0,0.7,-73380.37
0.0953695,-114789.0,0.7,-73306.664
0.107183,-68897.2,0.7,-44293.305
0.10399,-78404.6,0.7,-67648.305
0.0986134,-112073.0,0.7,-67657.484
0.0971836,-113196.0,0.7,-73856.52
0.067261,-236154.0,0.7,-208910.02
0.0590471,-222716.0,0.7,-217996.19
0.117476,-222567.0,0.7,-199873.92
0.121048,-222191.0,0.7,-137666.73
0.124179,-216054.0,0.7,-173519.14
0.0921076,-119531.0,0.7,-83338.75
0.0889771,-133617.0,0.7,-131377.4
0.0906313,-124652.0,0.7,-101742.414
0.0827442,-174006.0,0.7,-186416.56
0.0798785,-192243.0,0.7,-117256.28
0.087565,-146446.0,0.7,-152305.42
0.0711357,-221273.0,0.7,-191098.45
0.0766514,-206214.0,0.7,-203835.89
0.0753789,-209352.0,0.7,-184156.48
0.0680617,-238072.0,0.7,-179300.19
0.0681286,-235878.0,0.7,-177063.78
0.110945,-88051.5,0.7,-72646.56
0.108956,-76660.9,0.7,-51939.836
0.107741,-73846.7,0.7,-44339.15
0.105671,-73496.1,0.7,-55001.83
0.102521,-93611.5,0.7,-67078.59
0.10074,-107016.0,0.7,-62319.05
0.0989049,-117973.0,0.7,-66154.14
0.0648551,-239330.0,0.7,-174300.02
0.0595698,-232276.0,0.7,-212972.02
0.0580743,-224599.0,0.7,-227268.6
0.0610653,-236396.0,0.7,-202645.52
0.112559,-84518.8,0.7,-70424.24
0.115353,-205459.0,0.7,-120374.555
0.116462,-216410.0,0.7,-173768.45
0.119443,-224658.0,0.7,-172255.84
0.118385,-223962.0,0.7,-196990.56
0.120563,-222537.0,0.7,-144553.12
0.122777,-215669.0,0.7,-146199.55
0.121625,-218877.0,0.7,-135065.34
0.124307,-214251.0,0.7,-175882.48
0.0839328,-168784.0,0.7,-146158.64
0.0805734,-184283.0,0.7,-131507.06
0.0793179,-193258.0,0.7,-131014.87
0.0858159,-159484.0,0.7,-144961.58
0.0788186,-198203.0,0.7,-155872.95
0.0723071,-211145.0,0.7,-196109.94
0.0709329,-217385.0,0.7,-187521.27
0.0772003,-205955.0,0.7,-207473.1
0.0738662,-216138.0,0.7,-178884.89
0.0663262,-240892.0,0.7,-227353.36
0.069371,-226648.0,0.7,-158894.94
0.0682755,-233651.0,0.7,-172490.33
0.0932763,-131965.0,0.7,-74902.83
0.091433,-137133.0,0.7,-90707.97
0.0951485,-128405.0,0.7,-72941.08
0.10418,-81939.6,0.7,-66973.74
0.0967832,-126939.0,0.7,-74522.695
0.0625961,-239173.0,0.7,-206786.66
0.0565788,-215487.0,0.7,-221474.83
0.114,-119958.0,0.7,-69315.72
0.117784,-222514.0,0.7,-201546.2
0.12392,-211880.0,0.7,-168494.83
0.0906023,-131900.0,0.7,-102188.85
0.0891604,-137710.0,0.7,-127877.71
0.081917,-177823.0,0.7,-191698.52
0.0776083,-203505.0,0.7,-204160.78
0.0878696,-151405.0,0.7,-149345.88
0.0718696,-218031.0,0.7,-197509.89
0.0755026,-212717.0,0.7,-185880.9
0.0663044,-241716.0,0.7,-227302.34
0.0666732,-238868.0,0.7,-224749.1
0.110322,-85484.4,0.7,-66749.6
0.112392,-84664.3,0.7,-72006.03
0.107096,-72987.6,0.7,-44510.39
0.105445,-77937.2,0.7,-57286.586
0.101361,-106838.0,0.7,-63632.668
0.103397,-91421.6,0.7,-68437.67
0.099567,-119243.0,0.7,-63377.77
0.0974859,-132122.0,0.7,-72973.17
0.0639944,-243283.0,0.7,-159228.03
0.0571015,-224089.0,0.7,-226348.02
0.058597,-230849.0,0.7,-222716.75
0.055606,-214596.0,0.7,-210017.7
0.05748,-214880.0,0.7,-228387.33
0.060119,-235387.0,0.7,-208451.98
0.116539,-215872.0,0.7,-176772.69
0.115368,-204224.0,0.7,-121135.73
0.119992,-224049.0,0.7,-157304.47
0.119126,-224929.0,0.7,-180923.19
0.120895,-220278.0,0.7,-139389.84
0.123396,-214675.0,0.7,-157869.28
0.122222,-216403.0,0.7,-138513.3
0.0839428,-173444.0,0.7,-145906.0
0.0819906,-180269.0,0.7,-192971.9
0.0800549,-187558.0,0.7,-117593.0
0.0786082,-193988.0,0.7,-167226.86
0.0772841,-202922.0,0.7,-207297.88
0.0859686,-164216.0,0.7,-146842.84
0.0704834,-218029.0,0.7,-177925.28
0.0689184,-223740.0,0.7,-159704.42
0.0757562,-212857.0,0.7,-189777.31
0.0739851,-220434.0,0.7,-178109.44
0.0721213,-225909.0,0.7,-197135.86
0.0673267,-233313.0,0.7,-206571.81
0.0918516,-146769.0,0.7,-85930.08
0.0934089,-140531.0,0.7,-74318.47
0.0897172,-141775.0,0.7,-117311.516
0.0944453,-140864.0,0.7,-72304.305
0.109482,-80738.8,0.7,-57359.1
0.0957851,-140317.0,0.7,-74009.98
0.0616586,-241060.0,0.7,-202689.62
0.0541458,-206129.0,0.7,-196427.17
0.0550469,-208207.0,0.7,-203683.2
0.114,-121190.0,0.7,-69315.72
0.117672,-221138.0,0.7,-201275.31
0.118637,-223568.0,0.7,-192519.34
0.124936,-213563.0,0.7,-185882.33
0.0759681,-210905.0,0.7,-193269.48
0.0871975,-163399.0,0.7,-154174.02
0.0698222,-223231.0,0.7,-164112.44
0.0701139,-228517.0,0.7,-169706.02
0.0647561,-243640.0,0.7,-169843.61
0.0655619,-240703.0,0.7,-209485.44
0.112202,-84048.5,0.7,-73548.05
0.0902888,-153095.0,0.7,-107223.98
0.0892642,-151941.0,0.7,-125886.766
0.107315,-74371.3,0.7,-44079.715
0.105211,-80041.5,0.7,-59590.13
0.101853,-105898.0,0.7,-65107.344
0.100217,-117591.0,0.7,-62124.766
0.0984801,-129475.0,0.7,-68363.65
0.0960748,-144172.0,0.7,-74402.85
0.0626947,-245117.0,0.7,-206012.62
0.0561375,-221511.0,0.7,-216531.8
0.0546331,-212335.0,0.7,-199909.72
0.0576418,-228404.0,0.7,-228635.34
0.053173,-202722.0,0.7,-192000.5
0.0591726,-236012.0,0.7,-216720.95
0.11658,-214384.0,0.7,-178313.03
0.11532,-201674.0,0.7,-118704.79
0.119671,-222839.0,0.7,-165906.78
0.12156,-217482.0,0.7,-135052.98
0.124331,-216034.0,0.7,-176315.61
0.122309,-216608.0,0.7,-139470.86
0.0819731,-184740.0,0.7,-192702.14
0.0850169,-173837.0,0.7,-136664.92
0.0804052,-190380.0,0.7,-125098.65
0.0780054,-197467.0,0.7,-194244.11
0.0766978,-203521.0,0.7,-204391.9
0.0753408,-211925.0,0.7,-183653.89
0.0684658,-224808.0,0.7,-167378.19
0.0669039,-229168.0,0.7,-219904.77
0.0742727,-219361.0,0.7,-177052.2
0.0722211,-228840.0,0.7,-196657.31
0.0702351,-235178.0,0.7,-172328.62
0.0653486,-236247.0,0.7,-199484.7
0.0901586,-160152.0,0.7,-109424.67
0.0924523,-152426.0,0.7,-80257.04
0.0940881,-150803.0,0.7,-72518.516
0.111731,-85683.2,0.7,-75535.37
0.109462,-79994.0,0.7,-57140.203
0.10331,-91248.1,0.7,-68411.32
0.0605679,-243060.0,0.7,-205224.12
0.0526139,-199552.0,0.7,-191037.56
0.0517128,-195334.0,0.7,-192101.06
0.114,-124061.0,0.7,-69315.72
0.117732,-218543.0,0.7,-201467.48
0.118667,-221728.0,0.7,-191906.33
0.120629,-218893.0,0.7,-143378.2
0.125637,-215704.0,0.7,-193328.98
0.123172,-215798.0,0.7,-153417.47
0.0829672,-183534.0,0.7,-179295.44
0.0788841,-195094.0,0.7,-152326.47
0.0864898,-173225.0,0.7,-152167.23
0.0885363,-162851.0,0.7,-139453.27
0.068108,-229911.0,0.7,-177743.44
0.0678686,-238964.0,0.7,-186173.27
0.0638246,-243433.0,0.7,-163908.83
0.107193,-74051.0,0.7,-44272.26
0.105194,-79846.5,0.7,-59752.535
0.100836,-111814.0,0.7,-62457.574
0.099171,-126598.0,0.7,-64897.863
0.0974105,-138304.0,0.7,-73222.92
0.0937504,-157633.0,0.7,-73169.33
0.0619516,-244454.0,0.7,-204282.88
0.0551646,-217992.0,0.7,-204908.08
0.0536603,-209445.0,0.7,-193810.5
0.0524171,-199419.0,0.7,-191001.75
0.0566866,-227504.0,0.7,-222588.86
0.0534791,-201494.0,0.7,-193038.88
0.0509228,-190402.0,0.7,-194901.08
0.0582263,-237378.0,0.7,-226180.44
0.11663,-211689.0,0.7,-180132.52
0.115324,-197027.0,0.7,-118907.0
0.119555,-219583.0,0.7,-169130.14
0.121576,-216660.0,0.7,-135048.95
0.125144,-220862.0,0.7,-188505.66
0.123567,-217938.0,0.7,-161345.72
0.122479,-216385.0,0.7,-141627.27
0.0806478,-193926.0,0.7,-134797.64
0.0843092,-183027.0,0.7,-138839.33
0.0788864,-199024.0,0.7,-152202.48
0.0776557,-201250.0,0.7,-203342.6
0.0759825,-207143.0,0.7,-193510.66
0.0746066,-212523.0,0.7,-177374.92
0.0734315,-220302.0,0.7,-183107.97
0.0664481,-230529.0,0.7,-227153.48
0.0648895,-232692.0,0.7,-175940.88
0.0724074,-227595.0,0.7,-195328.08
0.0704111,-236014.0,0.7,-176284.61
0.0684342,-243337.0,0.7,-168156.86
0.063411,-238248.0,0.7,-182285.45
0.0878719,-171247.0,0.7,-149319.17
0.0910077,-163867.0,0.7,-96249.41
0.0922324,-161882.0,0.7,-82168.234
0.114,-123512.0,0.7,-69315.72
0.111679,-87827.1,0.7,-75573.055
0.1092,-76212.3,0.7,-54354.21
0.104865,-81560.0,0.7,-62688.047
0.10253,-92196.7,0.7,-67101.86
0.0953196,-151129.0,0.7,-73221.22
0.0597836,-240237.0,0.7,-211134.67
0.050235,-189315.0,0.7,-197313.02
0.0510462,-192836.0,0.7,-194416.75
0.0496042,-184470.0,0.7,-198172.62
0.118049,-213834.0,0.7,-200724.0
0.11868,-218459.0,0.7,-191635.89
0.120537,-216166.0,0.7,-145035.47
0.126571,-222940.0,0.7,-198053.03
0.0821796,-192364.0,0.7,-194582.03
0.0858675,-181210.0,0.7,-145603.73
0.0660378,-236237.0,0.7,-224462.17
0.0666208,-247026.0,0.7,-225530.47
0.0893952,-170145.0,0.7,-123378.89
0.106977,-74187.8,0.7,-44904.223
0.100487,-102099.0,0.7,-62099.305
0.0987211,-126638.0,0.7,-67092.27
0.0965723,-140210.0,0.7,-74645.4
0.0930928,-162444.0,0.7,-75840.0
0.0916945,-167594.0,0.7,-87644.94
0.0617764,-238850.0,0.7,-203224.03
0.0542006,-215905.0,0.7,-196773.56
0.0524763,-204493.0,0.7,-190995.84
0.0516365,-196567.0,0.7,-192319.78
0.0502174,-185213.0,0.7,-197360.33
0.0557315,-227733.0,0.7,-211565.67
0.0489918,-178704.0,0.7,-196840.23
0.05728,-233261.0,0.7,-227535.45
0.116574,-206768.0,0.7,-178089.88
0.115251,-190630.0,0.7,-115241.734
0.119375,-215357.0,0.7,-174148.02
0.121702,-217282.0,0.7,-135177.62
0.126199,-223603.0,0.7,-196729.0
0.124265,-223176.0,0.7,-175117.25
0.122714,-218884.0,0.7,-145158.61
0.0782418,-206718.0,0.7,-185110.78
0.0799881,-202217.0,0.7,-117184.22
0.0835728,-190776.0,0.7,-157073.89
0.0768712,-207670.0,0.7,-206129.48
0.0736413,-215399.0,0.7,-180829.36
0.0725787,-219954.0,0.7,-193684.84
0.071383,-228384.0,0.7,-194493.58
0.0644304,-234422.0,0.7,-159279.75
0.0630291,-234476.0,0.7,-198728.31
0.0653373,-245018.0,0.7,-198918.4
0.0685364,-243077.0,0.7,-165746.12
0.0665891,-249349.0,0.7,-225939.9
0.0878182,-176232.0,0.7,-149926.8
0.0904774,-170202.0,0.7,-104149.19
0.114,-123637.0,0.7,-69315.72
0.110855,-87394.4,0.7,-71929.89
0.108784,-72649.4,0.7,-50372.867
0.103936,-84324.7,0.7,-67799.72
0.106938,-73281.8,0.7,-45057.113
0.102548,-89027.8,0.7,-67148.09
0.0943456,-152725.0,0.7,-72319.4
0.0611289,-236314.0,0.7,-202453.44
0.0486132,-180228.0,0.7,-194751.88
0.0478197,-175276.0,0.7,-187423.64
0.047291,-170066.0,0.7,-180904.12
0.0586398,-234198.0,0.7,-222273.8
0.117653,-203557.0,0.7,-201191.48
0.120369,-213805.0,0.7,-148400.47
0.125102,-223910.0,0.7,-188004.55
0.12726,-225217.0,0.7,-199363.14
0.123335,-222726.0,0.7,-156641.25
0.0812141,-200639.0,0.7,-164274.23
0.0744603,-216383.0,0.7,-177025.48
0.0848593,-190596.0,0.7,-136035.81
0.0639165,-240128.0,0.7,-161079.45
0.0695387,-235929.0,0.7,-160224.25
0.0648749,-250849.0,0.7,-175239.5
0.0889278,-176499.0,0.7,-132310.39
0.112566,-91373.1,0.7,-70355.055
0.10562,-77306.5,0.7,-55517.863
0.102028,-88128.3,0.7,-65652.26
0.0981863,-117520.0,0.7,-69900.4
0.0957587,-131084.0,0.7,-73968.28
0.0909889,-171422.0,0.7,-96510.45
0.092012,-163171.0,0.7,-84276.766
0.0898443,-175078.0,0.7,-114979.56
0.0517147,-202923.0,0.7,-192095.84
0.0532366,-215522.0,0.7,-192187.72
0.0504005,-191675.0,0.7,-196821.45
0.0489705,-177593.0,0.7,-196748.88
0.048366,-172891.0,0.7,-192869.1
0.0547763,-223767.0,0.7,-201123.27
0.0469567,-164801.0,0.7,-176441.22
0.0563425,-228041.0,0.7,-218901.19
0.116235,-199737.0,0.7,-164134.39
0.115355,-186933.0,0.7,-120475.81
0.119082,-209675.0,0.7,-182079.2
0.121301,-217579.0,0.7,-135767.52
0.122389,-221286.0,0.7,-140440.17
0.125962,-223627.0,0.7,-195532.28
0.126933,-224210.0,0.7,-198869.34
0.123981,-225832.0,0.7,-169702.1
0.0785095,-209409.0,0.7,-172376.36
0.0758469,-215749.0,0.7,-191255.69
0.0794246,-207530.0,0.7,-126875.1
0.0826234,-198551.0,0.7,-189552.33
0.0723554,-221030.0,0.7,-195751.84
0.0719011,-220716.0,0.7,-197532.17
0.0706112,-226816.0,0.7,-180798.44
0.0870316,-182509.0,0.7,-154359.48
0.0628066,-236519.0,0.7,-204423.52
0.063025,-248706.0,0.7,-198863.97
0.0675618,-244012.0,0.7,-197791.1
0.0641554,-254904.0,0.7,-157154.61
0.114,-123360.0,0.7,-69315.72
0.110473,-83656.7,0.7,-68342.24
0.112296,-94971.1,0.7,-72827.71
0.107969,-70132.1,0.7,-45052.08
0.10388,-82775.4,0.7,-67938.56
0.0997666,-95129.6,0.7,-62815.504
0.0932262,-148463.0,0.7,-75143.914
0.0599167,-239684.0,0.7,-210043.45
0.0501312,-192198.0,0.7,-197575.55
0.0449872,-153798.0,0.7,-153255.94
0.0579086,-239155.0,0.7,-228124.83
0.11883,-204339.0,0.7,-188320.22
0.116845,-194807.0,0.7,-187184.92
0.120056,-210706.0,0.7,-155681.67
0.124916,-223987.0,0.7,-185611.36
0.127804,-228525.0,0.7,-200031.66
0.122971,-225551.0,0.7,-149613.2
0.0768718,-215035.0,0.7,-206134.47
0.0796241,-208101.0,0.7,-120905.836
0.08104,-204279.0,0.7,-154935.97
0.07355,-222788.0,0.7,-181773.55
0.0725754,-223485.0,0.7,-193719.5
0.0834388,-198181.0,0.7,-161847.9
0.0864984,-187644.0,0.7,-152232.72
0.0619504,-241523.0,0.7,-204274.81
0.0686437,-234680.0,0.7,-163562.86
0.0655991,-250870.0,0.7,-211061.33
0.0630772,-253454.0,0.7,-197053.69
0.0880985,-181785.0,0.7,-146400.83
0.105575,-72299.1,0.7,-55973.727
0.101175,-84051.1,0.7,-63148.47
0.10351,-75175.0,0.7,-68423.51
0.0978123,-103518.0,0.7,-71689.53
0.0944196,-122375.0,0.7,-72305.14
0.0897908,-171775.0,0.7,-115955.805
0.0889315,-179374.0,0.7,-132240.73
0.0906502,-158941.0,0.7,-101453.34
0.0508353,-202423.0,0.7,-195243.84
0.0494255,-190221.0,0.7,-198033.12
0.0522726,-212415.0,0.7,-191075.84
0.048554,-178980.0,0.7,-194337.42
0.0466475,-160474.0,0.7,-172257.33
0.0538388,-218660.0,0.7,-194680.1
0.044701,-149324.0,0.7,-150947.58
0.0554049,-230168.0,0.7,-207603.81
0.114958,-174181.0,0.7,-101173.97
0.118085,-197870.0,0.7,-200461.16
0.120972,-216976.0,0.7,-138469.05
0.12205,-222643.0,0.7,-136938.77
0.126727,-182613.0,0.7,-198450.45
0.125818,-179107.0,0.7,-194642.75
0.128465,-227438.0,0.7,-201371.92
0.127636,-190958.0,0.7,-199818.3
0.123719,-226011.0,0.7,-164445.03
0.078077,-212837.0,0.7,-191719.03
0.0748689,-221678.0,0.7,-178794.53
0.081409,-205067.0,0.7,-174059.78
0.0711653,-226361.0,0.7,-191564.75
0.0702624,-226596.0,0.7,-172933.81
0.0849389,-193203.0,0.7,-136288.53
0.0604809,-247489.0,0.7,-205807.44
0.0666915,-243996.0,0.7,-224446.78
0.0614827,-252940.0,0.7,-202216.8
0.0622619,-256887.0,0.7,-206369.28
0.0635695,-255652.0,0.7,-174574.53
0.114,-123343.0,0.7,-69315.72
0.110306,-80857.9,0.7,-66576.75
0.112381,-93556.5,0.7,-72104.1
0.108087,-65428.4,0.7,-45567.875
0.0993707,-89526.5,0.7,-64069.99
0.0964231,-107105.0,0.7,-74644.805
0.0918644,-139604.0,0.7,-85794.484
0.0480517,-179283.0,0.7,-189932.39
0.0467119,-160964.0,0.7,-173126.58
0.0422565,-134828.0,0.7,-139653.47
0.0567008,-244124.0,0.7,-222732.4
0.116114,-189215.0,0.7,-158587.58
0.119214,-203767.0,0.7,-178567.5
0.117606,-191885.0,0.7,-200936.58
0.119923,-208573.0,0.7,-159094.78
0.124909,-173717.0,0.7,-185515.83
0.128545,-191485.0,0.7,-201628.61
0.122621,-225463.0,0.7,-143691.28
0.0762127,-218876.0,0.7,-197346.33
0.079598,-209315.0,0.7,-121541.73
0.077819,-213574.0,0.7,-199769.56
0.0725713,-227765.0,0.7,-193762.69
0.0710906,-229050.0,0.7,-190359.22
0.0840042,-195204.0,0.7,-144422.12
0.0822245,-200501.0,0.7,-194615.1
0.085784,-189730.0,0.7,-144562.98
0.0873578,-185231.0,0.7,-153601.6
0.0680238,-234235.0,0.7,-180604.0
0.0664387,-240650.0,0.7,-227197.86
0.0650041,-248884.0,0.7,-181656.75
0.105932,-65188.3,0.7,-52407.812
0.100129,-78160.5,0.7,-62195.188
0.1022,-71215.1,0.7,-66175.97
0.0979703,-91143.6,0.7,-70966.88
0.0933937,-110727.0,0.7,-74381.484
0.0958826,-96242.0,0.7,-74156.484
0.0884355,-167603.0,0.7,-141175.97
0.0873535,-181334.0,0.7,-153621.89
0.0894712,-147546.0,0.7,-121931.08
0.059085,-250819.0,0.7,-217607.31
0.0484711,-188323.0,0.7,-193718.08
0.0498912,-200520.0,0.7,-198015.6
0.0472833,-176607.0,0.7,-180803.27
0.0512017,-209472.0,0.7,-193815.86
0.0464137,-162866.0,0.7,-169137.73
0.0447121,-147836.0,0.7,-151031.53
0.0529013,-222276.0,0.7,-191375.77
0.0426891,-136395.0,0.7,-141030.62
0.0544675,-236222.0,0.7,-198619.92
0.115453,-179570.0,0.7,-125472.83
0.118728,-199467.0,0.7,-190613.11
0.120736,-214541.0,0.7,-141626.53
0.121719,-222132.0,0.7,-135216.25
0.126771,-198168.0,0.7,-198549.03
0.125862,-195933.0,0.7,-194928.7
0.124884,-192378.0,0.7,-185171.08
0.12775,-203011.0,0.7,-199960.48
0.124,-177635.0,0.7,-170075.55
0.122641,-212409.0,0.7,-143999.55
0.0739821,-224538.0,0.7,-178126.72
0.0792894,-210723.0,0.7,-132216.86
0.0693593,-231511.0,0.7,-158832.78
0.0802589,-205935.0,0.7,-120915.4
0.0603476,-256471.0,0.7,-206746.6
0.0616856,-257398.0,0.7,-202797.36
0.0631961,-252210.0,0.7,-192322.47
0.114,-117794.0,0.7,-69315.72
0.112337,-93380.8,0.7,-72486.58
0.109393,-68459.4,0.7,-56390.81
0.104817,-62773.0,0.7,-63076.39
0.107774,-62337.7,0.7,-44418.477
0.103796,-60902.4,0.7,-68112.82
0.0914634,-125763.0,0.7,-90338.54
0.0458752,-163561.0,0.7,-162366.62
0.0451726,-150209.0,0.7,-154914.89
0.0405193,-123462.0,0.7,-134447.67
0.058206,-252726.0,0.7,-226340.27
0.0556937,-244816.0,0.7,-211097.66
0.116823,-187379.0,0.7,-186523.11
0.118034,-194113.0,0.7,-200823.05
0.11948,-204699.0,0.7,-171223.73
0.124047,-185016.0,0.7,-170993.45
0.128694,-202643.0,0.7,-202185.81
0.0755658,-218937.0,0.7,-186810.98
0.0782211,-212861.0,0.7,-185998.73
0.0717862,-229417.0,0.7,-197350.4
0.07015,-233416.0,0.7,-170474.38
0.0686585,-235529.0,0.7,-163290.86
0.0850697,-187959.0,0.7,-136985.77
0.083305,-192872.0,0.7,-166823.33
0.0811914,-197908.0,0.7,-163075.75
0.0674496,-237208.0,0.7,-202040.83
0.0661421,-240108.0,0.7,-226065.7
0.0647738,-245356.0,0.7,-170607.92
0.110949,-85786.5,0.7,-72677.03
0.106339,-62035.5,0.7,-48760.707
0.097869,-79345.3,0.7,-71436.836
0.102377,-54402.5,0.7,-66689.31
0.0952198,-84152.4,0.7,-73054.8
0.092731,-95438.4,0.7,-78120.086
0.0861558,-175812.0,0.7,-149010.23
0.0874127,-158579.0,0.7,-153318.17
0.0904057,-116966.0,0.7,-105301.97
0.0464328,-174092.0,0.7,-169389.81
0.0476816,-187232.0,0.7,-185814.17
0.0487979,-197468.0,0.7,-195893.42
0.0451434,-161570.0,0.7,-154644.84
0.0507804,-216801.0,0.7,-195456.83
0.0441171,-146838.0,0.7,-147107.19
0.0433498,-139536.0,0.7,-143433.27
0.0520838,-228751.0,0.7,-191296.48
0.0411663,-126669.0,0.7,-136412.3
0.0532375,-236890.0,0.7,-192190.58
0.116759,-188812.0,0.7,-184519.0
0.115386,-176941.0,0.7,-122050.98
0.120289,-196440.0,0.7,-150145.25
0.121466,-206904.0,0.7,-135169.75
0.126954,-217623.0,0.7,-198906.39
0.125907,-216124.0,0.7,-195207.92
0.124873,-215751.0,0.7,-185017.78
0.12367,-215043.0,0.7,-163447.4
0.127873,-219035.0,0.7,-200127.27
0.123091,-157159.0,0.7,-151857.27
0.123214,-189921.0,0.7,-154238.42
0.0767582,-215902.0,0.7,-205061.88
0.0734223,-222661.0,0.7,-183216.19
0.0783576,-210571.0,0.7,-179867.67
0.0777493,-214416.0,0.7,-201438.97
0.0789803,-204996.0,0.7,-147193.94
0.0597214,-255474.0,0.7,-211657.39
0.0612178,-254007.0,0.7,-202254.95
0.063388,-247281.0,0.7,-183410.53
0.114,-113926.0,0.7,-69315.72
0.11258,-94043.7,0.7,-70216.24
0.109377,-65755.6,0.7,-56218.516
0.105824,-60711.0,0.7,-53467.375
0.107462,-60977.4,0.7,-44006.38
0.100062,-63507.9,0.7,-62269.973
0.105071,-55360.9,0.7,-60899.836
0.088388,-136378.0,0.7,-141965.53
0.0495581,-206069.0,0.7,-198154.95
0.0438697,-149209.0,0.7,-145780.58
0.0395496,-117981.0,0.7,-131098.23
0.0576874,-249879.0,0.7,-228628.94
0.0540032,-238647.0,0.7,-195575.67
0.119,-200531.0,0.7,-184187.08
0.12892,-222274.0,0.7,-203258.61
0.122182,-157925.0,0.7,-138108.67
0.0747073,-219167.0,0.7,-177801.64
0.0694803,-233712.0,0.7,-159670.97
0.0709785,-225793.0,0.7,-188379.67
0.0680904,-237792.0,0.7,-178330.39
0.0666508,-239605.0,0.7,-225098.62
0.0843675,-184498.0,0.7,-138115.4
0.0826963,-186485.0,0.7,-187732.1
0.0794017,-197287.0,0.7,-127712.91
0.0655398,-241706.0,0.7,-208522.44
0.0646269,-243687.0,0.7,-164786.4
0.0621501,-250551.0,0.7,-205662.58
0.111612,-84106.3,0.7,-75568.39
0.0993248,-55614.8,0.7,-64250.016
0.101519,-38749.0,0.7,-64084.574
0.104323,-29315.8,0.7,-66316.44
0.0971626,-67369.5,0.7,-73905.99
0.0947192,-68855.9,0.7,-72417.48
0.0917254,-74697.6,0.7,-87300.26
0.0857639,-165079.0,0.7,-144311.7
0.0862621,-146111.0,0.7,-150131.84
0.0892372,-103343.0,0.7,-126404.7
0.0443412,-159568.0,0.7,-148453.81
0.0454478,-171276.0,0.7,-157618.5
0.0465189,-182275.0,0.7,-170532.88
0.0475538,-194351.0,0.7,-184259.17
0.0431174,-148341.0,0.7,-142531.33
0.0500148,-222335.0,0.7,-197820.28
0.0484846,-207407.0,0.7,-193821.9
0.0417426,-131005.0,0.7,-138110.02
0.0420635,-135146.0,0.7,-139066.12
0.0510855,-229304.0,0.7,-194263.28
0.0394308,-117788.0,0.7,-130632.34
0.0554219,-240744.0,0.7,-207803.34
0.0519943,-232303.0,0.7,-191447.69
0.117793,-194486.0,0.7,-201551.56
0.116559,-189510.0,0.7,-177529.39
0.115296,-173735.0,0.7,-117495.32
0.119587,-178945.0,0.7,-168238.22
0.121273,-158495.0,0.7,-135919.06
0.12591,-223163.0,0.7,-195226.23
0.12703,-223532.0,0.7,-199033.47
0.124812,-224471.0,0.7,-184149.83
0.123711,-224862.0,0.7,-164282.33
0.122461,-215478.0,0.7,-141381.92
0.127996,-223522.0,0.7,-200315.36
0.122323,-185468.0,0.7,-139634.33
0.0759089,-216627.0,0.7,-192281.94
0.0725137,-221482.0,0.7,-194349.44
0.0769506,-209931.0,0.7,-206714.62
0.0665155,-239634.0,0.7,-226700.25
0.0807593,-187984.0,0.7,-140144.2
0.0777739,-201480.0,0.7,-200874.39
0.0595506,-251486.0,0.7,-213142.72
0.060979,-250529.0,0.7,-202967.38
0.0619273,-247892.0,0.7,-204121.66
0.0635848,-244957.0,0.7,-173852.97
0.114,-107348.0,0.7,-69315.72
0.109104,-61389.5,0.7,-53380.207
0.107262,-60179.3,0.7,-44148.727
0.106845,-45685.1,0.7,-45468.84
0.0842999,-175763.0,0.7,-138964.92
0.0875185,-122259.0,0.7,-152649.38
0.0418641,-136804.0,0.7,-138469.83
0.0576854,-245404.0,0.7,-228629.86
0.052976,-232413.0,0.7,-191518.55
0.118662,-179057.0,0.7,-192009.62
0.120364,-151057.0,0.7,-148506.78
0.122621,-226280.0,0.7,-143691.28
0.129131,-226269.0,0.7,-204551.4
0.121285,-185307.0,0.7,-135852.25
0.073866,-219618.0,0.7,-178886.48
0.0674208,-236171.0,0.7,-203117.55
0.0688107,-227674.0,0.7,-160913.33
0.0703227,-222507.0,0.7,-174284.38
0.0658887,-240384.0,0.7,-221074.31
0.0650904,-242243.0,0.7,-186125.27
0.0823824,-175548.0,0.7,-193709.73
0.0785973,-188996.0,0.7,-167804.1
0.111693,-62105.8,0.7,-75566.555
0.100221,-39605.8,0.7,-62122.293
0.0986116,-44994.6,0.7,-67667.01
0.102994,-19415.9,0.7,-68082.83
0.106273,-18201.6,0.7,-49303.5
0.0969292,-54408.2,0.7,-74347.016
0.0937514,-45550.9,0.7,-73166.64
0.0899035,-66344.7,0.7,-113909.125
0.084272,-161976.0,0.7,-139358.58
0.0859266,-119738.0,0.7,-146332.11
0.08791,-83409.3,0.7,-148867.64
0.0425428,-147200.0,0.7,-140553.0
0.0433006,-155546.0,0.7,-143236.05
0.0442819,-165786.0,0.7,-148082.97
0.0452717,-176542.0,0.7,-155855.27
0.0462762,-189672.0,0.7,-167343.03
0.0406296,-132613.0,0.7,-134791.98
0.0492035,-220332.0,0.7,-197579.39
0.0484329,-214011.0,0.7,-193417.61
0.0401691,-123837.0,0.7,-133314.7
0.0406182,-128329.0,0.7,-134756.58
0.0499792,-223941.0,0.7,-197883.64
0.0562182,-239268.0,0.7,-217479.28
0.0541586,-232596.0,0.7,-196507.1
0.0505018,-222828.0,0.7,-196483.73
0.117552,-184717.0,0.7,-200559.5
0.116455,-179484.0,0.7,-173488.14
0.115243,-157582.0,0.7,-114843.19
0.119455,-148160.0,0.7,-171921.2
0.120263,-177539.0,0.7,-150730.62
0.126235,-222081.0,0.7,-196884.69
0.124769,-224216.0,0.7,-183520.31
0.127277,-222251.0,0.7,-199384.97
0.123609,-225546.0,0.7,-162203.23
0.122516,-228508.0,0.7,-142143.19
0.121514,-223922.0,0.7,-135089.97
0.121378,-210166.0,0.7,-135425.95
0.128344,-224986.0,0.7,-201032.8
0.0749208,-213268.0,0.7,-179191.27
0.0715781,-221259.0,0.7,-196307.61
0.0759202,-206160.0,0.7,-192470.0
0.0644765,-241891.0,0.7,-160300.9
0.0802866,-176673.0,0.7,-121598.19
0.0764088,-195741.0,0.7,-200460.83
0.0599137,-247332.0,0.7,-210068.08
0.0615484,-245739.0,0.7,-202346.38
0.114,-101605.0,0.7,-69315.72
0.108962,-52034.1,0.7,-51996.64
0.101302,-27848.7,0.7,-63472.777
0.104627,-12880.6,0.7,-64493.23
0.108456,-30461.8,0.7,-47768.516
0.0957866,-40379.7,0.7,-74012.31
0.0913574,-44472.2,0.7,-91642.125
0.0842599,-142063.0,0.7,-139536.9
0.0471019,-201446.0,0.7,-178396.86
0.040195,-127152.0,0.7,-133400.84
0.0380275,-112859.0,0.7,-123754.11
0.0578086,-241493.0,0.7,-228448.3
0.0517761,-223097.0,0.7,-191932.2
0.118545,-150918.0,0.7,-194297.39
0.11931,-180325.0,0.7,-175945.3
0.125226,-222419.0,0.7,-189441.95
0.121442,-229134.0,0.7,-135225.36
0.120282,-201995.0,0.7,-150302.0
0.0728052,-215600.0,0.7,-191065.31
0.0651149,-237146.0,0.7,-187406.53
0.0665048,-228496.0,0.7,-226788.12
0.068141,-222811.0,0.7,-176659.62
0.0694977,-221824.0,0.7,-159826.16
0.0637139,-240999.0,0.7,-168115.73
0.0630477,-243860.0,0.7,-198098.22
0.081997,-159126.0,0.7,-193065.86
0.0771454,-182950.0,0.7,-207462.81
0.0785971,-177580.0,0.7,-167814.52
0.114,-81241.9,0.7,-69315.72
0.110312,-43916.6,0.7,-66641.65
0.0996209,-29156.3,0.7,-63211.26
0.0978002,-31766.7,0.7,-71742.46
0.102283,-19794.0,0.7,-66420.64
0.103872,-17358.3,0.7,-67956.82
0.105674,-15540.3,0.7,-54971.54
0.107885,-21461.4,0.7,-44744.875
0.0947836,-22468.9,0.7,-72472.89
0.0927836,-28158.7,0.7,-77753.39
0.0893361,-41129.2,0.7,-124508.875
0.0841962,-116231.0,0.7,-140555.4
0.0858724,-70737.4,0.7,-145664.52
0.0413488,-141236.0,0.7,-136951.0
0.0419111,-150650.0,0.7,-138609.7
0.0432412,-162622.0,0.7,-143002.58
0.0442773,-173921.0,0.7,-148054.67
0.0453275,-188087.0,0.7,-156401.3
0.0387022,-118942.0,0.7,-127402.62
0.0480984,-211160.0,0.7,-190404.42
0.0475439,-208974.0,0.7,-184136.36
0.0464227,-199889.0,0.7,-169256.48
0.039161,-120453.0,0.7,-129515.055
0.0487814,-215006.0,0.7,-195800.88
0.0556258,-233280.0,0.7,-210260.6
0.0530226,-225022.0,0.7,-191618.72
0.0496712,-212459.0,0.7,-198176.03
0.117354,-162695.0,0.7,-198393.44
0.116557,-154316.0,0.7,-177454.3
0.114762,-131965.0,0.7,-92603.32
0.11839,-184212.0,0.7,-196914.58
0.119209,-200858.0,0.7,-178702.72
0.126087,-207698.0,0.7,-196202.33
0.125078,-216186.0,0.7,-187711.92
0.124151,-221608.0,0.7,-172990.33
0.128215,-217738.0,0.7,-200727.67
0.122168,-224822.0,0.7,-137972.25
0.121258,-228662.0,0.7,-136005.95
0.120365,-226490.0,0.7,-148485.4
0.120271,-217261.0,0.7,-150549.36
0.0741559,-203621.0,0.7,-177336.31
0.0706304,-217285.0,0.7,-181223.95
0.0623965,-242601.0,0.7,-206956.1
0.0795556,-164983.0,0.7,-122671.43
0.0749457,-187604.0,0.7,-179394.52
0.0595811,-242786.0,0.7,-212871.81
0.0612527,-243468.0,0.7,-202201.28
0.111866,-46358.0,0.7,-75265.94
0.100784,-16090.7,0.7,-62379.043
0.110014,-31081.7,0.7,-63337.58
0.0967836,-18303.3,0.7,-74522.32
0.0907836,-28262.3,0.7,-99452.52
0.0877372,-40190.0,0.7,-150777.42
0.0826859,-136592.0,0.7,-188005.55
0.0396294,-129018.0,0.7,-131402.89
0.0381115,-116798.0,0.7,-124244.44
0.037292,-110537.0,0.7,-119054.664
0.0482269,-206983.0,0.7,-191640.31
0.057684,-236253.0,0.7,-228630.55
0.0509774,-217008.0,0.7,-194686.47
0.0500847,-213263.0,0.7,-197679.83
0.115574,-124376.0,0.7,-131684.1
0.117636,-141441.0,0.7,-201107.23
0.117422,-182585.0,0.7,-199276.61
0.118274,-203510.0,0.7,-198529.36
0.127131,-192704.0,0.7,-199187.02
0.122939,-219623.0,0.7,-149030.7
0.120245,-229975.0,0.7,-151140.95
0.119491,-208638.0,0.7,-170916.64
0.0716415,-207311.0,0.7,-196723.67
0.0641357,-227272.0,0.7,-157276.72
0.0627868,-235607.0,0.7,-204764.2
0.0659393,-222764.0,0.7,-222366.58
0.0673051,-221929.0,0.7,-207348.14
0.0685794,-218258.0,0.7,-164827.44
0.0619033,-240374.0,0.7,-203965.81
0.0808312,-141529.0,0.7,-143798.95
0.0777221,-168851.0,0.7,-202031.67
0.0756491,-171889.0,0.7,-188081.64
0.114,-36691.3,0.7,-69315.72
0.114909,-84878.9,0.7,-98956.45
0.0987836,-15358.0,0.7,-66768.68
0.102784,-19417.8,0.7,-67698.695
0.104784,-26086.5,0.7,-63336.64
0.106784,-38255.7,0.7,-45773.746
0.109795,-31786.1,0.7,-60857.906
0.0934215,-43477.4,0.7,-74267.0
0.0956915,-37880.1,0.7,-73859.37
0.0915611,-45455.4,0.7,-89174.945
0.0887836,-26698.5,0.7,-135006.42
0.0841577,-73698.6,0.7,-141235.16
0.0822876,-98640.9,0.7,-194440.7
0.0867836,-33039.0,0.7,-153868.56
0.0400794,-135536.0,0.7,-133012.69
0.0421548,-156998.0,0.7,-139342.4
0.0435736,-173667.0,0.7,-144380.19
0.0449171,-188086.0,0.7,-152662.66
0.0368427,-108425.0,0.7,-115890.81
0.0471033,-200288.0,0.7,-178415.56
0.0458306,-194395.0,0.7,-161841.9
0.0559144,-230017.0,0.7,-213830.28
0.0539689,-224576.0,0.7,-195381.17
0.0516305,-217090.0,0.7,-192337.6
0.0474275,-199828.0,0.7,-182669.88
0.0488057,-206572.0,0.7,-195936.52
0.116727,-120244.0,0.7,-183473.47
0.117283,-199284.0,0.7,-197315.1
0.118112,-209492.0,0.7,-200241.06
0.126119,-146323.0,0.7,-196359.62
0.12472,-173155.0,0.7,-182784.8
0.123829,-209017.0,0.7,-166672.42
0.121727,-215708.0,0.7,-135236.22
0.120944,-225050.0,0.7,-138791.28
0.120067,-230498.0,0.7,-155406.72
0.119438,-220810.0,0.7,-172395.38
0.119353,-226925.0,0.7,-174757.78
0.11906,-213651.0,0.7,-182650.88
0.118762,-208381.0,0.7,-189866.16
0.0726409,-191560.0,0.7,-193007.73
0.0696156,-209183.0,0.7,-161090.92
0.0599623,-239273.0,0.7,-209678.12
0.0786294,-147576.0,0.7,-166099.84
0.0736741,-174987.0,0.7,-180510.38
0.11151,-33703.5,0.7,-75448.43
0.0999062,-21681.4,0.7,-62513.918
0.101543,-22277.2,0.7,-64155.594
0.108784,-47344.1,0.7,-50372.867
0.0980721,-33830.2,0.7,-70473.89
0.089457,-48169.2,0.7,-122201.125
0.0847836,-42231.9,0.7,-135930.28
0.0403512,-140181.0,0.7,-133912.1
0.038301,-121862.0,0.7,-125313.07
0.0363751,-106032.0,0.7,-112465.29
0.0462497,-191180.0,0.7,-167001.5
0.0570232,-230365.0,0.7,-225726.42
0.0486744,-206321.0,0.7,-195155.78
0.0490562,-205098.0,0.7,-197097.42
0.115818,-87171.6,0.7,-144136.58
0.116433,-163360.0,0.7,-172600.1
0.116335,-183573.0,0.7,-168512.8
0.117272,-208268.0,0.7,-197133.92
0.127271,-114093.0,0.7,-199377.28
0.122598,-199490.0,0.7,-143341.88
0.119055,-232978.0,0.7,-182780.47
0.0705746,-195383.0,0.7,-179981.8
0.0641451,-221734.0,0.7,-157213.84
0.0622964,-226807.0,0.7,-206555.2
0.0605753,-235949.0,0.7,-205175.42
0.0651275,-221232.0,0.7,-188066.28
0.0664923,-218162.0,0.7,-226882.78
0.0675633,-209957.0,0.7,-197733.94
0.0798316,-107048.0,0.7,-117568.33
0.0767404,-150977.0,0.7,-204871.27
0.0748008,-154729.0,0.7,-178330.66
0.112392,-41611.4,0.7,-72006.03
0.114909,-49170.7,0.7,-98956.45
0.103412,-29856.4,0.7,-68438.914
0.105771,-56368.0,0.7,-53995.57
0.108016,-83712.5,0.7,-45245.957
0.110784,-46016.8,0.7,-71324.664
0.0945699,-58085.3,0.7,-72329.445
0.0923385,-58815.8,0.7,-81221.81
0.0968785,-54963.5,0.7,-74416.695
0.0903385,-65873.5,0.7,-106400.42
0.0873529,-57724.6,0.7,-153624.83
0.0827836,-50011.5,0.7,-185270.05
0.0855362,-69213.9,0.7,-141510.45
0.0389764,-128523.0,0.7,-128699.03
0.0361461,-107017.0,0.7,-110773.07
0.0413974,-151526.0,0.7,-137093.98
0.0434312,-173726.0,0.7,-143768.0
0.0449841,-182897.0,0.7,-153229.3
0.0549829,-221155.0,0.7,-203045.33
0.0526373,-213260.0,0.7,-191052.47
0.0500042,-204078.0,0.7,-197839.7
0.0451838,-183170.0,0.7,-155019.34
0.0467963,-195519.0,0.7,-174268.84
0.115303,-110676.0,0.7,-117847.9
0.116259,-189164.0,0.7,-165202.9
0.11724,-216089.0,0.7,-196584.44
0.117838,-213770.0,0.7,-201542.66
0.125271,-98550.3,0.7,-189932.34
0.126145,-78775.0,0.7,-196483.34
0.123488,-154454.0,0.7,-159735.31
0.121386,-182915.0,0.7,-135396.83
0.120515,-209051.0,0.7,-145451.83
0.1195,-223023.0,0.7,-170665.23
0.118622,-230190.0,0.7,-192819.6
0.118527,-220991.0,0.7,-194626.52
0.118138,-231681.0,0.7,-200011.3
0.0715716,-177969.0,0.7,-196260.19
0.0685482,-197523.0,0.7,-165488.48
0.0623908,-221222.0,0.7,-206939.61
0.0608995,-228597.0,0.7,-203319.11
0.0584914,-232088.0,0.7,-223783.67
0.0778164,-112712.0,0.7,-199835.45
0.0728194,-158028.0,0.7,-190889.25
0.114,-28211.5,0.7,-69315.72
0.100349,-38133.7,0.7,-62076.926
0.102307,-26625.0,0.7,-66490.13
0.109676,-86594.9,0.7,-59515.336
0.0988663,-53681.8,0.7,-66347.52
0.0881303,-80742.4,0.7,-145949.1
0.0807836,-57708.1,0.7,-141364.12
0.0837063,-78743.8,0.7,-152648.16
0.0380325,-123609.0,0.7,-123783.56
0.0369006,-114369.0,0.7,-116307.59
0.0392836,-133291.0,0.7,-130033.445
0.0443623,-175976.0,0.7,-148588.31
0.0563713,-218888.0,0.7,-219224.08
0.047671,-197942.0,0.7,-185687.39
0.0473778,-192110.0,0.7,-182032.02
0.114836,-77183.9,0.7,-95742.4
0.115241,-134596.0,0.7,-114743.28
0.115175,-142206.0,0.7,-111481.51
0.116323,-205943.0,0.7,-167997.72
0.124262,-92222.0,0.7,-175062.1
0.126884,-86109.8,0.7,-198779.0
0.122257,-125897.0,0.7,-138886.16
0.117659,-232609.0,0.7,-201219.3
0.0695507,-181196.0,0.7,-160349.22
0.0626919,-220572.0,0.7,-206042.56
0.0610901,-221698.0,0.7,-202565.9
0.058933,-226290.0,0.7,-219184.25
0.0641282,-216728.0,0.7,-157332.7
0.0655677,-209490.0,0.7,-209734.92
0.0665764,-197491.0,0.7,-226090.28
0.0787836,-63695.6,0.7,-157774.39
0.0758247,-117172.0,0.7,-190890.78
0.0738023,-123636.0,0.7,-179377.06
0.114,-66449.1,0.7,-69315.72
0.111346,-94376.0,0.7,-74985.195
0.103761,-32991.1,0.7,-68173.82
0.107512,-77505.6,0.7,-44021.074
0.109584,-102836.0,0.7,-58486.273
0.0958011,-65844.2,0.7,-74034.83
0.0933468,-67304.8,0.7,-74582.42
0.0909772,-80733.4,0.7,-96673.66
0.0980554,-62611.2,0.7,-70556.06
0.0888384,-100425.0,0.7,-133988.73
0.0859221,-95496.2,0.7,-146277.0
0.0818249,-86566.8,0.7,-189604.81
0.0843456,-101424.0,0.7,-138374.55
0.0392905,-135191.0,0.7,-130062.03
0.040892,-150906.0,0.7,-135593.34
0.0427297,-165299.0,0.7,-141165.77
0.0535999,-207107.0,0.7,-193540.72
0.0512172,-202092.0,0.7,-193757.2
0.0487614,-193137.0,0.7,-195686.25
0.044118,-175274.0,0.7,-147112.42
0.0426641,-163511.0,0.7,-140947.98
0.045713,-185298.0,0.7,-160489.8
0.114,-76986.4,0.7,-69315.72
0.115182,-153689.0,0.7,-111825.445
0.116626,-218092.0,0.7,-179989.25
0.125085,-72242.3,0.7,-187797.72
0.125968,-85402.8,0.7,-195566.56
0.123129,-73823.8,0.7,-152585.1
0.121007,-104228.0,0.7,-138086.5
0.120036,-161881.0,0.7,-156184.48
0.119041,-201068.0,0.7,-183141.53
0.11792,-220065.0,0.7,-201374.27
0.117122,-227173.0,0.7,-194280.42
0.117374,-225304.0,0.7,-198668.38
0.116681,-226929.0,0.7,-181920.8
0.0705192,-161204.0,0.7,-178735.2
0.0675461,-182812.0,0.7,-198389.53
0.0604706,-218361.0,0.7,-205878.17
0.0594905,-219513.0,0.7,-213684.1
0.0767836,-69183.4,0.7,-205324.14
0.0718015,-127585.0,0.7,-197390.64
0.101958,-44896.5,0.7,-65434.992
0.100411,-55764.5,0.7,-62078.035
0.105485,-46765.7,0.7,-56883.867
0.099693,-58772.5,0.7,-63005.305
0.0864859,-116958.0,0.7,-152137.22
0.0799085,-93591.2,0.7,-117144.7
0.0826383,-113883.0,0.7,-189199.17
0.0355678,-107057.0,0.7,-106585.43
0.0373464,-120186.0,0.7,-119424.84
0.0540465,-204418.0,0.7,-195826.66
0.0464382,-183163.0,0.7,-169461.16
0.114,-80814.8,0.7,-69315.72
0.114,-83313.5,0.7,-69315.72
0.114,-88284.0,0.7,-69315.72
0.115318,-177672.0,0.7,-118603.734
0.124,-65450.9,0.7,-170075.55
0.126291,-106331.0,0.7,-197113.6
0.121879,-59052.3,0.7,-135823.31
0.116311,-220707.0,0.7,-167480.23
0.0685441,-166010.0,0.7,-165577.5
0.0607575,-218528.0,0.7,-204060.11
0.0619266,-216212.0,0.7,-204117.0
0.0578335,-216155.0,0.7,-228382.48
0.0638148,-206533.0,0.7,-164248.56
0.0646415,-195232.0,0.7,-165307.16
0.0656677,-181926.0,0.7,-213808.72
0.0778119,-104055.0,0.7,-199949.14
0.0747836,-71473.4,0.7,-178223.81
0.0727836,-71634.8,0.7,-191331.17
0.111643,-109064.0,0.7,-75578.05
0.103303,-48170.5,0.7,-68407.99
0.109287,-95937.5,0.7,-55260.316
0.106997,-57332.8,0.7,-44830.258
0.0945786,-72200.7,0.7,-72332.93
0.0972637,-70024.4,0.7,-73653.62
0.0920783,-86454.0,0.7,-83622.44
0.08954,-111014.0,0.7,-120627.61
0.0999247,-68151.2,0.7,-62479.86
0.0872469,-127442.0,0.7,-154038.47
0.0841053,-126326.0,0.7,-142237.73
0.0808094,-124655.0,0.7,-142676.58
0.0389678,-135676.0,0.7,-128659.92
0.0373096,-121533.0,0.7,-119174.805
0.0405004,-148174.0,0.7,-134388.08
0.0522845,-201076.0,0.7,-191066.66
0.0561193,-210209.0,0.7,-216315.69
0.0501507,-194374.0,0.7,-197529.2
0.0418743,-157615.0,0.7,-138500.17
0.111929,-110253.0,0.7,-75055.43
0.114,-97023.0,0.7,-69315.72
0.116222,-218718.0,0.7,-163551.03
0.125165,-99329.8,0.7,-188750.53
0.124342,-83904.0,0.7,-176512.69
0.127333,-108393.0,0.7,-199455.47
0.122656,-63686.9,0.7,-144233.44
0.119757,-72673.1,0.7,-163543.98
0.120629,-49090.0,0.7,-143378.2
0.11864,-115602.0,0.7,-192458.64
0.117608,-168914.0,0.7,-200948.94
0.116622,-215013.0,0.7,-179845.94
0.115559,-208231.0,0.7,-130913.42
0.115273,-196679.0,0.7,-116341.15
0.0693085,-133946.0,0.7,-158611.22
0.0666827,-168248.0,0.7,-224594.2
0.0588241,-214158.0,0.7,-220333.16
0.062664,-211422.0,0.7,-206312.56
0.0582534,-213804.0,0.7,-225960.88
0.0753282,-106269.0,0.7,-183490.84
0.0707836,-73729.0,0.7,-184526.2
0.101254,-62181.2,0.7,-63346.766
0.104802,-43975.4,0.7,-63195.42
0.0848551,-143457.0,0.7,-136026.45
0.0791067,-123042.0,0.7,-140711.61
0.0818434,-140670.0,0.7,-190069.11
0.0354781,-108210.0,0.7,-105959.07
0.0402848,-145775.0,0.7,-133696.5
0.05171,-194907.0,0.7,-192108.84
0.0548477,-203396.0,0.7,-201764.17
0.112007,-111019.0,0.7,-74721.055
0.112366,-107434.0,0.7,-72236.21
0.112774,-105479.0,0.7,-68277.625
0.114,-100588.0,0.7,-69315.72
0.114998,-175947.0,0.7,-103017.5
0.123375,-89789.6,0.7,-157445.58
0.125287,-143873.0,0.7,-190103.11
0.1265,-150621.0,0.7,-197844.53
0.121401,-69266.1,0.7,-135345.05
0.116657,-184291.0,0.7,-181088.14
0.115032,-202582.0,0.7,-104606.02
0.11548,-200995.0,0.7,-126856.28
0.100619,-43420.9,0.7,-62186.35
0.0992872,-35547.5,0.7,-64402.125
0.098608,-41518.1,0.7,-67686.04
0.100332,-55004.2,0.7,-62079.26
0.102193,-56133.8,0.7,-66154.984
0.102294,-48212.0,0.7,-66452.664
0.0674582,-155498.0,0.7,-201718.0
0.0594853,-208585.0,0.7,-213731.53
0.0611063,-206512.0,0.7,-202517.42
0.0622001,-202695.0,0.7,-205994.16
0.062403,-190699.0,0.7,-206973.08
0.0637926,-178344.0,0.7,-165042.52
0.0647896,-161859.0,0.7,-171302.61
0.0764091,-129716.0,0.7,-200465.48
0.0735065,-92529.9,0.7,-182250.4
0.0717532,-97365.7,0.7,-197246.58
0.102747,-63780.1,0.7,-67619.85
0.10859,-76264.8,0.7,-48766.01
0.106305,-45865.3,0.7,-49037.543
0.0931543,-84581.6,0.7,-75509.3
0.0965296,-70754.3,0.7,-74652.32
0.0989695,-72217.0,0.7,-65836.13
0.0908729,-104488.0,0.7,-98152.31
0.0878259,-129540.0,0.7,-149841.78
0.0862387,-140556.0,0.7,-149893.19
0.0826468,-153180.0,0.7,-188993.3
0.0776294,-135727.0,0.7,-203808.53
0.0800444,-152181.0,0.7,-117506.164
0.0789228,-143534.0,0.7,-150247.61
0.107704,-71272.8,0.7,-44260.28
0.108427,-51470.5,0.7,-47565.59
0.10642,-73072.7,0.7,-48125.973
0.105981,-83076.1,0.7,-51936.63
0.106755,-78448.0,0.7,-45928.23
0.107031,-79440.7,0.7,-44711.754
0.1053,-83320.5,0.7,-58727.457
0.104277,-82132.9,0.7,-66542.06
0.103388,-70642.0,0.7,-68436.33
0.101922,-69708.8,0.7,-65322.816
0.124133,-125790.0,0.7,-172648.16
0.0373742,-124284.0,0.7,-119612.81
0.0387883,-134841.0,0.7,-127820.89
0.056749,-208472.0,0.7,-223213.97
0.0395204,-141615.0,0.7,-130985.055
0.110349,-111923.0,0.7,-67039.32
0.11247,-112053.0,0.7,-71286.49
0.127514,-151236.0,0.7,-199672.97
0.122125,-106734.0,0.7,-137571.66
0.118525,-47643.8,0.7,-194662.6
0.119379,-49041.7,0.7,-174036.75
0.120127,-83723.5,0.7,-153929.06
0.117435,-72740.2,0.7,-199428.81
0.116412,-85865.0,0.7,-171742.44
0.115599,-182847.0,0.7,-132968.31
0.114,-122872.0,0.7,-69315.72
0.114,-122478.0,0.7,-69315.72
0.114,-124633.0,0.7,-69315.72
0.101048,-37051.2,0.7,-62856.48
0.102224,-24169.6,0.7,-66247.39
0.100254,-28799.2,0.7,-62104.363
0.101298,-24977.9,0.7,-63462.094
0.0989612,-32608.7,0.7,-65876.55
0.0985313,-27839.5,0.7,-68092.02
0.0992125,-25252.0,0.7,-64716.613
0.0972949,-25066.8,0.7,-73568.336
0.0969548,-28230.1,0.7,-74308.414
0.0971453,-36810.4,0.7,-73945.42
0.0946829,-43233.5,0.7,-72390.695
0.0951023,-38412.6,0.7,-72870.24
0.0957111,-34115.2,0.7,-73891.52
0.0978855,-28062.0,0.7,-71361.85
0.104146,-65749.8,0.7,-67110.97
0.107132,-42058.7,0.7,-44413.31
0.105125,-41049.4,0.7,-60402.562
0.0980572,-55804.6,0.7,-70547.23
0.0978461,-49268.7,0.7,-71539.87
0.0998458,-61351.2,0.7,-62634.863
0.101231,-71143.8,0.7,-63287.742
0.096097,-53194.7,0.7,-74426.93
0.0938237,-66282.6,0.7,-72988.086
0.0958264,-64658.3,0.7,-74073.49
0.0940033,-49482.5,0.7,-72638.51
0.0919867,-69921.8,0.7,-84530.875
0.0961723,-43189.6,0.7,-74500.555
0.0940978,-39548.8,0.7,-72506.484
0.0672247,-125992.0,0.7,-210169.62
0.066161,-153610.0,0.7,-226288.2
0.0687836,-77652.5,0.7,-161279.75
0.07485,-139138.0,0.7,-178659.38
0.0696678,-104695.0,0.7,-161763.27
0.0731916,-127141.0,0.7,-186081.62
0.104619,-49104.1,0.7,-64548.457
0.0947937,-73267.2,0.7,-72482.57
0.101314,-77359.1,0.7,-63504.89
0.0892478,-118889.0,0.7,-126201.45
0.0846883,-152532.0,0.7,-135999.84
0.0830005,-160199.0,0.7,-178123.67
0.0808991,-158518.0,0.7,-147358.94
0.109144,-53144.6,0.7,-53782.5
0.109825,-40839.1,0.7,-61197.758
0.102987,-80385.2,0.7,-68071.945
0.104987,-84055.6,0.7,-61651.223
0.106384,-73086.8,0.7,-48403.695
0.109648,-21915.0,0.7,-59201.164
0.110288,-23010.8,0.7,-66381.586
0.111826,-28546.2,0.7,-75371.59
0.107619,-44409.0,0.7,-44118.746
0.105931,-35435.8,0.7,-52417.594
0.105631,-59851.8,0.7,-55406.586
0.107904,-65026.6,0.7,-44809.92
0.109936,-37741.8,0.7,-62455.715
0.114,-84913.5,0.7,-69315.72
0.118786,-114617.0,0.7,-189328.11
0.120875,-131883.0,0.7,-139646.4
0.119748,-148089.0,0.7,-163789.5
0.11809,-65062.3,0.7,-200421.66
0.122898,-147120.0,0.7,-148294.89
0.0382539,-132432.0,0.7,-125052.36
0.110511,-110168.0,0.7,-68730.64
0.111005,-110025.0,0.7,-73089.96
0.112308,-101186.0,0.7,-72729.59
0.114,-111037.0,0.7,-69315.72
0.124,-172482.0,0.7,-170075.55
0.125591,-179182.0,0.7,-192958.12
0.127243,-183404.0,0.7,-199340.81
0.115354,-112672.0,0.7,-120425.055
0.0858749,-135654.0,0.7,-145695.33
0.0880018,-110831.0,0.7,-147712.92
0.0864441,-125026.0,0.7,-151804.17
0.0873377,-125546.0,0.7,-153694.36
0.0884762,-93142.9,0.7,-140488.03
0.0902101,-77333.2,0.7,-108546.9
0.091475,-96102.3,0.7,-90198.45
0.091674,-87095.5,0.7,-87875.63
0.0896052,-109340.0,0.7,-119399.805
0.0934071,-79889.0,0.7,-74325.85
0.0998085,-27260.9,0.7,-62716.836
0.102187,-30218.1,0.7,-66137.05
0.103343,-37645.2,0.7,-68424.914
0.103186,-36152.1,0.7,-68323.34
0.100721,-25641.3,0.7,-62295.05
0.0988094,-26014.2,0.7,-66636.4
0.0979861,-28299.4,0.7,-70891.68
0.0994687,-29636.2,0.7,-63708.082
0.0962805,-31406.9,0.7,-74583.04
0.0969088,-27414.7,0.7,-74376.195
0.0976759,-28836.5,0.7,-72263.625
0.0949432,-49185.4,0.7,-72649.305
0.0928315,-54311.5,0.7,-77429.836
0.0942482,-53519.0,0.7,-72366.53
0.0922161,-51106.3,0.7,-82317.65
0.0935419,-54139.9,0.7,-73810.28
0.102891,-25104.3,0.7,-67908.68
0.101227,-32751.3,0.7,-63277.633
0.0950522,-41626.4,0.7,-72796.555
0.0926039,-47214.0,0.7,-79054.445
0.104257,-28321.7,0.7,-66635.984
0.0996487,-67954.9,0.7,-63129.53
0.106251,-35619.8,0.7,-49489.324
0.104219,-35366.3,0.7,-66807.375
0.0924545,-47002.5,0.7,-80238.875
0.0931522,-41295.1,0.7,-75520.24
0.102083,-79880.3,0.7,-65821.62
0.100895,-76784.8,0.7,-62556.355
0.102458,-82051.6,0.7,-66911.97
0.103517,-72362.2,0.7,-68420.695
0.103514,-83321.6,0.7,-68421.88
0.104317,-78699.7,0.7,-66346.76
0.105468,-57659.0,0.7,-57055.223
0.11065,-98643.6,0.7,-70098.97
0.108942,-61783.9,0.7,-51807.707
0.108623,-56959.8,0.7,-49026.36
0.106622,-59268.6,0.7,-46712.676
0.108686,-54997.3,0.7,-49538.45
0.0897548,-98209.4,0.7,-116617.25
0.0596479,-197249.0,0.7,-212287.64
0.0607137,-189376.0,0.7,-204313.61
0.0615738,-173492.0,0.7,-202411.36
0.0627242,-163041.0,0.7,-205671.36
0.0647866,-127020.0,0.7,-171169.73
0.0760026,-149376.0,0.7,-193847.2
0.0708654,-139373.0,0.7,-186199.84
0.107492,-52727.8,0.7,-44012.836
0.09173,-99124.2,0.7,-87249.22
0.0937628,-82122.2,0.7,-73137.0
0.0956483,-70477.3,0.7,-73787.33
0.0975173,-66613.1,0.7,-72863.65
0.0900555,-113341.0,0.7,-111210.68
0.0884862,-126364.0,0.7,-140317.3
0.0865773,-141662.0,0.7,-152792.11
0.0811542,-166295.0,0.7,-161095.45
0.0772138,-158253.0,0.7,-207460.67
0.0782484,-165535.0,0.7,-184824.64
0.0792831,-169819.0,0.7,-132487.3
0.110517,-66286.6,0.7,-68791.586
0.112013,-60080.2,0.7,-74692.13
0.111772,-70752.9,0.7,-75479.75
0.104027,-83630.8,0.7,-67534.37
0.105008,-78560.0,0.7,-61466.03
0.111968,-15801.3,0.7,-74898.28
0.111968,-41040.6,0.7,-74898.28
0.110076,-67073.4,0.7,-64035.47
0.116347,-35344.3,0.7,-169024.44
0.117215,-44710.0,0.7,-196132.84
0.115231,-54823.8,0.7,-114246.09
0.108426,-46607.8,0.7,-47558.66
0.120164,-166450.0,0.7,-153037.2
0.121531,-161199.0,0.7,-135071.78
0.118741,-163789.0,0.7,-190329.61
0.114,-70902.4,0.7,-69315.72
0.112163,-64247.5,0.7,-73819.12
0.0371665,-127511.0,0.7,-118188.836
0.090792,-49585.9,0.7,-99328.836
0.0849475,-145743.0,0.7,-136324.03
0.0842256,-149087.0,0.7,-140069.02
0.0870134,-111432.0,0.7,-154354.56
0.0901642,-110608.0,0.7,-109328.78
0.0880258,-127818.0,0.7,-147396.03
0.0859434,-143050.0,0.7,-146537.16
0.0925432,-90858.9,0.7,-79524.5
0.0947199,-75172.2,0.7,-72418.05
0.0964239,-65395.4,0.7,-74644.94
0.0978839,-60922.1,0.7,-71369.125
0.0913515,-44286.9,0.7,-91715.95
0.0902043,-41417.6,0.7,-108645.09
0.0907533,-42132.6,0.7,-99900.83
0.0958335,-45502.0,0.7,-74084.24
0.093578,-54443.3,0.7,-73685.83
0.0997255,-31412.6,0.7,-62918.918
0.0983711,-31894.6,0.7,-68940.17
0.0913225,-44365.5,0.7,-92080.8
0.104722,-19373.8,0.7,-63809.78
0.102967,-32763.2,0.7,-68040.016
0.101302,-34857.5,0.7,-63472.777
0.104499,-24711.5,0.7,-65330.387
0.0994971,-43632.2,0.7,-63609.168
0.105996,-18432.5,0.7,-51793.797
0.10589,-25488.9,0.7,-52816.914
0.104755,-30886.6,0.7,-63560.547
0.109321,-79520.8,0.7,-55619.99
0.110519,-81153.9,0.7,-68811.77
0.0667836,-78908.8,0.7,-222701.28
0.0675937,-108657.0,0.7,-196572.98
0.0628141,-146250.0,0.7,-204287.34
0.0728464,-151061.0,0.7,-190551.36
0.0743871,-160854.0,0.7,-176972.17
0.0685607,-141957.0,0.7,-165219.95
0.0848343,-152071.0,0.7,-135985.84
0.0830108,-162078.0,0.7,-177757.05
0.081639,-168474.0,0.7,-183782.77
0.112212,-99675.8,0.7,-73475.914
0.11757,-116453.0,0.7,-200695.16
0.116766,-63172.4,0.7,-184743.97
0.116179,-36020.4,0.7,-161598.8
0.114,-53919.5,0.7,-69315.72
0.115264,-58285.3,0.7,-115890.96
0.110586,-59544.1,0.7,-69479.914
0.114,-51280.2,0.7,-69315.72
0.107448,-19600.8,0.7,-44006.047
0.10896,-27369.0,0.7,-51977.812
0.112346,-44444.2,0.7,-72409.586
0.110771,-40766.6,0.7,-71210.336
0.120731,-178443.0,0.7,-141703.95
0.119313,-177988.0,0.7,-175862.67
0.122323,-175859.0,0.7,-139634.33
0.117611,-150073.0,0.7,-200967.08
0.116498,-114449.0,0.7,-175190.95
0.115472,-71669.4,0.7,-126446.27
0.115319,-133131.0,0.7,-118654.195
0.116386,-148173.0,0.7,-170666.55
0.123134,-187098.0,0.7,-152681.27
0.12467,-189467.0,0.7,-182015.16
0.126207,-192825.0,0.7,-196764.08
0.104884,-34819.7,0.7,-62531.188
0.103028,-34746.5,0.7,-68133.805
0.102946,-40368.8,0.7,-68005.25
0.101104,-40881.3,0.7,-62980.875
0.104788,-40291.6,0.7,-63305.42
0.106754,-39688.3,0.7,-45933.605
0.106906,-35756.7,0.7,-45191.42
0.10874,-49580.8,0.7,-49992.742
0.108948,-44315.9,0.7,-51864.19
0.108762,-54787.1,0.7,-50181.77
0.106631,-40615.5,0.7,-46655.766
0.090552,-39847.6,0.7,-102970.94
0.0893863,-50726.4,0.7,-123548.81
0.0889147,-69452.7,0.7,-132557.67
0.0875826,-94701.9,0.7,-152167.45
0.08347,-154846.0,0.7,-160712.75
0.0849813,-141040.0,0.7,-136478.03
0.0946858,-55475.6,0.7,-72392.74
0.0922256,-48933.7,0.7,-82230.42
0.0881925,-78509.1,0.7,-145038.55
0.0887617,-71303.5,0.7,-135410.5
0.0968496,-46906.6,0.7,-74452.234
0.0961355,-56141.3,0.7,-74466.11
0.0981357,-44515.1,0.7,-70156.836
0.089331,-71362.2,0.7,-124606.625
0.0899002,-78124.0,0.7,-113968.56
0.107607,-25142.1,0.7,-44103.254
0.0838893,-155542.0,0.7,-147292.8
0.0808541,-171704.0,0.7,-144989.81
0.0818272,-167307.0,0.7,-189663.81
0.0784539,-183802.0,0.7,-175188.84
0.0793209,-180848.0,0.7,-130890.695
0.0774727,-190402.0,0.7,-205978.58
0.0762654,-194035.0,0.7,-198205.16
0.0755323,-199677.0,0.7,-186314.08
0.0763368,-198768.0,0.7,-199345.66
0.0786646,-187042.0,0.7,-164215.88
0.079673,-177322.0,0.7,-119840.36
0.0804278,-174392.0,0.7,-125866.81
0.0775503,-186947.0,0.7,-205032.02
0.0829107,-162164.0,0.7,-181229.83
0.0833047,-159537.0,0.7,-166834.78
0.0855505,-132582.0,0.7,-141681.0
0.0826083,-161683.0,0.7,-189899.86
0.0584038,-177718.0,0.7,-224629.64
0.0594692,-165532.0,0.7,-213878.34
0.0607579,-151990.0,0.7,-204057.75
0.0630147,-111199.0,0.7,-199199.89
0.075526,-170652.0,0.7,-186221.56
0.069524,-158708.0,0.7,-160076.16
0.0801015,-174288.0,0.7,-118079.47
0.0766165,-178237.0,0.7,-203395.86
0.0778833,-177153.0,0.7,-198037.27
0.110745,-55474.4,0.7,-70978.54
0.11056,-65014.9,0.7,-69222.9
0.109488,-35543.0,0.7,-57425.07
0.112306,-60645.4,0.7,-72746.1
0.112396,-42067.3,0.7,-71970.21
0.114,-45345.7,0.7,-69315.72
0.121698,-185431.0,0.7,-135169.14
0.120352,-189877.0,0.7,-148763.7
0.123583,-198980.0,0.7,-161672.39
0.117403,-164294.0,0.7,-199044.64
0.115215,-153996.0,0.7,-113452.54
0.116268,-160069.0,0.7,-165600.86
0.114,-65975.2,0.7,-69315.72
0.118209,-173092.0,0.7,-199295.4
0.127719,-199375.0,0.7,-199920.8
0.0879087,-123576.0,0.7,-148883.19
0.0887581,-127971.0,0.7,-135476.73
0.0905689,-81307.1,0.7,-102707.02
0.0921628,-60665.3,0.7,-82813.48
0.0939469,-49513.2,0.7,-72734.11
0.0873394,-118261.0,0.7,-153686.73
0.0867701,-118292.0,0.7,-153816.1
0.10161,-44392.4,0.7,-64356.766
0.102946,-44783.6,0.7,-68005.25
0.104788,-43512.0,0.7,-63305.42
0.110511,-69633.2,0.7,-68730.64
0.108425,-51877.4,0.7,-47551.676
0.106568,-37932.3,0.7,-47065.434
0.0819936,-166261.0,0.7,-193016.44
0.0861603,-124682.0,0.7,-149059.56
0.0975924,-53318.4,0.7,-72588.97
0.100182,-46912.0,0.7,-62149.008
0.0739345,-204035.0,0.7,-178416.64
0.0773788,-195197.0,0.7,-206802.84
0.0743118,-207658.0,0.7,-177002.45
0.079337,-183997.0,0.7,-130230.98
0.0808014,-172990.0,0.7,-142267.67
0.0752657,-206808.0,0.7,-182706.2
0.0770462,-198468.0,0.7,-207212.92
0.0752355,-209790.0,0.7,-182341.97
0.0810234,-175435.0,0.7,-154037.05
0.0817432,-171944.0,0.7,-187298.62
0.0787463,-189395.0,0.7,-159800.47
0.0800718,-182806.0,0.7,-117750.34
0.0752441,-196174.0,0.7,-182444.58
0.0791996,-179460.0,0.7,-136235.5
0.0842243,-152240.0,0.7,-140089.84
0.0823582,-169305.0,0.7,-193948.42
0.0831635,-164598.0,0.7,-172150.88
0.0847791,-149608.0,0.7,-135928.42
0.0831125,-170050.0,0.7,-174051.88
0.0853478,-149645.0,0.7,-139394.03
0.0813435,-178701.0,0.7,-170892.33
0.0803557,-184128.0,0.7,-123526.7
0.0812249,-184744.0,0.7,-164841.17
0.0787949,-194416.0,0.7,-157160.47
0.0794458,-189407.0,0.7,-126125.65
0.0788839,-193466.0,0.7,-152337.39
0.0813082,-176856.0,0.7,-169129.17
0.0797,-192077.0,0.7,-119323.98
0.0647836,-78890.4,0.7,-171037.45
0.0652504,-111524.0,0.7,-194481.6
0.0660105,-146680.0,0.7,-223937.55
0.0712247,-164122.0,0.7,-192452.86
0.0728388,-169185.0,0.7,-190646.67
0.0737144,-182399.0,0.7,-180134.12
0.0677579,-170261.0,0.7,-190313.45
0.0785191,-180244.0,0.7,-171883.86
0.112158,-68870.0,0.7,-73852.61
0.118958,-189082.0,0.7,-185240.2
0.119173,-199937.0,0.7,-179671.9
0.120667,-201028.0,0.7,-142733.81
0.121926,-194017.0,0.7,-136083.27
0.122189,-203602.0,0.7,-138177.95
0.118044,-180887.0,0.7,-200757.78
0.125289,-200089.0,0.7,-190124.06
0.117126,-171964.0,0.7,-194365.69
0.114,-85420.7,0.7,-69315.72
0.115205,-169138.0,0.7,-112958.44
0.124549,-204865.0,0.7,-180073.94
0.123391,-205858.0,0.7,-157768.28
0.122579,-208903.0,0.7,-143057.7
0.121174,-208922.0,0.7,-136571.78
0.126821,-204469.0,0.7,-198654.94
0.095254,-52694.6,0.7,-73111.11
0.0955765,-60168.8,0.7,-73665.27
0.0937342,-85386.5,0.7,-73212.32
0.0859171,-154365.0,0.7,-146215.66
0.0869012,-154836.0,0.7,-154214.44
0.0904562,-105408.0,0.7,-104487.914
0.0869831,-164573.0,0.7,-154335.23
0.0888775,-144213.0,0.7,-133257.19
0.0937342,-51696.9,0.7,-73212.32
0.0956334,-50258.6,0.7,-73762.26
0.0970673,-48205.0,0.7,-74110.01
0.0920453,-82994.7,0.7,-83945.97
0.09051,-124445.0,0.7,-103631.63
0.0890543,-152586.0,0.7,-129907.95
0.0986763,-50027.2,0.7,-67326.445
0.098413,-47632.2,0.7,-68719.07
0.102946,-47013.0,0.7,-68005.25
0.101125,-45226.0,0.7,-63029.305
0.0968347,-47280.5,0.7,-74469.46
0.0978794,-44746.1,0.7,-71389.625
0.0976022,-43971.5,0.7,-72551.86
0.0957824,-67100.1,0.7,-74005.73
0.110212,-72732.2,0.7,-65549.91
0.110086,-73324.5,0.7,-64147.836
0.108144,-47840.9,0.7,-45851.242
0.110842,-75290.5,0.7,-71821.7
0.104784,-42358.1,0.7,-63336.64
0.11235,-70859.2,0.7,-72375.13
0.112377,-70421.3,0.7,-72139.5
0.0839255,-173385.0,0.7,-146345.16
0.0816631,-186334.0,0.7,-184651.0
0.0797066,-195301.0,0.7,-119205.66
0.0802408,-201462.0,0.7,-120498.37
0.0779514,-209393.0,0.7,-196002.66
0.078016,-203061.0,0.7,-193884.05
0.0775359,-202608.0,0.7,-205226.06
0.0994913,-46471.2,0.7,-63629.113
0.0763108,-190635.0,0.7,-198933.69
0.0743878,-197753.0,0.7,-176972.48
0.0729226,-204373.0,0.7,-189580.83
0.0766021,-202662.0,0.7,-203209.25
0.0732298,-218738.0,0.7,-185591.17
0.0781004,-195064.0,0.7,-190846.73
0.073321,-215863.0,0.7,-184442.16
0.0777309,-185136.0,0.7,-201843.64
0.0776073,-200100.0,0.7,-204177.14
0.0771778,-203023.0,0.7,-207480.25
0.0768432,-204904.0,0.7,-205889.3
0.0752405,-213192.0,0.7,-182401.58
0.0752682,-212956.0,0.7,-182736.75
0.0750452,-185851.0,0.7,-180288.84
0.069582,-177578.0,0.7,-160693.39
0.0770747,-185897.0,0.7,-207313.95
0.117906,-192590.0,0.7,-201416.84
0.11994,-207517.0,0.7,-158650.2
0.1165,-175523.0,0.7,-175268.8
0.114,-93599.5,0.7,-69315.72
0.123997,-208176.0,0.7,-170016.89
0.0934648,-70452.3,0.7,-74095.31
0.0920174,-108172.0,0.7,-84222.82
0.091826,-125998.0,0.7,-86203.07
0.0905077,-139009.0,0.7,-103668.055
0.0937342,-97489.1,0.7,-73212.32
0.0874184,-168769.0,0.7,-153286.3
0.0849389,-177829.0,0.7,-136288.53
0.0855517,-184202.0,0.7,-141695.34
0.0862098,-183923.0,0.7,-149591.8
0.0833298,-197704.0,0.7,-165891.77
0.0841564,-197837.0,0.7,-141258.92
0.0824897,-193068.0,0.7,-192241.31
0.121677,-213184.0,0.7,-135129.58
0.123025,-210965.0,0.7,-150612.28
0.122875,-212229.0,0.7,-147887.5
0.119983,-214528.0,0.7,-157535.78
0.123986,-210232.0,0.7,-169800.4
0.106668,-36766.5,0.7,-46427.43
0.11235,-71087.0,0.7,-72375.13
0.114,-97959.8,0.7,-69315.72
0.0994147,-41548.6,0.7,-63903.66
0.101104,-44283.4,0.7,-62980.875
0.102946,-46774.6,0.7,-68005.25
0.101306,-44276.7,0.7,-63483.438
0.104854,-39877.8,0.7,-62778.13
0.0994402,-39039.7,0.7,-63810.066
0.0977256,-42795.0,0.7,-72060.21
0.0938657,-97287.6,0.7,-72894.48
0.0920663,-125530.0,0.7,-83739.64
0.0957439,-63459.0,0.7,-73944.66
0.108688,-55414.4,0.7,-49555.074
0.0756303,-191285.0,0.7,-187790.86
0.0787915,-215926.0,0.7,-157345.11
0.076552,-208965.0,0.7,-202538.11
0.0765692,-210785.0,0.7,-202772.14
0.0724127,-203667.0,0.7,-195282.6
0.072023,-215419.0,0.7,-197429.6
0.0749145,-212489.0,0.7,-179141.2
0.0736693,-218450.0,0.7,-180556.27
0.0715953,-225020.0,0.7,-196428.97
0.0714292,-222239.0,0.7,-194994.84
0.0698156,-225332.0,0.7,-164001.67
0.069901,-229271.0,0.7,-165493.97
0.071763,-226867.0,0.7,-197280.05
0.0713215,-212567.0,0.7,-193759.03
0.0708338,-210340.0,0.7,-185561.8
0.0761499,-206849.0,0.7,-196309.52
0.0736483,-221751.0,0.7,-180760.4
0.0745099,-215601.0,0.7,-177107.44
0.0731334,-223664.0,0.7,-186835.95
0.0731754,-221794.0,0.7,-186290.98
0.0754617,-212594.0,0.7,-185295.77
0.0735173,-221786.0,0.7,-182130.48
0.0628407,-99915.8,0.7,-203774.06
0.0634905,-137469.0,0.7,-178385.75
0.0654268,-177084.0,0.7,-203317.7
0.0716733,-182628.0,0.7,-196899.77
0.0739292,-195346.0,0.7,-178450.56
0.0684955,-190386.0,0.7,-166673.5
0.117806,-203949.0,0.7,-201555.0
0.118888,-210381.0,0.7,-186950.25
0.1165,-188992.0,0.7,-175268.8
0.125829,-206944.0,0.7,-194715.39
0.11525,-180168.0,0.7,-115192.086
0.125188,-208646.0,0.7,-189014.88
0.090358,-147031.0,0.7,-106080.05
0.090503,-145095.0,0.7,-103742.46
0.0891283,-158585.0,0.7,-128492.805
0.0878346,-169752.0,0.7,-149744.92
0.081921,-208566.0,0.7,-191777.11
0.0810809,-207551.0,0.7,-157149.84
0.087721,-173512.0,0.7,-150937.72
0.08913,-160631.0,0.7,-128460.23
0.0862479,-185212.0,0.7,-149987.69
0.0877465,-172794.0,0.7,-150683.9
0.125243,-209614.0,0.7,-189629.08
0.118473,-216756.0,0.7,-195575.14
0.12065,-217259.0,0.7,-143019.28
0.119254,-220332.0,0.7,-177480.81
0.123959,-210465.0,0.7,-169268.1
0.106869,-39499.5,0.7,-45356.35
0.114,-101680.0,0.7,-69315.72
0.102946,-45372.1,0.7,-68005.25
0.101692,-45202.7,0.7,-64607.336
0.0997098,-39673.4,0.7,-62960.074
0.0975364,-39695.2,0.7,-72795.445
0.0918918,-124044.0,0.7,-85506.43
0.0906601,-142196.0,0.7,-101302.41
0.0938144,-91643.9,0.7,-73009.79
0.110315,-78073.5,0.7,-66673.99
0.112158,-76629.9,0.7,-73852.61
0.0765021,-223937.0,0.7,-201838.86
0.0751774,-215778.0,0.7,-181669.56
0.0752839,-219954.0,0.7,-182930.34
0.07381,-222071.0,0.7,-179315.2
0.0735824,-221441.0,0.7,-181429.58
0.0721896,-227382.0,0.7,-196827.23
0.071768,-229167.0,0.7,-197295.89
0.074041,-232628.0,0.7,-177810.94
0.0728195,-229251.0,0.7,-190887.84
0.0717436,-239002.0,0.7,-197212.25
0.0699762,-221196.0,0.7,-166910.08
0.0676559,-233882.0,0.7,-194195.27
0.0679082,-228969.0,0.7,-184721.69
0.068735,-218666.0,0.7,-161999.11
0.0699278,-232296.0,0.7,-165988.39
0.0716111,-230746.0,0.7,-196535.08
0.0710624,-232044.0,0.7,-189879.8
0.0690036,-240042.0,0.7,-159029.2
0.0696232,-237772.0,0.7,-161184.53
0.0698939,-234151.0,0.7,-165365.11
0.0704758,-205605.0,0.7,-177752.88
0.068606,-239468.0,0.7,-164288.27
0.0683107,-238005.0,0.7,-171471.06
0.0667891,-245386.0,0.7,-222585.5
0.0666081,-243538.0,0.7,-225700.44
0.0672428,-245274.0,0.7,-209544.78
0.0681917,-236189.0,0.7,-175039.17
0.0637241,-159022.0,0.7,-167696.53
0.0668135,-194677.0,0.7,-222058.44
0.0721181,-196820.0,0.7,-197148.3
0.070081,-195223.0,0.7,-169017.38
0.117833,-212631.0,0.7,-201546.47
0.0891434,-157407.0,0.7,-128203.664
0.0846601,-195817.0,0.7,-136066.31
0.0826113,-206566.0,0.7,-189831.48
0.0861679,-183355.0,0.7,-149142.67
0.125074,-209714.0,0.7,-187662.48
0.120064,-219147.0,0.7,-155481.5
0.117788,-220452.0,0.7,-201548.86
0.118598,-223287.0,0.7,-193292.08
0.117125,-215066.0,0.7,-194344.45
0.116184,-209034.0,0.7,-161827.64
0.116097,-203801.0,0.7,-157789.06
0.1165,-202117.0,0.7,-175268.8
0.117441,-222582.0,0.7,-199497.34
0.115157,-194469.0,0.7,-110600.586
0.115234,-189837.0,0.7,-114395.72
0.115093,-194253.0,0.7,-107502.93
0.105709,-39096.2,0.7,-54618.32
0.104334,-41307.3,0.7,-66260.664
0.108663,-57209.5,0.7,-49349.22
0.107346,-46775.9,0.7,-44049.883
0.114,-108007.0,0.7,-69315.72
0.103368,-42967.0,0.7,-68432.27
0.100407,-44172.9,0.7,-62077.47
0.102017,-44538.1,0.7,-65618.22
0.0988506,-38982.3,0.7,-66426.766
0.0956736,-58692.2,0.7,-73829.63
0.097546,-44825.7,0.7,-72760.82
0.089696,-147424.0,0.7,-117704.62
0.0833549,-201838.0,0.7,-164952.31
0.0813507,-211590.0,0.7,-171247.67
0.0805122,-215767.0,0.7,-128997.03
0.0824202,-204859.0,0.7,-193267.16
0.0849637,-192903.0,0.7,-136394.73
0.0842571,-193854.0,0.7,-139579.06
0.0796586,-217767.0,0.7,-120136.8
0.077423,-226620.0,0.7,-206457.39
0.070149,-234479.0,0.7,-170452.69
0.0751874,-235038.0,0.7,-181782.75
0.0727093,-243976.0,0.7,-192223.16
0.0708617,-233917.0,0.7,-186125.72
0.0691354,-211370.0,0.7,-158471.17
0.06807,-225841.0,0.7,-179018.2
0.0667572,-229718.0,0.7,-223238.64
0.0660096,-233751.0,0.7,-223919.47
0.0672648,-214438.0,0.7,-208776.7
0.0736933,-242487.0,0.7,-180328.78
0.0665472,-241484.0,0.7,-226406.16
0.066489,-239370.0,0.7,-226906.6
0.0651617,-250348.0,0.7,-189857.94
0.0646806,-248611.0,0.7,-166769.1
0.0679648,-242458.0,0.7,-182680.72
0.0652316,-231127.0,0.7,-193507.36
0.0668021,-226018.0,0.7,-222307.92
0.0630211,-230761.0,0.7,-198992.3
0.0639787,-236672.0,0.7,-159558.44
0.0651851,-225886.0,0.7,-191082.89
0.0666674,-221142.0,0.7,-224841.89
0.0654953,-219616.0,0.7,-206526.19
0.0661947,-207790.0,0.7,-226633.25
0.0654825,-214539.0,0.7,-205938.48
0.0684063,-204426.0,0.7,-168868.58
0.0648528,-199203.0,0.7,-174191.8
0.063405,-186247.0,0.7,-182579.45
0.0877591,-167993.0,0.7,-150555.55
0.118642,-222878.0,0.7,-192418.31
0.114,-114515.0,0.7,-69315.72
0.114878,-193343.0,0.7,-97578.11
0.106272,-46688.2,0.7,-49311.984
0.108551,-59355.7,0.7,-48465.676
0.10792,-57597.5,0.7,-44866.707
0.10992,-74720.0,0.7,-62274.273
0.10891,-60325.5,0.7,-51508.727
0.110352,-76026.1,0.7,-67071.38
0.10419,-45222.2,0.7,-66931.945
0.10481,-41529.9,0.7,-63132.137
0.110291,-77224.0,0.7,-66414.21
0.100427,-44858.3,0.7,-62080.715
0.0991604,-44764.6,0.7,-64944.93
0.0957989,-63340.0,0.7,-74031.305
0.0937342,-86905.8,0.7,-73212.32
0.0916313,-119071.0,0.7,-88361.3
0.112144,-82691.5,0.7,-73944.89
0.0861255,-178127.0,0.7,-148674.42
0.0792487,-220379.0,0.7,-133996.5
0.0808329,-211143.0,0.7,-143887.03
0.0823051,-200820.0,0.7,-194347.38
0.0782363,-224933.0,0.7,-185347.98
0.0760545,-233315.0,0.7,-194716.75
0.0703814,-251102.0,0.7,-175610.9
0.0695163,-243356.0,0.7,-160000.98
0.0651615,-239622.0,0.7,-189847.14
0.0686513,-240272.0,0.7,-163422.47
0.0711811,-251408.0,0.7,-191807.08
0.0647679,-246135.0,0.7,-170351.23
0.0648385,-243564.0,0.7,-173523.73
0.0657591,-249342.0,0.7,-217121.48
0.0630695,-252688.0,0.7,-197331.6
0.0637248,-223581.0,0.7,-167667.89
0.0640614,-217454.0,0.7,-158069.58
0.0643504,-210161.0,0.7,-157942.25
0.0880036,-160740.0,0.7,-147689.27
0.11618,-215143.0,0.7,-161644.61
0.117271,-221411.0,0.7,-197117.12
0.114,-127350.0,0.7,-69315.72
0.115075,-197274.0,0.7,-106642.23
0.112102,-89336.5,0.7,-74207.6
0.112,-81713.7,0.7,-74754.49
0.10879,-67392.8,0.7,-50425.434
0.102293,-47891.6,0.7,-66449.79
0.0983908,-49692.7,0.7,-68836.32
0.0896586,-139674.0,0.7,-118400.664
0.0841823,-187397.0,0.7,-140795.27
0.0771568,-228754.0,0.7,-207472.56
0.0752373,-236121.0,0.7,-182363.42
0.0717861,-248450.0,0.7,-197350.14
0.0666961,-246148.0,0.7,-224368.12
0.0628403,-249651.0,0.7,-203781.88
0.0634291,-254382.0,0.7,-181397.8
0.0617602,-224395.0,0.7,-203140.86
0.0625622,-219923.0,0.7,-206933.95
0.0622476,-212368.0,0.7,-206286.9
0.0631846,-203218.0,0.7,-192813.19
0.0860242,-172056.0,0.7,-147507.39
0.114,-130594.0,0.7,-69315.72
0.111433,-79428.8,0.7,-75271.164
0.115439,-202305.0,0.7,-124756.26
0.114,-119189.0,0.7,-69315.72
0.0645468,-251578.0,0.7,-162188.08
0.0627996,-254259.0,0.7,-204546.83
0.0640733,-252109.0,0.7,-157907.42
0.0655052,-248763.0,0.7,-206976.6
0.0687329,-261156.0,0.7,-162031.98
0.0682828,-256148.0,0.7,-172275.88
0.0675025,-247314.0,0.7,-200045.95
0.0733834,-242781.0,0.7,-183679.44
0.0697836,-255469.0,0.7,-163478.28
0.0669423,-245422.0,0.7,-218900.23
0.061432,-255600.0,0.7,-202155.67
0.061215,-194812.0,0.7,-202259.88
0.114,-120085.0,0.7,-69315.72
0.0656569,-250223.0,0.7,-213390.38
0.0621662,-255955.0,0.7,-205771.33
0.0613611,-256567.0,0.7,-202125.97
0.0609953,-255166.0,0.7,-202901.31
0.0660076,-258492.0,0.7,-223879.12
0.0670882,-266149.0,0.7,-214654.94
0.0643345,-255107.0,0.7,-157744.36
0.0595526,-255756.0,0.7,-213124.95
0.059282,-254769.0,0.7,-215642.72
0.0595646,-256059.0,0.7,-213017.78
0.0611136,-265898.0,0.7,-202495.83
0.0637684,-263545.0,0.7,-165946.31
0.0631682,-274069.0,0.7,-193501.69
0.0653574,-270548.0,0.7,-199923.9
0.0678379,-262983.0,0.7,-187310.34
0.0665276,-269387.0,0.7,-226593.84
0.0583202,-260587.0,0.7,-225391.62
0.0595405,-273084.0,0.7,-213232.8
0.0614007,-276301.0,0.7,-202134.47
0.0647236,-273918.0,0.7,-168481.81
0.065897,-267743.0,0.7,-221296.23
0.0606579,-278112.0,0.7,-204650.44
0.0579614,-269549.0,0.7,-227893.2
0.0626453,-276958.0,0.7,-206468.4
0.063839,-270693.0,0.7,-163422.55
0.0586242,-276252.0,0.7,-222435.58
0.0616984,-270643.0,0.7,-202851.55
0.059931,-273961.0,0.7,-209928.94
0.0567292,-270506.0,0.7,-223017.28
0.0633124,-262886.0,0.7,-187051.0
0.0584435,-269347.0,0.7,-224251.66
0.0571833,-272559.0,0.7,-226935.61
0.0615153,-258958.0,0.7,-202273.75
0.0599892,-263001.0,0.7,-209464.77
0.0201506,-56841.8,0.7,-50000.168
0.0182094,-46400.1,0.7,-39303.31
0.0198726,-54613.6,0.7,-47677.152
0.0215827,-61224.4,0.7,-63310.875
0.0214633,-63856.9,0.7,-62262.312
0.0197273,-56545.8,0.7,-46553.27
0.0225234,-65712.6,0.7,-69801.26
0.0178282,-45158.3,0.7,-38605.9
0.0230927,-69444.7,0.7,-71657.44
0.020673,-62261.1,0.7,-54808.645
0.0226732,-70396.1,0.7,-70458.78
0.0186078,-51750.9,0.7,-40427.82
0.0127431,-29596.3,0.7,-24778.59
0.0130565,-27227.5,0.7,-25360.822
0.0145776,-30269.9,0.7,-30900.88
0.0153137,-30890.7,0.7,-33870.75
0.0167052,-39717.5,0.7,-37319.273
0.0159871,-32901.4,0.7,-35960.375
0.0165778,-34455.3,0.7,-37136.53
0.0168722,-42894.2,0.7,-37530.34
0.013631,-25858.4,0.7,-27063.266
0.0149464,-26393.6,0.7,-32446.406
0.0114165,-35737.8,0.7,-25850.34
0.0186522,-47780.5,0.7,-40583.88
0.0208167,-57046.4,0.7,-56185.312
0.0243254,-72124.5,0.7,-70037.45
0.0235358,-67757.0,0.7,-71891.086
0.0226999,-63194.2,0.7,-70563.52
0.0255487,-74538.0,0.7,-64487.637
0.0246177,-68967.0,0.7,-68826.625
0.0193672,-58806.7,0.7,-44078.14
0.0214574,-68172.8,0.7,-62209.617
0.0181908,-54613.0,0.7,-39261.81
0.0203576,-66044.9,0.7,-51851.85
0.0198483,-65440.6,0.7,-47484.508
0.0144351,-32141.6,0.7,-30291.922
0.0244782,-75310.5,0.7,-69428.6
0.0129096,-30614.6,0.7,-25053.367
0.0112243,-37738.3,0.7,-26506.082
0.0131513,-24298.5,0.7,-25589.824
0.0113493,-34159.4,0.7,-26065.81
0.0149403,-24293.3,0.7,-32421.514
0.0173327,-33163.1,0.7,-38018.1
0.014854,-24187.1,0.7,-32066.688
0.0164712,-32736.8,0.7,-36966.547
0.0148608,-29145.0,0.7,-32094.777
0.0217277,-73400.5,0.7,-64531.98
0.0224111,-74240.0,0.7,-69232.28
0.015987,-39457.5,0.7,-35960.145
0.0162428,-43197.1,0.7,-36542.438
0.0140731,-33674.4,0.7,-28767.75
0.0153773,-39089.8,0.7,-34099.973
0.0138322,-35122.8,0.7,-27807.973
0.0186647,-60298.9,0.7,-40629.05
0.0174099,-52998.9,0.7,-38097.71
0.0166512,-33807.3,0.7,-37244.37
0.0184131,-45209.4,0.7,-39819.152
0.0199279,-53122.8,0.7,-48121.97
0.0217154,-58990.8,0.7,-64430.89
0.0237353,-64743.6,0.7,-71670.53
0.0265356,-75431.0,0.7,-61746.32
0.0264465,-81197.8,0.7,-61836.414
0.0231837,-74834.6,0.7,-71790.63
0.0246057,-78836.7,0.7,-68879.875
0.0120225,-36873.4,0.7,-24608.447
0.0117253,-35450.9,0.7,-25057.486
0.0119188,-41697.7,0.7,-24729.893
0.0097723,-58246.8,0.7,-34548.887
0.009963,-51634.3,0.7,-33282.08
0.0111458,-33116.4,0.7,-26808.277
0.00915957,-43897.0,0.7,-38690.293
0.00953223,-49397.4,0.7,-36173.15
0.00970554,-53311.7,0.7,-34998.52
0.0077395,-39792.5,0.7,-46652.3
0.00795301,-43793.2,0.7,-45704.293
0.0155883,-36709.9,0.7,-34815.93
0.0177421,-41121.4,0.7,-38485.363
0.0184496,-36454.3,0.7,-39924.242
0.0134304,-24336.2,0.7,-26388.705
0.020576,-70620.3,0.7,-53886.758
0.0133397,-34540.7,0.7,-26109.963
0.0117214,-46272.4,0.7,-25065.475
0.0194533,-66739.1,0.7,-44627.594
0.0164592,-47208.5,0.7,-36946.348
0.0182565,-61600.6,0.7,-39412.52
0.014806,-36504.1,0.7,-31866.938
0.0253596,-69505.9,0.7,-65331.61
0.0251724,-67526.0,0.7,-66211.836
0.0267371,-73109.8,0.7,-61683.59
0.027411,-82890.2,0.7,-62975.766
0.023632,-81103.3,0.7,-71808.46
0.0246859,-82434.2,0.7,-68519.71
0.0259074,-82499.0,0.7,-63101.992
0.0275495,-89729.9,0.7,-63529.297
0.0286408,-91388.8,0.7,-70703.016
0.00778348,-47721.4,0.7,-46464.973
0.00954979,-64006.0,0.7,-36053.887
0.00802165,-46410.4,0.7,-45378.812
0.0162196,-41150.2,0.7,-36494.45
0.0177446,-43214.8,0.7,-38488.707
0.0135638,-31390.3,0.7,-26829.072
0.0122939,-18891.0,0.7,-24468.176
0.0114171,-27052.5,0.7,-25848.463
0.0192104,-36443.8,0.7,-43148.363
0.0192067,-39558.3,0.7,-43127.566
0.0196362,-42982.9,0.7,-45884.01
0.0203841,-38643.3,0.7,-52094.945
0.0210306,-48252.0,0.7,-58237.97
0.0215926,-46479.4,0.7,-63396.188
0.019244,-45009.0,0.7,-43339.848
0.0232115,-54973.8,0.7,-71822.38
0.020377,-47867.6,0.7,-52029.684
0.0221225,-52439.1,0.7,-67489.03
0.0187037,-44578.4,0.7,-40773.293
0.019865,-47669.5,0.7,-47616.65
0.0244812,-87064.8,0.7,-69416.05
0.0234203,-84809.8,0.7,-71929.26
0.0224206,-79026.7,0.7,-69282.9
0.0256113,-89179.8,0.7,-64222.79
0.0265849,-95069.4,0.7,-61712.76
0.0258414,-94214.7,0.7,-63330.35
0.0213898,-76512.1,0.7,-61600.297
0.0223595,-82531.7,0.7,-68949.625
0.0202681,-73460.8,0.7,-51040.414
0.02442,-90397.6,0.7,-69667.38
0.0262965,-86987.4,0.7,-62069.49
0.0269075,-92258.7,0.7,-61788.863
0.0292336,-97918.4,0.7,-75821.7
0.0307571,-102582.0,0.7,-87312.266
0.029923,-93208.7,0.7,-81656.92
0.0281228,-95354.5,0.7,-66759.24
0.0288668,-100761.0,0.7,-72614.76
0.0277211,-97756.3,0.7,-64343.906
0.0298685,-107077.0,0.7,-81222.87
0.0115052,-49031.1,0.7,-25589.07
0.0170008,-53809.2,0.7,-37675.87
0.0153508,-41026.7,0.7,-34005.12
0.0282928,-80514.6,0.7,-67967.07
0.0283831,-83688.8,0.7,-68646.29
0.00769392,-52439.3,0.7,-46842.188
0.00961161,-68302.6,0.7,-35634.19
0.00620211,-45095.2,0.7,-51623.05
0.00678501,-36047.6,0.7,-49891.105
0.0144799,-37519.3,0.7,-30483.387
0.0133179,-36277.6,0.7,-26045.568
0.0150036,-38867.9,0.7,-32677.83
0.014393,-38131.0,0.7,-30112.125
0.0122939,-33276.6,0.7,-24468.176
0.0112377,-34403.4,0.7,-26456.49
0.0122922,-36702.9,0.7,-24468.266
0.0166075,-41301.7,0.7,-37181.066
0.0179898,-45357.9,0.7,-38865.082
0.0155446,-41341.8,0.7,-34673.535
0.00998743,-24544.1,0.7,-33122.168
0.0134189,-17790.5,0.7,-26352.518
0.00908894,-31988.2,0.7,-39159.125
0.0101703,-32567.5,0.7,-31947.896
0.0109279,-17020.9,0.7,-27745.783
0.00886417,-26490.7,0.7,-40618.375
0.00788185,-33639.7,0.7,-46031.164
0.0070426,-38593.1,0.7,-49136.035
0.0132146,-35240.3,0.7,-25755.168
0.0204139,-50950.9,0.7,-52369.715
0.0214195,-51448.5,0.7,-61869.195
0.023264,-56944.9,0.7,-71871.086
0.0240564,-59343.6,0.7,-70943.195
0.0242652,-61984.9,0.7,-70260.09
0.0252204,-64141.1,0.7,-65983.36
0.0236557,-53204.1,0.7,-71781.26
0.0189478,-68045.7,0.7,-41798.97
0.0212084,-79130.5,0.7,-59923.574
0.0206149,-76539.2,0.7,-54255.418
0.027608,-100112.0,0.7,-63791.26
0.023351,-86857.6,0.7,-71919.29
0.0305954,-104934.0,0.7,-86377.445
0.0317669,-103528.0,0.7,-91421.914
0.0319941,-100051.0,0.7,-92024.9
0.0295416,-101641.0,0.7,-78502.79
0.0310045,-109678.0,0.7,-88584.26
0.0285701,-102833.0,0.7,-70123.33
0.0154375,-45275.4,0.7,-34311.473
0.0129218,-37948.9,0.7,-25076.59
0.0300442,-89400.8,0.7,-82597.945
0.00733931,-53032.2,0.7,-48178.926
0.00654077,-39810.5,0.7,-50587.8
0.00630853,-42526.0,0.7,-51281.06
0.0052075,-68415.0,0.7,-56709.57
0.0134408,-39438.7,0.7,-26421.852
0.0101353,-36606.5,0.7,-32169.268
0.0113294,-40040.4,0.7,-26132.479
0.0145104,-42864.5,0.7,-30613.816
0.0166515,-46318.9,0.7,-37244.766
0.0190554,-51689.5,0.7,-42320.55
0.0080344,-36599.9,0.7,-45317.203
0.00682992,-42641.9,0.7,-49762.418
0.00909368,-35471.8,0.7,-39127.74
0.0061734,-48522.9,0.7,-51718.934
0.0111353,-53251.7,0.7,-26850.111
0.00974599,-70922.2,0.7,-34725.867
0.0223803,-56010.5,0.7,-69065.19
0.0214511,-56663.0,0.7,-62153.266
0.019921,-59099.0,0.7,-48066.027
0.0176093,-54115.1,0.7,-38318.312
0.0233405,-61666.8,0.7,-71915.54
0.024258,-68292.9,0.7,-70286.08
0.0254292,-67792.7,0.7,-65014.258
0.0222265,-63758.5,0.7,-68161.95
0.0208876,-67546.7,0.7,-56866.652
0.0232228,-71596.1,0.7,-71834.12
0.0171805,-58092.8,0.7,-37863.754
0.0226621,-83559.9,0.7,-70414.16
0.0263843,-69425.2,0.7,-61920.906
0.0273395,-72894.0,0.7,-62727.637
0.0249964,-62819.7,0.7,-67056.79
0.0260366,-67751.6,0.7,-62696.5
0.0251148,-62957.2,0.7,-66487.625
0.0186732,-68081.6,0.7,-40660.0
0.0267147,-98525.0,0.7,-61680.625
0.0254498,-93624.3,0.7,-64921.75
0.0320779,-112305.0,0.7,-92229.125
0.0139557,-40422.9,0.7,-28292.312
0.00629759,-41374.6,0.7,-51315.336
0.00615586,-42235.4,0.7,-51778.35
0.00784534,-66302.6,0.7,-46194.625
0.00530845,-67516.3,0.7,-55963.57
0.00906757,-40936.7,0.7,-39300.055
0.00980378,-44332.7,0.7,-34337.914
0.0081959,-39726.2,0.7,-44506.96
0.0129438,-41711.8,0.7,-25119.678
0.0102007,-60948.6,0.7,-31757.176
0.00889319,-73315.6,0.7,-40433.266
0.0154786,-49197.5,0.7,-34452.566
0.00771585,-33109.6,0.7,-46751.406
0.0069313,-42129.1,0.7,-49468.13
0.0061902,-44279.4,0.7,-51662.57
0.00545347,-57088.2,0.7,-55004.11
0.0120335,-39150.8,0.7,-24597.816
0.0185988,-62831.7,0.7,-40397.01
0.0265932,-73981.4,0.7,-61708.246
0.0254318,-75579.1,0.7,-65002.555
0.0221168,-77467.5,0.7,-67450.82
0.0275483,-74543.9,0.7,-63524.05
0.0243946,-89113.6,0.7,-69768.93
0.0172095,-60215.0,0.7,-37893.242
0.015927,-50821.3,0.7,-35806.336
0.0222048,-80931.4,0.7,-68025.59
0.0205322,-77431.2,0.7,-53473.566
0.0285035,-77646.7,0.7,-69587.305
0.0275705,-100292.0,0.7,-63621.438
0.00514922,-71019.9,0.7,-57171.36
0.00508012,-73185.9,0.7,-57749.934
0.00493943,-77387.8,0.7,-59035.816
0.00577528,-53778.2,0.7,-53281.055
0.00439014,-96685.2,0.7,-65543.35
0.00481943,-79081.8,0.7,-60252.195
0.00489515,-72901.3,0.7,-59471.633
0.0117992,-44139.8,0.7,-24916.887
0.00778569,-48017.6,0.7,-46455.438
0.00715531,-46188.5,0.7,-48786.652
0.0136392,-45905.1,0.7,-27092.457
0.0164376,-58261.8,0.7,-36909.453
0.0141753,-53630.0,0.7,-29191.19
0.0133655,-40469.6,0.7,-26187.412
0.0157234,-53693.1,0.7,-35235.457
0.00780016,-71986.6,0.7,-46392.926
0.00835214,-77826.2,0.7,-43671.48
0.00603309,-55045.4,0.7,-52215.113
0.00518388,-69106.0,0.7,-56893.875
0.00464866,-77457.8,0.7,-62179.953
0.0103022,-56735.7,0.7,-31130.88
0.0196866,-71708.9,0.7,-46250.832
0.0244886,-79578.3,0.7,-69385.04
0.0276408,-80194.2,0.7,-63945.35
0.0289283,-80113.2,0.7,-73146.74
0.0200146,-77196.1,0.7,-48837.37
0.0180603,-68422.0,0.7,-38993.91
0.0244883,-86815.0,0.7,-69386.305
0.0233495,-83952.7,0.7,-71918.79
0.0257633,-89054.7,0.7,-63617.38
0.0261635,-93664.7,0.7,-62356.883
0.0283819,-99609.7,0.7,-68637.12
0.0282946,-78258.1,0.7,-67980.42
0.0267629,-71192.0,0.7,-61689.957
0.0246236,-88093.1,0.7,-68800.38
0.026826,-92942.6,0.7,-61719.973
0.0271703,-92440.2,0.7,-62244.684
0.00611064,-45344.9,0.7,-51934.816
0.00377575,-105334.0,0.7,-75422.66
0.00415152,-103843.0,0.7,-69102.29
0.00393669,-99274.8,0.7,-72628.45
0.00381786,-97875.5,0.7,-74681.73
0.0108758,-44972.9,0.7,-27990.43
0.0123515,-47746.9,0.7,-24470.977
0.00830771,-51380.8,0.7,-43914.176
0.00648842,-46004.4,0.7,-50739.633
0.0174713,-66269.0,0.7,-38162.88
0.015376,-60324.7,0.7,-34095.324
0.0110373,-47367.4,0.7,-27257.367
0.0145209,-43993.7,0.7,-30658.691
0.00697612,-58709.8,0.7,-49335.707
0.00645329,-60015.1,0.7,-50842.812
0.00535721,-65669.1,0.7,-55626.707
0.00542891,-52354.4,0.7,-55157.707
0.00474798,-67509.7,0.7,-61030.367
0.00398412,-88346.2,0.7,-71827.305
0.0266884,-82466.3,0.7,-61680.402
0.0204855,-70628.7,0.7,-53035.56
0.023736,-74843.1,0.7,-71669.48
0.022227,-83136.5,0.7,-68165.09
0.0298835,-82494.2,0.7,-81342.914
0.0182877,-70301.1,0.7,-39488.113
0.0306003,-105457.0,0.7,-86406.96
0.0293887,-97653.2,0.7,-77180.234
0.0281771,-93842.4,0.7,-67134.26
0.0259148,-76740.9,0.7,-63077.258
0.00404702,-111752.0,0.7,-70783.72
0.0042317,-106272.0,0.7,-67860.8
0.00373892,-117028.0,0.7,-76075.39
0.00441688,-89293.3,0.7,-65170.965
0.00350749,-113896.0,0.7,-80233.41
0.00379014,-113353.0,0.7,-75168.78
0.00356882,-95605.0,0.7,-79127.15
0.0109807,-46040.3,0.7,-27505.695
0.00956815,-47244.8,0.7,-35929.098
0.00672905,-60658.7,0.7,-50050.56
0.00610251,-54633.9,0.7,-51963.453
0.00557176,-52871.0,0.7,-54310.773
0.00527033,-55662.7,0.7,-56237.367
0.0136728,-53885.7,0.7,-27212.857
0.00887242,-73426.6,0.7,-40565.914
0.0123687,-42027.4,0.7,-24473.988
0.0166255,-60453.9,0.7,-37207.434
0.00592801,-53707.5,0.7,-52622.152
0.00702535,-74712.0,0.7,-49188.277
0.00455328,-76953.9,0.7,-63358.785
0.00423832,-83289.8,0.7,-67760.27
0.00388223,-88728.1,0.7,-73561.77
0.00336066,-92695.5,0.7,-82863.734
0.0182253,-64345.4,0.7,-39339.51
0.025736,-77187.8,0.7,-63721.812
0.0220323,-71990.3,0.7,-66867.22
0.0286889,-85085.8,0.7,-71102.94
0.0301347,-84896.0,0.7,-83277.16
0.023733,-71803.1,0.7,-71674.17
0.0313173,-87423.6,0.7,-89929.73
0.0214868,-67369.5,0.7,-62471.492
0.0194934,-60120.0,0.7,-44892.81
0.0320094,-103822.0,0.7,-92062.83
0.028642,-96959.8,0.7,-70712.94
0.0278175,-82087.7,0.7,-64861.297
0.0304117,-98864.7,0.7,-85216.66
0.00364139,-125391.0,0.7,-77819.96
0.00527937,-57470.4,0.7,-56171.63
0.00295251,-111738.0,0.7,-89607.72
0.00284763,-117411.0,0.7,-91083.23
0.00317792,-120215.0,0.7,-86031.5
0.00290802,-107126.0,0.7,-90250.91
0.00277823,-102758.0,0.7,-91975.734
0.0121067,-49254.6,0.7,-24537.615
0.00811544,-59872.8,0.7,-44917.543
0.00983552,-51876.1,0.7,-34125.863
0.00476491,-61000.7,0.7,-60842.242
0.0162997,-56554.7,0.7,-36656.188
0.0141994,-47630.8,0.7,-29292.076
0.0156065,-38777.8,0.7,-34874.305
0.00908323,-65888.0,0.7,-39196.87
0.0103489,-55390.3,0.7,-30848.734
0.0135787,-35018.5,0.7,-26880.287
0.00480815,-70233.3,0.7,-60372.332
0.0052855,-66273.8,0.7,-56127.25
0.0075911,-83353.8,0.7,-47254.71
0.012019,-43895.7,0.7,-24611.965
0.00409795,-79899.9,0.7,-69955.766
0.00357859,-94264.0,0.7,-78950.95
0.00273197,-95727.2,0.7,-92529.1
0.0175542,-50471.3,0.7,-38254.453
0.0187836,-44368.2,0.7,-41085.477
0.0275518,-79622.6,0.7,-63539.223
0.0207836,-49858.2,0.7,-55867.52
0.0247836,-54375.6,0.7,-68068.64
0.0227836,-52855.2,0.7,-70867.06
0.0267836,-55960.4,0.7,-61697.586
0.0297099,-89164.6,0.7,-79925.58
0.0330829,-104610.0,0.7,-94499.9
0.00290023,-135082.0,0.7,-90361.016
0.00300773,-140970.0,0.7,-88777.164
0.00339971,-135594.0,0.7,-82168.734
0.00291847,-127799.0,0.7,-90102.06
0.0035653,-123402.0,0.7,-79190.66
0.0026977,-121313.0,0.7,-92916.13
0.00235401,-93704.0,0.7,-95510.63
0.00817853,-69027.3,0.7,-44596.812
0.00689897,-72679.4,0.7,-49562.7
0.00509025,-59692.7,0.7,-57662.99
0.00458443,-61730.1,0.7,-62965.734
0.0039272,-83162.6,0.7,-72790.0
0.00401289,-73351.7,0.7,-71347.266
0.0115408,-44864.4,0.7,-25491.715
0.00437257,-88441.1,0.7,-65791.02
0.00588785,-67649.5,0.7,-52787.15
0.00849321,-70763.9,0.7,-42875.613
0.00997843,-55147.9,0.7,-33180.93
0.00955843,-44696.5,0.7,-35995.164
0.00338851,-83964.8,0.7,-82368.49
0.00311039,-88242.7,0.7,-87150.57
0.00278888,-90771.4,0.7,-91843.56
0.00303147,-98444.7,0.7,-88410.02
0.00241887,-92927.9,0.7,-95220.34
0.0167836,-37052.4,0.7,-37421.957
0.0293622,-86743.7,0.7,-76949.016
0.0312892,-88938.4,0.7,-89820.125
0.0326286,-90533.7,0.7,-93450.27
0.0287836,-63673.6,0.7,-71902.02
0.0318208,-95098.1,0.7,-91572.44
0.00273598,-131963.0,0.7,-92482.62
0.00251013,-143797.0,0.7,-94645.516
0.00299594,-145262.0,0.7,-88957.33
0.00196589,-104575.0,0.7,-94906.93
0.00197235,-111308.0,0.7,-94952.59
0.00217997,-119390.0,0.7,-95760.625
0.00229222,-126089.0,0.7,-95690.37
0.00201657,-100818.0,0.7,-95231.35
0.00189614,-93033.6,0.7,-94331.73
0.00550728,-63799.7,0.7,-54679.336
0.00385246,-75330.5,0.7,-74077.625
0.0031873,-98854.0,0.7,-85873.45
0.0147836,-31965.7,0.7,-31773.24
0.0127836,-32819.5,0.7,-24837.97
0.00359579,-122750.0,0.7,-78640.87
0.00357984,-122425.0,0.7,-78928.43
0.00421887,-101431.0,0.7,-68056.48
0.00639226,-68633.7,0.7,-51024.445
0.00983823,-47078.2,0.7,-34107.754
0.0107836,-33671.1,0.7,-28441.713
0.00359799,-78411.4,0.7,-78601.21
0.00300752,-101899.0,0.7,-88780.42
0.00313162,-102366.0,0.7,-86802.55
0.00260252,-101803.0,0.7,-93879.99
0.00193431,-94974.8,0.7,-94665.086
0.00223395,-99330.0,0.7,-95769.15
0.0339936,-94176.3,0.7,-97491.13
0.0312124,-89874.2,0.7,-89509.68
0.0307836,-61871.4,0.7,-87457.66
0.00198072,-134558.0,0.7,-95009.94
0.00185401,-140274.0,0.7,-93910.914
0.00227535,-158341.0,0.7,-95722.34
0.00187789,-149891.0,0.7,-94156.28
0.0022443,-132889.0,0.7,-95761.75
0.00249773,-158046.0,0.7,-94734.52
0.00307528,-141949.0,0.7,-87717.875
0.00183059,-116812.0,0.7,-93652.94
0.00188983,-120242.0,0.7,-94272.24
0.00808915,-58408.4,0.7,-45048.688
0.00669461,-68372.4,0.7,-50148.5
0.00548267,-64421.3,0.7,-54825.777
0.00381494,-69530.0,0.7,-74732.81
0.00413883,-63591.9,0.7,-69302.83
0.00351392,-79105.7,0.7,-80117.484
0.00303688,-105496.0,0.7,-88325.57
0.00309612,-99526.4,0.7,-87382.445
0.00477022,-67795.1,0.7,-60783.703
0.00760999,-49752.4,0.7,-47180.53
0.00880439,-34049.1,0.7,-40996.33
0.00255864,-79742.4,0.7,-94265.54
0.0022117,-84484.1,0.7,-95775.28
0.0021527,-88451.9,0.7,-95725.6
0.00193514,-91377.8,0.7,-94671.836
0.00164177,-93280.1,0.7,-90934.305
0.00184998,-97413.3,0.7,-93867.8
0.0304269,-77380.2,0.7,-85316.62
0.0328566,-92490.5,0.7,-93956.984
0.00173814,-145481.0,0.7,-92464.48
0.00190457,-170412.0,0.7,-94409.29
0.0024051,-158434.0,0.7,-95290.47
0.00131243,-86356.7,0.7,-83473.875
0.00131223,-90036.5,0.7,-83468.32
0.00149569,-107187.0,0.7,-88047.055
0.00145623,-114455.0,0.7,-87150.65
0.00154464,-119929.0,0.7,-89090.48
0.00131223,-80746.6,0.7,-83468.32
0.00430333,-60791.5,0.7,-66790.03
0.00288374,-103900.0,0.7,-90591.46
0.00217536,-113432.0,0.7,-95756.17
0.00228605,-114934.0,0.7,-95702.95
0.00277285,-147391.0,0.7,-92041.91
0.00298444,-152018.0,0.7,-89131.61
0.00232778,-160883.0,0.7,-95598.83
0.00348267,-123693.0,0.7,-80680.57
0.00495676,-52958.3,0.7,-58869.336
0.00283015,-74775.7,0.7,-91314.72
0.00246394,-107388.0,0.7,-94959.945
0.00206727,-105464.0,0.7,-95478.836
0.00234262,-110150.0,0.7,-95551.07
0.00170748,-103376.0,0.7,-92009.945
0.00124817,-93278.6,0.7,-81628.055
0.00131911,-95832.1,0.7,-83658.68
0.00150531,-101169.0,0.7,-88258.16
0.0319928,-76179.7,0.7,-92021.664
0.0327836,-61428.4,0.7,-93791.48
0.00126342,-120060.0,0.7,-82077.04
0.00161344,-128965.0,0.7,-90427.74
0.0012854,-132507.0,0.7,-82712.31
0.00140408,-151129.0,0.7,-85891.016
0.00121162,-134416.0,0.7,-80524.016
0.00155982,-165513.0,0.7,-89398.625
0.0017852,-173693.0,0.7,-93103.45
0.00199479,-166136.0,0.7,-95101.45
0.00123302,-86714.5,0.7,-81175.11
0.00112345,-86841.1,0.7,-77704.59
0.00132909,-107426.0,0.7,-83932.234
0.00112972,-95085.3,0.7,-77912.266
0.00113725,-69343.4,0.7,-78160.18
0.00620149,-45934.8,0.7,-51625.043
0.00537247,-47036.4,0.7,-55524.26
0.00411937,-51152.1,0.7,-69612.25
0.00298737,-85455.1,0.7,-89087.36
0.00273197,-103114.0,0.7,-92529.1
0.00323426,-72320.9,0.7,-85073.61
0.00200459,-116078.0,0.7,-95161.64
0.00224976,-118991.0,0.7,-95756.7
0.00560625,-51952.7,0.7,-54122.477
0.00229625,-166227.0,0.7,-95681.664
0.00376528,-99576.3,0.7,-75607.83
0.0069284,-35788.3,0.7,-49476.664
0.00190736,-75250.1,0.7,-94434.414
0.00159365,-77140.1,0.7,-90058.63
0.00144003,-84021.0,0.7,-86768.55
0.00136598,-87806.9,0.7,-84917.37
0.00120607,-88811.4,0.7,-80352.945
0.000967327,-87218.3,0.7,-72201.01
0.00119233,-98028.2,0.7,-79925.914
0.0338448,-80152.7,0.7,-96891.43
0.0011007,-113891.0,0.7,-76942.29
0.000994392,-112809.0,0.7,-73199.51
0.00115355,-112304.0,0.7,-78691.555
0.00101405,-120188.0,0.7,-73913.39
0.00094438,-119250.0,0.7,-71340.51
0.00119341,-162508.0,0.7,-79959.66
0.00128439,-175026.0,0.7,-82683.445
0.00153621,-167642.0,0.7,-88916.23
0.000609249,-47926.9,0.7,-57504.074
0.000723754,-57033.2,0.7,-62473.246
0.000576099,-51554.8,0.7,-56026.695
0.000752692,-59655.3,0.7,-63692.824
0.000943073,-81910.6,0.7,-71291.125
0.000990361,-94255.4,0.7,-73052.02
0.000889494,-87044.4,0.7,-69232.33
0.00107277,-104439.0,0.7,-75987.37
0.000591611,-45452.5,0.7,-56720.043
0.00328622,-65612.6,0.7,-84173.92
0.00209856,-124022.0,0.7,-95593.68
0.00136598,-119939.0,0.7,-84917.37
0.0014057,-114760.0,0.7,-85931.43
0.00162405,-127905.0,0.7,-90620.51
0.0015545,-124681.0,0.7,-89291.42
0.00177603,-165102.0,0.7,-92984.484
0.00234081,-164668.0,0.7,-95557.17
0.00214678,-179302.0,0.7,-95715.24
0.00153131,-170117.0,0.7,-88813.92
0.00268576,-133617.0,0.7,-93046.09
0.00400729,-80212.6,0.7,-71440.32
0.00124607,-77376.3,0.7,-81565.65
0.00121805,-88348.0,0.7,-80721.02
0.00179285,-109889.0,0.7,-93200.64
0.00134464,-106590.0,0.7,-84352.52
0.00116386,-102924.0,0.7,-79023.86
0.000754301,-83838.2,0.7,-63760.152
0.000797295,-85788.7,0.7,-65541.16
0.000756316,-86623.5,0.7,-63844.457
0.000932004,-97292.6,0.7,-70871.28
0.000575178,-73875.9,0.7,-55985.363
0.00046073,-64127.6,0.7,-50770.0
0.000826423,-105267.0,0.7,-66726.7
0.000839908,-120493.0,0.7,-67269.695
0.00100058,-140463.0,0.7,-73425.26
0.000579434,-86294.0,0.7,-56175.99
0.00115381,-167599.0,0.7,-78699.99
0.00109303,-149118.0,0.7,-76682.12
0.000458159,-47581.7,0.7,-50651.016
0.000778704,-74652.7,0.7,-64775.48
0.000508353,-54460.6,0.7,-52960.008
0.000950843,-94200.5,0.7,-71584.12
0.00049094,-37013.9,0.7,-52162.242
0.00526116,-47548.1,0.7,-56304.668
0.00497906,-37041.4,0.7,-58658.547
0.00410829,-35906.0,0.7,-69789.53
0.00296843,-66247.9,0.7,-89371.766
0.00209632,-118111.0,0.7,-95586.38
0.00228319,-102392.0,0.7,-95708.42
0.00240661,-95315.4,0.7,-95282.95
0.00185022,-130194.0,0.7,-93870.38
0.00120639,-125216.0,0.7,-80362.91
0.00143595,-134971.0,0.7,-86670.9
0.00149373,-172173.0,0.7,-88003.75
0.00141045,-165656.0,0.7,-86049.39
0.00158786,-184524.0,0.7,-89948.3
0.00263484,-146093.0,0.7,-93571.75
0.0031566,-120331.0,0.7,-86388.52
0.00421363,-78209.1,0.7,-68136.75
0.00130607,-71162.9,0.7,-83296.586
0.000775059,-61638.0,0.7,-64624.594
0.0008217,-73752.3,0.7,-66535.695
0.000809644,-69546.9,0.7,-66045.91
0.00081777,-76415.4,0.7,-66376.36
0.000765279,-76069.5,0.7,-64218.355
0.000535769,-68227.0,0.7,-54208.22
0.00129578,-109560.0,0.7,-83007.32
0.00109404,-104309.0,0.7,-76716.49
0.000417886,-66190.8,0.7,-48778.64
0.000718209,-88569.0,0.7,-62237.72
0.000544699,-69370.1,0.7,-54612.81
0.000433896,-66365.8,0.7,-49524.91
0.000556456,-65609.1,0.7,-55143.82
0.000465295,-71811.3,0.7,-50981.074
0.000445663,-75842.5,0.7,-50071.9
0.000398714,-67698.0,0.7,-47881.65
0.00056059,-101885.0,0.7,-55330.043
0.000817839,-139310.0,0.7,-66379.09
0.000860642,-150471.0,0.7,-68096.82
0.000869456,-141361.0,0.7,-68445.7
0.000330501,-32024.4,0.7,-44664.582
0.0,-15618.4,0.7,-28776.81
0.000328057,-33667.4,0.7,-44548.63
0.000328057,-34383.1,0.7,-44548.63
0.0,-17506.9,0.7,-28776.81
0.000495181,-54754.7,0.7,-52356.945
0.000495181,-56887.5,0.7,-52356.945
0.000411428,-46290.5,0.7,-48476.816
0.000512542,-60325.4,0.7,-53151.4
0.0,-14535.7,0.7,-28776.81
0.00295076,-61931.2,0.7,-89633.4
0.00232415,-96894.1,0.7,-95609.57
0.00148051,-136367.0,0.7,-87708.04
0.000634207,-106357.0,0.7,-58605.5
0.000682992,-113821.0,0.7,-60729.68
0.0012015,-112646.0,0.7,-80211.55
0.00105465,-136250.0,0.7,-75356.88
0.000939053,-141130.0,0.7,-71138.914
0.000944242,-130022.0,0.7,-71335.24
0.00105625,-143505.0,0.7,-75412.96
0.00115097,-150280.0,0.7,-78607.945
0.00183045,-137926.0,0.7,-93651.34
0.0016285,-189105.0,0.7,-90700.25
0.000920261,-142808.0,0.7,-70422.695
0.00195742,-144347.0,0.7,-94845.07
0.00297601,-113707.0,0.7,-89258.43
0.00338106,-102066.0,0.7,-82501.16
0.000873135,-62150.3,0.7,-68590.8
0.000697392,-63507.4,0.7,-61348.977
0.000612855,-90879.2,0.7,-57663.848
0.000806079,-102659.0,0.7,-65900.51
0.000595682,-88013.0,0.7,-56901.367
0.000385163,-66056.4,0.7,-47245.63
0.000341496,-65367.1,0.7,-45185.523
0.000341496,-68116.9,0.7,-45185.523
0.000416619,-75719.5,0.7,-48719.46
0.0,-22230.8,0.7,-28776.81
0.0,-22794.7,0.7,-28776.81
0.0,-23790.6,0.7,-28776.81
0.000445663,-82127.2,0.7,-50071.9
0.0,-28271.4,0.7,-28776.81
0.0,-27655.5,0.7,-28776.81
0.00052751,-110148.0,0.7,-53833.27
0.000435493,-87175.8,0.7,-49599.234
0.0,-15428.8,0.7,-28776.81
0.0,-17620.6,0.7,-28776.81
0.0,-15747.2,0.7,-28776.81
0.0,-18673.4,0.7,-28776.81
0.000344667,-39806.0,0.7,-45335.684
0.0,-12937.9,0.7,-28776.81
0.00391104,-52832.0,0.7,-73066.234
0.00321033,-50480.0,0.7,-85482.914
0.00216166,-101946.0,0.7,-95739.47
0.0013418,-140592.0,0.7,-84276.37
0.0015535,-131920.0,0.7,-89271.22
0.00167147,-129138.0,0.7,-91437.64
0.00154558,-134996.0,0.7,-89109.73
0.00110691,-143310.0,0.7,-77151.78
0.000788176,-109298.0,0.7,-65166.504
0.000638634,-116555.0,0.7,-58799.87
0.00074904,-141736.0,0.7,-63539.79
0.000910656,-143395.0,0.7,-70053.36
0.00386828,-68416.8,0.7,-73803.01
0.000993331,-155880.0,0.7,-73160.766
0.000805596,-119453.0,0.7,-65880.76
0.00154463,-181004.0,0.7,-89090.37
0.000944963,-167873.0,0.7,-71362.52
0.00047497,-92610.7,0.7,-51427.55
0.00189639,-166774.0,0.7,-94334.04
0.00243222,-141951.0,0.7,-95148.13
0.00309346,-100445.0,0.7,-87425.5
0.000820204,-57206.3,0.7,-66475.03
0.000398412,-43487.0,0.7,-47867.47
0.000341496,-44858.6,0.7,-45185.523
0.000387077,-54829.8,0.7,-47335.54
0.000385224,-51926.8,0.7,-47248.477
0.000341496,-47863.5,0.7,-45185.523
0.000384465,-56417.1,0.7,-47212.77
0.000336662,-56086.0,0.7,-44956.613
0.0,-28645.5,0.7,-28776.81
0.000775201,-106814.0,0.7,-64630.41
0.0,-29811.3,0.7,-28776.81
0.0,-21217.7,0.7,-28776.81
0.0,-20409.4,0.7,-28776.81
0.0,-24632.0,0.7,-28776.81
0.0,-19907.2,0.7,-28776.81
0.0,-26315.6,0.7,-28776.81
0.0,-28913.2,0.7,-28776.81
0.0,-31830.1,0.7,-28776.81
0.000381991,-78790.3,0.7,-47096.535
0.000458042,-92812.5,0.7,-50645.566
0.000366492,-87646.3,0.7,-46366.66
0.0,-15162.5,0.7,-28776.81
0.0,-15760.1,0.7,-28776.81
0.0,-17543.7,0.7,-28776.81
0.0,-18582.9,0.7,-28776.81
0.0,-17554.6,0.7,-28776.81
0.0,-18894.9,0.7,-28776.81
0.0,-15970.6,0.7,-28776.81
0.00235404,-78932.2,0.7,-95510.555
0.00195612,-104147.0,0.7,-94835.34
0.0015015,-136425.0,0.7,-88174.89
0.000342733,-91765.8,0.7,-45244.152
0.0,-49260.9,0.7,-28776.81
0.0,-51548.3,0.7,-28776.81
0.000529321,-125293.0,0.7,-53915.516
0.000593937,-122455.0,0.7,-56823.746
0.000417501,-123361.0,0.7,-48760.594
0.000451306,-112295.0,0.7,-50333.652
0.000499552,-86157.9,0.7,-52557.26
0.000678469,-99286.3,0.7,-60534.32
0.00115095,-131455.0,0.7,-78607.266
0.00130315,-112155.0,0.7,-83214.836
0.00114706,-186791.0,0.7,-78480.84
0.000387697,-82404.4,0.7,-47364.656
0.00129225,-165905.0,0.7,-82907.41
0.00256159,-125749.0,0.7,-94240.77
0.002139,-134787.0,0.7,-95700.16
0.000383283,-40163.0,0.7,-47157.242
0.000307665,-40494.6,0.7,-43579.695
0.0,-28425.2,0.7,-28776.81
0.0,-36982.4,0.7,-28776.81
0.000341295,-78226.9,0.7,-45176.082
0.000362399,-84332.1,0.7,-46173.688
0.0,-36106.8,0.7,-28776.81
0.0,-31177.7,0.7,-28776.81
0.0,-32500.9,0.7,-28776.81
0.0,-34728.2,0.7,-28776.81
0.0,-32989.6,0.7,-28776.81
0.0,-36830.0,0.7,-28776.81
0.0,-38844.0,0.7,-28776.81
0.0,-34796.5,0.7,-28776.81
0.0,-34071.3,0.7,-28776.81
0.00307649,-70759.1,0.7,-87698.48
0.00273513,-71401.7,0.7,-92492.43
0.00142163,-134707.0,0.7,-86324.4
0.000517282,-141264.0,0.7,-53367.61
0.000871349,-154762.0,0.7,-68520.414
0.00113564,-145380.0,0.7,-78107.31
0.00117206,-146783.0,0.7,-79285.98
0.000911924,-158061.0,0.7,-70102.32
0.000501063,-133425.0,0.7,-52626.45
0.000369716,-89094.2,0.7,-46518.656
0.0,-48459.2,0.7,-28776.81
0.0,-54658.1,0.7,-28776.81
0.000321959,-118823.0,0.7,-44259.152
0.000406164,-127729.0,0.7,-48230.6
0.0027359,-70985.4,0.7,-92483.48
0.000445953,-101903.0,0.7,-50085.316
0.000387697,-68335.7,0.7,-47364.656
0.000924796,-164172.0,0.7,-70596.266
0.000710934,-151463.0,0.7,-61928.06
0.0,-35460.6,0.7,-28776.81
0.00180009,-141248.0,0.7,-93290.91
0.00129624,-151290.0,0.7,-83020.33
0.00198733,-109337.0,0.7,-95053.68
0.000394418,-33838.1,0.7,-47680.137
0.0,-19203.0,0.7,-28776.81
0.0,-18175.7,0.7,-28776.81
0.0,-19741.7,0.7,-28776.81
0.0,-21119.3,0.7,-28776.81
0.0,-23972.6,0.7,-28776.81
0.0,-25445.0,0.7,-28776.81
0.0,-22608.6,0.7,-28776.81
0.0,-26996.8,0.7,-28776.81
0.0,-38054.1,0.7,-28776.81
0.0,-31256.4,0.7,-28776.81
0.0,-32681.6,0.7,-28776.81
0.00188949,-87234.6,0.7,-94269.01
0.00158997,-105511.0,0.7,-89988.6
0.00125866,-129428.0,0.7,-81937.61
0.000900018,-154543.0,0.7,-69641.914
0.000781517,-159815.0,0.7,-64891.824
0.0,-46396.2,0.7,-28776.81
0.0,-58642.3,0.7,-28776.81
0.0,-57443.8,0.7,-28776.81
0.0,-56425.9,0.7,-28776.81
0.0,-61783.9,0.7,-28776.81
0.000385031,-104148.0,0.7,-47239.426
0.000320848,-59905.4,0.7,-44206.438
0.0,-34041.7,0.7,-28776.81
0.00051943,-94116.0,0.7,-53465.457
0.0008065,-78316.5,0.7,-65917.79
0.000741608,-103849.0,0.7,-63227.504
0.0,-34113.4,0.7,-28776.81
0.000790095,-140679.0,0.7,-65245.426
0.0017927,-142053.0,0.7,-93198.68
0.00131529,-127261.0,0.7,-83553.086
0.0,-15347.6,0.7,-28776.81
0.0,-39414.5,0.7,-28776.81
0.0,-42758.7,0.7,-28776.81
0.00212074,-78753.2,0.7,-95657.914
0.000861243,-147428.0,0.7,-68120.69
0.0,-64681.9,0.7,-28776.81
0.000317132,-144993.0,0.7,-44029.848
0.000730338,-161556.0,0.7,-62752.113
0.000412515,-151122.0,0.7,-48527.67
0.000408463,-153644.0,0.7,-48338.105
0.0,-65826.7,0.7,-28776.81
0.0,-64449.4,0.7,-28776.81
0.00181549,-65812.3,0.7,-93477.42
0.0,-40112.1,0.7,-28776.81
0.0,-30385.4,0.7,-28776.81
0.0,-32548.9,0.7,-28776.81
0.000434393,-109870.0,0.7,-49548.016
0.000306072,-96349.5,0.7,-43503.91
0.000777016,-92967.0,0.7,-64705.61
0.00120506,-131738.0,0.7,-80321.77
0.0,-8451.61,0.7,-28776.81
0.00118108,-99971.4,0.7,-79572.164
0.00135601,-89328.3,0.7,-84655.23
0.000930183,-119753.0,0.7,-70801.93
0.000755312,-134763.0,0.7,-63802.527
0.000411536,-144751.0,0.7,-48481.887
0.0,-65991.4,0.7,-28776.81
0.000365169,-153618.0,0.7,-46304.26
0.0,-72866.6,0.7,-28776.81
0.000365169,-154121.0,0.7,-46304.26
0.00031103,-147399.0,0.7,-43739.863
0.00115111,-77743.1,0.7,-78612.52
0.0,-44661.9,0.7,-28776.81
0.000364601,-55277.3,0.7,-46277.52
0.0,-42518.9,0.7,-28776.81
0.00035239,-91462.6,0.7,-45701.047
0.000374721,-78754.7,0.7,-46754.395
0.000402891,-21009.8,0.7,-48077.348
0.00138322,-84620.6,0.7,-85363.5
0.000412515,-135189.0,0.7,-48527.67
0.0,-78057.5,0.7,-28776.81
0.0,-80576.9,0.7,-28776.81
0.0,-79948.0,0.7,-28776.81
0.0,-80946.5,0.7,-28776.81
0.00109718,-51661.4,0.7,-76823.16
0.0,-33074.9,0.7,-28776.81
0.0,-44358.1,0.7,-28776.81
0.000282274,-61202.8,0.7,-42369.684
0.000657645,-82405.1,0.7,-59630.832
0.000328823,-54768.8,0.7,-44585.062
0.00074184,-116585.0,0.7,-63237.31
0.000562766,-82018.5,0.7,-55427.94
0.0,639.355,0.7,-28776.81
0.000766307,-92012.1,0.7,-64261.125
0.00049688,-98567.4,0.7,-52434.8
0.000920092,-92968.0,0.7,-70416.234
0.000389006,-111578.0,0.7,-47426.188
0.000362853,-119989.0,0.7,-46195.12
0.0,-75653.0,0.7,-28776.81
0.0,-79530.6,0.7,-28776.81
0.0,-79845.8,0.7,-28776.81
0.000543273,-44644.9,0.7,-54548.25
0.0,-29899.1,0.7,-28776.81
0.0,-40194.7,0.7,-28776.81
0.0,-34836.2,0.7,-28776.81
0.0,-29833.5,0.7,-28776.81
0.000915568,-85544.7,0.7,-70242.45
0.0,-70669.1,0.7,-28776.81
0.000520993,-29255.2,0.7,-53536.668
0.000328823,-72630.6,0.7,-44585.062
0.0,-30716.9,0.7,-28776.81
0.000326844,-79889.1,0.7,-44491.055
0.0,-25052.4,0.7,-28776.81
0.000496614,-55303.1,0.7,-52422.586
0.000435567,-91510.0,0.7,-49602.78
0.000344233,-88916.3,0.7,-45315.18
0.0,-55451.0,0.7,-28776.81
0.000472235,-87286.0,0.7,-51301.414
0.0,-64617.9,0.7,-28776.81
0.0,-20764.1,0.7,-28776.81
0.0,-33691.4,0.7,-28776.81
0.0,-52973.4,0.7,-28776.81
0.0,-21952.7,0.7,-28776.81
0.0,-37649.1,0.7,-28776.81
0.0,-38350.7,0.7,-28776.81
0.0,-51638.6,0.7,-28776.81
0.0,-52683.2,0.7,-28776.81
0.0,1632.69,0.7,-28776.81
0.000621612,-5714.65,0.7,-58050.848
0.0,-275.617,0.7,-28776.81
0.000376485,2254.01,0.7,-46837.465
0.000563268,-7662.65,0.7,-55450.58
0.00124319,-22784.9,0.7,-81479.87
0.0,-1080.71,0.7,-28776.81
0.000422298,-6098.48,0.7,-48984.535
0.0,2842.4,0.7,-28776.81
0.000835921,-5530.7,0.7,-67109.484
0.00133699,-21109.4,0.7,-84146.69
0.00103988,-19636.1,0.7,-74836.74
0.0,-1810.68,0.7,-28776.81
0.000431335,3508.44,0.7,-49405.72
0.00197967,-35662.4,0.7,-95002.86
0.00153088,-18514.8,0.7,-88804.89
0.00197648,-31755.2,0.7,-94981.11
0.0,2624.6,0.7,-28776.81
0.00184503,-38020.9,0.7,-93814.17
0.000445663,-7750.39,0.7,-50071.9
0.000915612,-2906.08,0.7,-70244.13
0.00232134,-32572.6,0.7,-95617.76
0.00268771,-42456.1,0.7,-93025.02
0.000470416,3701.94,0.7,-51217.53
0.00126147,-8479.42,0.7,-82020.1
0.00173827,-17576.8,0.7,-92466.23
0.0,2027.57,0.7,-28776.81
0.000916873,-574.393,0.7,-70292.625
0.00328428,-43044.3,0.7,-84207.79
0.00255064,-28971.1,0.7,-94331.6
0.000558674,2802.12,0.7,-55243.754
0.00115731,-3640.92,0.7,-78813.08
0.00366259,-53150.2,0.7,-77439.16
0.00160797,-9420.72,0.7,-90326.99
0.00363526,-38453.5,0.7,-77930.14
0.0,1448.14,0.7,-28776.81
0.00460743,-51249.9,0.7,-62680.496
0.00259719,-22143.2,0.7,-93928.87
0.000700307,1185.51,0.7,-61473.848
0.00189094,-9448.92,0.7,-94282.75
0.00488396,-43375.7,0.7,-59584.094
0.00372692,-30627.1,0.7,-76288.93
0.000368916,1571.86,0.7,-46480.97
0.000840369,-686.914,0.7,-67288.1
0.00258724,-13587.0,0.7,-94018.59
0.00124767,-4218.12,0.7,-81613.1
0.00610063,-50690.2,0.7,-51970.125
0.0,789.76,0.7,-28776.81
0.00168051,-6766.7,0.7,-91585.164
0.00639242,-44753.7,0.7,-51024.0
0.00505062,-35154.4,0.7,-58007.344
0.00360725,-19151.5,0.7,-78434.3
0.000375113,494.482,0.7,-46772.87
0.000542452,-1577.36,0.7,-54511.13
0.00219087,-10455.6,0.7,-95768.766
0.000944718,-5542.48,0.7,-71353.23
0.00745916,-48213.2,0.7,-47753.67
0.0,26.5326,0.7,-28776.81
0.00134809,-10082.2,0.7,-84444.77
0.00809876,-45249.5,0.7,-45000.97
0.00672295,-35678.5,0.7,-50067.9
0.00515866,-27128.7,0.7,-57094.984
0.00257129,-15564.8,0.7,-94158.36
0.000383435,-2782.21,0.7,-47164.332
0.00165807,-14987.8,0.7,-91214.08
0.000612769,-5780.79,0.7,-57660.07
0.00897469,-41318.2,0.7,-39907.785
0.00405303,-17457.3,0.7,-70685.25
0.0,-695.787,0.7,-28776.81
0.00105046,-11298.1,0.7,-75209.96
0.00893094,-39529.9,0.7,-40190.766
0.0101105,-41758.1,0.7,-32327.078
0.00570751,-24036.0,0.7,-53602.965
0.00159268,-19624.9,0.7,-90040.27
0.00319751,-18801.1,0.7,-85700.69
0.0,-1249.72,0.7,-28776.81
0.00102753,-14687.0,0.7,-74397.4
0.000469527,-5726.57,0.7,-51176.45
0.00721317,-30482.6,0.7,-48600.88
0.011408,-25849.2,0.7,-25876.627
0.00414809,-22909.7,0.7,-69156.42
0.00219768,-22030.2,0.7,-95772.24
0.0,-1806.91,0.7,-28776.81
0.000472707,-7695.69,0.7,-51323.26
0.00884709,-37761.6,0.7,-40726.87
0.0111818,-42273.1,0.7,-26667.281
0.0120338,-35034.3,0.7,-24597.48
0.0054581,-39585.3,0.7,-54975.555
0.000852881,-16497.1,0.7,-67788.29
0.00145527,-22998.2,0.7,-87128.266
0.00295116,-24343.1,0.7,-89627.58
0.000472707,-9428.87,0.7,-51323.26
0.0,-2220.99,0.7,-28776.81
0.0103424,-38597.1,0.7,-30887.805
0.0072253,-42379.1,0.7,-48561.395
0.0137437,-24013.7,0.7,-27473.018
0.00360458,-35019.6,0.7,-78482.47
0.00171286,-25669.0,0.7,-92091.89
0.0,-3021.1,0.7,-28776.81
0.0108728,-45529.6,0.7,-28004.773
0.00867271,-50765.4,0.7,-41810.816
0.0132177,-37937.9,0.7,-25763.541
0.0122809,-42411.7,0.7,-24469.041
0.0136489,-13714.8,0.7,-27127.012
0.00642339,-56933.6,0.7,-50931.246
0.00420184,-50906.0,0.7,-68317.96
0.000920244,-20196.4,0.7,-70421.94
0.000349155,-8860.35,0.7,-45547.98
0.00231371,-28335.8,0.7,-95638.914
0.0,-3455.78,0.7,-28776.81
0.0155735,-27729.0,0.7,-34768.074
0.0157583,-16766.4,0.7,-35338.59
0.0025802,-36058.2,0.7,-94080.89
0.000420184,-11196.1,0.7,-48885.82
0.000901346,-22037.2,0.7,-69693.49
0.00134016,-28146.7,0.7,-84232.195
0.0133265,-49118.9,0.7,-26070.818
0.0100935,-49547.9,0.7,-32435.775
0.00774529,-50402.2,0.7,-46627.953
0.0144927,-42035.5,0.7,-30538.104
0.0055425,-49524.3,0.7,-54475.355
0.0026693,-41913.8,0.7,-93221.21
0.000430347,-12942.1,0.7,-49359.7
0.0,-3689.56,0.7,-28776.81
0.00164875,-30294.8,0.7,-91055.14
0.0121791,-51908.7,0.7,-24496.348
0.016349,-36357.1,0.7,-36750.316
0.0175233,-16978.6,0.7,-38219.766
0.00356314,-39012.2,0.7,-79229.64
0.00195415,-36732.6,0.7,-94820.56
0.0,-4401.53,0.7,-28776.81
0.000400473,-13275.0,0.7,-47964.04
0.000610515,-19807.2,0.7,-57560.227
0.00157307,-33464.6,0.7,-89661.43
0.000973456,-29368.0,0.7,-72428.65
0.0158878,-51770.4,0.7,-35702.25
0.0140733,-53799.1,0.7,-28768.629
0.00920223,-37092.6,0.7,-38405.35
0.0113119,-43808.4,0.7,-26192.145
0.00680524,-37965.1,0.7,-49833.223
0.0178224,-21058.6,0.7,-38597.414
0.018121,-21531.5,0.7,-39113.566
0.0047974,-41881.5,0.7,-60487.76
0.00220925,-36040.1,0.7,-95775.125
0.0016535,-36962.9,0.7,-91136.516
0.0,-4888.49,0.7,-28776.81
0.00112049,-32626.8,0.7,-77606.234
0.0129078,-48812.8,0.7,-25049.932
0.0181786,-29305.4,0.7,-39235.04
0.0181208,-40747.0,0.7,-39113.14
0.0197583,-19529.4,0.7,-46787.387
0.003508,-42092.9,0.7,-80224.24
0.0025136,-34373.7,0.7,-94620.016
0.00118703,-35540.7,0.7,-79759.695
0.0,-5676.93,0.7,-28776.81
0.000486369,-20644.5,0.7,-51952.234
0.000932145,-32952.1,0.7,-70876.625
0.000698401,-28480.8,0.7,-61392.28
0.0158678,-55365.4,0.7,-35648.113
0.0142712,-47209.5,0.7,-29594.436
0.00797537,-32861.3,0.7,-45599.363
0.0108209,-30774.3,0.7,-28256.44
0.0125313,-38339.7,0.7,-24550.9
0.00545924,-34896.9,0.7,-54968.535
0.0191849,-19776.3,0.7,-43005.93
0.0177604,-56043.6,0.7,-38510.04
0.0201041,-34765.9,0.7,-49597.31
0.00423108,-38098.8,0.7,-67870.2
0.00127388,-35452.6,0.7,-82381.15
0.00158207,-34273.1,0.7,-89836.85
0.00106642,-35038.7,0.7,-75767.414
0.0,-6826.65,0.7,-28776.81
0.0092228,-30629.5,0.7,-38267.477
0.00674195,-36204.0,0.7,-50013.836
0.0192689,-27476.9,0.7,-43484.445
0.0197356,-41278.4,0.7,-46615.676
0.0216204,-32042.2,0.7,-63634.223
0.0207769,-22067.2,0.7,-55803.285
0.00316064,-41587.9,0.7,-86321.11
0.00277929,-44198.9,0.7,-91962.73
0.00169072,-31798.1,0.7,-91748.77
0.000505632,-24238.7,0.7,-52835.598
0.000570308,-26516.5,0.7,-55766.92
0.0,-7086.87,0.7,-28776.81
0.000329821,-17565.4,0.7,-44632.297
0.000420184,-20864.9,0.7,-48885.82
0.0174349,-53630.7,0.7,-38124.07
0.0155547,-42878.2,0.7,-34706.766
0.0137357,-31631.7,0.7,-27443.26
0.0082841,-32922.6,0.7,-44041.42
0.0118423,-22715.3,0.7,-24843.566
0.0098314,-24814.5,0.7,-34153.223
0.00495603,-37371.1,0.7,-58876.363
0.0203847,-29994.0,0.7,-52100.48
0.0192704,-51054.2,0.7,-43493.188
0.0221159,-50609.6,0.7,-67444.67
0.00350518,-35987.9,0.7,-80275.09
0.00221256,-35136.2,0.7,-95775.28
0.000874089,-29883.1,0.7,-68628.37
0.000587211,-25244.2,0.7,-56523.723
0.0010203,-29822.8,0.7,-74138.39
0.00792367,-37673.4,0.7,-45840.406
0.00612018,-48163.1,0.7,-51901.406
0.0215169,-35463.8,0.7,-62737.426
0.0220222,-33214.0,0.7,-66795.44
0.0231012,-33745.2,0.7,-71671.8
0.0208166,-50423.9,0.7,-56184.406
0.0235898,-48493.6,0.7,-71850.28
0.00233388,-36525.7,0.7,-95579.836
0.00241524,-37736.2,0.7,-95239.31
0.00171547,-29847.8,0.7,-92131.305
0.00110371,-27914.7,0.7,-77043.95
0.0,-7493.85,0.7,-28776.81
0.0,-8417.23,0.7,-28776.81
0.0,-8805.1,0.7,-28776.81
0.0,-6947.42,0.7,-28776.81
0.0186764,-46166.5,0.7,-40671.742
0.0166359,-36376.8,0.7,-37222.48
0.0147566,-24017.2,0.7,-31659.924
0.0131456,-17216.6,0.7,-25575.467
0.0115925,-16133.2,0.7,-25358.17
0.00377451,-39718.1,0.7,-75444.625
0.00467697,-50197.9,0.7,-61844.13
0.0226125,-31550.5,0.7,-70206.56
0.020814,-40406.5,0.7,-56159.44
0.0228419,-60937.4,0.7,-71056.07
0.0239952,-62601.7,0.7,-71114.17
0.00265333,-34659.8,0.7,-93386.36
0.000480854,-19956.0,0.7,-51698.637
0.00034465,-16747.3,0.7,-45334.848
0.000517244,-19392.4,0.7,-53365.836
0.0,-7858.87,0.7,-28776.81
0.0092145,-27038.3,0.7,-38323.17
0.00726742,-46751.0,0.7,-48422.473
0.00549233,-60737.3,0.7,-54768.0
0.023381,-45898.1,0.7,-71926.73
0.0237212,-41463.6,0.7,-71692.29
0.023918,-42346.5,0.7,-71308.984
0.0252313,-42035.5,0.7,-65931.65
0.0249304,-49383.3,0.7,-67373.26
0.0257176,-65414.6,0.7,-63793.273
0.00172008,-31832.2,0.7,-92200.32
0.00181286,-31889.2,0.7,-93446.11
0.00112117,-25705.0,0.7,-77628.85
0.000557376,-17951.0,0.7,-55185.277
0.0200812,-36436.9,0.7,-49400.91
0.0180063,-31376.3,0.7,-38894.273
0.0159305,-20971.5,0.7,-35815.453
0.0138382,-16460.8,0.7,-27831.129
0.010555,-17889.7,0.7,-29654.37
0.00359985,-50041.0,0.7,-78567.68
0.00301746,-39504.6,0.7,-88627.44
0.00411894,-58766.7,0.7,-69619.16
0.0223207,-44169.1,0.7,-68728.51
0.0245582,-67566.5,0.7,-69088.04
0.0262001,-71893.7,0.7,-62270.645
0.00151926,-32022.0,0.7,-88558.98
0.0018399,-34228.7,0.7,-93757.61
0.0,-7064.69,0.7,-28776.81
0.0,-7172.11,0.7,-28776.81
0.0,-6082.28,0.7,-28776.81
0.0,-6699.53,0.7,-28776.81
0.0126711,-18782.3,0.7,-24685.54
0.00840602,-32894.2,0.7,-43371.965
0.00682992,-53678.9,0.7,-49762.418
0.00212725,-34166.7,0.7,-95674.09
0.00388862,-67611.8,0.7,-73451.67
0.0246564,-47806.9,0.7,-68653.375
0.0253302,-36621.5,0.7,-65467.508
0.0253826,-38017.1,0.7,-65226.02
0.0268352,-66493.8,0.7,-61726.066
0.0281631,-78106.6,0.7,-67036.625
0.0010716,-25293.3,0.7,-75946.945
0.00123059,-25394.1,0.7,-81101.86
0.00105178,-21427.3,0.7,-75256.24
0.000558777,-16311.4,0.7,-55248.38
0.0,-6069.13,0.7,-28776.81
0.0192835,-27525.8,0.7,-43570.348
0.0216611,-40426.6,0.7,-63978.85
0.0171353,-20949.7,0.7,-37817.55
0.0149328,-20974.4,0.7,-32390.959
0.00508162,-69023.0,0.7,-57736.996
0.0118001,-16787.8,0.7,-24915.232
0.009646,-22811.0,0.7,-35401.246
0.00264174,-45408.8,0.7,-93503.28
0.00292973,-59879.0,0.7,-89940.086
0.0254187,-41498.7,0.7,-65061.793
0.0238237,-48561.9,0.7,-71513.77
0.0272326,-52689.9,0.7,-62405.32
0.0278638,-68942.0,0.7,-65124.406
0.0265694,-73590.5,0.7,-61722.07
0.0283689,-79327.7,0.7,-68537.92
0.000932428,-22401.1,0.7,-70887.4
0.0013353,-30146.3,0.7,-84100.984
0.0140357,-22519.4,0.7,-28614.916
0.00751291,-41849.2,0.7,-47554.344
0.00546393,-70267.8,0.7,-54939.67
0.00194531,-37302.2,0.7,-94752.79
0.00392039,-73482.6,0.7,-72906.31
0.00254412,-67039.1,0.7,-94384.44
0.0267166,-39543.1,0.7,-61680.797
0.0261004,-38325.1,0.7,-62518.188
0.0270096,-40718.5,0.7,-61923.312
0.0270978,-45685.2,0.7,-62083.086
0.029122,-81289.9,0.7,-74840.62
0.030382,-87207.3,0.7,-85019.26
0.00047179,-14293.5,0.7,-51280.91
0.000645886,-14572.8,0.7,-59117.555
0.000617203,-15547.3,0.7,-57856.18
0.00137352,-29490.4,0.7,-85113.59
0.000470837,-13572.0,0.7,-51236.92
0.0,-5454.02,0.7,-28776.81
0.0209135,-36727.2,0.7,-57115.484
0.0182707,-21792.2,0.7,-39446.57
0.0233694,-46730.7,0.7,-71924.31
0.015928,-22402.8,0.7,-35808.95
0.0131648,-17099.0,0.7,-25624.252
0.0109352,-19348.1,0.7,-27712.145
0.00879352,-30437.9,0.7,-41064.562
0.00211593,-48926.1,0.7,-95645.23
0.0027778,-71021.5,0.7,-91981.08
0.00178286,-55519.2,0.7,-93073.336
0.0255586,-37086.9,0.7,-64445.227
0.0289238,-74408.9,0.7,-73107.66
0.0293809,-80274.0,0.7,-77112.23
0.029842,-84358.4,0.7,-81009.44
0.0303265,-87637.6,0.7,-84643.49
0.0285855,-79457.1,0.7,-70248.664
0.0306801,-86762.4,0.7,-86877.39
0.000430071,-12322.7,0.7,-49346.855
0.000765759,-20106.2,0.7,-64238.3
0.0154605,-21389.2,0.7,-34390.777
0.00679672,-52289.1,0.7,-49857.65
0.00365902,-78670.0,0.7,-77503.21
0.00141005,-34337.2,0.7,-86039.5
0.00279545,-76145.6,0.7,-91761.11
0.00166461,-61907.9,0.7,-91323.95
0.0019316,-69577.3,0.7,-94642.86
0.0285147,-63479.9,0.7,-69676.74
0.028064,-55532.3,0.7,-66364.96
0.0274412,-46206.7,0.7,-63088.27
0.028708,-68698.3,0.7,-71262.95
0.0314914,-93512.6,0.7,-90562.95
0.032474,-97703.2,0.7,-93116.5
0.0323475,-95170.3,0.7,-92842.086
0.0,-5259.68,0.7,-28776.81
0.0,-5292.47,0.7,-28776.81
0.0,-5333.21,0.7,-28776.81
0.000342894,-10639.5,0.7,-45251.75
0.000639251,-16346.9,0.7,-58826.99
0.0,-5099.71,0.7,-28776.81
0.0230988,-43981.1,0.7,-71667.74
0.0196278,-31911.5,0.7,-45823.703
0.0169654,-20792.8,0.7,-37636.99
0.0251608,-36927.7,0.7,-66267.195
0.00536839,-75734.1,0.7,-55551.523
0.00424039,-83768.1,0.7,-67728.88
0.0145294,-20228.7,0.7,-30694.977
0.0121324,-19179.7,0.7,-24520.83
0.0100741,-27168.7,0.7,-32560.207
0.00785441,-37705.7,0.7,-46154.24
0.00147197,-42904.7,0.7,-87514.1
0.00203587,-74842.6,0.7,-95334.58
0.00115549,-47032.9,0.7,-78754.305
0.0269615,-42220.2,0.7,-61853.17
0.0306378,-86781.8,0.7,-86630.49
0.0314102,-92507.0,0.7,-90277.1
0.0312958,-93133.6,0.7,-89846.055
0.0,-5026.19,0.7,-28776.81
0.000341496,-10620.6,0.7,-45185.523
0.0214111,-42054.0,0.7,-61793.395
0.0180836,-23233.6,0.7,-39038.836
0.017085,-22735.7,0.7,-37765.473
0.00597018,-63419.8,0.7,-52454.703
0.00260482,-82032.1,0.7,-93858.69
0.00312827,-84566.5,0.7,-86857.69
0.0167609,-25147.3,0.7,-37392.906
0.000961984,-35267.7,0.7,-72001.73
0.0008523,-28481.6,0.7,-67765.12
0.00196554,-79659.5,0.7,-94904.42
0.00124214,-61237.6,0.7,-81448.555
0.0011243,-52513.7,0.7,-77732.79
0.00136594,-69237.5,0.7,-84916.28
0.0299069,-79803.2,0.7,-81529.336
0.03035,-84021.2,0.7,-84803.73
0.029207,-72261.9,0.7,-75587.88
0.0285533,-64659.4,0.7,-69987.22
0.0332373,-104291.0,0.7,-94905.266
0.0334606,-104478.0,0.7,-95555.766
0.0339341,-104141.0,0.7,-97245.57
0.0,-4848.75,0.7,-28776.81
0.0,-5153.54,0.7,-28776.81
0.0229858,-40735.2,0.7,-71443.17
0.0247621,-38370.4,0.7,-68168.875
0.0186763,-31149.2,0.7,-40671.37
0.0203251,-39246.7,0.7,-51555.508
0.0265756,-44850.5,0.7,-61718.152
0.00439236,-87104.6,0.7,-65512.17
0.00354821,-88297.1,0.7,-79498.99
0.0163476,-26467.5,0.7,-36747.664
0.013363,-22571.3,0.7,-26179.88
0.0113967,-27368.7,0.7,-25912.277
0.00928114,-32859.2,0.7,-37875.184
0.00648842,-49162.6,0.7,-50739.633
0.000370884,-14289.4,0.7,-46573.68
0.00137888,-74225.4,0.7,-85252.05
0.000735034,-36127.7,0.7,-62950.535
0.000705136,-28601.3,0.7,-61680.516
0.0281281,-62744.8,0.7,-66795.38
0.0322921,-96993.4,0.7,-92720.18
0.0325003,-98615.0,0.7,-93173.2
0.0329738,-102975.0,0.7,-94231.625
0.0351819,-113035.0,0.7,-103959.16
0.0343452,-103639.0,0.7,-99101.234
0.0,-4390.24,0.7,-28776.81
0.0215408,-41352.6,0.7,-62947.035
0.00498695,-80744.9,0.7,-58584.918
0.00222958,-86975.4,0.7,-95771.45
0.00185107,-83399.2,0.7,-93879.56
0.00273197,-88406.7,0.7,-92529.1
0.0151727,-26996.9,0.7,-33342.695
0.0181255,-31626.7,0.7,-39122.73
0.00802515,-38487.0,0.7,-45361.926
0.000404502,-18948.5,0.7,-48152.715
0.00130308,-77323.1,0.7,-83212.87
0.000708288,-43134.4,0.7,-61815.12
0.000809472,-53992.8,0.7,-66038.91
0.0003879,-14680.0,0.7,-47374.19
0.000910656,-61039.1,0.7,-70053.36
0.0314402,-89660.5,0.7,-90384.61
0.0318653,-93965.4,0.7,-91692.984
0.0300531,-80321.9,0.7,-82665.68
0.0297195,-78386.4,0.7,-80005.35
0.0340893,-108833.0,0.7,-97902.414
0.0352452,-115940.0,0.7,-104376.664
0.034851,-114466.0,0.7,-101880.43
0.0357347,-113853.0,0.7,-107771.47
0.0223534,-37971.5,0.7,-68915.414
0.0243138,-40264.4,0.7,-70081.17
0.0264375,-53085.1,0.7,-61847.555
0.0201754,-37286.3,0.7,-50217.18
0.027775,-63214.1,0.7,-64628.11
0.00316,-89816.4,0.7,-86331.766
0.00350885,-94653.2,0.7,-80208.85
0.0173511,-32977.6,0.7,-38036.9
0.013584,-30856.3,0.7,-26898.57
0.0099357,-33815.8,0.7,-33461.562
0.00546393,-65049.0,0.7,-54939.67
0.00685838,-43365.4,0.7,-49680.516
0.0,-5766.44,0.7,-28776.81
0.000830552,-63292.5,0.7,-66893.28
0.000347747,-22683.8,0.7,-45481.44
0.000362636,-16385.9,0.7,-46184.758
0.0292992,-76017.5,0.7,-76397.6
0.0341783,-108658.0,0.7,-98302.99
0.0338413,-106611.0,0.7,-96877.945
0.0370782,-127439.0,0.7,-117570.766
0.0371193,-124661.0,0.7,-117859.34
0.00409795,-95905.1,0.7,-69955.766
0.00128061,-80342.3,0.7,-82575.11
0.00204898,-89605.5,0.7,-95398.36
0.00232027,-90613.2,0.7,-95620.82
0.0160704,-38486.1,0.7,-36162.957
0.0195025,-37297.5,0.7,-44953.758
0.0121354,-32714.0,0.7,-24519.086
0.0081959,-40486.3,0.7,-44506.96
0.0,-5432.63,0.7,-28776.81
0.000614297,-59365.5,0.7,-57727.652
0.000404736,-36379.9,0.7,-48163.773
0.000455328,-42957.4,0.7,-50519.973
0.000292154,-25738.8,0.7,-42840.977
0.0,-4173.47,0.7,-28776.81
0.000432491,-45684.8,0.7,-49459.586
0.0336649,-104031.0,0.7,-96229.21
0.0313684,-89528.2,0.7,-90123.61
0.0309996,-87766.1,0.7,-88560.9
0.036051,-121929.0,0.7,-110072.664
0.0363253,-124277.0,0.7,-112097.17
0.0368759,-127861.0,0.7,-116130.04
0.0383255,-130090.0,0.7,-125447.44
0.0234378,-43549.9,0.7,-71927.83
0.0214299,-39582.1,0.7,-61962.953
0.0255002,-53899.3,0.7,-64698.3
0.0287214,-73564.0,0.7,-71375.58
0.00263746,-91783.7,0.7,-93545.805
0.00267236,-99795.7,0.7,-93189.05
0.0186825,-42257.6,0.7,-40694.176
0.0143467,-37487.3,0.7,-29914.834
0.0110848,-34533.0,0.7,-27056.307
0.0094834,-36354.6,0.7,-36505.043
0.00580543,-52776.7,0.7,-53144.027
0.00461019,-85782.4,0.7,-62646.566
0.00705965,-43366.8,0.7,-49084.125
0.000383567,-47530.4,0.7,-47170.59
0.0,-9621.08,0.7,-28776.81
0.0,-6971.9,0.7,-28776.81
0.0332398,-100853.0,0.7,-94912.06
0.0306717,-86980.9,0.7,-86828.74
0.0355794,-117953.0,0.7,-106667.07
0.0355158,-116328.0,0.7,-106221.29
0.0389453,-142342.0,0.7,-128557.12
0.0392609,-142308.0,0.7,-129938.87
0.0275928,-69011.4,0.7,-63721.582
0.00241222,-93678.7,0.7,-95254.766
0.00339057,-106931.0,0.7,-82331.84
0.00117723,-82224.6,0.7,-79450.3
0.0014637,-90107.6,0.7,-87324.09
0.000487431,-56463.7,0.7,-52001.13
0.00198457,-93400.5,0.7,-95035.586
0.0178273,-44382.5,0.7,-38604.6
0.0208101,-44937.8,0.7,-56121.94
0.0162981,-42115.9,0.7,-36653.06
0.0131631,-35578.1,0.7,-25619.85
0.00804104,-42233.3,0.7,-45284.98
0.0,-23735.5,0.7,-28776.81
0.0,-18167.7,0.7,-28776.81
0.0,-14521.7,0.7,-28776.81
0.0,-19737.7,0.7,-28776.81
0.0,-21599.3,0.7,-28776.81
0.0354644,-114417.0,0.7,-105864.06
0.0329909,-99481.9,0.7,-94272.85
0.0327272,-98806.5,0.7,-93666.08
0.0381648,-136500.0,0.7,-124550.25
0.0369812,-126682.0,0.7,-116883.85
0.0384808,-139452.0,0.7,-126278.46
0.0409669,-152674.0,0.7,-135818.58
0.0246544,-55936.5,0.7,-68662.41
0.0227214,-48628.9,0.7,-70645.09
0.0267341,-66769.6,0.7,-61683.04
0.0296092,-82155.7,0.7,-79079.125
0.00171761,-97110.0,0.7,-92163.44
0.00226789,-102970.0,0.7,-95734.164
0.000713407,-68247.3,0.7,-62033.434
0.0,-24204.5,0.7,-28776.81
0.0199531,-47044.8,0.7,-48327.758
0.015368,-39535.5,0.7,-34066.832
0.00987719,-37771.0,0.7,-33848.473
0.0119691,-36350.2,0.7,-24666.197
0.00614693,-49652.2,0.7,-51808.844
0.00501999,-71510.3,0.7,-58281.39
0.00398542,-102260.0,0.7,-71805.52
0.0350393,-111935.0,0.7,-103040.99
0.0326986,-99799.2,0.7,-93603.08
0.0368131,-124857.0,0.7,-115676.86
0.0376891,-129621.0,0.7,-121678.35
0.0381625,-135269.0,0.7,-124537.17
0.0406376,-156455.0,0.7,-134816.72
0.0409001,-157897.0,0.7,-135617.77
0.041284,-159163.0,0.7,-136760.06
0.028987,-80192.8,0.7,-73657.74
0.031348,-92244.2,0.7,-90047.05
0.00171794,-95341.6,0.7,-92168.375
0.00168776,-100973.0,0.7,-91701.72
0.00251995,-106941.0,0.7,-94572.625
0.000682992,-69739.7,0.7,-60729.68
0.000764076,-74659.2,0.7,-64168.23
0.00132626,-93224.6,0.7,-83854.93
0.0,-24598.1,0.7,-28776.81
0.000310677,-49492.5,0.7,-43723.01
0.017858,-44250.3,0.7,-38650.25
0.0219757,-50702.0,0.7,-66459.74
0.0141062,-37687.8,0.7,-28904.096
0.00862719,-43391.4,0.7,-42086.004
0.00297633,-113198.0,0.7,-89253.664
0.00682992,-47495.2,0.7,-49762.418
0.037264,-126966.0,0.7,-118862.9
0.0348399,-111080.0,0.7,-101813.99
0.0347581,-111625.0,0.7,-101331.516
0.0403809,-153687.0,0.7,-134007.75
0.0401657,-150235.0,0.7,-133303.31
0.0384779,-135857.0,0.7,-126263.26
0.042958,-171780.0,0.7,-141951.77
0.0237709,-55873.1,0.7,-71611.57
0.0257618,-64225.8,0.7,-63623.027
0.0279006,-74777.5,0.7,-65340.176
0.0309842,-91167.3,0.7,-88487.0
0.00106928,-90752.5,0.7,-75866.63
0.00122528,-97921.9,0.7,-80941.125
0.00137303,-103081.0,0.7,-85100.875
0.00181884,-106306.0,0.7,-93517.01
0.000341496,-53391.6,0.7,-45185.523
0.000743118,-77315.5,0.7,-63291.14
0.0201308,-48963.2,0.7,-49827.984
0.0215455,-51225.0,0.7,-62988.05
0.0164423,-42275.6,0.7,-36917.543
0.0107595,-39352.0,0.7,-28563.387
0.0128918,-39028.0,0.7,-25020.115
0.00443945,-85010.4,0.7,-64860.95
0.00331996,-114871.0,0.7,-83582.85
0.00512601,-64105.4,0.7,-57361.883
0.0368388,-124426.0,0.7,-115862.61
0.0327764,-101013.0,0.7,-93775.36
0.0346054,-111904.0,0.7,-100465.76
0.039399,-143020.0,0.7,-130504.97
0.0401105,-148493.0,0.7,-133117.94
0.0425034,-172001.0,0.7,-140426.69
0.042516,-172682.0,0.7,-140467.03
0.0428017,-173119.0,0.7,-141408.81
0.0431707,-168361.0,0.7,-142731.8
0.0299686,-86076.8,0.7,-82015.03
0.0308912,-91047.0,0.7,-88025.336
0.000910656,-90066.5,0.7,-70053.36
0.00103583,-97065.1,0.7,-74692.99
0.00204898,-110724.0,0.7,-95398.36
0.000356233,-55676.3,0.7,-45882.516
0.000358966,-58882.3,0.7,-46011.562
0.000804622,-83399.1,0.7,-65841.05
0.0,-25266.9,0.7,-28776.81
0.0187642,-47531.9,0.7,-41007.625
0.0230019,-54542.6,0.7,-71479.53
0.0151557,-41315.4,0.7,-33277.305
0.00688011,-48525.9,0.7,-49617.555
0.0092799,-44763.5,0.7,-37883.56
0.00251551,-116163.0,0.7,-94605.85
0.00525722,-59754.6,0.7,-56333.74
0.0390635,-140612.0,0.7,-129089.625
0.0368272,-124833.0,0.7,-115778.83
0.0369321,-126650.0,0.7,-116533.36
0.0396449,-145353.0,0.7,-131461.31
0.042333,-168935.0,0.7,-139890.06
0.0420324,-164444.0,0.7,-138972.53
0.04026,-149523.0,0.7,-133615.36
0.0446502,-187369.0,0.7,-150568.88
0.0448145,-181949.0,0.7,-151827.06
0.0248288,-61604.0,0.7,-67856.38
0.0269945,-70717.8,0.7,-61900.05
0.0291022,-80604.6,0.7,-74666.67
0.0324293,-99661.5,0.7,-93019.945
0.000455328,-71181.8,0.7,-50519.973
0.000832296,-90613.4,0.7,-66963.65
0.000629025,-84434.3,0.7,-58377.668
0.00119524,-104916.0,0.7,-80016.766
0.00133245,-109151.0,0.7,-84023.74
0.0,-26415.1,0.7,-28776.81
0.0,-30987.4,0.7,-28776.81
0.000398412,-62050.9,0.7,-47867.47
0.0220171,-54228.8,0.7,-66759.04
0.0206935,-52708.7,0.7,-55004.312
0.0232758,-56916.9,0.7,-71879.96
0.0172713,-46415.9,0.7,-37955.746
0.011791,-43105.8,0.7,-24931.543
0.0138334,-43300.8,0.7,-27812.592
0.00741095,-49140.1,0.7,-47927.734
0.00387079,-103166.0,0.7,-73759.58
0.00234229,-119295.0,0.7,-95552.19
0.00421178,-87496.8,0.7,-68165.09
0.0389497,-139942.0,0.7,-128577.266
0.034335,-110552.0,0.7,-99050.74
0.0363797,-122433.0,0.7,-112499.35
0.0414444,-158677.0,0.7,-137232.19
0.0412222,-156582.0,0.7,-136577.58
0.0419137,-162608.0,0.7,-138617.36
0.0444275,-187017.0,0.7,-149012.98
0.0442929,-187138.0,0.7,-148151.02
0.0439846,-184529.0,0.7,-146377.27
0.0318898,-96376.7,0.7,-91757.97
0.0310406,-90531.9,0.7,-88754.125
0.000455328,-68936.6,0.7,-50519.973
0.000455328,-72919.5,0.7,-50519.973
0.000469127,-76602.0,0.7,-51157.98
0.000877873,-97194.0,0.7,-68777.2
0.00179285,-115377.0,0.7,-93200.64
0.00131496,-112290.0,0.7,-83543.945
0.0,-27760.9,0.7,-28776.81
0.0194305,-52217.0,0.7,-44479.406
0.0157114,-48427.6,0.7,-35199.516
0.0057874,-55639.0,0.7,-53225.46
0.00985424,-48024.6,0.7,-34001.0
0.00788475,-55853.8,0.7,-46018.055
0.00302932,-121588.0,0.7,-88443.5
0.00353392,-107970.0,0.7,-79756.766
0.0410931,-155684.0,0.7,-136195.16
0.038892,-140072.0,0.7,-128310.945
0.03833,-134735.0,0.7,-125471.96
0.0416007,-160509.0,0.7,-137691.84
0.044192,-183395.0,0.7,-147541.0
0.0438962,-179879.0,0.7,-145915.39
0.0467265,-197981.0,0.7,-173323.89
0.0455892,-197313.0,0.7,-159117.84
0.0264253,-68402.3,0.7,-61863.2
0.0281001,-75379.5,0.7,-66605.48
0.030047,-84215.5,0.7,-82619.32
0.0336995,-106391.0,0.7,-96351.35
0.0,-31891.3,0.7,-28776.81
0.0,-32918.4,0.7,-28776.81
0.000409337,-76382.9,0.7,-48379.062
0.0,-34862.3,0.7,-28776.81
0.000709925,-93137.9,0.7,-61884.97
0.000795984,-97940.8,0.7,-65487.414
0.000812686,-101767.0,0.7,-66169.8
0.0,-25010.7,0.7,-28776.81
0.0,-30083.1,0.7,-28776.81
0.0224935,-58871.6,0.7,-69656.05
0.0236279,-60208.5,0.7,-71812.984
0.0211511,-56987.3,0.7,-59383.79
0.0250501,-63802.4,0.7,-66798.52
0.0180387,-53558.4,0.7,-38953.336
0.0137167,-48183.0,0.7,-27372.994
0.00427876,-76228.2,0.7,-67153.09
0.00587143,-60565.3,0.7,-52856.32
0.0120267,-47742.7,0.7,-24604.268
0.0031873,-120530.0,0.7,-85873.45
0.00217536,-123771.0,0.7,-95756.17
0.0014057,-119204.0,0.7,-85931.43
0.0411167,-155531.0,0.7,-136265.25
0.0390246,-140494.0,0.7,-128916.305
0.0357761,-117644.0,0.7,-108069.25
0.0377146,-128495.0,0.7,-121840.21
0.0433877,-173696.0,0.7,-143587.81
0.0434507,-175289.0,0.7,-143849.67
0.043408,-172936.0,0.7,-143671.39
0.04368,-177900.0,0.7,-144862.33
0.0461457,-200958.0,0.7,-165677.02
0.046354,-203637.0,0.7,-168354.22
0.0466831,-204306.0,0.7,-172737.53
0.0329141,-100565.0,0.7,-94090.16
0.0322827,-94918.0,0.7,-92699.23
0.0,-33912.8,0.7,-28776.81
0.0,-35111.0,0.7,-28776.81
0.00120892,-115443.0,0.7,-80440.98
0.000791833,-104408.0,0.7,-65316.938
0.0201503,-58929.1,0.7,-49997.574
0.0168568,-58609.1,0.7,-37512.02
0.0150282,-54552.0,0.7,-32776.42
0.00460971,-66874.7,0.7,-62652.5
0.00830515,-64825.2,0.7,-43927.984
0.0105956,-50032.4,0.7,-29429.816
0.00658684,-62872.8,0.7,-50455.52
0.00260627,-129425.0,0.7,-93845.17
0.00290763,-128514.0,0.7,-90256.44
0.0433643,-172066.0,0.7,-143492.05
0.0410499,-153916.0,0.7,-136066.56
0.0404692,-148741.0,0.7,-134289.4
0.0397746,-141560.0,0.7,-131941.39
0.0460088,-199130.0,0.7,-163975.36
0.0458763,-198262.0,0.7,-162379.61
0.0489005,-220925.0,0.7,-196426.66
0.0475705,-213346.0,0.7,-184465.61
0.0270044,-71212.1,0.7,-61915.137
0.0289174,-78779.0,0.7,-73052.16
0.0310474,-86996.7,0.7,-88785.66
0.0346475,-109998.0,0.7,-100699.87
0.0,-35564.6,0.7,-28776.81
0.000341496,-74574.0,0.7,-45185.523
0.000384115,-78750.2,0.7,-47196.367
0.000379701,-81936.4,0.7,-46988.742
0.0226396,-63609.0,0.7,-70321.58
0.0242564,-64199.3,0.7,-70291.79
0.0251982,-65572.2,0.7,-66088.78
0.018812,-63444.6,0.7,-41201.86
0.0136154,-52165.4,0.7,-27008.236
0.00349804,-96995.9,0.7,-80403.67
0.00456345,-68487.3,0.7,-63229.62
0.0125872,-51514.1,0.7,-24597.295
0.00507364,-60968.1,0.7,-57805.887
0.00201413,-128097.0,0.7,-95217.52
0.00136598,-125084.0,0.7,-84917.37
0.000793215,-106199.0,0.7,-65373.676
0.00242664,-136043.0,0.7,-95178.8
0.0434599,-172540.0,0.7,-143888.47
0.0369282,-121456.0,0.7,-116505.42
0.0387943,-130937.0,0.7,-127849.695
0.0454448,-191312.0,0.7,-157587.44
0.0450427,-188410.0,0.7,-153738.88
0.0458174,-197428.0,0.7,-161687.9
0.0457554,-193002.0,0.7,-160971.98
0.0474722,-212523.0,0.7,-183237.7
0.0480916,-216617.0,0.7,-190336.3
0.048854,-206844.0,0.7,-196194.0
0.0339142,-103931.0,0.7,-97165.164
0.0331061,-95287.4,0.7,-94558.81
0.000375633,-84470.4,0.7,-46797.395
0.0210126,-68911.1,0.7,-58065.793
0.0159408,-61199.1,0.7,-35842.293
0.0176523,-67462.2,0.7,-38370.207
0.0143281,-56328.8,0.7,-29835.709
0.00371873,-76272.2,0.7,-76434.88
0.00616673,-59841.6,0.7,-51741.484
0.00961456,-52453.6,0.7,-35614.23
0.0116857,-43328.4,0.7,-25140.777
0.00537789,-53430.2,0.7,-55488.246
0.000634207,-102474.0,0.7,-58605.5
0.00170748,-134777.0,0.7,-92009.945
0.00208427,-143789.0,0.7,-95544.72
0.00259939,-143774.0,0.7,-93908.695
0.0449804,-185807.0,0.7,-153197.69
0.0428052,-165296.0,0.7,-141420.61
0.0421231,-157112.0,0.7,-139246.2
0.0413969,-147581.0,0.7,-137092.53
0.0480058,-216552.0,0.7,-189457.28
0.0478495,-215979.0,0.7,-187760.3
0.0479547,-216719.0,0.7,-188915.61
0.0495869,-228210.0,0.7,-198167.47
0.0511389,-231126.0,0.7,-194056.31
0.0280047,-75229.3,0.7,-65980.77
0.0264029,-70285.8,0.7,-61893.777
0.0298265,-80805.3,0.7,-80884.04
0.0342693,-103319.0,0.7,-98730.67
0.0323414,-87949.3,0.7,-92828.74
0.0354573,-111645.0,0.7,-105815.05
0.0,-37129.9,0.7,-28776.81
0.0,-38838.1,0.7,-28776.81
0.0,-41155.0,0.7,-28776.81
0.0249601,-68468.3,0.7,-67231.016
0.023724,-74143.3,0.7,-71688.12
0.0193954,-73943.6,0.7,-44255.035
0.00287401,-120744.0,0.7,-90725.75
0.00395537,-67612.6,0.7,-72311.51
0.00754345,-62425.7,0.7,-47438.785
0.0135872,-48717.4,0.7,-26909.701
0.00418146,-61854.2,0.7,-68633.52
0.00121653,-129763.0,0.7,-80674.586
0.000682992,-110915.0,0.7,-60729.68
0.000342994,-85707.0,0.7,-45256.51
0.00162642,-141340.0,0.7,-90663.016
0.00206312,-150477.0,0.7,-95461.42
0.0457288,-192073.0,0.7,-160668.8
0.0450771,-183883.0,0.7,-154044.11
0.0371923,-120319.0,0.7,-118368.13
0.0405629,-136370.0,0.7,-134584.33
0.0472904,-208532.0,0.7,-180896.19
0.0474992,-209294.0,0.7,-183577.95
0.0466254,-201330.0,0.7,-171959.83
0.0481181,-217208.0,0.7,-190599.83
0.0487447,-221935.0,0.7,-195588.5
0.0500575,-229334.0,0.7,-197736.95
0.0512411,-242391.0,0.7,-193667.3
0.0351753,-103864.0,0.7,-103916.016
0.0342799,-95385.6,0.7,-98781.69
0.0,-44286.9,0.7,-28776.81
0.0216386,-80024.8,0.7,-63788.965
0.0150249,-57092.2,0.7,-32763.229
0.0164846,-58830.5,0.7,-36988.81
0.0184239,-64204.7,0.7,-39849.863
0.00304997,-96309.2,0.7,-88119.97
0.00467814,-48663.8,0.7,-61830.46
0.00583793,-52157.3,0.7,-53000.227
0.00880439,-41579.0,0.7,-40996.33
0.0107836,-36467.6,0.7,-28441.713
0.0127836,-32126.8,0.7,-24837.97
0.0,-45842.2,0.7,-28776.81
0.0,-45654.3,0.7,-28776.81
0.000948882,-130597.0,0.7,-71510.29
0.00108665,-138878.0,0.7,-76464.66
0.00138051,-147573.0,0.7,-85293.88
0.00209632,-158693.0,0.7,-95586.38
0.00185953,-159003.0,0.7,-93969.27
0.0445385,-175644.0,0.7,-149767.55
0.0382333,-122842.0,0.7,-124937.266
0.043826,-164703.0,0.7,-145561.88
0.0430297,-152738.0,0.7,-142208.98
0.048255,-214091.0,0.7,-191898.02
0.0495506,-227051.0,0.7,-198151.0
0.0499179,-228338.0,0.7,-197979.33
0.0503867,-231174.0,0.7,-196865.4
0.0518581,-241750.0,0.7,-191731.72
0.0531674,-250693.0,0.7,-191984.72
0.0282872,-75717.3,0.7,-67925.77
0.030361,-80916.7,0.7,-84878.22
0.0363846,-113013.0,0.7,-112535.52
0.0336729,-89883.9,0.7,-96257.24
0.0269438,-72712.1,0.7,-61830.43
0.0257938,-73199.9,0.7,-63503.215
0.023926,-79365.0,0.7,-71289.945
0.0202214,-76764.3,0.7,-50623.316
0.00223976,-149436.0,0.7,-95765.305
0.00317889,-83844.4,0.7,-86015.164
0.00496485,-43044.3,0.7,-58792.45
0.0069284,-36543.6,0.7,-49476.664
0.0147836,-38764.1,0.7,-31773.24
0.00330012,-70085.7,0.7,-83931.1
0.000640629,-113544.0,0.7,-58887.355
0.0,-47907.6,0.7,-28776.81
0.000939454,-142323.0,0.7,-71154.15
0.00146463,-155097.0,0.7,-87345.6
0.0476014,-207474.0,0.7,-184845.1
0.0467726,-199107.0,0.7,-173947.84
0.0467176,-196473.0,0.7,-173203.58
0.0424302,-140952.0,0.7,-140194.36
0.0394852,-124262.0,0.7,-130847.555
0.0488283,-220033.0,0.7,-196059.02
0.0491083,-221278.0,0.7,-197284.67
0.0497445,-226177.0,0.7,-198150.94
0.0484147,-214188.0,0.7,-193271.25
0.0520168,-238883.0,0.7,-191406.97
0.0517596,-236528.0,0.7,-191975.17
0.0533891,-255644.0,0.7,-192698.27
0.0531901,-232989.0,0.7,-192049.36
0.0322191,-85315.0,0.7,-92556.83
0.0362183,-102602.0,0.7,-111306.2
0.0373119,-113445.0,0.7,-119190.43
0.0351863,-94514.8,0.7,-103988.03
0.0256858,-82685.8,0.7,-63918.83
0.0215449,-66698.4,0.7,-62982.82
0.0167836,-43569.7,0.7,-37421.957
0.0199163,-57794.0,0.7,-48027.93
0.00233305,-134942.0,0.7,-95582.42
0.00385006,-42453.5,0.7,-74119.36
0.00409748,-49706.2,0.7,-69963.27
0.00526116,-45935.4,0.7,-56304.668
0.00749875,-54340.6,0.7,-47607.434
0.00954512,-54921.3,0.7,-36085.59
0.0115722,-38766.9,0.7,-25409.482
0.013641,-40628.7,0.7,-27098.834
0.000506447,-113472.0,0.7,-52872.785
0.000451755,-105812.0,0.7,-50354.45
0.000529322,-120426.0,0.7,-53915.586
0.00074904,-138104.0,0.7,-63539.79
0.00093612,-147122.0,0.7,-71027.74
0.00154253,-169917.0,0.7,-89047.05
0.00134136,-166074.0,0.7,-84264.47
0.00112408,-156307.0,0.7,-77725.55
0.0464775,-192674.0,0.7,-169981.9
0.0458125,-183294.0,0.7,-161630.9
0.0452012,-169569.0,0.7,-155182.42
0.0449215,-160708.0,0.7,-152699.4
0.0503394,-228516.0,0.7,-197012.31
0.0500148,-225081.0,0.7,-197820.28
0.0518372,-237072.0,0.7,-191780.83
0.0537903,-248901.0,0.7,-194433.23
0.0550044,-248521.0,0.7,-203257.4
0.0553364,-265430.0,0.7,-206810.94
0.0287166,-77327.2,0.7,-71335.16
0.0306819,-82269.2,0.7,-86887.76
0.0339865,-89304.9,0.7,-97461.445
0.0272665,-78148.3,0.7,-62501.176
0.0227836,-51505.8,0.7,-70867.06
0.0260928,-84024.5,0.7,-62538.58
0.0187836,-46672.5,0.7,-41085.477
0.00164949,-171306.0,0.7,-91067.86
0.00238187,-118929.0,0.7,-95398.45
0.00558302,-45682.4,0.7,-54248.61
0.015611,-53226.0,0.7,-34888.61
0.00280935,-73319.1,0.7,-91584.445
0.0,-50556.3,0.7,-28776.81
0.000417501,-117671.0,0.7,-48760.594
0.049577,-221021.0,0.7,-198163.69
0.0487381,-213652.0,0.7,-195549.22
0.0485506,-210315.0,0.7,-194312.84
0.0456872,-178572.0,0.7,-160199.48
0.0451115,-154651.0,0.7,-154353.77
0.0410347,-124631.0,0.7,-136021.14
0.0385491,-111109.0,0.7,-126632.8
0.0502968,-228580.0,0.7,-197139.14
0.0519225,-236046.0,0.7,-191589.47
0.0540833,-244502.0,0.7,-196045.25
0.0551323,-261418.0,0.7,-204565.33
0.0326915,-86471.9,0.7,-93587.53
0.0371222,-100810.0,0.7,-117879.63
0.0359012,-94125.9,0.7,-108975.97
0.0272116,-88326.6,0.7,-62348.926
0.0247836,-56411.7,0.7,-68068.64
0.0207836,-51717.5,0.7,-55867.52
0.0174901,-65221.7,0.7,-38183.21
0.00152858,-169210.0,0.7,-88756.57
0.00221763,-118799.0,0.7,-95775.02
0.00317104,-51918.3,0.7,-86147.09
0.00386828,-62865.7,0.7,-73803.01
0.00425134,-63914.9,0.7,-67563.516
0.0063362,-68243.1,0.7,-51195.21
0.00785996,-79619.7,0.7,-46129.453
0.0110026,-43993.2,0.7,-27408.541
0.0126243,-39505.8,0.7,-24633.557
0.0146427,-52623.1,0.7,-31178.162
0.0,-51653.7,0.7,-28776.81
0.0,-53429.7,0.7,-28776.81
0.0,-55007.4,0.7,-28776.81
0.000321958,-111500.0,0.7,-44259.133
0.000406164,-120561.0,0.7,-48230.6
0.00050816,-130826.0,0.7,-52951.164
0.000869718,-169425.0,0.7,-68456.04
0.00119107,-172970.0,0.7,-79886.484
0.000520042,-140184.0,0.7,-53493.37
0.0481633,-203988.0,0.7,-191040.39
0.0477742,-195708.0,0.7,-186902.08
0.047013,-178305.0,0.7,-177201.6
0.047385,-187504.0,0.7,-182124.94
0.0436491,-139076.0,0.7,-144719.95
0.0467435,-169328.0,0.7,-173553.9
0.0521189,-236527.0,0.7,-191245.12
0.0520884,-236685.0,0.7,-191289.48
0.0517115,-233183.0,0.7,-192104.67
0.0540315,-243609.0,0.7,-195739.0
0.0538441,-243743.0,0.7,-194707.44
0.0561376,-256999.0,0.7,-216532.95
0.0567292,-270506.0,0.7,-223017.28
0.0289928,-87093.0,0.7,-73708.3
0.0315106,-96049.6,0.7,-90628.17
0.0345823,-91226.9,0.7,-100338.84
0.0230461,-72619.5,0.7,-71571.76
0.0267836,-57269.5,0.7,-61697.586
0.0280435,-87725.3,0.7,-66230.63
0.0191966,-73841.0,0.7,-43071.066
0.0011633,-175197.0,0.7,-79005.92
0.00156051,-161424.0,0.7,-89412.414
0.00277765,-74818.2,0.7,-91982.945
0.00317266,-72613.5,0.7,-86119.87
0.0041749,-61562.1,0.7,-68735.734
0.00490459,-49928.0,0.7,-59377.473
0.00897938,-69674.0,0.7,-39877.305
0.0165159,-67344.4,0.7,-37039.867
0.00237276,-88052.3,0.7,-95437.26
0.00196012,-123177.0,0.7,-94864.99
0.0,-58151.8,0.7,-28776.81
0.0511571,-227850.0,0.7,-193986.27
0.0507009,-222647.0,0.7,-195760.84
0.0500169,-217056.0,0.7,-197816.34
0.0458512,-152606.0,0.7,-162083.52
0.0470158,-164006.0,0.7,-177239.34
0.0423943,-124821.0,0.7,-140081.5
0.0402282,-113706.0,0.7,-133510.88
0.0537226,-242433.0,0.7,-194101.88
0.0564538,-250062.0,0.7,-220134.97
0.0571833,-272559.0,0.7,-226935.61
0.0333583,-95682.4,0.7,-95247.46
0.0381968,-100604.0,0.7,-124731.96
0.0387449,-106127.0,0.7,-127611.43
0.0366782,-99916.4,0.7,-114695.71
0.0257155,-74142.2,0.7,-63801.37
0.0213049,-81081.9,0.7,-60822.4
0.0180413,-72737.0,0.7,-38958.15
0.000781604,-176560.0,0.7,-64895.375
0.000912529,-174520.0,0.7,-70125.53
0.00145636,-157537.0,0.7,-87153.66
0.00312694,-82482.9,0.7,-86879.61
0.0027359,-67092.1,0.7,-92483.48
0.00349376,-83124.7,0.7,-80480.84
0.00561343,-54026.3,0.7,-54084.098
0.00719657,-78874.9,0.7,-48654.598
0.0106111,-48949.1,0.7,-29345.05
0.0126836,-39622.8,0.7,-24700.521
0.0167019,-60796.5,0.7,-37314.797
0.0,-60513.8,0.7,-28776.81
0.0,-61919.3,0.7,-28776.81
0.0,-61407.6,0.7,-28776.81
0.000789339,-175778.0,0.7,-65214.336
0.000317019,-138722.0,0.7,-44024.5
0.0501308,-212514.0,0.7,-197576.48
0.0495505,-202598.0,0.7,-198150.89
0.0490034,-186001.0,0.7,-196888.56
0.0488747,-192731.0,0.7,-196299.38
0.0451424,-137446.0,0.7,-154635.83
0.0486314,-175279.0,0.7,-194874.67
0.0542072,-243285.0,0.7,-196815.9
0.0538309,-242612.0,0.7,-194639.28
0.0535516,-237972.0,0.7,-193334.12
0.0559166,-249597.0,0.7,-213857.33
0.055069,-247711.0,0.7,-203908.08
0.0579614,-269549.0,0.7,-227893.2
0.0198001,-75676.3,0.7,-47107.93
0.0299349,-91700.3,0.7,-81750.82
0.0331793,-96562.7,0.7,-94749.12
0.0348783,-101572.0,0.7,-102044.79
0.0248093,-86268.9,0.7,-67948.2
0.0230043,-83041.6,0.7,-71484.73
0.0287836,-60083.2,0.7,-71902.02
0.0277155,-75862.2,0.7,-64315.164
0.000935699,-170564.0,0.7,-71011.78
0.00212058,-86056.9,0.7,-95657.53
0.00190452,-100996.0,0.7,-94408.734
0.0037187,-87036.0,0.7,-76435.4
0.00307332,-103500.0,0.7,-87749.24
0.00420903,-81481.6,0.7,-68207.32
0.00813648,-70076.8,0.7,-44811.562
0.0149442,-45715.8,0.7,-32437.377
0.00165029,-123355.0,0.7,-91081.6
0.00125433,-150132.0,0.7,-81810.25
0.0,-60889.3,0.7,-28776.81
0.000365169,-149028.0,0.7,-46304.26
0.0,-68267.6,0.7,-28776.81
0.0530388,-231354.0,0.7,-191655.77
0.0520291,-223645.0,0.7,-191385.53
0.0481152,-163246.0,0.7,-190571.25
0.0468708,-150471.0,0.7,-175278.33
0.0413318,-112782.0,0.7,-136900.92
0.0437538,-121637.0,0.7,-145210.1
0.0397551,-107414.0,0.7,-131870.27
0.0555043,-247577.0,0.7,-208783.23
0.0583202,-260587.0,0.7,-225391.62
0.0577647,-252849.0,0.7,-228541.25
0.0127348,-36418.9,0.7,-24767.025
0.0185436,-67461.3,0.7,-40213.758
0.0317166,-91763.6,0.7,-91276.64
0.0389747,-103649.0,0.7,-128691.26
0.0365909,-91917.8,0.7,-114056.09
0.0266474,-88980.7,0.7,-61686.914
0.0212039,-77793.4,0.7,-59881.35
0.000365169,-156132.0,0.7,-46304.26
0.000408463,-157612.0,0.7,-48338.105
0.000412515,-159023.0,0.7,-48527.67
0.000860745,-163099.0,0.7,-68100.95
0.00198937,-87622.6,0.7,-95066.875
0.0026143,-106079.0,0.7,-93769.95
0.00181549,-62315.4,0.7,-93477.42
0.00618484,-57594.0,0.7,-51680.465
0.0049622,-62191.0,0.7,-58817.617
0.00949306,-62708.8,0.7,-36439.254
0.0172776,-59146.5,0.7,-37962.145
0.0,-69831.8,0.7,-28776.81
0.0519136,-216371.0,0.7,-191608.3
0.0512248,-203649.0,0.7,-193728.48
0.0510881,-191458.0,0.7,-194253.14
0.0478905,-141630.0,0.7,-188216.8
0.0505764,-174531.0,0.7,-196220.78
0.0463965,-127664.0,0.7,-168911.28
0.0558232,-246958.0,0.7,-212702.83
0.0556037,-246209.0,0.7,-209989.69
0.0556939,-240853.0,0.7,-211100.19
0.0564476,-251333.0,0.7,-220067.34
0.059282,-254769.0,0.7,-215642.72
0.0577446,-254063.0,0.7,-228573.08
0.011438,-41739.3,0.7,-25784.59
0.0205226,-74008.4,0.7,-53383.285
0.0307836,-60314.4,0.7,-87457.66
0.0347836,-69169.1,0.7,-101480.56
0.0327836,-59392.1,0.7,-93791.48
0.0402011,-104410.0,0.7,-133421.06
0.0381085,-104736.0,0.7,-124227.15
0.0250074,-85296.3,0.7,-67003.83
0.0225188,-79776.1,0.7,-69779.19
0.0299844,-81488.0,0.7,-82137.984
0.0286474,-93389.7,0.7,-70757.66
0.000311047,-150725.0,0.7,-43740.63
0.000411536,-155512.0,0.7,-48481.887
0.00135601,-103114.0,0.7,-84655.23
0.00118117,-118482.0,0.7,-79574.98
0.00138322,-89926.4,0.7,-85363.5
0.00308096,-129882.0,0.7,-87626.84
0.00270664,-136514.0,0.7,-92817.15
0.0022097,-135595.0,0.7,-95775.164
0.00394854,-107357.0,0.7,-72427.18
0.00658083,-58054.4,0.7,-50472.797
0.008068,-72362.5,0.7,-45153.246
0.013395,-35252.9,0.7,-26277.893
0.0167577,-53039.8,0.7,-37388.785
0.000929551,-139524.0,0.7,-70777.8
0.000755312,-151683.0,0.7,-63802.527
0.0,-72876.5,0.7,-28776.81
0.0547569,-231816.0,0.7,-200953.42
0.0539671,-224854.0,0.7,-195371.06
0.0493109,-155616.0,0.7,-197839.05
0.0424602,-109289.0,0.7,-140289.17
0.0451133,-115266.0,0.7,-154370.02
0.0561606,-247517.0,0.7,-216804.8
0.0577589,-252320.0,0.7,-228551.17
0.0595526,-255756.0,0.7,-213124.95
0.00988084,-63243.5,0.7,-33824.242
0.0192181,-67808.6,0.7,-43191.883
0.0405512,-106584.0,0.7,-134547.67
0.0397671,-102128.0,0.7,-131914.05
0.0387836,-73627.6,0.7,-127798.37
0.0367836,-62409.9,0.7,-115463.12
0.0275792,-90317.2,0.7,-63660.195
0.0,-76140.1,0.7,-28776.81
0.0,-79394.9,0.7,-28776.81
0.0,-82496.2,0.7,-28776.81
0.0,-84539.5,0.7,-28776.81
0.000412515,-147558.0,0.7,-48527.67
0.00186674,-122608.0,0.7,-94043.94
0.00115112,-63650.0,0.7,-78612.836
0.00109718,-53987.2,0.7,-76823.16
0.00333009,-129168.0,0.7,-83404.48
0.00476641,-74597.0,0.7,-60825.664
0.00532675,-55794.3,0.7,-55835.39
0.00850205,-77532.6,0.7,-42824.453
0.0154444,-42296.9,0.7,-34335.316
0.0184876,-62048.3,0.7,-40037.953
0.0537526,-217626.0,0.7,-194246.8
0.053533,-207692.0,0.7,-193256.55
0.0530523,-193318.0,0.7,-191687.3
0.0502125,-145318.0,0.7,-197373.23
0.0489097,-131245.0,0.7,-196470.92
0.0512294,-160595.0,0.7,-193711.16
0.0477742,-118969.0,0.7,-186902.08
0.0576783,-249553.0,0.7,-228632.72
0.0572886,-248668.0,0.7,-227583.48
0.0572325,-248235.0,0.7,-227254.55
0.0575238,-238527.0,0.7,-228495.45
0.0595646,-256059.0,0.7,-213017.78
0.0072384,-71868.6,0.7,-48518.465
0.011722,-41354.1,0.7,-25064.2
0.021548,-75342.4,0.7,-63009.844
0.0172789,-51506.9,0.7,-37963.406
0.0162946,-44605.6,0.7,-36646.17
0.022694,-77103.9,0.7,-70540.695
0.0211303,-71188.7,0.7,-59186.973
0.0222786,-75274.5,0.7,-68480.414
0.0242005,-81721.1,0.7,-70487.21
0.0234107,-79524.5,0.7,-71929.29
0.0129416,-35840.8,0.7,-25115.273
0.0142194,-34832.4,0.7,-29375.947
0.0154239,-39127.2,0.7,-34264.117
0.0182943,-57032.8,0.7,-39504.387
0.0189434,-62069.2,0.7,-41778.547
0.0171132,-49947.1,0.7,-37794.805
0.0168745,-48151.6,0.7,-37533.03
0.0183585,-57711.7,0.7,-39669.484
0.0149494,-36890.8,0.7,-32458.559
0.0126821,-36213.3,0.7,-24698.66
0.0192917,-58672.4,0.7,-43618.95
0.0201777,-65814.8,0.7,-50237.348
0.018014,-53127.7,0.7,-38908.117
0.0218719,-71461.9,0.7,-65679.89
0.0223207,-74947.1,0.7,-68728.51
0.0169161,-44134.1,0.7,-37581.383
0.0202342,-66588.8,0.7,-50737.22
0.0184533,-57209.8,0.7,-39935.074
0.0217438,-73932.6,0.7,-64663.723
0.0238271,-79590.7,0.7,-71507.06
0.0237543,-76936.3,0.7,-71639.76
0.0216053,-72969.1,0.7,-63505.227
0.0235724,-80470.5,0.7,-71865.01
0.031758,-73992.9,0.7,-91396.52
0.033485,-84965.1,0.7,-95632.09
0.0358653,-90045.9,0.7,-108714.805
0.0264154,-87249.5,0.7,-61876.46
0.0239255,-81619.9,0.7,-71291.1
0.0303071,-96653.6,0.7,-84510.09
0.029646,-94458.7,0.7,-79390.32
0.0,-81115.7,0.7,-28776.81
0.000920092,-101437.0,0.7,-70416.234
0.000766307,-105845.0,0.7,-64261.125
0.00049688,-113090.0,0.7,-52434.8
0.00120506,-104563.0,0.7,-80321.77
0.000915568,-89901.2,0.7,-70242.45
0.00237296,-156259.0,0.7,-95436.46
0.00214835,-154538.0,0.7,-95718.14
0.00184609,-159507.0,0.7,-93825.64
0.00131529,-147338.0,0.7,-83553.086
0.00293847,-145725.0,0.7,-89813.28
0.00355689,-120665.0,0.7,-79342.38
0.00503361,-64472.7,0.7,-58158.703
0.000389006,-128142.0,0.7,-47426.188
0.000362853,-135358.0,0.7,-46195.12
0.0563878,-231708.0,0.7,-219407.97
0.0559953,-226587.0,0.7,-214821.45
0.0532158,-176030.0,0.7,-192125.0
0.0441176,-112113.0,0.7,-147110.02
0.0462842,-114818.0,0.7,-167446.45
0.058097,-246396.0,0.7,-227122.83
0.00572484,-54790.5,0.7,-53518.816
0.00974481,-66198.7,0.7,-34733.81
0.00844552,-79983.3,0.7,-43148.887
0.0204092,-69482.2,0.7,-52326.31
0.0204695,-67973.4,0.7,-52886.08
0.0252515,-84513.2,0.7,-65836.12
0.0251052,-85419.0,0.7,-66533.66
0.026293,-88059.5,0.7,-62076.133
0.0103241,-56902.6,0.7,-30998.08
0.0196774,-64719.2,0.7,-46183.234
0.0166973,-45789.2,0.7,-37308.56
0.0148847,-35674.7,0.7,-32193.564
0.0106795,-50211.5,0.7,-28978.08
0.0125812,-35562.1,0.7,-24591.826
0.0147839,-33951.3,0.7,-31774.61
0.0162985,-42097.2,0.7,-36653.855
0.0266701,-86012.2,0.7,-61682.312
0.0294016,-95956.2,0.7,-77292.68
0.0280616,-92902.1,0.7,-66349.195
0.0257011,-85427.1,0.7,-63858.086
0.025535,-86965.1,0.7,-64546.703
0.024831,-85120.1,0.7,-67845.95
0.0233307,-80035.3,0.7,-71911.625
0.0270533,-91123.2,0.7,-61997.363
0.0277118,-94235.2,0.7,-64296.207
0.0412954,-111184.0,0.7,-136793.64
0.0420935,-109079.0,0.7,-139156.67
0.0407836,-78879.3,0.7,-135264.95
0.0378653,-99837.0,0.7,-122778.89
0.0317012,-96892.4,0.7,-91231.24
0.0286068,-92016.7,0.7,-70422.96
0.0,-77557.2,0.7,-28776.81
0.000562766,-67600.4,0.7,-55427.94
0.000543273,-47623.1,0.7,-54548.25
0.000496614,-61473.0,0.7,-52422.586
0.00406807,-100022.0,0.7,-70439.63
0.0559201,-220028.0,0.7,-213900.42
0.055437,-209693.0,0.7,-207981.23
0.0549086,-192215.0,0.7,-202330.23
0.0509966,-136178.0,0.7,-194611.05
0.0525752,-151602.0,0.7,-191018.02
0.0501882,-125970.0,0.7,-197436.27
0.0483142,-116019.0,0.7,-192425.33
0.0595384,-253359.0,0.7,-213251.66
0.059199,-249966.0,0.7,-216457.62
0.0587833,-249257.0,0.7,-220764.69
0.0597099,-244671.0,0.7,-211755.3
0.0579931,-233908.0,0.7,-227735.25
0.00715449,-64534.4,0.7,-48789.18
0.0275288,-92596.9,0.7,-63440.44
0.027443,-90123.2,0.7,-63095.16
0.0265369,-90592.9,0.7,-61745.355
0.0106166,-48233.8,0.7,-29315.15
0.0286797,-94247.4,0.7,-71026.14
0.0298388,-98841.3,0.7,-80983.56
0.0309016,-100048.0,0.7,-88078.25
0.0297201,-95532.1,0.7,-80010.39
0.0303639,-101273.0,0.7,-84897.8
0.0300798,-101720.0,0.7,-82867.65
0.0290707,-97661.9,0.7,-74390.16
0.0313467,-105956.0,0.7,-90042.086
0.0288129,-97341.0,0.7,-72152.04
0.0310542,-104239.0,0.7,-88817.1
0.0322713,-109424.0,0.7,-92673.945
0.0320558,-105441.0,0.7,-92176.09
0.0331513,-111554.0,0.7,-94675.48
0.0344627,-117796.0,0.7,-99699.64
0.0317527,-100692.0,0.7,-91381.39
0.0309217,-96714.4,0.7,-88179.68
0.033661,-106183.0,0.7,-96215.625
0.0326063,-101098.0,0.7,-93401.85
0.0328535,-106006.0,0.7,-93949.83
0.0349666,-104146.0,0.7,-102585.58
0.0398653,-102193.0,0.7,-132268.02
0.0369469,-110579.0,0.7,-116639.234
0.0313893,-97479.6,0.7,-90200.96
0.000435567,-98881.5,0.7,-49602.78
0.000472235,-91722.0,0.7,-51301.414
0.000344233,-99374.3,0.7,-45315.18
0.0,-62737.6,0.7,-28776.81
0.00074184,-102222.0,0.7,-63237.31
0.000520993,-36740.1,0.7,-53536.668
0.00216346,-166278.0,0.7,-95741.91
0.00146167,-150303.0,0.7,-87277.164
0.00124078,-137406.0,0.7,-81407.88
0.00121417,-164153.0,0.7,-80602.305
0.00245455,-156050.0,0.7,-95018.07
0.00306677,-137829.0,0.7,-87853.77
0.00446716,-90959.1,0.7,-64485.79
0.00355181,-126332.0,0.7,-79433.96
0.0,-72839.9,0.7,-28776.81
0.0582728,-228600.0,0.7,-225799.56
0.0547398,-171634.0,0.7,-200804.92
0.0493339,-117877.0,0.7,-197884.8
0.0431219,-115247.0,0.7,-142548.17
0.0450998,-117251.0,0.7,-154247.92
0.0472408,-105849.0,0.7,-180244.33
0.0601393,-248403.0,0.7,-208296.48
0.0596104,-239042.0,0.7,-212613.84
0.061432,-255600.0,0.7,-202155.67
0.00861032,-75762.8,0.7,-42187.0
0.00881217,-67009.1,0.7,-40947.453
0.033257,-100796.0,0.7,-94959.34
0.0316891,-104435.0,0.7,-91195.2
0.0302428,-97446.2,0.7,-84059.95
0.0326136,-110300.0,0.7,-93417.76
0.0342634,-115596.0,0.7,-98702.39
0.0335382,-114745.0,0.7,-95802.26
0.0341204,-112720.0,0.7,-98040.32
0.0351203,-118957.0,0.7,-103558.66
0.0342273,-105131.0,0.7,-98531.01
0.0422923,-100786.0,0.7,-139763.88
0.0417551,-102561.0,0.7,-138146.98
0.0391838,-116667.0,0.7,-129612.85
0.0,-59393.3,0.7,-28776.81
0.0006934,-132072.0,0.7,-61177.59
0.000326844,-67017.9,0.7,-44491.055
0.0,-26814.9,0.7,-28776.81
0.0,-26440.7,0.7,-28776.81
0.0,-42367.5,0.7,-28776.81
0.0,-27521.2,0.7,-28776.81
0.00146624,-174442.0,0.7,-87382.72
0.000752225,-151758.0,0.7,-63673.258
0.00291525,-148042.0,0.7,-90148.086
0.0578216,-221125.0,0.7,-228415.0
0.0568239,-207185.0,0.7,-223941.92
0.056519,-190818.0,0.7,-220840.06
0.052463,-129150.0,0.7,-190995.9
0.05107,-120079.0,0.7,-194323.69
0.0548672,-146130.0,0.7,-201943.47
0.050401,-115680.0,0.7,-196819.78
0.0495356,-103903.0,0.7,-198141.86
0.0611836,-252155.0,0.7,-202321.14
0.0608568,-249439.0,0.7,-203527.95
0.0614758,-243227.0,0.7,-202206.45
0.0615263,-246478.0,0.7,-202295.98
0.0595356,-233826.0,0.7,-213276.72
0.0352787,-105907.0,0.7,-104599.96
0.0314454,-100994.0,0.7,-90403.04
0.033386,-110059.0,0.7,-95329.1
0.0351879,-121107.0,0.7,-103998.5
0.0361102,-125736.0,0.7,-110508.39
0.0360035,-124080.0,0.7,-109723.92
0.0350449,-113040.0,0.7,-103076.45
0.0327744,-99948.5,0.7,-93770.93
0.0357318,-112568.0,0.7,-107750.61
0.0360711,-119846.0,0.7,-110220.54
0.0371416,-127082.0,0.7,-118015.36
0.0368377,-127684.0,0.7,-115854.71
0.0427836,-75951.5,0.7,-141347.31
0.0417155,-122629.0,0.7,-138029.98
0.0380286,-113708.0,0.7,-123760.62
0.0,-53867.5,0.7,-28776.81
0.0,-57205.8,0.7,-28776.81
0.000328823,-79948.9,0.7,-44585.062
0.0,-32191.2,0.7,-28776.81
0.00162093,-171311.0,0.7,-90564.234
0.000696132,-92373.8,0.7,-61294.914
0.000845528,-138378.0,0.7,-67494.8
0.000657645,-109482.0,0.7,-59630.832
0.00230487,-165296.0,0.7,-95661.445
0.00244157,-160823.0,0.7,-95095.04
0.0602809,-228854.0,0.7,-207232.92
0.056353,-170699.0,0.7,-219019.27
0.0439528,-97093.7,0.7,-146208.84
0.0456693,-94678.4,0.7,-159999.38
0.0487836,-74514.1,0.7,-195813.42
0.0626668,-247339.0,0.7,-206287.39
0.0614962,-237449.0,0.7,-202238.73
0.0630695,-252688.0,0.7,-197331.6
0.0328053,-105213.0,0.7,-93840.33
0.0356598,-121134.0,0.7,-107236.21
0.0348302,-115070.0,0.7,-101756.1
0.0377623,-133524.0,0.7,-122140.62
0.0368802,-112521.0,0.7,-116160.945
0.0370624,-119886.0,0.7,-117459.414
0.0378301,-126371.0,0.7,-122562.39
0.0377777,-132364.0,0.7,-122236.89
0.0386725,-132393.0,0.7,-127255.945
0.0390176,-136335.0,0.7,-128884.95
0.038124,-134326.0,0.7,-124316.57
0.0388983,-139631.0,0.7,-128340.26
0.0403833,-128327.0,0.7,-134015.42
0.0380576,-120050.0,0.7,-123930.94
0.0391502,-127446.0,0.7,-129468.53
0.0414328,-137166.0,0.7,-137198.12
0.0400438,-134780.0,0.7,-132891.28
0.0371665,-127511.0,0.7,-118188.836
0.0436338,-111298.0,0.7,-144650.22
0.0406814,-120838.0,0.7,-134951.98
0.000328823,-104655.0,0.7,-44585.062
0.0,-35868.7,0.7,-28776.81
0.00114213,-168363.0,0.7,-78320.01
0.00165512,-175376.0,0.7,-91164.06
0.000590572,-74383.9,0.7,-56673.684
0.000803765,-157149.0,0.7,-65805.97
0.000339783,-95406.2,0.7,-45104.457
0.00217157,-170315.0,0.7,-95752.08
0.0599337,-222879.0,0.7,-209907.0
0.0588186,-215431.0,0.7,-220391.12
0.0580509,-204440.0,0.7,-227412.02
0.0584059,-188319.0,0.7,-224610.17
0.054394,-123884.0,0.7,-198084.0
0.0524399,-117998.0,0.7,-190997.75
0.0575693,-156614.0,0.7,-228575.89
0.0467836,-72907.0,0.7,-174096.72
0.0516901,-104196.0,0.7,-192164.55
0.0507836,-72810.6,0.7,-195444.44
0.0628403,-249651.0,0.7,-203781.88
0.062952,-241142.0,0.7,-201091.14
0.0631731,-244343.0,0.7,-193297.27
0.0399154,-143528.0,0.7,-132445.48
0.040689,-140893.0,0.7,-134975.38
0.039412,-141336.0,0.7,-130557.26
0.0413343,-147188.0,0.7,-136908.23
0.0392059,-119793.0,0.7,-129707.02
0.0430736,-138337.0,0.7,-142369.25
0.0437228,-148687.0,0.7,-145062.6
0.0422574,-145058.0,0.7,-139656.31
0.0395204,-141615.0,0.7,-130985.055
0.0447836,-71444.3,0.7,-151583.14
0.0444841,-129243.0,0.7,-149392.72
0.043091,-127114.0,0.7,-142433.38
0.0,-41315.2,0.7,-28776.81
0.00109463,-167326.0,0.7,-76736.55
0.0,-31102.9,0.7,-28776.81
0.000363706,-83065.4,0.7,-46235.277
0.000398322,-101160.0,0.7,-47863.223
0.0,-36689.1,0.7,-28776.81
0.00154621,-180333.0,0.7,-89122.695
0.00162502,-178162.0,0.7,-90637.92
0.0617602,-224395.0,0.7,-203140.86
0.0563015,-133756.0,0.7,-218437.31
0.0480696,-108081.0,0.7,-190114.62
0.0501713,-104348.0,0.7,-197478.72
0.0647679,-246135.0,0.7,-170351.23
0.0639787,-236672.0,0.7,-159558.44
0.0648385,-243564.0,0.7,-173523.73
0.0630211,-230761.0,0.7,-198992.3
0.0403366,-147389.0,0.7,-133864.97
0.0405881,-149363.0,0.7,-134662.98
0.0418743,-157615.0,0.7,-138500.17
0.0419863,-156042.0,0.7,-138834.16
0.0433709,-168050.0,0.7,-143518.92
0.0414878,-154574.0,0.7,-137359.75
0.0422597,-155450.0,0.7,-139663.28
0.0432324,-157190.0,0.7,-142968.4
0.0429542,-152336.0,0.7,-141938.28
0.0418588,-127677.0,0.7,-138454.14
0.0452473,-150236.0,0.7,-155620.3
0.0443478,-165912.0,0.7,-148495.73
0.0433476,-163715.0,0.7,-143424.39
0.0451704,-173415.0,0.7,-154894.4
0.0434725,-166763.0,0.7,-143941.77
0.0424044,-159298.0,0.7,-140113.19
0.0441513,-170523.0,0.7,-147303.34
0.0459026,-110942.0,0.7,-162692.12
0.0,-44821.0,0.7,-28776.81
0.000723231,-134269.0,0.7,-62451.066
0.00100254,-169730.0,0.7,-73496.61
0.0,-36695.7,0.7,-28776.81
0.000376936,-91745.9,0.7,-46858.68
0.00170384,-166512.0,0.7,-91954.06
0.060868,-218499.0,0.7,-203471.92
0.0598859,-208383.0,0.7,-210292.84
0.0598777,-172036.0,0.7,-210359.6
0.0540976,-108630.0,0.7,-196131.53
0.0562032,-122501.0,0.7,-217304.36
0.0581492,-133980.0,0.7,-226764.66
0.0527836,-70327.8,0.7,-191196.4
0.0521915,-102006.0,0.7,-191153.92
0.0651615,-239622.0,0.7,-189847.14
0.044118,-175274.0,0.7,-147112.42
0.0453225,-176722.0,0.7,-156351.9
0.0452661,-166884.0,0.7,-155801.22
0.0446044,-158078.0,0.7,-150235.1
0.0458134,-159321.0,0.7,-161641.39
0.043972,-133278.0,0.7,-146310.23
0.0451446,-141972.0,0.7,-154655.98
0.0472179,-133615.0,0.7,-179941.86
0.0465964,-177605.0,0.7,-171570.12
0.0473802,-184169.0,0.7,-182063.06
0.0464382,-183163.0,0.7,-169461.16
0.0455579,-133559.0,0.7,-158779.7
0.000550832,-122648.0,0.7,-54889.95
0.0,-39637.8,0.7,-28776.81
0.0,-36092.3,0.7,-28776.81
0.000848588,-157796.0,0.7,-67617.05
0.00111896,-174319.0,0.7,-77555.266
0.00105959,-158102.0,0.7,-75529.68
0.0625622,-219923.0,0.7,-206933.95
0.061215,-194812.0,0.7,-202259.88
0.059301,-151094.0,0.7,-215459.02
0.0495589,-131236.0,0.7,-198155.47
0.0515995,-130688.0,0.7,-192431.42
0.045713,-185298.0,0.7,-160489.8
0.0452262,-179469.0,0.7,-155418.94
0.0467865,-169472.0,0.7,-174136.11
0.0468595,-158077.0,0.7,-175125.19
0.0469582,-150087.0,0.7,-176461.58
0.046472,-140729.0,0.7,-169908.84
0.0490843,-185813.0,0.7,-197200.72
0.000364454,-82785.5,0.7,-46270.6
0.000466749,-113543.0,0.7,-51048.21
0.0,-35212.1,0.7,-28776.81
0.0622476,-212368.0,0.7,-206286.9
0.0606161,-156265.0,0.7,-204912.48
0.0617882,-170697.0,0.7,-203286.33
0.055908,-102542.0,0.7,-213751.25
0.0575811,-110559.0,0.7,-228591.17
0.0547836,-72271.7,0.7,-201187.73
0.0601275,-138123.0,0.7,-208386.39
0.0537743,-93908.9,0.7,-194353.45
0.0535921,-127937.0,0.7,-193506.84
0.0480179,-179585.0,0.7,-189583.56
0.0478319,-166231.0,0.7,-187561.95
0.0479158,-145936.0,0.7,-188494.53
0.0492068,-138558.0,0.7,-197588.53
0.0480336,-140967.0,0.7,-189746.27
0.0487614,-193137.0,0.7,-195686.25
0.0501507,-194374.0,0.7,-197529.2
0.0473778,-192110.0,0.7,-182032.02
0.0,-46783.8,0.7,-28776.81
0.0,-47411.7,0.7,-28776.81
0.000486706,-106198.0,0.7,-51967.812
0.000369514,-97931.4,0.7,-46509.094
0.063405,-186247.0,0.7,-182579.45
0.0594749,-115366.0,0.7,-213826.17
0.0510074,-138935.0,0.7,-194568.73
0.0530682,-139104.0,0.7,-191725.28
0.0491136,-176784.0,0.7,-197302.7
0.0500895,-170624.0,0.7,-197669.6
0.0486392,-160106.0,0.7,-194926.56
0.0492312,-153663.0,0.7,-197653.6
0.0504154,-144098.0,0.7,-196773.27
0.0513974,-182487.0,0.7,-193098.36
0.0503345,-185608.0,0.7,-197027.17
0.05171,-194907.0,0.7,-192108.84
0.0,-41426.8,0.7,-28776.81
0.0618743,-147105.0,0.7,-203783.36
0.0637241,-159022.0,0.7,-167696.53
0.0567836,-77087.8,0.7,-223553.48
0.0587836,-79633.9,0.7,-220761.6
0.0553677,-107996.0,0.7,-207171.14
0.0613494,-127276.0,0.7,-202126.98
0.0555513,-140674.0,0.7,-209350.8
0.0498233,-148610.0,0.7,-198091.98
0.0535366,-190511.0,0.7,-193271.38
0.052143,-176358.0,0.7,-191212.66
0.0528511,-195208.0,0.7,-191292.5
0.0,-40663.8,0.7,-28776.81
0.0607836,-82439.0,0.7,-203914.5
0.0524964,-145675.0,0.7,-190997.14
0.0547374,-149440.0,0.7,-200784.23
0.0507811,-164192.0,0.7,-195454.16
0.0513529,-158994.0,0.7,-193256.47
0.0519247,-152384.0,0.7,-191584.94
0.0537574,-183725.0,0.7,-194270.25
0.0548477,-203396.0,0.7,-201764.17
0.0540465,-204418.0,0.7,-195826.66
0.0,-32894.7,0.7,-28776.81
0.0634905,-137469.0,0.7,-178385.75
0.0574565,-115485.0,0.7,-228317.05
0.0596606,-117607.0,0.7,-212177.75
0.0628407,-99915.8,0.7,-203774.06
0.0570615,-157006.0,0.7,-226037.19
0.0527251,-172288.0,0.7,-191128.39
0.0553428,-195941.0,0.7,-206884.3
0.0,-29632.9,0.7,-28776.81
0.0615044,-115507.0,0.7,-202252.98
0.0627836,-70109.5,0.7,-204816.88
0.0583046,-147212.0,0.7,-225527.97
0.054026,-157417.0,0.7,-195707.02
0.0562207,-166765.0,0.7,-217508.25
0.0533812,-166420.0,0.7,-192669.69
0.0546664,-182629.0,0.7,-200183.73
0.0555921,-176250.0,0.7,-209847.72
0.056749,-208472.0,0.7,-223213.97
0.0607579,-151990.0,0.7,-204057.75
0.0647836,-78890.4,0.7,-171037.45
0.0584038,-177718.0,0.7,-224629.64
0.0594692,-165532.0,0.7,-213878.34
0.0571064,-197843.0,0.7,-226384.97
0.0630147,-111199.0,0.7,-199199.89
0.0628141,-146250.0,0.7,-204287.34
0.0578063,-188728.0,0.7,-228453.97
0.0588241,-214158.0,0.7,-220333.16
0.0596479,-197249.0,0.7,-212287.64
0.0594853,-208585.0,0.7,-213731.53
0.0,-12937.9,0.7,-28776.81
0.000342944,-28384.6,0.7,-45254.13
0.00049094,-37013.9,0.7,-52162.242
0.000764417,-50034.3,0.7,-64182.49
0.0,-12734.1,0.7,-28776.81
0.000373707,-30889.8,0.7,-46706.65
0.00113725,-69343.4,0.7,-78160.18
0.000892434,-54047.2,0.7,-69347.05
0.00142515,-77083.1,0.7,-86410.195
0.0,-13184.0,0.7,-28776.81
0.000376672,-30555.9,0.7,-46846.26
0.00189614,-93033.6,0.7,-94331.73
0.00235401,-93704.0,0.7,-95510.63
0.000842952,-49863.4,0.7,-67391.586
0.00150662,-76649.0,0.7,-88286.69
0.0,-12990.1,0.7,-28776.81
0.00037184,-28732.2,0.7,-46618.668
0.00208094,-87199.3,0.7,-95532.51
0.00133699,-67127.2,0.7,-84146.69
0.000734203,-43412.1,0.7,-62915.406
0.00307224,-91704.0,0.7,-87766.45
0.0,-12220.3,0.7,-28776.81
0.000373992,-27476.2,0.7,-46720.066
0.00210446,-83445.2,0.7,-95612.11
0.00356882,-95605.0,0.7,-79127.15
0.000788476,-43991.4,0.7,-65178.758
0.00131011,-62442.7,0.7,-83409.3
0.00440709,-82670.3,0.7,-65306.67
0.00283027,-86649.8,0.7,-91313.17
0.0,-11580.8,0.7,-28776.81
0.000349432,-25785.3,0.7,-45561.066
0.00183359,-73630.9,0.7,-93686.98
0.00401096,-83409.6,0.7,-71379.305
0.00489515,-72901.3,0.7,-59471.633
0.000606774,-35775.6,0.7,-57394.37
0.00101285,-49755.2,0.7,-73870.125
0.00519293,-65453.1,0.7,-56822.793
0.0057792,-50762.5,0.7,-53263.066
0.00258768,-81275.8,0.7,-94014.7
0.00362012,-81874.7,0.7,-78202.53
0.0,-12585.8,0.7,-28776.81
0.00129187,-56782.5,0.7,-82896.58
0.00474833,-70548.2,0.7,-61026.312
0.00633956,-40005.0,0.7,-51184.875
0.00174616,-67233.2,0.7,-92578.31
0.000366282,-26034.8,0.7,-46356.793
0.000668494,-34421.2,0.7,-60102.53
0.0059146,-48899.2,0.7,-52676.66
0.00656606,-38922.2,0.7,-50515.086
0.0072466,-35790.2,0.7,-48491.46
0.00620211,-45095.2,0.7,-51623.05
0.00326695,-78932.4,0.7,-84509.25
0.00222831,-71085.2,0.7,-95771.984
0.00427651,-72664.8,0.7,-67186.58
0.0,-10338.3,0.7,-28776.81
0.00119851,-50644.1,0.7,-80118.61
0.0056822,-52498.4,0.7,-53728.39
0.0077395,-39792.5,0.7,-46652.3
0.00133699,-52537.9,0.7,-84146.69
0.0,-11714.1,0.7,-28776.81
0.000785262,-35085.2,0.7,-65046.348
0.00738122,-34605.9,0.7,-48033.03
0.00789574,-38027.4,0.7,-45968.152
0.00915957,-43897.0,0.7,-38690.293
0.00407604,-70517.1,0.7,-70310.016
0.0028714,-72456.1,0.7,-90761.445
0.00124149,-45225.3,0.7,-81429.13
0.0,-11935.4,0.7,-28776.81
0.0003486,-23025.5,0.7,-45521.746
0.00751643,-30210.1,0.7,-47541.18
0.00200548,-62371.3,0.7,-95167.04
0.000747377,-31863.4,0.7,-63470.02
0.00478832,-62521.8,0.7,-60586.004
0.000334247,-21398.0,0.7,-44842.188
0.00921318,-33449.2,0.7,-38331.984
0.00624552,-44482.1,0.7,-51481.105
0.00933087,-38914.6,0.7,-37539.48
0.00357087,-69992.8,0.7,-79090.18
0.0024893,-65795.8,0.7,-94793.09
0.00119547,-40949.5,0.7,-80023.88
0.000668494,-27266.8,0.7,-60102.53
0.0,-10773.6,0.7,-28776.81
0.00889233,-26877.1,0.7,-40438.766
0.00785955,-28055.3,0.7,-46131.27
0.0111458,-33116.4,0.7,-26808.277
0.0017138,-52940.4,0.7,-92106.17
0.000668494,-26500.3,0.7,-60102.53
0.000334247,-19758.3,0.7,-44842.188
0.00509352,-59640.0,0.7,-57635.03
0.00401096,-66567.1,0.7,-71379.305
0.0,-10019.6,0.7,-28776.81
0.0110729,-31175.8,0.7,-27106.062
0.0106959,-28718.2,0.7,-28891.809
0.00659283,-46936.3,0.7,-50438.387
0.00284741,-64288.7,0.7,-91086.18
0.00206856,-56897.2,0.7,-95484.16
0.000557078,-22605.6,0.7,-55171.773
0.00104489,-33859.7,0.7,-75013.8
0.000334247,-18661.1,0.7,-44842.188
0.00939654,-24683.7,0.7,-37094.645
0.00836568,-29842.6,0.7,-43596.805
0.0129327,-21729.8,0.7,-25097.75
0.0014484,-42152.0,0.7,-86966.914
0.0,-9846.32,0.7,-28776.81
0.0,-9284.29,0.7,-28776.81
0.0049125,-58421.1,0.7,-59299.004
0.00401096,-62593.4,0.7,-71379.305
0.0127077,-21559.1,0.7,-24730.832
0.0110809,-24156.1,0.7,-27072.557
0.00720056,-46363.9,0.7,-48641.824
0.0131513,-24298.5,0.7,-25589.824
0.00178374,-45432.9,0.7,-93084.68
0.000487966,-19184.5,0.7,-52025.61
0.0,-8423.0,0.7,-28776.81
0.000866609,-26627.9,0.7,-68333.086
0.00587532,-54371.6,0.7,-52839.832
0.00280699,-57318.6,0.7,-91614.61
0.0127204,-21671.8,0.7,-24747.572
0.00979137,-24490.1,0.7,-34421.02
0.0085963,-35513.2,0.7,-42270.77
0.0149403,-24293.3,0.7,-32421.514
0.0147195,-21664.7,0.7,-31503.617
0.00108013,-30199.1,0.7,-76241.06
0.00485912,-55203.4,0.7,-59837.41
0.00375311,-59129.5,0.7,-75823.47
0.0145073,-20481.8,0.7,-30600.555
0.0125856,-20826.0,0.7,-24595.895
0.0113664,-22933.5,0.7,-26009.492
0.00603545,-52386.5,0.7,-52206.285
0.00758982,-48104.9,0.7,-47259.77
0.00200548,-44688.6,0.7,-95167.04
0.00108122,-28297.4,0.7,-76278.47
0.000431077,-16763.4,0.7,-49393.695
0.0,-7651.7,0.7,-28776.81
0.000557078,-19224.4,0.7,-55171.773
0.00381095,-55973.1,0.7,-74802.84
0.00280467,-52857.6,0.7,-91644.26
0.014295,-18551.1,0.7,-29695.242
0.00994236,-29264.2,0.7,-33417.688
0.00920664,-41253.6,0.7,-38375.793
0.0166512,-33807.3,0.7,-37244.37
0.0166045,-31749.1,0.7,-37176.57
0.00126345,-30961.0,0.7,-82078.02
0.000746901,-21671.9,0.7,-63449.906
0.00373888,-50409.3,0.7,-76076.09
0.00471979,-51130.8,0.7,-61348.543
0.0167222,-28414.8,0.7,-37342.133
0.0134655,-18783.9,0.7,-26501.35
0.011255,-31030.9,0.7,-26393.264
0.0063792,-46986.1,0.7,-51063.895
0.00814499,-47152.1,0.7,-44768.383
0.00200548,-39256.8,0.7,-95167.04
0.00133699,-29065.4,0.7,-84146.69
0.000734286,-20257.9,0.7,-62918.91
0.0,-7848.66,0.7,-28776.81
0.000334247,-14978.5,0.7,-44842.188
0.00282406,-45542.7,0.7,-91394.37
0.00478473,-44278.3,0.7,-60624.984
0.0159564,-19036.4,0.7,-35882.51
0.0101154,-44045.1,0.7,-32295.883
0.0184131,-45209.4,0.7,-39819.152
0.0185141,-44064.1,0.7,-40119.91
0.000718979,-18511.7,0.7,-62270.582
0.0,-7643.96,0.7,-28776.81
0.00362781,-42709.3,0.7,-78064.17
0.00278959,-39365.9,0.7,-91834.69
0.0184488,-33290.8,0.7,-39921.934
0.0135744,-25361.9,0.7,-26865.52
0.0157551,-15336.7,0.7,-35329.348
0.00517371,-36560.8,0.7,-56974.44
0.00685306,-40103.9,0.7,-49695.8
0.0089695,-41814.5,0.7,-39941.445
0.0189147,-43223.7,0.7,-41647.215
0.00128815,-24111.2,0.7,-82790.805
0.00184496,-31444.2,0.7,-93813.28
0.000761187,-16474.3,0.7,-64047.793
0.000334247,-13787.6,0.7,-44842.188
0.0,-7163.45,0.7,-28776.81
0.00218118,-33602.0,0.7,-95761.72
0.00326694,-31026.7,0.7,-84509.42
0.0181131,-19655.7,0.7,-39097.465
0.0119249,-38281.8,0.7,-24721.719
0.00385635,-29197.8,0.7,-74010.04
0.0111911,-44497.8,0.7,-26631.496
0.020547,-53241.8,0.7,-53612.934
0.000334247,-11910.3,0.7,-44842.188
0.000303474,-12620.8,0.7,-43380.23
0.00252254,-27534.7,0.7,-94553.016
0.00192905,-25208.6,0.7,-94621.9
0.0208171,-49872.6,0.7,-56189.26
0.0201033,-35625.1,0.7,-49590.453
0.0155384,-25163.9,0.7,-34653.105
0.0132928,-39164.2,0.7,-25972.73
0.0174985,-13554.3,0.7,-38192.4
0.00532978,-25644.7,0.7,-55814.33
0.00410126,-23139.5,0.7,-69902.49
0.00719493,-30343.9,0.7,-48659.965
0.0103587,-40534.2,0.7,-30790.016
0.000591404,-10567.3,0.7,-56710.758
0.00109349,-17423.5,0.7,-76697.85
0.00152419,-21994.3,0.7,-88663.89
0.000337368,-9650.91,0.7,-44990.082
0.0,-7011.04,0.7,-28776.81
0.0021633,-17011.4,0.7,-95741.76
0.0026662,-17070.5,0.7,-93253.64
0.0197583,-20112.4,0.7,-46787.387
0.00326059,-18457.6,0.7,-84619.52
0.00896393,-34447.7,0.7,-39977.633
0.0122918,-44950.5,0.7,-24468.266
0.0,-5454.22,0.7,-28776.81
0.0,-6419.52,0.7,-28776.81
0.001562,-14889.4,0.7,-89442.21
0.00124814,-12861.1,0.7,-81627.09
0.00160741,-12321.6,0.7,-90316.59
0.0221159,-50892.7,0.7,-67444.67
0.0216204,-35534.4,0.7,-63634.223
0.0178051,-20061.8,0.7,-38572.438
0.0144784,-44089.6,0.7,-30476.98
0.00386927,-16317.5,0.7,-73785.83
0.00601876,-30487.0,0.7,-52268.617
0.00333939,-14722.7,0.7,-83240.33
0.00748491,-33575.2,0.7,-47658.902
0.0108749,-42350.6,0.7,-27994.744
0.000515693,-6916.13,0.7,-53295.09
0.0,-3638.58,0.7,-28776.81
0.000810338,-8944.03,0.7,-66074.21
0.00168074,-10816.0,0.7,-91589.016
0.00123597,-8846.56,0.7,-81263.85
0.00258238,-11477.5,0.7,-94061.73
0.0207769,-24083.4,0.7,-55803.285
0.016349,-36243.2,0.7,-36750.316
0.0191849,-20086.4,0.7,-43005.93
0.00448197,-21068.9,0.7,-64287.83
0.0087576,-44586.1,0.7,-41288.664
0.0133192,-47389.1,0.7,-26049.338
0.0,-2454.22,0.7,-28776.81
0.000959725,-7424.58,0.7,-71917.28
0.00108047,-7317.12,0.7,-76252.69
0.000747481,-5896.25,0.7,-63474.355
0.0017508,-11664.4,0.7,-92643.27
0.000934128,-6896.25,0.7,-70952.06
0.0181786,-27922.2,0.7,-39235.04
0.0158854,-49094.3,0.7,-35695.754
0.00321616,-18523.1,0.7,-85383.55
0.00274706,-13832.3,0.7,-92352.45
0.00501267,-33370.8,0.7,-58347.934
0.00674,-45482.0,0.7,-50019.457
0.0101066,-47448.7,0.7,-32351.941
0.0121418,-45024.4,0.7,-24515.33
0.000348781,-4385.36,0.7,-45530.34
0.0,-2157.94,0.7,-28776.81
0.000362893,-4216.07,0.7,-46196.855
0.00114278,-9685.67,0.7,-78341.35
0.00117895,-12061.9,0.7,-79504.82
0.000560246,-8275.58,0.7,-55314.617
0.00208127,-12526.1,0.7,-95533.79
0.0192689,-25850.5,0.7,-43484.445
0.0181208,-37805.3,0.7,-39113.14
0.00343151,-23118.1,0.7,-81599.85
0.00833793,-50266.9,0.7,-43749.477
0.0140574,-45673.6,0.7,-28703.414
0.000439626,-4924.34,0.7,-49791.426
0.000700102,-5717.1,0.7,-61465.09
0.000714381,-5935.6,0.7,-62074.934
0.000740932,-9605.0,0.7,-63199.082
0.000931119,-13837.8,0.7,-70837.53
0.00042453,-6789.1,0.7,-49088.668
0.00141229,-15693.7,0.7,-86094.93
0.0203847,-28726.3,0.7,-52100.48
0.0177599,-44875.6,0.7,-38509.414
0.00225345,-24138.8,0.7,-95752.79
0.00217095,-20341.8,0.7,-95751.31
0.00348342,-30857.2,0.7,-80667.06
0.00511368,-47820.4,0.7,-57464.7
0.00178756,-17516.0,0.7,-93133.63
0.00685185,-47963.2,0.7,-49699.29
0.0112675,-39386.5,0.7,-26348.174
0.00915273,-40349.4,0.7,-38735.83
0.0128656,-40320.4,0.7,-24972.863
0.0,-2223.05,0.7,-28776.81
0.0,-2456.44,0.7,-28776.81
0.000776533,-11669.0,0.7,-64685.645
0.000331503,-9051.61,0.7,-44712.113
0.0,-4055.47,0.7,-28776.81
0.0226125,-33662.8,0.7,-70206.56
0.0158668,-44918.5,0.7,-35645.395
0.0197356,-36244.8,0.7,-46615.676
0.00244336,-26607.5,0.7,-95084.67
0.0140816,-37546.2,0.7,-28802.752
0.000350154,-5712.36,0.7,-45595.223
0.0,-3018.4,0.7,-28776.81
0.000350154,-9872.75,0.7,-45595.223
0.000840369,-15647.4,0.7,-67288.1
0.000420184,-11173.7,0.7,-48885.82
0.0,-4722.52,0.7,-28776.81
0.0,-3668.98,0.7,-28776.81
0.000990331,-17409.1,0.7,-73050.78
0.0220222,-36834.1,0.7,-66795.44
0.0192704,-37095.8,0.7,-43493.188
0.0174349,-39223.8,0.7,-38124.07
0.00150819,-22951.1,0.7,-88320.77
0.00164317,-27080.9,0.7,-90958.695
0.00136373,-20711.2,0.7,-84858.43
0.00414097,-48124.3,0.7,-69268.92
0.00222961,-28673.0,0.7,-95771.43
0.00512331,-53331.4,0.7,-57384.32
0.00758056,-37196.9,0.7,-47295.883
0.010167,-33447.0,0.7,-31968.652
0.0122381,-33672.6,0.7,-24476.207
0.000420184,-12108.0,0.7,-48885.82
0.0,-5274.78,0.7,-28776.81
0.0154186,-33067.9,0.7,-34245.61
0.0215169,-43804.1,0.7,-62737.426
0.00134323,-24587.7,0.7,-84314.766
0.00163426,-28193.8,0.7,-90802.53
0.00325792,-39160.3,0.7,-84665.71
0.00249561,-28584.9,0.7,-94749.42
0.00596511,-45224.9,0.7,-52474.57
0.0137357,-26905.9,0.7,-27443.26
0.0,-5423.44,0.7,-28776.81
0.000420184,-12853.5,0.7,-48885.82
0.0,-5620.19,0.7,-28776.81
0.000711317,-17318.5,0.7,-61944.46
0.020814,-42483.2,0.7,-56159.44
0.0186764,-31930.2,0.7,-40671.742
0.0166359,-28246.7,0.7,-37222.48
0.00101406,-20780.9,0.7,-73913.8
0.000926833,-20976.2,0.7,-70674.125
0.000999444,-24411.4,0.7,-73383.92
0.00118525,-26733.8,0.7,-79703.68
0.00395691,-53456.9,0.7,-72285.48
0.00181609,-29551.6,0.7,-93484.54
0.00137672,-28141.1,0.7,-85196.44
0.00473763,-49360.4,0.7,-61146.457
0.00578806,-39287.0,0.7,-53222.47
0.0088644,-33740.6,0.7,-40616.973
0.0113114,-24891.5,0.7,-26193.834
0.0,-5830.06,0.7,-28776.81
0.000420006,-13253.2,0.7,-48877.574
0.0147566,-22077.4,0.7,-31659.924
0.000628051,-18906.7,0.7,-58334.83
0.000889354,-24400.5,0.7,-69226.77
0.00235668,-38982.8,0.7,-95500.734
0.00297643,-56249.2,0.7,-89252.11
0.00168635,-28999.2,0.7,-91679.195
0.00677643,-39153.7,0.7,-49915.613
0.0131006,-19767.6,0.7,-25464.527
0.0,-6083.2,0.7,-28776.81
0.000521265,-16322.6,0.7,-53549.086
0.0,-7283.64,0.7,-28776.81
0.0200812,-37361.0,0.7,-49400.91
0.0180063,-24656.5,0.7,-38894.273
0.0159088,-22066.2,0.7,-35758.367
0.000416023,-15518.1,0.7,-48691.6
0.000486369,-18148.3,0.7,-51952.234
0.000710776,-22015.5,0.7,-61921.332
0.00362555,-52473.0,0.7,-78104.81
0.00107587,-26228.1,0.7,-76094.51
0.00128503,-27628.9,0.7,-82701.805
0.000660617,-21702.4,0.7,-59760.29
0.00437514,-44233.2,0.7,-65754.71
0.00510311,-40563.6,0.7,-57553.61
0.00792367,-36366.4,0.7,-45840.406
0.009663,-25354.3,0.7,-35286.062
0.0114799,-19312.8,0.7,-25660.895
0.0,-5965.9,0.7,-28776.81
0.0139947,-22598.4,0.7,-28448.754
0.0,-7365.58,0.7,-28776.81
0.0,-7749.89,0.7,-28776.81
0.000420184,-17928.3,0.7,-48885.82
0.00212755,-47266.8,0.7,-95674.74
0.00164703,-32976.9,0.7,-91025.516
0.00251368,-52794.7,0.7,-94619.36
0.000944013,-24097.6,0.7,-71326.69
0.000400097,-17942.6,0.7,-47946.434
0.00619453,-44188.2,0.7,-51648.156
0.0,-7192.24,0.7,-28776.81
0.0192835,-31710.4,0.7,-43570.348
0.0171353,-22301.6,0.7,-37817.55
0.0149237,-23777.5,0.7,-32353.752
0.000331282,-16435.9,0.7,-44701.58
0.0,-8349.6,0.7,-28776.81
0.00106139,-25484.0,0.7,-75592.48
0.00333273,-46956.6,0.7,-83357.9
0.00073413,-22457.8,0.7,-62912.36
0.000482254,-18787.0,0.7,-51763.027
0.0,-9245.27,0.7,-28776.81
0.00400051,-43539.6,0.7,-71553.305
0.00459682,-45878.1,0.7,-62811.53
0.00726742,-39823.5,0.7,-48422.473
0.0090709,-24370.6,0.7,-39278.13
0.0126711,-20980.8,0.7,-24685.54
0.0,-8694.43,0.7,-28776.81
0.0,-8479.63,0.7,-28776.81
0.00167208,-39193.1,0.7,-91447.74
0.0015297,-29978.7,0.7,-88780.16
0.00112049,-25851.9,0.7,-77606.234
0.0021899,-45546.1,0.7,-95768.23
0.000489677,-18780.4,0.7,-52104.258
0.000420184,-17876.0,0.7,-48885.82
0.00409761,-42441.3,0.7,-69961.17
0.00540321,-50075.4,0.7,-55322.332
0.0104355,-17296.0,0.7,-30336.35
0.0182707,-30252.8,0.7,-39446.57
0.016059,-23386.2,0.7,-36135.95
0.0140357,-21010.1,0.7,-28614.916
0.00170193,-42708.2,0.7,-91924.41
0.000560246,-20585.6,0.7,-55314.617
0.00330989,-45213.1,0.7,-83759.77
0.000334315,-16812.1,0.7,-44845.363
0.0,-8748.6,0.7,-28776.81
0.00397137,-52435.5,0.7,-72041.5
0.00343894,-45925.0,0.7,-81466.54
0.00609176,-50374.0,0.7,-52001.63
0.0081959,-29301.0,0.7,-44506.96
0.0118001,-16889.1,0.7,-24915.232
0.000993673,-26712.1,0.7,-73173.234
0.000940353,-22482.5,0.7,-71188.29
0.000700307,-20577.6,0.7,-61473.848
0.00124406,-31924.0,0.7,-81505.78
0.00246916,-46046.1,0.7,-94926.82
0.0,-8560.62,0.7,-28776.81
0.0,-8797.33,0.7,-28776.81
0.0,-8846.46,0.7,-28776.81
0.00459926,-56854.3,0.7,-62781.355
0.00333634,-50199.0,0.7,-83294.27
0.00956189,-20406.9,0.7,-35971.65
0.0172537,-31085.9,0.7,-37937.953
0.0152506,-24615.3,0.7,-33637.68
0.0131648,-19043.0,0.7,-25624.252
0.0,-9998.56,0.7,-28776.81
0.00138771,-46895.0,0.7,-85478.164
0.00173021,-46957.9,0.7,-92349.71
0.00348879,-57438.9,0.7,-80570.32
0.00293075,-55626.8,0.7,-89925.35
0.00267729,-48042.9,0.7,-93136.83
0.00481245,-62575.7,0.7,-60326.37
0.00614839,-50983.9,0.7,-51803.84
0.000736788,-19927.1,0.7,-63024.51
0.000453656,-17955.1,0.7,-50442.53
0.000420184,-17744.7,0.7,-48885.82
0.000784621,-34390.3,0.7,-65019.875
0.00155614,-42216.4,0.7,-89324.586
0.00365959,-63030.6,0.7,-77492.984
0.00221498,-51521.1,0.7,-95775.26
0.000422391,-17159.3,0.7,-48988.867
0.0,-9355.84,0.7,-28776.81
0.00112456,-45580.7,0.7,-77741.414
0.00184161,-46616.6,0.7,-93776.48
0.00260168,-61203.3,0.7,-93887.68
0.00197135,-56458.4,0.7,-94945.58
0.00040411,-19609.7,0.7,-48134.44
0.0,-9003.31,0.7,-28776.81
0.0,-8973.33,0.7,-28776.81
0.000465671,-32762.0,0.7,-50998.355
0.000776396,-33817.6,0.7,-64679.98
0.00106765,-40559.4,0.7,-75810.164
0.00136598,-50343.7,0.7,-84917.37
0.00136598,-47339.7,0.7,-84917.37
0.000330762,-26842.3,0.7,-44676.984
0.0,-9182.27,0.7,-28776.81
0.00110223,-45093.0,0.7,-76994.03
0.00159179,-59101.3,0.7,-90023.33
0.0012915,-53927.9,0.7,-82886.086
0.0,-11049.7,0.7,-28776.81
0.0,-14569.6,0.7,-28776.81
0.0,-14126.0,0.7,-28776.81
0.000472814,-29123.1,0.7,-51328.15
0.000577903,-35861.4,0.7,-56107.55
0.00187009,-64091.7,0.7,-94078.15
0.000793597,-46873.8,0.7,-65389.32
0.0006397,-42231.6,0.7,-58846.684
0.000609038,-42295.7,0.7,-57494.71
0.000739683,-49711.7,0.7,-63146.48
0.00107642,-57176.8,0.7,-76113.43
0.0,-13429.6,0.7,-28776.81
0.0,-13644.0,0.7,-28776.81
0.0,-18653.6,0.7,-28776.81
0.000343295,-37903.8,0.7,-45270.72
0.000341496,-40569.7,0.7,-45185.523
0.0,-20369.1,0.7,-28776.81
0.000418985,-43683.9,0.7,-48829.977
0.0,-19681.6,0.7,-28776.81
0.0,-22540.3,0.7,-28776.81
0.0,-20952.7,0.7,-28776.81
0.0,-7622.08,0.7,-28776.81
0.000372687,-14505.6,0.7,-46658.645
0.000334247,-14332.2,0.7,-44842.188
0.0,-7801.03,0.7,-28776.81
0.0,-7586.97,0.7,-28776.81
0.000353785,-13890.0,0.7,-45766.844
0.000801671,-19907.9,0.7,-65720.38
0.000793091,-20850.1,0.7,-65368.62
0.0,-7835.73,0.7,-28776.81
0.000668494,-19491.4,0.7,-60102.53
0.000334247,-15382.6,0.7,-44842.188
0.00143038,-31016.7,0.7,-86536.93
0.000701596,-17499.9,0.7,-61529.07
0.00139155,-33005.6,0.7,-85575.734
0.0020025,-44130.9,0.7,-95149.11
0.00124446,-32889.8,0.7,-81517.8
0.000746359,-22986.6,0.7,-63427.32
0.0,-8776.27,0.7,-28776.81
0.00207722,-48962.1,0.7,-95518.484
0.000344672,-17046.0,0.7,-45335.875
0.00133085,-39094.7,0.7,-83980.17
0.000668494,-23980.4,0.7,-60102.53
0.00280652,-55936.0,0.7,-91620.69
0.00203256,-53525.6,0.7,-95317.71
0.00197584,-57427.3,0.7,-94976.73
0.0,-9814.45,0.7,-28776.81
0.00117173,-39121.9,0.7,-79275.48
0.00304031,-62329.8,0.7,-88271.86
0.00291672,-67376.1,0.7,-90127.07
0.000507311,-21934.9,0.7,-52912.34
0.0040248,-62724.9,0.7,-71149.86
0.00183035,-58925.9,0.7,-93650.25
0.00259154,-69851.9,0.7,-93980.05
0.00338755,-54218.2,0.7,-82385.64
0.0,-9492.53,0.7,-28776.81
0.000634142,-26156.3,0.7,-58602.74
0.00426883,-66355.5,0.7,-67301.09
0.00129301,-46401.6,0.7,-82928.875
0.00368081,-72119.3,0.7,-77112.555
0.00510548,-56542.6,0.7,-57533.605
0.00553037,-53530.6,0.7,-54544.84
0.00211961,-68497.0,0.7,-95655.01
0.00306381,-75886.3,0.7,-87900.85
0.00433342,-51842.9,0.7,-66351.41
0.0,-9979.49,0.7,-28776.81
0.000762275,-31010.2,0.7,-64093.188
0.00527819,-57967.5,0.7,-56180.184
0.00128672,-50212.9,0.7,-82750.03
0.00407086,-73938.5,0.7,-70394.17
0.00617194,-51465.4,0.7,-51723.766
0.0071306,-36563.2,0.7,-48864.453
0.000346133,-20273.9,0.7,-45405.047
0.00713798,-32719.0,0.7,-48841.305
0.00294663,-78817.0,0.7,-89694.055
0.00200548,-72669.0,0.7,-95167.04
0.0,-10074.2,0.7,-28776.81
0.000341399,-20654.1,0.7,-45181.01
0.000532123,-26839.1,0.7,-54042.836
0.00522678,-61969.8,0.7,-56561.9
0.00684229,-38171.7,0.7,-49726.805
0.00133699,-57727.4,0.7,-84146.69
0.00401096,-77659.7,0.7,-71379.305
0.00771474,-37073.3,0.7,-46756.004
0.00890606,-26012.0,0.7,-40350.758
0.000710771,-34236.0,0.7,-61921.11
0.00870453,-29261.2,0.7,-41616.33
0.00267398,-81929.6,0.7,-93171.875
0.00176225,-72146.5,0.7,-92800.664
0.00908656,-24683.9,0.7,-39174.855
0.0,-10672.2,0.7,-28776.81
0.0,-11907.0,0.7,-28776.81
0.00553708,-58568.9,0.7,-54506.293
0.00888329,-34238.6,0.7,-40496.52
0.00129839,-60043.3,0.7,-83080.99
0.000811326,-39840.6,0.7,-66114.48
0.00398979,-82069.2,0.7,-71732.375
0.00913838,-30642.0,0.7,-38831.39
0.0108688,-24235.8,0.7,-28023.861
0.0100709,-28860.6,0.7,-32580.92
0.000374787,-23929.4,0.7,-46757.48
0.00714626,-38339.3,0.7,-48815.22
0.010377,-30456.4,0.7,-30680.836
0.00191618,-75597.9,0.7,-94512.4
0.00267398,-86840.3,0.7,-93171.875
0.0110425,-21229.6,0.7,-27234.941
0.0,-10849.9,0.7,-28776.81
0.00531526,-65457.0,0.7,-55915.668
0.00925892,-39539.3,0.7,-38024.797
0.0110128,-31858.3,0.7,-27363.65
0.000825372,-43304.3,0.7,-66684.24
0.00127522,-61266.9,0.7,-82419.9
0.000394116,-25995.3,0.7,-47666.035
0.0037275,-90221.7,0.7,-76278.586
0.012947,-19068.9,0.7,-25126.047
0.0115725,-24675.6,0.7,-25408.7
0.00610025,-47225.7,0.7,-51971.44
0.00770341,-37461.4,0.7,-46803.074
0.0122565,-25515.6,0.7,-24472.416
0.00160713,-71358.8,0.7,-90311.44
0.00255968,-92941.5,0.7,-94256.81
0.0125801,-20832.4,0.7,-24590.775
0.0126336,-18100.5,0.7,-24643.28
0.0,-11672.0,0.7,-28776.81
0.00468834,-79129.2,0.7,-61711.137
0.00953223,-42318.0,0.7,-36173.15
0.0115139,-32871.0,0.7,-25564.842
0.0130859,-26359.0,0.7,-25429.48
0.00179665,-78646.0,0.7,-93248.234
0.000445663,-28334.6,0.7,-50071.9
0.000899283,-47157.9,0.7,-69613.37
0.00331758,-97576.2,0.7,-83624.734
0.014169,-19825.2,0.7,-29164.77
0.0147021,-16779.4,0.7,-31430.088
0.013365,-21417.0,0.7,-26185.975
0.0056651,-59071.1,0.7,-53814.742
0.00772482,-39738.5,0.7,-46713.887
0.0144465,-25827.2,0.7,-30340.611
0.00109911,-57041.2,0.7,-76888.45
0.00159208,-78420.9,0.7,-90028.78
0.00212576,-93810.5,0.7,-95670.52
0.0148399,-18633.1,0.7,-32008.193
0.0,-11681.6,0.7,-28776.81
0.00400438,-92231.7,0.7,-71488.78
0.00974398,-44375.9,0.7,-34739.336
0.0121448,-30671.4,0.7,-24513.707
0.013645,-27485.0,0.7,-27113.133
0.015604,-33382.3,0.7,-34866.332
0.00103059,-57554.2,0.7,-74506.555
0.000365902,-26021.1,0.7,-46338.83
0.000484566,-31850.2,0.7,-51869.42
0.00295856,-103200.0,0.7,-89518.42
0.0154395,-26862.5,0.7,-34318.336
0.0160731,-26029.8,0.7,-36169.28
0.0164247,-22282.4,0.7,-36887.07
0.00573411,-59352.1,0.7,-53474.312
0.00393669,-95451.2,0.7,-72628.45
0.00772344,-40530.4,0.7,-46719.746
0.0167909,-39032.6,0.7,-37431.188
0.000461506,-34052.2,0.7,-50805.9
0.00116979,-66443.2,0.7,-79213.56
0.00089884,-52932.5,0.7,-69596.17
0.00186916,-94481.7,0.7,-94068.7
0.0167241,-20588.7,0.7,-37344.688
0.0,-11852.8,0.7,-28776.81
0.0116733,-33831.2,0.7,-25167.936
0.00945242,-50445.3,0.7,-36715.336
0.0143002,-28791.6,0.7,-29717.266
0.0157566,-35327.9,0.7,-35333.656
0.0177587,-47544.7,0.7,-38507.805
0.000600879,-39554.3,0.7,-57132.582
0.0,-12874.1,0.7,-28776.81
0.00122717,-72965.0,0.7,-80998.44
0.00235601,-105409.0,0.7,-95503.266
0.0176384,-40841.3,0.7,-38353.25
0.0181348,-37029.4,0.7,-39141.91
0.0184341,-29565.3,0.7,-39879.113
0.00406806,-103164.0,0.7,-70439.79
0.00617027,-48606.6,0.7,-51729.4
0.0131687,-27036.4,0.7,-25634.363
0.00803865,-49672.5,0.7,-45296.54
0.0179448,-49513.9,0.7,-38788.125
0.019238,-52748.0,0.7,-43305.33
0.0,-14531.0,0.7,-28776.81
0.000499436,-36198.1,0.7,-52551.945
0.000603501,-42803.4,0.7,-57249.13
0.000485122,-32152.5,0.7,-51894.98
0.00109997,-71097.6,0.7,-76917.63
0.00124217,-78444.2,0.7,-81449.375
0.0187892,-24469.5,0.7,-41108.223
0.00287222,-111121.0,0.7,-90750.266
0.00494384,-84540.4,0.7,-58993.26
0.0104927,-47086.7,0.7,-30006.066
0.0137055,-29290.4,0.7,-27331.896
0.0162926,-39374.2,0.7,-36642.277
0.0149306,-31650.7,0.7,-32381.893
0.0176273,-48839.9,0.7,-38339.84
0.0198246,-57269.6,0.7,-47298.496
0.000581013,-45166.9,0.7,-56246.67
0.00145164,-94279.1,0.7,-87043.18
0.0198448,-51067.6,0.7,-47456.918
0.0201442,-46393.3,0.7,-49944.395
0.0202987,-37128.9,0.7,-51316.08
0.00282427,-118385.0,0.7,-91391.61
0.00393358,-111693.0,0.7,-72681.32
0.00477353,-91770.2,0.7,-60747.367
0.00616958,-52475.6,0.7,-51731.812
0.00206246,-111312.0,0.7,-95458.58
0.0126159,-32063.5,0.7,-24624.943
0.00908781,-60043.2,0.7,-39166.555
0.019107,-56675.5,0.7,-42586.04
0.0218189,-62173.7,0.7,-65266.37
0.0201267,-60283.0,0.7,-49792.535
0.0,-11085.9,0.7,-28776.81
0.0,-12979.5,0.7,-28776.81
0.0,-14152.0,0.7,-28776.81
0.0,-15262.2,0.7,-28776.81
0.000580333,-47138.9,0.7,-56216.223
0.000802993,-60360.6,0.7,-65774.45
0.0217713,-59916.3,0.7,-64886.6
0.00199817,-114811.0,0.7,-95122.516
0.00756193,-50869.6,0.7,-47367.93
0.0125812,-35562.1,0.7,-24591.826
0.0147839,-33951.3,0.7,-31774.61
0.0155654,-34280.6,0.7,-34741.766
0.0106166,-48233.8,0.7,-29315.15
0.0182357,-52983.5,0.7,-39363.62
0.0169051,-43033.1,0.7,-37568.76
0.0194159,-58873.5,0.7,-44385.504
0.0220604,-64793.2,0.7,-67064.61
0.0,-16094.7,0.7,-28776.81
0.000468338,-41451.6,0.7,-51121.633
0.000867492,-70063.9,0.7,-68368.09
0.00138341,-99085.9,0.7,-85368.4
0.0218726,-56926.1,0.7,-65685.305
0.0219452,-51698.7,0.7,-66234.92
0.0017619,-115711.0,0.7,-92795.89
0.0033205,-119650.0,0.7,-83573.38
0.00488335,-93985.6,0.7,-59590.285
0.00595431,-56177.8,0.7,-52517.027
0.00891288,-60990.3,0.7,-40306.992
0.0207581,-63678.2,0.7,-55622.85
0.0240363,-66289.8,0.7,-71000.92
0.0239462,-67564.4,0.7,-71240.56
0.0224688,-67988.9,0.7,-69532.555
0.0,-16324.4,0.7,-28776.81
0.000398946,-37831.1,0.7,-47892.48
0.000331585,-32399.5,0.7,-44715.98
0.0218364,-41823.7,0.7,-65404.01
0.0238171,-63620.8,0.7,-71526.64
0.00119632,-93000.8,0.7,-80050.484
0.00226153,-123475.0,0.7,-95743.07
0.0036909,-120916.0,0.7,-76931.914
0.00720837,-48914.3,0.7,-48616.426
0.0169161,-44134.1,0.7,-37581.383
0.0106795,-50211.5,0.7,-28978.08
0.0192917,-58672.4,0.7,-43618.95
0.0199502,-61945.1,0.7,-48303.957
0.0212287,-66436.8,0.7,-60113.785
0.0240862,-70812.5,0.7,-70854.945
0.0,-14632.9,0.7,-28776.81
0.00093221,-76961.6,0.7,-70879.12
0.000463226,-44811.7,0.7,-50885.473
0.0237592,-60112.6,0.7,-71631.625
0.0236175,-53633.3,0.7,-71823.85
0.000980509,-87210.1,0.7,-72689.61
0.00150607,-115830.0,0.7,-88274.69
0.00249634,-128268.0,0.7,-94744.3
0.00470896,-100159.0,0.7,-61472.492
0.00376337,-125464.0,0.7,-75641.64
0.00529155,-73718.8,0.7,-56083.832
0.00881217,-67009.1,0.7,-40947.453
0.02273,-70585.3,0.7,-70677.03
0.0252437,-69901.4,0.7,-65872.94
0.025891,-69484.4,0.7,-63157.47
0.0256063,-72923.5,0.7,-64243.586
0.0244993,-74422.1,0.7,-69340.12
0.0,-15049.2,0.7,-28776.81
0.0,-13928.0,0.7,-28776.81
0.0256473,-66394.7,0.7,-64074.277
0.000546763,-54698.9,0.7,-54706.137
0.00166009,-122168.0,0.7,-91248.125
0.00292246,-131652.0,0.7,-90044.836
0.0058194,-53958.4,0.7,-53081.754
0.000594217,-54937.5,0.7,-56836.15
0.00729706,-55504.4,0.7,-48323.07
0.0215165,-68386.2,0.7,-62733.965
0.0227527,-71961.1,0.7,-70759.414
0.0264018,-72071.4,0.7,-61895.316
0.0260531,-77296.7,0.7,-62649.055
0.0,-17123.1,0.7,-28776.81
0.0256555,-62836.7,0.7,-64040.855
0.000976515,-92833.2,0.7,-72541.91
0.000413827,-45707.7,0.7,-48589.016
0.00160345,-125693.0,0.7,-90243.0
0.00204355,-133803.0,0.7,-95372.516
0.00370678,-126196.0,0.7,-76648.07
0.00271668,-137484.0,0.7,-92704.266
0.00435146,-109806.0,0.7,-66091.77
0.00861032,-75762.8,0.7,-42187.0
0.0218719,-71461.9,0.7,-65679.89
0.024534,-77066.8,0.7,-69192.516
0.0269987,-75470.5,0.7,-61906.3
0.0282386,-76636.1,0.7,-67571.51
0.0279372,-73775.9,0.7,-65560.42
0.0274509,-79888.6,0.7,-63125.41
0.0265119,-82091.4,0.7,-61766.67
0.0250815,-54609.3,0.7,-66647.586
0.0276935,-70602.3,0.7,-64203.5
0.000462169,-51679.4,0.7,-50836.535
0.0,-17998.2,0.7,-28776.81
0.0,-18728.6,0.7,-28776.81
0.00118581,-109090.0,0.7,-79721.29
0.0046733,-95442.2,0.7,-61887.355
0.00560786,-59896.6,0.7,-54113.906
0.00715449,-64534.4,0.7,-48789.18
0.0237543,-76936.3,0.7,-71639.76
0.0286879,-79512.8,0.7,-71094.625
0.027994,-85246.7,0.7,-65912.914
0.0271738,-65599.9,0.7,-62253.207
0.000429157,-49268.4,0.7,-49304.305
0.0,-17431.7,0.7,-28776.81
0.00073665,-74747.2,0.7,-63018.664
0.000952341,-96908.1,0.7,-71640.52
0.00137781,-126429.0,0.7,-85224.46
0.00186779,-137614.0,0.7,-94054.73
0.00298114,-139703.0,0.7,-89181.38
0.00263918,-141521.0,0.7,-93528.75
0.00351621,-136709.0,0.7,-80076.12
0.0266701,-86012.2,0.7,-61682.312
0.028923,-83262.9,0.7,-73100.76
0.0300966,-81923.1,0.7,-82993.79
0.0303372,-84347.1,0.7,-84716.67
0.029817,-79203.3,0.7,-80806.92
0.0293087,-88088.0,0.7,-76480.836
0.0285036,-90464.7,0.7,-69588.14
0.0297398,-76430.7,0.7,-80173.74
0.0,-18524.0,0.7,-28776.81
0.00138651,-128863.0,0.7,-85447.555
0.00190475,-142695.0,0.7,-94410.875
0.00404841,-120187.0,0.7,-70760.91
0.00572484,-54790.5,0.7,-53518.816
0.0306275,-87767.0,0.7,-86569.47
0.0297197,-93148.3,0.7,-80007.11
0.0,-17125.5,0.7,-28776.81
0.000338319,-40789.4,0.7,-45035.133
0.000432132,-50223.9,0.7,-49442.8
0.000903199,-99188.2,0.7,-69765.19
0.00128747,-129632.0,0.7,-82771.375
0.0020322,-146827.0,0.7,-95315.77
0.00251474,-148375.0,0.7,-94611.555
0.00446968,-99192.9,0.7,-64451.97
0.00281735,-151762.0,0.7,-91481.49
0.0294016,-95956.2,0.7,-77292.68
0.0308371,-92227.9,0.7,-87744.42
0.0320886,-90432.9,0.7,-92254.6
0.0320158,-88858.5,0.7,-92078.63
0.0322839,-93289.5,0.7,-92701.95
0.031352,-84588.6,0.7,-90062.12
0.0312017,-96832.1,0.7,-89465.086
0.0302428,-97446.2,0.7,-84059.95
0.000453135,-55529.3,0.7,-50418.44
0.000827363,-95564.6,0.7,-66764.68
0.00122927,-132759.0,0.7,-81061.93
0.00210741,-146439.0,0.7,-95621.08
0.00339797,-143337.0,0.7,-82199.79
0.00446716,-90959.1,0.7,-64485.79
0.032546,-97562.4,0.7,-93271.65
0.0314454,-100994.0,0.7,-90403.04
0.0,-17103.2,0.7,-28776.81
0.0,-19425.8,0.7,-28776.81
0.000431136,-55284.2,0.7,-49396.46
0.000594217,-79382.7,0.7,-56836.15
0.00144622,-144340.0,0.7,-86915.47
0.00160934,-146097.0,0.7,-90352.35
0.00198058,-155897.0,0.7,-95008.94
0.00355585,-134166.0,0.7,-79361.14
0.00247883,-158348.0,0.7,-94863.78
0.0325937,-101379.0,0.7,-93374.64
0.0338902,-99883.4,0.7,-97069.34
0.0337228,-97514.0,0.7,-96435.03
0.0341338,-103890.0,0.7,-98100.52
0.0328053,-105213.0,0.7,-93840.33
0.0,-20561.3,0.7,-28776.81
0.00031413,-46268.1,0.7,-43887.273
0.000515149,-79186.5,0.7,-53270.297
0.00179234,-165491.0,0.7,-93194.195
0.000876095,-116183.0,0.7,-68707.29
0.00267398,-155797.0,0.7,-93171.875
0.00355181,-126332.0,0.7,-79433.96
0.0342243,-107749.0,0.7,-98516.914
0.0,-19869.1,0.7,-28776.81
0.0,-26139.3,0.7,-28776.81
0.0,-22452.6,0.7,-28776.81
0.000799164,-109502.0,0.7,-65617.77
0.00130165,-142450.0,0.7,-83172.75
0.00139961,-151748.0,0.7,-85779.1
0.00268193,-153999.0,0.7,-93087.305
0.00171251,-167936.0,0.7,-92086.61
0.0339843,-109227.0,0.7,-97452.234
0.0354781,-108210.0,0.7,-105959.07
0.0357217,-111751.0,0.7,-107678.28
0.0358787,-115885.0,0.7,-108812.195
0.0,-17558.0,0.7,-28776.81
0.0,-26287.8,0.7,-28776.81
0.000440074,-71798.3,0.7,-49812.24
0.000862331,-117839.0,0.7,-68163.79
0.00101648,-138277.0,0.7,-74001.01
0.00190219,-165720.0,0.7,-94387.59
0.00113563,-163023.0,0.7,-78107.055
0.00244157,-160823.0,0.7,-95095.04
0.0362091,-119898.0,0.7,-111238.234
0.0348302,-115070.0,0.7,-101756.1
0.0355678,-107057.0,0.7,-106585.43
0.000419316,-70990.2,0.7,-48845.36
0.000861107,-119608.0,0.7,-68115.29
0.000343608,-60405.8,0.7,-45285.64
0.00170384,-166512.0,0.7,-91954.06
0.0011981,-161515.0,0.7,-80105.875
0.000940843,-152599.0,0.7,-71206.78
0.0373096,-121533.0,0.7,-119174.805
0.0373742,-124284.0,0.7,-119612.81
0.0373075,-125511.0,0.7,-119160.47
0.0,-24821.6,0.7,-28776.81
0.000396145,-72648.7,0.7,-47761.17
0.000372109,-71180.1,0.7,-46631.363
0.000728308,-120857.0,0.7,-62666.24
0.00131851,-161590.0,0.7,-83642.12
0.000635916,-117066.0,0.7,-58680.59
0.0371665,-127511.0,0.7,-118188.836
0.0382539,-132432.0,0.7,-125052.36
0.0,-27544.5,0.7,-28776.81
0.0,-24340.5,0.7,-28776.81
0.000445663,-80338.2,0.7,-50071.9
0.000967227,-142067.0,0.7,-72197.27
0.000821207,-132796.0,0.7,-66515.695
0.00051994,-104244.0,0.7,-53488.664
0.000463612,-95703.0,0.7,-50903.223
0.0387883,-134841.0,0.7,-127820.89
0.0,-27068.8,0.7,-28776.81
0.0,-31199.5,0.7,-28776.81
0.000369307,-74424.9,0.7,-46499.42
0.00105959,-158102.0,0.7,-75529.68
0.0,-39468.0,0.7,-28776.81
0.0,-25998.4,0.7,-28776.81
0.0,-33936.3,0.7,-28776.81
0.000479955,-89036.2,0.7,-51657.18
0.000445663,-83190.0,0.7,-50071.9
0.000392714,-78839.2,0.7,-47600.21
0.0,-34045.2,0.7,-28776.81
0.000486706,-106198.0,0.7,-51967.812
0.0,-34049.3,0.7,-28776.81
0.0,-29102.7,0.7,-28776.81
0.0,-29632.9,0.7,-28776.81
0.0,-28563.9,0.7,-28776.81
0.00554602,-34494.1,0.7,-54455.31
0.00735343,-35884.1,0.7,-48130.13
0.00753913,-43753.3,0.7,-47455.35
0.00561983,-29598.0,0.7,-54049.965
0.00599313,-34169.6,0.7,-52365.902
0.0043842,-50301.4,0.7,-65626.83
0.00955629,-41452.1,0.7,-36009.723
0.0042361,-50322.0,0.7,-67793.92
0.00382908,-59560.5,0.7,-74485.33
0.00708667,-28950.9,0.7,-49001.3
0.00448638,-50224.6,0.7,-64229.16
0.00307349,-73359.1,0.7,-87746.53
0.00795821,-52350.4,0.7,-45680.105
0.00969628,-44542.4,0.7,-35061.062
0.00862631,-40957.7,0.7,-42091.32
0.00418398,-50986.7,0.7,-68594.37
0.00317283,-69059.1,0.7,-86117.016
0.00619036,-25099.7,0.7,-51662.027
0.00272504,-75486.4,0.7,-92609.03
0.0032793,-65242.6,0.7,-84294.59
0.00533137,-33591.3,0.7,-55803.34
0.00328536,-73142.6,0.7,-84188.984
0.00235024,-71627.2,0.7,-95524.39
0.0067022,-40774.9,0.7,-50126.953
0.00976376,-46052.4,0.7,-34606.35
0.0116463,-29338.6,0.7,-25228.955
0.0106212,-33214.8,0.7,-29290.252
0.00475567,-40814.8,0.7,-60944.586
0.00808025,-32432.3,0.7,-45092.82
0.00322688,-63385.4,0.7,-85200.16
0.00236126,-67109.9,0.7,-95483.31
0.0036026,-58189.1,0.7,-78518.14
0.00225956,-78542.3,0.7,-95745.58
0.00186999,-72557.9,0.7,-94077.15
0.002088,-77766.5,0.7,-95558.1
0.00805475,-53750.7,0.7,-45218.168
0.0121448,-28072.5,0.7,-24513.707
0.0119082,-25333.2,0.7,-24744.398
0.00983521,-37103.3,0.7,-34127.86
0.00740496,-24104.0,0.7,-47949.1
0.00572139,-30935.9,0.7,-53535.508
0.0050182,-38221.5,0.7,-58297.55
0.00256703,-63763.0,0.7,-94194.83
0.00174087,-63070.2,0.7,-92503.41
0.00149524,-61436.6,0.7,-88037.07
0.003857,-54014.2,0.7,-73998.76
0.00154127,-69197.8,0.7,-89021.15
0.00108669,-52755.1,0.7,-76465.95
0.00653244,-39405.2,0.7,-50611.97
0.00207765,-80653.5,0.7,-95520.06
0.0135659,-23324.7,0.7,-26836.27
0.0135118,-21777.2,0.7,-26653.44
0.0124686,-20727.1,0.7,-24510.898
0.0113325,-27184.7,0.7,-26121.943
0.00935891,-31490.0,0.7,-37349.707
0.00420691,-48392.1,0.7,-68239.85
0.00645663,-28116.2,0.7,-50832.96
0.00183284,-61482.8,0.7,-93678.51
0.0016354,-62145.1,0.7,-90822.65
0.000989848,-42980.1,0.7,-73033.09
0.0028411,-59422.2,0.7,-91170.21
0.00113851,-59038.1,0.7,-78201.516
0.000864435,-41260.9,0.7,-68247.2
0.00129922,-67337.7,0.7,-83104.414
0.0141502,-25074.2,0.7,-29086.545
0.0138157,-19918.1,0.7,-27744.756
0.0111805,-28551.2,0.7,-26672.297
0.00868381,-24199.7,0.7,-41743.14
0.00484658,-41676.5,0.7,-59967.117
0.00167491,-51923.8,0.7,-91494.12
0.00113241,-47165.8,0.7,-78001.03
0.00267398,-51170.5,0.7,-93171.875
0.00089787,-49379.4,0.7,-69558.53
0.000534125,-27809.8,0.7,-54133.758
0.00123174,-67194.5,0.7,-81136.53
0.0154926,-28729.4,0.7,-34499.973
0.015118,-24971.6,0.7,-33131.12
0.0149316,-22233.3,0.7,-32386.027
0.0145005,-19434.6,0.7,-30571.469
0.0129101,-20900.5,0.7,-25054.291
0.0107538,-27359.8,0.7,-28592.4
0.00338241,-47278.2,0.7,-82477.195
0.0050668,-38948.4,0.7,-57865.363
0.0081475,-22999.2,0.7,-44755.617
0.00200548,-52769.3,0.7,-95167.04
0.00131929,-51122.3,0.7,-83663.6
0.00123972,-42912.2,0.7,-81376.2
0.00058029,-25589.9,0.7,-56214.355
0.000496212,-24756.1,0.7,-52404.207
0.00197127,-46353.7,0.7,-94945.07
0.000450597,-27964.2,0.7,-50300.67
0.000493092,-29192.3,0.7,-52261.008
0.000710572,-40045.8,0.7,-61912.582
0.000388082,-21211.9,0.7,-47382.746
0.000775131,-45402.8,0.7,-64627.574
0.0161557,-34447.3,0.7,-36357.32
0.0158011,-25959.4,0.7,-35462.26
0.0127337,-23955.9,0.7,-24765.566
0.0102864,-23867.9,0.7,-31227.283
0.00410882,-44083.1,0.7,-69781.02
0.006285,-32610.7,0.7,-51355.016
0.000980479,-30227.4,0.7,-72688.47
0.00119867,-34778.8,0.7,-80123.72
0.000689324,-27719.4,0.7,-61002.46
0.000462017,-22241.3,0.7,-50829.516
0.00183909,-39677.9,0.7,-93748.6
0.0,-8654.42,0.7,-28776.81
0.0,-8137.39,0.7,-28776.81
0.00075314,-45356.4,0.7,-63711.508
0.0168543,-35656.4,0.7,-37509.04
0.0174386,-40411.1,0.7,-38127.965
0.016558,-31350.0,0.7,-37106.18
0.0166632,-27792.6,0.7,-37261.35
0.0147025,-20196.5,0.7,-31431.809
0.0123225,-25268.3,0.7,-24468.168
0.00211302,-38147.6,0.7,-95637.14
0.00317535,-41392.4,0.7,-86074.71
0.00400946,-39491.8,0.7,-71404.23
0.0047577,-36631.6,0.7,-60922.0
0.00971036,-22018.5,0.7,-34966.035
0.00778427,-27801.5,0.7,-46461.637
0.00126774,-33007.7,0.7,-82203.06
0.000566686,-20095.2,0.7,-55604.24
0.0,-8013.42,0.7,-28776.81
0.0,-8291.13,0.7,-28776.81
0.0,-7957.74,0.7,-28776.81
0.0,-8018.05,0.7,-28776.81
0.000557078,-17161.9,0.7,-55171.773
0.00117103,-26257.8,0.7,-79253.15
0.0,-8950.06,0.7,-28776.81
0.000300813,-19162.0,0.7,-43253.527
0.00035843,-22765.0,0.7,-45986.203
0.000364064,-24247.6,0.7,-46252.125
0.0182357,-45938.7,0.7,-39363.62
0.0181095,-40219.4,0.7,-39090.26
0.0179347,-38264.4,0.7,-38771.355
0.0143793,-21452.7,0.7,-30053.705
0.0116923,-22994.1,0.7,-25126.51
0.0025737,-39326.8,0.7,-94137.57
0.00596091,-34416.9,0.7,-52491.023
0.00042837,-14480.6,0.7,-49267.62
0.000612786,-17508.6,0.7,-57660.77
0.0,-7698.21,0.7,-28776.81
0.00126616,-24792.4,0.7,-82157.08
0.0,-8585.5,0.7,-28776.81
0.000328057,-23700.3,0.7,-44548.63
0.0187244,-45880.3,0.7,-40852.055
0.0184537,-43164.1,0.7,-39936.258
0.0193847,-49582.8,0.7,-44187.562
0.0190295,-42383.0,0.7,-42191.08
0.0162629,-22194.0,0.7,-36583.254
0.0139372,-21942.1,0.7,-28218.598
0.00179263,-27491.6,0.7,-93197.87
0.00225291,-30623.0,0.7,-95753.41
0.00300822,-34865.6,0.7,-88769.66
0.00367779,-35249.7,0.7,-77166.586
0.0044155,-31814.6,0.7,-65190.047
0.0091415,-26629.5,0.7,-38810.59
0.0110002,-21373.7,0.7,-27419.031
0.00728277,-31918.4,0.7,-48371.09
0.000592537,-14862.0,0.7,-56761.297
0.0,-6192.25,0.7,-28776.81
0.0,-5443.54,0.7,-28776.81
0.0,-5491.17,0.7,-28776.81
0.00124149,-19440.9,0.7,-81429.13
0.000668494,-13344.4,0.7,-60102.53
0.0,-8806.17,0.7,-28776.81
0.0,-9672.21,0.7,-28776.81
0.0,-9976.31,0.7,-28776.81
0.0199452,-52438.2,0.7,-48262.99
0.0196517,-46775.9,0.7,-45995.89
0.0199985,-48857.0,0.7,-48702.977
0.0184111,-34617.6,0.7,-39813.586
0.0156016,-19159.7,0.7,-34858.668
0.0129822,-20423.0,0.7,-25197.982
0.0035653,-31317.1,0.7,-79190.66
0.0052402,-28020.2,0.7,-56460.586
0.00050367,-11292.9,0.7,-52745.76
0.0,-5007.35,0.7,-28776.81
0.000740255,-12137.5,0.7,-63170.625
0.020495,-51095.8,0.7,-53124.42
0.0207217,-53065.7,0.7,-55274.168
0.0192917,-52106.6,0.7,-43618.95
0.0212291,-55261.8,0.7,-60117.51
0.0204135,-45902.2,0.7,-52366.027
0.0209401,-50408.8,0.7,-57370.88
0.0176311,-22312.2,0.7,-38344.434
0.0158428,-16953.7,0.7,-35579.348
0.0151634,-17124.0,0.7,-33307.0
0.00117822,-15882.2,0.7,-79481.69
0.00138702,-18465.3,0.7,-85460.55
0.00211681,-25674.9,0.7,-95647.57
0.00267398,-28273.5,0.7,-93171.875
0.00372108,-22424.2,0.7,-76393.0
0.0031747,-23709.5,0.7,-86085.625
0.00869145,-29805.1,0.7,-41696.41
0.0103799,-26723.0,0.7,-30663.654
0.0124625,-21692.8,0.7,-24507.672
0.00664285,-25128.8,0.7,-50295.67
0.0,-3852.32,0.7,-28776.81
0.000668494,-9379.68,0.7,-60102.53
0.0,-4073.95,0.7,-28776.81
0.000343648,-7465.9,0.7,-45287.43
0.0215165,-57093.4,0.7,-62733.965
0.0215479,-52835.9,0.7,-63008.94
0.0220255,-54455.6,0.7,-66818.91
0.0198869,-36848.5,0.7,-47791.258
0.0145881,-18894.1,0.7,-30945.621
0.00074405,-9265.97,0.7,-63330.22
0.00156622,-19491.3,0.7,-89526.25
0.00245114,-21298.9,0.7,-95038.67
0.00401096,-18320.8,0.7,-71379.305
0.00466704,-17902.8,0.7,-61961.19
0.000334247,-5941.82,0.7,-44842.188
0.0224553,-56215.6,0.7,-69463.85
0.0227477,-57978.3,0.7,-70741.51
0.021869,-61339.9,0.7,-65657.58
0.0227565,-58889.0,0.7,-70772.99
0.0225154,-53593.3,0.7,-69762.83
0.0219806,-49267.7,0.7,-66495.48
0.0230719,-55747.7,0.7,-71620.695
0.0193966,-24072.8,0.7,-44262.67
0.0171791,-14847.2,0.7,-37862.36
0.0166525,-14349.0,0.7,-37246.19
0.000775945,-8965.6,0.7,-64661.31
0.000668494,-8392.78,0.7,-60102.53
0.00148024,-16529.7,0.7,-87701.94
0.00171556,-18351.9,0.7,-92132.66
0.00167631,-14677.1,0.7,-91517.01
0.00289322,-12392.3,0.7,-90459.375
0.00274342,-15365.0,0.7,-92395.41
0.00215176,-13526.9,0.7,-95724.0
0.00990031,-25805.6,0.7,-33695.207
0.00817689,-23653.7,0.7,-44605.254
0.0118114,-25094.8,0.7,-24895.482
0.0140129,-23315.3,0.7,-28522.312
0.00520048,-16541.5,0.7,-56763.96
0.000334247,-4777.1,0.7,-44842.188
0.0,-3063.63,0.7,-28776.81
0.0237543,-63137.5,0.7,-71639.76
0.023547,-56881.9,0.7,-71883.75
0.0240346,-58220.2,0.7,-71005.66
0.0215855,-39119.6,0.7,-63335.047
0.0161941,-19734.6,0.7,-36440.59
0.000364748,-4579.65,0.7,-46284.395
0.000903041,-10194.7,0.7,-69759.13
0.00176868,-12096.2,0.7,-92887.16
0.00334247,-13118.0,0.7,-83185.88
0.00690369,-21525.6,0.7,-49548.93
0.0035653,-12829.4,0.7,-79190.66
0.0,-2063.04,0.7,-28776.81
0.0244993,-60235.9,0.7,-69340.12
0.024535,-62005.1,0.7,-69188.09
0.0251853,-59491.1,0.7,-66150.305
0.0189063,-16152.1,0.7,-41609.375
0.0184159,-16493.4,0.7,-39827.055
0.000334247,-4590.08,0.7,-44842.188
0.000434629,-6051.54,0.7,-49559.047
0.00111018,-10306.8,0.7,-77261.65
0.00128517,-9100.8,0.7,-82705.766
0.00209823,-9992.16,0.7,-95592.64
0.00249429,-11088.3,0.7,-94758.625
0.00144051,-8880.31,0.7,-86779.91
0.00870792,-31219.6,0.7,-41595.523
0.0109595,-29799.8,0.7,-27601.19
0.013219,-30401.8,0.7,-25767.014
0.0154771,-30457.2,0.7,-34447.453
0.00382678,-17299.4,0.7,-74525.55
0.00539852,-25775.7,0.7,-55352.742
0.0,-1829.11,0.7,-28776.81
0.0266701,-68360.3,0.7,-61682.312
0.0256274,-60267.9,0.7,-64156.01
0.0260531,-62039.4,0.7,-62649.055
0.0171112,-23320.4,0.7,-37792.71
0.0,-1854.85,0.7,-28776.81
0.0,-2275.94,0.7,-28776.81
0.000521582,-6502.84,0.7,-53563.496
0.0,-2584.66,0.7,-28776.81
0.000891325,-7461.14,0.7,-69303.766
0.00199789,-9375.91,0.7,-95120.81
0.00257107,-11781.4,0.7,-94160.23
0.00146634,-9329.27,0.7,-87384.914
0.00697027,-38460.7,0.7,-49353.188
0.0028821,-16391.1,0.7,-90614.14
0.0265119,-64980.2,0.7,-61766.67
0.0272418,-63440.4,0.7,-62430.72
0.0209093,-21880.1,0.7,-57075.145
0.0183237,-24127.6,0.7,-39578.56
0.0,-2972.94,0.7,-28776.81
0.00051994,-6449.08,0.7,-53488.664
0.000886733,-6483.69,0.7,-69124.48
0.00137413,-8286.99,0.7,-85129.36
0.00174589,-10689.2,0.7,-92574.516
0.00240522,-14829.4,0.7,-95289.89
0.000883194,-7120.17,0.7,-68986.0
0.0101421,-45684.3,0.7,-32126.129
0.0119761,-45306.2,0.7,-24658.068
0.00852009,-52696.0,0.7,-42719.758
0.0141867,-45973.6,0.7,-29238.879
0.0171453,-32008.2,0.7,-37827.844
0.00266873,-21208.6,0.7,-93227.17
0.00423289,-29490.7,0.7,-67842.65
0.00566,-45720.7,0.7,-53840.82
0.0276069,-64301.9,0.7,-63786.164
0.027994,-66939.2,0.7,-65912.914
0.0202537,-23050.5,0.7,-50911.28
0.0,-3164.62,0.7,-28776.81
0.000402892,-5365.91,0.7,-48077.383
0.000420904,-4894.55,0.7,-48919.527
0.00126271,-7873.0,0.7,-82056.37
0.00174172,-12965.8,0.7,-92515.46
0.000856518,-6636.27,0.7,-67933.09
0.00675371,-58163.7,0.7,-49980.41
0.0162968,-45396.7,0.7,-36650.53
0.00210897,-20182.5,0.7,-95625.6
0.00313749,-24009.9,0.7,-86705.695
0.0184614,-35558.0,0.7,-39959.035
0.0,-3129.45,0.7,-28776.81
0.000423675,-5150.54,0.7,-49048.844
0.000632281,-4423.47,0.7,-58520.85
0.00104013,-7422.84,0.7,-74845.52
0.00111144,-9082.59,0.7,-77303.93
0.00157487,-16675.2,0.7,-89696.766
0.000396145,-5096.74,0.7,-47761.17
0.0103752,-54591.2,0.7,-30691.594
0.0128844,-54718.1,0.7,-25006.623
0.00845619,-55589.8,0.7,-43088.137
0.0151719,-55855.6,0.7,-33339.62
0.00175112,-24176.2,0.7,-92647.734
0.00212468,-26800.4,0.7,-95667.82
0.00324121,-30840.0,0.7,-84954.11
0.00418041,-42660.0,0.7,-68649.89
0.00521192,-55596.0,0.7,-56675.473
0.0203677,-29726.3,0.7,-51944.355
0.0,-2832.26,0.7,-28776.81
0.0,-2795.91,0.7,-28776.81
0.000594217,-4122.72,0.7,-56836.15
0.00106586,-11475.1,0.7,-75747.94
0.00036782,-4011.6,0.7,-46429.273
0.0062606,-52797.6,0.7,-51432.58
0.0173655,-52158.6,0.7,-38051.688
0.00136616,-20053.3,0.7,-84922.086
0.00237971,-29031.3,0.7,-95407.875
0.00520632,-57014.5,0.7,-56718.7
0.0194767,-40879.6,0.7,-44781.652
0.0,-2811.69,0.7,-28776.81
0.0,-1260.3,0.7,-28776.81
0.000542635,-4492.13,0.7,-54519.39
0.000544699,-5835.96,0.7,-54612.81
0.000896774,-13099.4,0.7,-69515.914
0.0,-1652.03,0.7,-28776.81
0.0,-2428.48,0.7,-28776.81
0.00986568,-47364.4,0.7,-33924.914
0.011878,-48578.6,0.7,-24787.934
0.0142363,-50143.2,0.7,-29447.16
0.00805869,-45374.6,0.7,-45198.812
0.0164388,-53269.1,0.7,-36911.457
0.000982174,-19477.6,0.7,-72750.94
0.00122354,-25774.1,0.7,-80888.29
0.00171756,-30017.7,0.7,-92162.69
0.0024478,-32543.3,0.7,-95058.6
0.00323752,-39033.4,0.7,-85017.58
0.00407277,-49507.2,0.7,-70363.11
0.0216874,-36866.2,0.7,-64198.91
0.0,-1327.27,0.7,-28776.81
0.000525689,-7241.51,0.7,-53750.35
0.00625268,-43630.5,0.7,-51457.98
0.00464344,-51338.4,0.7,-62242.61
0.0184184,-47773.7,0.7,-39834.188
0.000847997,-15766.2,0.7,-67593.47
0.00174194,-32017.6,0.7,-92518.664
0.00363471,-50486.1,0.7,-77940.03
0.020398,-36957.0,0.7,-52222.957
0.0,-1717.24,0.7,-28776.81
0.0,-2273.98,0.7,-28776.81
0.000376792,-6899.95,0.7,-46851.934
0.00964604,-34733.9,0.7,-35400.906
0.0112129,-39728.2,0.7,-26548.848
0.0129325,-38851.4,0.7,-25097.326
0.01613,-44104.0,0.7,-36300.152
0.00476178,-46166.8,0.7,-60876.848
0.00775166,-32306.7,0.7,-46600.89
0.0175352,-47364.2,0.7,-38233.01
0.000467384,-10995.2,0.7,-51077.58
0.00059199,-15341.1,0.7,-56736.87
0.00111791,-28367.8,0.7,-77520.28
0.000431491,-8932.51,0.7,-49413.004
0.00174257,-34169.4,0.7,-92527.54
0.0024759,-37072.9,0.7,-94883.11
0.00323166,-44057.6,0.7,-85118.25
0.0222444,-41649.7,0.7,-68272.76
0.0,-2697.53,0.7,-28776.81
0.0148885,-35817.1,0.7,-32209.188
0.00469266,-43015.1,0.7,-61660.816
0.00605673,-32825.4,0.7,-52127.92
0.00346322,-44897.5,0.7,-81030.484
0.0191087,-39477.5,0.7,-42594.953
0.000444615,-11480.9,0.7,-50023.184
0.000585309,-17961.0,0.7,-56438.785
0.001122,-30293.4,0.7,-77656.52
0.00259381,-42015.3,0.7,-93959.53
0.020681,-33635.1,0.7,-54884.99
0.0,-2994.51,0.7,-28776.81
0.0117423,-23262.9,0.7,-25023.379
0.00918274,-24153.1,0.7,-38535.66
0.0137209,-24157.5,0.7,-27388.535
0.0178193,-37222.6,0.7,-38592.914
0.0167888,-29426.8,0.7,-37428.47
0.00361008,-42152.8,0.7,-78383.36
0.00748781,-28022.9,0.7,-47648.098
0.00259381,-44629.1,0.7,-93959.53
0.0,-3620.67,0.7,-28776.81
0.0,-4135.55,0.7,-28776.81
0.0,-4710.94,0.7,-28776.81
0.0,-5488.57,0.7,-28776.81
0.000501694,-17822.7,0.7,-52655.348
0.00172921,-36059.8,0.7,-92335.12
0.00109907,-31604.1,0.7,-76887.15
0.0216683,-41020.0,0.7,-64039.336
0.0151087,-18591.3,0.7,-33094.703
0.00356916,-43017.9,0.7,-79120.97
0.00449733,-33023.4,0.7,-64084.21
0.00564408,-29750.8,0.7,-53922.82
0.00267729,-39524.9,0.7,-93136.83
0.00245784,-42558.5,0.7,-94997.96
0.0198637,-32535.6,0.7,-47606.363
0.0,-5926.37,0.7,-28776.81
0.000538334,-20523.6,0.7,-54324.535
0.001817,-39382.4,0.7,-93495.33
0.0234162,-46970.6,0.7,-71929.305
0.0105145,-17723.0,0.7,-29881.998
0.0081676,-31994.2,0.7,-44652.902
0.0136462,-14515.2,0.7,-27117.477
0.0189847,-28948.8,0.7,-41972.91
0.0164619,-18847.7,0.7,-36950.918
0.00271853,-39896.1,0.7,-92683.305
0.00658361,-37144.4,0.7,-50464.805
0.00160418,-40368.9,0.7,-90256.58
0.0,-5626.4,0.7,-28776.81
0.0,-6869.33,0.7,-28776.81
0.000982168,-31333.0,0.7,-72750.68
0.000507247,-21298.3,0.7,-52909.395
0.0224911,-48433.0,0.7,-69644.19
0.0207321,-37188.7,0.7,-55373.688
0.0122499,-14743.4,0.7,-24473.6
0.0151456,-18960.1,0.7,-33238.254
0.018293,-23740.0,0.7,-39501.176
0.00271509,-43904.5,0.7,-92722.27
0.00308676,-36972.5,0.7,-87533.57
0.00407635,-30671.5,0.7,-70304.89
0.00511616,-40378.5,0.7,-57443.836
0.00195182,-40291.6,0.7,-94802.98
0.00200429,-37810.2,0.7,-95159.9
0.0,-7355.93,0.7,-28776.81
0.00114276,-33521.9,0.7,-78340.695
0.00118019,-36407.6,0.7,-79544.05
0.024235,-40868.6,0.7,-70367.74
0.0116064,-16217.3,0.7,-25323.838
0.00950879,-20612.2,0.7,-36332.414
0.00595127,-49353.6,0.7,-52529.08
0.0135411,-20650.3,0.7,-26751.8
0.0199273,-32487.3,0.7,-48117.14
0.0168624,-20348.8,0.7,-37518.695
0.00208089,-37956.4,0.7,-95532.336
0.00115696,-35835.8,0.7,-78801.81
0.000478851,-21239.2,0.7,-51606.43
0.0,-7530.17,0.7,-28776.81
0.00093014,-34741.2,0.7,-70800.23
0.021276,-44981.0,0.7,-60554.773
0.0229998,-46677.4,0.7,-71474.77
0.00736023,-39595.7,0.7,-48106.523
0.0153867,-22277.4,0.7,-34133.324
0.0199808,-36002.3,0.7,-48555.96
0.0185853,-25678.9,0.7,-40351.242
0.00213342,-37691.8,0.7,-95688.27
0.00288426,-29068.8,0.7,-90584.22
0.00381119,-39117.8,0.7,-74798.625
0.0045505,-50191.8,0.7,-63394.324
0.00136473,-36049.6,0.7,-84884.64
0.00146015,-34344.1,0.7,-87241.945
0.000806762,-31563.5,0.7,-65928.41
0.000523597,-22270.5,0.7,-53655.25
0.000572341,-25641.9,0.7,-55858.2
0.0129455,-18117.1,0.7,-25123.06
0.0106869,-15078.6,0.7,-28939.084
0.00846069,-25986.9,0.7,-43062.387
0.00550263,-58980.9,0.7,-54706.75
0.017745,-25934.0,0.7,-38489.23
0.00139683,-31338.9,0.7,-85709.2
0.00200217,-35978.1,0.7,-95147.07
0.00444981,-58459.8,0.7,-64720.004
0.000478533,-22435.8,0.7,-51591.75
0.000786382,-28330.8,0.7,-65092.58
0.0,-7206.25,0.7,-28776.81
0.000449456,-22575.6,0.7,-50247.785
0.0215249,-47114.5,0.7,-62807.723
0.00637473,-50746.8,0.7,-51077.426
0.0143989,-19367.9,0.7,-30137.285
0.0197946,-38511.7,0.7,-47065.5
0.0164152,-26500.5,0.7,-36870.42
0.00142665,-35067.2,0.7,-86446.61
0.00273197,-32953.4,0.7,-92529.1
0.00193003,-26949.0,0.7,-94629.96
0.00358571,-51321.4,0.7,-78822.61
0.000875126,-28128.8,0.7,-68669.23
0.0009363,-26777.6,0.7,-71034.55
0.000335153,-19210.5,0.7,-44885.13
0.0,-8727.52,0.7,-28776.81
0.0,-6903.4,0.7,-28776.81
0.0,-8291.37,0.7,-28776.81
0.0231534,-43064.8,0.7,-71751.24
0.0120529,-14686.0,0.7,-24579.973
0.00978472,-19078.5,0.7,-34465.617
0.00771585,-33109.6,0.7,-46751.406
0.00398818,-66921.3,0.7,-71759.28
0.00490376,-67314.8,0.7,-59385.68
0.0190507,-38822.4,0.7,-42296.844
0.000870437,-26188.9,0.7,-68484.38
0.00129638,-35242.5,0.7,-83024.28
0.00140832,-28653.8,0.7,-85996.555
0.00326271,-60482.7,0.7,-84582.766
0.000822817,-24471.9,0.7,-66580.94
0.000344422,-17537.5,0.7,-45324.137
0.0,-8505.95,0.7,-28776.81
0.000395205,-18379.7,0.7,-47717.06
0.0,-7927.33,0.7,-28776.81
0.0213833,-46093.3,0.7,-61541.273
0.00603309,-55045.4,0.7,-52215.113
0.00493002,-70521.8,0.7,-59127.125
0.0134189,-17790.5,0.7,-26352.518
0.0156225,-25722.2,0.7,-34925.11
0.0175887,-34474.9,0.7,-38294.137
0.000860657,-27533.0,0.7,-68097.37
0.0025561,-42329.4,0.7,-94286.66
0.00184741,-24914.2,0.7,-93840.09
0.00127902,-23062.5,0.7,-82529.414
0.000423632,-17986.9,0.7,-49046.723
0.000445863,-17303.8,0.7,-50081.164
0.0,-8051.74,0.7,-28776.81
0.0109279,-17020.9,0.7,-27745.783
0.00886417,-26490.7,0.7,-40618.375
0.00386206,-73010.6,0.7,-73910.86
0.00281436,-64805.1,0.7,-91520.08
0.0212233,-42365.3,0.7,-60063.23
0.0192067,-39558.3,0.7,-43127.566
0.000408335,-16448.3,0.7,-48332.234
0.000427771,-16555.0,0.7,-49239.703
0.000828555,-23550.9,0.7,-66812.78
0.00136598,-25772.0,0.7,-84917.37
0.000816278,-18797.9,0.7,-66315.82
0.00204898,-49278.6,0.7,-95398.36
0.0,-7644.2,0.7,-28776.81
0.0,-7492.61,0.7,-28776.81
0.00455328,-76953.9,0.7,-63358.785
0.00290823,-69799.6,0.7,-90247.94
0.00359799,-78411.4,0.7,-78601.21
0.014854,-24187.1,0.7,-32066.688
0.0173327,-33163.1,0.7,-38018.1
0.000394253,-15837.5,0.7,-47672.47
0.00179091,-29865.0,0.7,-93176.14
0.00128061,-23983.5,0.7,-82575.11
0.000650174,-17030.8,0.7,-59305.027
0.0,-7220.29,0.7,-28776.81
0.0,-6945.21,0.7,-28776.81
0.00283015,-74775.7,0.7,-91314.72
0.00198857,-61610.7,0.7,-95061.734
0.0,-6851.11,0.7,-28776.81
0.0,-6829.71,0.7,-28776.81
0.000381637,-14321.8,0.7,-47079.79
0.00127631,-19507.6,0.7,-82451.41
0.000919383,-22297.6,0.7,-70388.984
0.000349963,-12954.4,0.7,-45586.19
0.00125991,-22281.9,0.7,-81974.33
0.00196767,-69844.6,0.7,-94919.6
0.00132942,-39700.9,0.7,-83941.28
0.0,-6739.52,0.7,-28776.81
0.000796872,-17714.0,0.7,-65523.79
0.0,-6464.4,0.7,-28776.81
0.000416325,-13371.1,0.7,-48705.715
0.00111347,-26967.5,0.7,-77371.97
0.00190736,-75250.1,0.7,-94434.414
0.00136598,-56976.8,0.7,-84917.37
0.00128091,-47734.9,0.7,-82583.7
0.0,-6433.66,0.7,-28776.81
0.000734752,-16037.1,0.7,-62938.617
0.0,-6339.75,0.7,-28776.81
0.000595036,-15031.4,0.7,-56872.586
0.001336,-66992.0,0.7,-84119.9
0.00128232,-61296.1,0.7,-82624.15
0.000807445,-24135.6,0.7,-65956.28
0.000737157,-18005.1,0.7,-63040.03
0.000359626,-13130.6,0.7,-46042.742
0.0,-6210.09,0.7,-28776.81
0.00130607,-71162.9,0.7,-83296.586
0.000824162,-33766.6,0.7,-66635.33
0.000807642,-41730.7,0.7,-65964.3
0.000337883,-15223.7,0.7,-45014.47
0.000339397,-10425.4,0.7,-45086.188
0.000820204,-57206.3,0.7,-66475.03
0.000821526,-50890.0,0.7,-66528.63
0.000389256,-11030.4,0.7,-47437.9
0.000362432,-8081.59,0.7,-46175.12
0.0,-7696.59,0.7,-28776.81
0.0,-7178.35,0.7,-28776.81
0.0,-6094.21,0.7,-28776.81
0.000393759,-11662.2,0.7,-47649.215
0.000402891,-21009.8,0.7,-48077.348
0.0,-3242.19,0.7,-28776.81
0.000394418,-33838.1,0.7,-47680.137
0.0,-2079.35,0.7,-28776.81
0.0,-296.879,0.7,-28776.81
0.0,639.355,0.7,-28776.81
0.00278139,-50199.9,0.7,-91936.72
0.00375827,-59638.7,0.7,-75731.99
0.00257538,-53935.3,0.7,-94123.02
0.00366259,-53150.2,0.7,-77439.16
0.00268771,-42456.1,0.7,-93025.02
0.00184503,-38020.9,0.7,-93814.17
0.00197967,-35662.4,0.7,-95002.86
0.00103988,-19636.1,0.7,-74836.74
0.00141126,-32766.7,0.7,-86069.44
0.00178265,-44169.7,0.7,-93070.62
0.00364555,-65072.6,0.7,-77745.195
0.00485648,-57216.4,0.7,-59864.6
0.00460743,-51249.9,0.7,-62680.496
0.000846759,-17366.4,0.7,-67543.984
0.000983189,-23422.9,0.7,-72788.305
0.00254312,-60581.9,0.7,-94392.53
0.00495958,-60071.9,0.7,-58842.523
0.00592464,-54170.8,0.7,-52635.805
0.0,-1810.68,0.7,-28776.81
0.000445663,-7750.39,0.7,-50071.9
0.0,-2292.05,0.7,-28776.81
0.000445663,-9237.93,0.7,-50071.9
0.000950406,-26212.3,0.7,-71567.61
0.00166893,-47183.4,0.7,-91395.72
0.00650478,-47378.2,0.7,-50692.035
0.00470688,-64203.7,0.7,-61496.395
0.00334247,-70305.1,0.7,-83185.88
0.00610063,-50690.2,0.7,-51970.125
0.000462391,-13019.6,0.7,-50846.82
0.0,-3701.61,0.7,-28776.81
0.00218352,-61870.2,0.7,-95763.664
0.00617782,-46522.1,0.7,-51704.027
0.00755388,-44493.6,0.7,-47398.902
0.000974474,-30056.2,0.7,-72466.37
0.000381061,-12943.2,0.7,-47052.742
0.00143114,-44649.5,0.7,-86555.24
0.00785955,-28478.9,0.7,-46131.27
0.00401096,-71762.8,0.7,-71379.305
0.00559463,-53777.4,0.7,-54185.324
0.00287387,-74214.7,0.7,-90727.664
0.0084734,-27170.4,0.7,-42989.703
0.00745916,-48213.2,0.7,-47753.67
0.0,-5375.5,0.7,-28776.81
0.000445663,-15764.5,0.7,-50071.9
0.00141031,-47893.4,0.7,-86045.98
0.0074415,-30655.5,0.7,-47817.785
0.00198248,-64804.8,0.7,-95021.65
0.00958698,-25770.7,0.7,-35801.336
0.00897469,-41318.2,0.7,-39907.785
0.000872756,-30128.8,0.7,-68575.8
0.000445663,-17985.0,0.7,-50071.9
0.0,-5843.26,0.7,-28776.81
0.00900337,-25167.4,0.7,-39721.086
0.00949211,-22248.4,0.7,-36445.75
0.00345194,-78535.5,0.7,-81233.24
0.00471084,-66677.5,0.7,-61450.89
0.00615366,-43162.3,0.7,-51785.797
0.00219119,-71049.2,0.7,-95768.99
0.00996272,-19800.2,0.7,-33283.94
0.0,-7096.13,0.7,-28776.81
0.000779909,-29733.3,0.7,-64825.258
0.00134258,-50348.0,0.7,-84297.27
0.00935891,-30689.8,0.7,-37349.707
0.00823264,-33901.1,0.7,-44315.035
0.0112971,-17787.9,0.7,-26243.5
0.011408,-25849.2,0.7,-25876.627
0.000445663,-19386.5,0.7,-50071.9
0.0,-8187.74,0.7,-28776.81
0.0108648,-23524.3,0.7,-28043.031
0.0111665,-18678.1,0.7,-26726.76
0.00461607,-69495.9,0.7,-62574.55
0.002501,-80245.6,0.7,-94711.38
0.00710617,-32809.3,0.7,-48940.85
0.00125738,-51362.0,0.7,-81900.016
0.000754499,-32259.7,0.7,-63768.37
0.000352114,-18267.8,0.7,-45687.98
0.011331,-25739.1,0.7,-26127.033
0.0100506,-36070.9,0.7,-32711.848
0.00344236,-84089.6,0.7,-81405.21
0.00172732,-66899.1,0.7,-92307.484
0.00563062,-49115.8,0.7,-53993.152
0.00878304,-40427.7,0.7,-41130.168
0.0126256,-13608.1,0.7,-24634.98
0.0136489,-13714.8,0.7,-27127.012
0.0,-8855.83,0.7,-28776.81
0.000334247,-19744.3,0.7,-44842.188
0.0128983,-16995.4,0.7,-25032.236
0.0127204,-14982.8,0.7,-24747.572
0.0041613,-77500.5,0.7,-68948.555
0.00148868,-63536.7,0.7,-87891.51
0.00256146,-86930.4,0.7,-94241.92
0.00735343,-36066.5,0.7,-48130.13
0.00111416,-49201.3,0.7,-77395.016
0.000590591,-29898.0,0.7,-56674.516
0.000335867,-20519.2,0.7,-44918.94
0.0,-9142.05,0.7,-28776.81
0.0131543,-17844.9,0.7,-25597.408
0.0116594,-25032.3,0.7,-25199.078
0.0105866,-34294.5,0.7,-29479.287
0.00336695,-88171.4,0.7,-82752.14
0.00175571,-75192.2,0.7,-92711.33
0.0043071,-78117.1,0.7,-66734.64
0.00935891,-41939.1,0.7,-37349.707
0.00553216,-52905.5,0.7,-54534.508
0.014295,-12129.0,0.7,-29695.242
0.0,-9752.27,0.7,-28776.81
0.0147195,-21114.6,0.7,-31503.617
0.0145073,-16860.0,0.7,-30600.555
0.000887528,-42419.4,0.7,-69155.53
0.00102899,-51829.6,0.7,-74449.46
0.00240296,-92086.4,0.7,-95300.94
0.00170381,-77469.6,0.7,-91953.555
0.00753913,-36747.1,0.7,-47455.35
0.000557078,-29850.5,0.7,-55171.773
0.0,-10611.8,0.7,-28776.81
0.0162208,-16340.9,0.7,-36496.953
0.0129129,-20737.9,0.7,-25059.574
0.014959,-24475.8,0.7,-32497.623
0.0112164,-30820.8,0.7,-26535.637
0.0033265,-92264.3,0.7,-83467.72
0.00122956,-62620.9,0.7,-81070.69
0.00174087,-80146.7,0.7,-92503.41
0.00389833,-86524.6,0.7,-73284.4
0.00953223,-41970.2,0.7,-36173.15
0.00599313,-44989.9,0.7,-52365.902
0.0,-11370.7,0.7,-28776.81
0.0157583,-16766.4,0.7,-35338.59
0.0167221,-24195.0,0.7,-37342.004
0.0166045,-32038.8,0.7,-37176.57
0.0167314,-37073.8,0.7,-37354.33
0.00042837,-25626.8,0.7,-49267.62
0.000485689,-29617.3,0.7,-51921.016
0.000599277,-37733.0,0.7,-57061.363
0.00273841,-97598.9,0.7,-92454.11
0.00150403,-78753.3,0.7,-88230.21
0.00113521,-61004.5,0.7,-78093.22
0.0043755,-81153.3,0.7,-65749.516
0.00772482,-35548.4,0.7,-46713.887
0.0,-11014.6,0.7,-28776.81
0.018121,-21531.5,0.7,-39113.566
0.0184487,-29232.5,0.7,-39921.582
0.015161,-26769.1,0.7,-33297.785
0.0170336,-39952.9,0.7,-37711.152
0.0133074,-22464.7,0.7,-26014.953
0.0115377,-29931.3,0.7,-25500.082
0.00193543,-92210.0,0.7,-94674.2
0.000989848,-56946.3,0.7,-73033.09
0.0031103,-97562.4,0.7,-87152.08
0.00970818,-42483.3,0.7,-34980.707
0.00656739,-33925.0,0.7,-50511.305
0.00449249,-84939.7,0.7,-64148.195
0.0189145,-41519.9,0.7,-41646.273
0.0185141,-45313.2,0.7,-40119.91
0.0184332,-48276.1,0.7,-39876.543
0.0186539,-50497.0,0.7,-40590.02
0.0,-11025.5,0.7,-28776.81
0.0,-12350.1,0.7,-28776.81
0.00058029,-37800.7,0.7,-56214.355
0.00226982,-98537.9,0.7,-95731.32
0.00115609,-69983.7,0.7,-78773.66
0.000864435,-54973.2,0.7,-68247.2
0.00329524,-99982.3,0.7,-84016.445
0.00786393,-41469.1,0.7,-46111.69
0.00524265,-63631.7,0.7,-56442.18
0.0201041,-34765.9,0.7,-49597.31
0.0208166,-50423.9,0.7,-56184.406
0.0175386,-43252.6,0.7,-38236.863
0.0153754,-30403.8,0.7,-34093.215
0.0191576,-52208.2,0.7,-42856.203
0.0136411,-25242.1,0.7,-27099.215
0.0116091,-31066.3,0.7,-25317.2
0.0,-13584.9,0.7,-28776.81
0.00154127,-86891.3,0.7,-89021.15
0.000496212,-36516.1,0.7,-52404.207
0.000462017,-33789.9,0.7,-50829.516
0.00208915,-97801.9,0.7,-95562.15
0.00987556,-44916.4,0.7,-33859.305
0.00598744,-47476.0,0.7,-52387.816
0.0040215,-98040.5,0.7,-71204.43
0.00313069,-106169.0,0.7,-86817.84
0.0205442,-55751.1,0.7,-53586.566
0.020289,-56583.0,0.7,-51228.52
0.0198694,-56082.0,0.7,-47651.656
0.0206568,-57990.4,0.7,-54654.152
0.0,-13739.7,0.7,-28776.81
0.000534125,-39912.0,0.7,-54133.758
0.000946568,-65725.3,0.7,-71423.1
0.000388083,-32433.1,0.7,-47382.797
0.00207765,-102641.0,0.7,-95520.06
0.00839319,-52526.6,0.7,-43443.81
0.00648783,-44273.5,0.7,-50741.367
0.00476073,-81051.9,0.7,-60888.49
0.0227472,-62887.8,0.7,-70739.695
0.0201436,-55831.8,0.7,-49939.2
0.0173808,-45038.7,0.7,-38067.527
0.0156725,-35935.9,0.7,-35081.15
0.0214904,-60331.8,0.7,-62503.375
0.013804,-28559.6,0.7,-27700.12
0.0117473,-32917.7,0.7,-25013.656
0.00113851,-75545.7,0.7,-78201.516
0.000459998,-40538.2,0.7,-50736.098
0.0,-13949.7,0.7,-28776.81
0.0,-13911.5,0.7,-28776.81
0.00129922,-85712.8,0.7,-83104.414
0.0102509,-46067.8,0.7,-31445.28
0.00499457,-73328.8,0.7,-58514.15
0.00382451,-102512.0,0.7,-74565.18
0.00297112,-111634.0,0.7,-89331.6
0.00197235,-110280.0,0.7,-94952.59
0.0226951,-63895.3,0.7,-70545.016
0.0228419,-60937.4,0.7,-71056.07
0.0216782,-61261.6,0.7,-64122.2
0.0190228,-52235.8,0.7,-42157.96
0.0226394,-63181.5,0.7,-70320.8
0.0,-14397.1,0.7,-28776.81
0.0,-14199.2,0.7,-28776.81
0.000493092,-42062.7,0.7,-52261.008
0.00123174,-86558.3,0.7,-81136.53
0.00878389,-59179.8,0.7,-41124.797
0.00664116,-46323.3,0.7,-50300.45
0.00504672,-72611.5,0.7,-58041.816
0.00131223,-90997.3,0.7,-83468.32
0.0245582,-67566.5,0.7,-69088.04
0.0247698,-68889.5,0.7,-68132.97
0.0211359,-60597.4,0.7,-59240.01
0.02244,-63039.5,0.7,-69384.77
0.0194978,-56547.7,0.7,-44922.24
0.0178611,-51262.4,0.7,-38654.97
0.0163359,-43714.2,0.7,-36725.7
0.0234939,-65313.8,0.7,-71912.69
0.0142519,-33370.9,0.7,-29512.928
0.0120504,-32548.1,0.7,-24582.223
0.000710572,-54875.7,0.7,-61912.582
0.0,-14935.0,0.7,-28776.81
0.000775131,-61200.7,0.7,-64627.574
0.0109806,-42814.9,0.7,-27506.166
0.00359006,-107945.0,0.7,-78744.12
0.0026977,-115229.0,0.7,-92916.13
0.00217997,-116969.0,0.7,-95760.625
0.00112345,-89280.5,0.7,-77704.59
0.0237087,-65920.2,0.7,-71710.81
0.0251652,-69544.1,0.7,-66246.14
0.0245875,-67254.9,0.7,-68960.12
0.000300813,-30070.6,0.7,-43253.527
0.0,-14380.3,0.7,-28776.81
0.00075314,-61611.3,0.7,-63711.508
0.00892996,-60688.9,0.7,-40197.156
0.00750003,-53786.1,0.7,-47602.605
0.00492415,-73957.5,0.7,-59184.492
0.00387775,-109636.0,0.7,-73639.21
0.00149569,-108391.0,0.7,-88047.055
0.000576155,-53299.4,0.7,-56029.19
0.0265694,-73590.5,0.7,-61722.07
0.0267592,-73808.1,0.7,-61688.848
0.0228961,-65012.0,0.7,-71215.15
0.0215355,-64170.3,0.7,-62900.676
0.0242805,-67506.4,0.7,-70204.664
0.0201143,-61993.4,0.7,-49685.242
0.0185551,-58074.8,0.7,-40251.137
0.0169996,-51407.6,0.7,-37674.508
0.025526,-69909.6,0.7,-64585.76
0.013389,-31029.3,0.7,-26259.266
0.00035843,-34375.2,0.7,-45986.203
0.000364064,-36057.3,0.7,-46252.125
0.010609,-49665.7,0.7,-29356.523
0.00601186,-42778.3,0.7,-52294.59
0.00290935,-121157.0,0.7,-90232.016
0.00234091,-118691.0,0.7,-95556.85
0.0018311,-116205.0,0.7,-93658.81
0.0009431,-84744.2,0.7,-71292.09
0.000458102,-48784.1,0.7,-50648.363
0.0253468,-69187.7,0.7,-65390.676
0.0267371,-72822.6,0.7,-61683.59
0.0229051,-66583.4,0.7,-71240.06
0.0157382,-43620.2,0.7,-35279.496
0.0265356,-71960.5,0.7,-61746.32
0.0124173,-33636.0,0.7,-24487.846
0.0,-14389.4,0.7,-28776.81
0.000328057,-35304.2,0.7,-44548.63
0.0071333,-53502.1,0.7,-48856.07
0.00897561,-60461.1,0.7,-39901.85
0.00376337,-113220.0,0.7,-75641.64
0.00475373,-78020.3,0.7,-60966.184
0.0029915,-127106.0,0.7,-89024.766
0.00188828,-118003.0,0.7,-94257.445
0.00112991,-97187.6,0.7,-77918.56
0.0,-17570.0,0.7,-28776.81
0.0285855,-79457.1,0.7,-70248.664
0.0287285,-78830.5,0.7,-71435.36
0.0245045,-69649.9,0.7,-69318.12
0.0232143,-69847.0,0.7,-71825.35
0.0223399,-70315.7,0.7,-68838.836
0.0264465,-74161.8,0.7,-61836.414
0.0208964,-68191.0,0.7,-56951.242
0.0193712,-64461.9,0.7,-44103.004
0.0179595,-59242.6,0.7,-38812.81
0.027411,-75877.2,0.7,-62975.766
0.0142199,-36094.9,0.7,-29378.191
0.0,-15340.1,0.7,-28776.81
0.0,-17557.5,0.7,-28776.81
0.0,-15653.2,0.7,-28776.81
0.0104193,-52161.1,0.7,-30431.01
0.0123755,-37167.6,0.7,-24475.38
0.00534795,-57918.7,0.7,-55689.543
0.00227092,-126568.0,0.7,-95729.63
0.00150515,-112474.0,0.7,-88254.664
0.00133865,-108304.0,0.7,-84191.52
0.000508353,-56273.8,0.7,-52960.008
0.0,-15236.1,0.7,-28776.81
0.0282928,-76714.8,0.7,-67967.07
0.0246378,-72856.3,0.7,-68736.95
0.0167009,-53078.1,0.7,-37313.426
0.0283831,-77433.0,0.7,-68646.29
0.00797962,-65354.9,0.7,-45579.35
0.00604727,-52464.5,0.7,-52162.61
0.00328691,-124228.0,0.7,-84161.99
0.00274994,-132748.0,0.7,-92318.36
0.00364847,-116304.0,0.7,-77692.69
0.00213052,-133360.0,0.7,-95681.7
0.00150445,-111835.0,0.7,-88239.42
0.00077969,-76574.1,0.7,-64816.258
0.0,-18578.5,0.7,-28776.81
0.0259074,-75302.0,0.7,-63101.992
0.0246521,-76702.0,0.7,-68672.77
0.0224695,-73742.1,0.7,-69536.15
0.0286407,-81996.4,0.7,-70702.195
0.0219262,-74043.9,0.7,-66092.98
0.0202911,-69586.0,0.7,-51247.438
0.018656,-64759.8,0.7,-40597.566
0.015434,-46621.4,0.7,-34299.312
0.0130955,-37264.2,0.7,-25452.398
0.00876502,-66517.4,0.7,-41242.496
0.00448904,-86645.9,0.7,-64193.875
0.00153136,-118660.0,0.7,-88814.914
0.000897757,-87481.1,0.7,-69554.1
0.000990361,-92209.8,0.7,-73052.02
0.000344849,-41040.3,0.7,-45344.273
0.0,-17686.3,0.7,-28776.81
0.0263003,-79511.3,0.7,-62062.383
0.0275476,-80994.4,0.7,-63521.02
0.0238203,-76488.7,0.7,-71520.39
0.0175783,-61411.9,0.7,-38282.043
0.00653718,-52904.6,0.7,-50598.2
0.0116249,-43030.7,0.7,-25279.209
0.00492214,-63068.7,0.7,-59204.227
0.00259785,-140943.0,0.7,-93922.81
0.00227757,-141012.0,0.7,-95718.61
0.00168717,-137697.0,0.7,-91692.33
0.00320316,-134943.0,0.7,-85604.84
0.00129428,-117139.0,0.7,-82964.82
0.000974608,-91221.6,0.7,-72471.34
0.000928298,-88411.8,0.7,-70730.016
0.000412164,-47299.9,0.7,-48511.31
0.0254466,-82813.0,0.7,-64936.133
0.026934,-85175.0,0.7,-61818.54
0.0236727,-78037.1,0.7,-71760.1
0.0292332,-87701.0,0.7,-75818.23
0.0220551,-76835.7,0.7,-67027.62
0.0203549,-71348.2,0.7,-51827.215
0.0193457,-69169.1,0.7,-43945.18
0.0143128,-44064.3,0.7,-29770.695
0.0166968,-58439.5,0.7,-37307.836
0.00665417,-55719.2,0.7,-50263.504
0.0100111,-54600.3,0.7,-32967.805
0.00376523,-111804.0,0.7,-75608.66
0.00257379,-147301.0,0.7,-94136.79
0.000893636,-88130.6,0.7,-69393.79
0.000495181,-55658.8,0.7,-52356.945
0.00052251,-58883.6,0.7,-53605.723
0.0,-16048.6,0.7,-28776.81
0.0281228,-86523.2,0.7,-66759.24
0.0242751,-82567.3,0.7,-70224.25
0.0307571,-90938.9,0.7,-87312.266
0.0190877,-70393.4,0.7,-42485.613
0.00520401,-50472.8,0.7,-56736.54
0.00822613,-69948.4,0.7,-44349.2
0.0122395,-39682.7,0.7,-24475.88
0.00368533,-106477.0,0.7,-77031.56
0.00173944,-146712.0,0.7,-92482.99
0.00186273,-153060.0,0.7,-94002.64
0.001412,-141508.0,0.7,-86087.77
0.000907419,-98697.8,0.7,-69928.51
0.00237554,-154924.0,0.7,-95425.67
0.0026572,-143810.0,0.7,-93346.77
0.00055541,-67338.2,0.7,-55096.6
0.000478924,-57485.5,0.7,-51609.734
0.000510987,-59040.1,0.7,-53080.28
0.0,-17711.4,0.7,-28776.81
0.0277211,-91013.5,0.7,-64343.906
0.0288668,-92307.7,0.7,-72614.76
0.0295416,-91807.6,0.7,-78502.79
0.0305954,-93945.3,0.7,-86377.445
0.0240004,-83789.7,0.7,-71100.17
0.0208855,-74702.7,0.7,-56846.434
0.01595,-60269.3,0.7,-35866.06
0.018037,-70089.7,0.7,-38950.184
0.0052081,-46935.0,0.7,-56704.88
0.00703719,-65259.1,0.7,-49152.508
0.0107147,-42678.5,0.7,-28793.506
0.00866317,-61390.3,0.7,-41868.64
0.0141753,-50004.9,0.7,-29191.19
0.00170133,-156489.0,0.7,-91915.11
0.000960692,-112482.0,0.7,-71953.49
0.000403439,-52326.2,0.7,-48102.99
0.0,-19593.1,0.7,-28776.81
0.0,-20642.3,0.7,-28776.81
0.0264905,-89715.9,0.7,-61787.348
0.0320779,-100057.0,0.7,-92229.125
0.0226528,-80850.7,0.7,-70376.234
0.025827,-89761.7,0.7,-63381.94
0.0214491,-78771.7,0.7,-62135.312
0.0200913,-79240.1,0.7,-49487.387
0.00411223,-84227.9,0.7,-69726.375
0.0056409,-47463.1,0.7,-53939.29
0.0130959,-45199.5,0.7,-25453.254
0.00230891,-148448.0,0.7,-95651.46
0.00123427,-140493.0,0.7,-81212.7
0.00115884,-135796.0,0.7,-78862.43
0.00129954,-147657.0,0.7,-83113.4
0.000791485,-107591.0,0.7,-65302.64
0.000445663,-64439.2,0.7,-50071.9
0.0003891,-55555.2,0.7,-47430.566
0.00182458,-159130.0,0.7,-93584.0
0.0,-22916.2,0.7,-28776.81
0.0,-21377.2,0.7,-28776.81
0.0,-21596.6,0.7,-28776.81
0.0285585,-96503.2,0.7,-70029.234
0.0298685,-99178.9,0.7,-81222.87
0.0310045,-99670.8,0.7,-88584.26
0.0246902,-87196.9,0.7,-68500.055
0.0169688,-71569.4,0.7,-37640.727
0.0150721,-60694.0,0.7,-32950.945
0.0185882,-77688.3,0.7,-40361.04
0.00291494,-134580.0,0.7,-90152.47
0.00449363,-64812.1,0.7,-64133.12
0.00597035,-56917.2,0.7,-52454.008
0.00740681,-65558.8,0.7,-47942.445
0.0120779,-39870.9,0.7,-24559.035
0.00886515,-51871.5,0.7,-40612.16
0.00178265,-159403.0,0.7,-93070.62
0.000967173,-132872.0,0.7,-72195.29
0.000482886,-72500.5,0.7,-51792.1
0.0,-23799.3,0.7,-28776.81
0.00111198,-145809.0,0.7,-77322.0
0.0275862,-94681.1,0.7,-63691.676
0.0330485,-109340.0,0.7,-94413.89
0.0233999,-84481.9,0.7,-71928.875
0.0267147,-93705.5,0.7,-61680.625
0.0225773,-85164.6,0.7,-70051.39
0.0197343,-83971.7,0.7,-46605.84
0.00325354,-117279.0,0.7,-84741.484
0.00487657,-53661.8,0.7,-59659.016
0.0102203,-40668.5,0.7,-31634.92
0.0141361,-54484.3,0.7,-29027.887
0.00148318,-164310.0,0.7,-87768.19
0.00165382,-166571.0,0.7,-91141.98
0.000573116,-90379.8,0.7,-55892.953
0.000805415,-116158.0,0.7,-65873.37
0.000307914,-58292.0,0.7,-43591.523
0.0,-24144.1,0.7,-28776.81
0.0,-28155.5,0.7,-28776.81
0.00113538,-148605.0,0.7,-78098.734
0.0279796,-96966.4,0.7,-65822.305
0.0302332,-102764.0,0.7,-83991.74
0.0292311,-100319.0,0.7,-75799.695
0.0318926,-108166.0,0.7,-91765.39
0.0254498,-90584.9,0.7,-64921.75
0.021883,-88486.6,0.7,-65765.27
0.0161068,-69905.7,0.7,-36247.5
0.0179483,-78980.3,0.7,-38793.965
0.00218576,-156707.0,0.7,-95765.34
0.00396034,-85762.0,0.7,-72227.555
0.00475146,-65196.1,0.7,-60991.465
0.0062809,-70192.3,0.7,-51368.0
0.00762264,-60488.5,0.7,-47130.53
0.0114255,-32421.7,0.7,-25822.514
0.0135256,-41808.4,0.7,-26699.469
0.00859801,-49699.6,0.7,-42260.594
0.00106996,-156121.0,0.7,-75890.195
0.000505339,-91152.9,0.7,-52822.086
0.000406793,-77012.4,0.7,-48260.086
0.000916486,-138020.0,0.7,-70277.77
0.000551305,-100428.0,0.7,-54911.35
0.0243946,-89025.4,0.7,-69768.93
0.0290764,-101047.0,0.7,-74440.22
0.0275705,-97056.8,0.7,-63621.438
0.0244869,-93456.1,0.7,-69392.17
0.0191865,-83683.3,0.7,-43014.83
0.0211631,-89106.7,0.7,-59497.195
0.00226005,-144870.0,0.7,-95744.95
0.0029048,-124302.0,0.7,-90296.5
0.00964086,-37033.7,0.7,-35435.98
0.015249,-61973.1,0.7,-33631.71
0.00113458,-158976.0,0.7,-78072.48
0.000961547,-155388.0,0.7,-71985.375
0.00141871,-176295.0,0.7,-86252.93
0.000351593,-67397.6,0.7,-45663.227
0.0,-29538.0,0.7,-28776.81
0.0,-22854.9,0.7,-28776.81
0.000530043,-101363.0,0.7,-53948.41
0.0299534,-103409.0,0.7,-81896.21
0.0311157,-107237.0,0.7,-89095.01
0.0261635,-94802.6,0.7,-62356.883
0.0233495,-93744.9,0.7,-71918.79
0.0170907,-73579.9,0.7,-37771.39
0.00145657,-153795.0,0.7,-87158.57
0.00348206,-105140.0,0.7,-80691.48
0.00495964,-65799.9,0.7,-58841.89
0.00649674,-69457.7,0.7,-50715.383
0.0072645,-50440.2,0.7,-48432.18
0.0107836,-30209.4,0.7,-28441.713
0.0127836,-29977.2,0.7,-24837.97
0.0158343,-51687.9,0.7,-35555.707
0.00785243,-39143.1,0.7,-46163.047
0.000932014,-157563.0,0.7,-70871.67
0.000495457,-101665.0,0.7,-52369.496
0.000505318,-113450.0,0.7,-52821.227
0.0,-29885.2,0.7,-28776.81
0.0,-31110.8,0.7,-28776.81
0.0,-34231.8,0.7,-28776.81
0.0,-28452.7,0.7,-28776.81
0.00038968,-85573.7,0.7,-47457.848
0.0,-37195.0,0.7,-28776.81
0.0331742,-114701.0,0.7,-94735.69
0.0307161,-105940.0,0.7,-87083.04
0.0296912,-103550.0,0.7,-79769.586
0.0283819,-101205.0,0.7,-68637.12
0.0257633,-98783.5,0.7,-63617.38
0.0203732,-84659.3,0.7,-51994.82
0.0186672,-78455.0,0.7,-40638.156
0.0224521,-89479.2,0.7,-69447.48
0.001653,-156194.0,0.7,-91127.91
0.00202604,-149597.0,0.7,-95283.42
0.00237103,-137649.0,0.7,-95444.336
0.00404043,-80575.4,0.7,-70892.04
0.00880439,-36707.5,0.7,-40996.33
0.0147836,-38870.0,0.7,-31773.24
0.000690567,-133611.0,0.7,-61055.895
0.0008654,-152617.0,0.7,-68285.445
0.0,-38278.4,0.7,-28776.81
0.031578,-108640.0,0.7,-90850.44
0.0271703,-100459.0,0.7,-62244.684
0.0311301,-108127.0,0.7,-89158.51
0.0246293,-93789.4,0.7,-68774.97
0.0176977,-60512.8,0.7,-38427.234
0.000971048,-134490.0,0.7,-72339.29
0.0030757,-121256.0,0.7,-87711.22
0.00464423,-66148.0,0.7,-62233.055
0.00381783,-79833.1,0.7,-74682.195
0.00587895,-46098.3,0.7,-52824.516
0.00961456,-49919.7,0.7,-35614.23
0.0116857,-42011.6,0.7,-25140.777
0.0135872,-48468.9,0.7,-26909.701
0.0167836,-42951.4,0.7,-37421.957
0.0069284,-38644.4,0.7,-49476.664
0.000337419,-90666.5,0.7,-44992.465
0.0,-36975.8,0.7,-28776.81
0.0,-41691.5,0.7,-28776.81
0.000308401,-86616.1,0.7,-43614.76
0.000404903,-106471.0,0.7,-48171.527
0.000623651,-112288.0,0.7,-58140.84
0.0324263,-112339.0,0.7,-93013.46
0.0319369,-110043.0,0.7,-91880.44
0.0306003,-107526.0,0.7,-86406.96
0.0293887,-106279.0,0.7,-77180.234
0.026826,-98749.0,0.7,-61719.973
0.0281771,-103993.0,0.7,-67134.26
0.0215719,-72795.8,0.7,-63217.566
0.0195686,-67506.2,0.7,-45405.785
0.0237463,-74220.8,0.7,-71652.945
0.00141751,-157785.0,0.7,-86223.48
0.00145657,-138234.0,0.7,-87158.57
0.00212922,-152184.0,0.7,-95678.7
0.00509331,-65378.4,0.7,-57636.81
0.00754345,-61086.0,0.7,-47438.785
0.0150249,-58350.8,0.7,-32763.229
0.0164846,-60533.5,0.7,-36988.81
0.0,-43058.5,0.7,-28776.81
0.00037962,-102524.0,0.7,-46984.99
0.0348708,-121239.0,0.7,-101999.555
0.0330326,-114763.0,0.7,-94374.555
0.0259148,-78195.6,0.7,-63077.258
0.0187836,-47606.5,0.7,-41085.477
0.000432825,-91682.6,0.7,-49475.11
0.000930588,-137134.0,0.7,-70817.39
0.00165878,-153084.0,0.7,-91226.05
0.00272318,-126518.0,0.7,-92630.31
0.00398254,-55811.3,0.7,-71853.83
0.00339071,-82237.3,0.7,-82329.305
0.00446408,-46828.6,0.7,-64527.242
0.00526116,-42535.7,0.7,-56304.668
0.00830427,-61698.1,0.7,-43932.74
0.0105956,-48077.3,0.7,-29429.816
0.0125872,-50683.4,0.7,-24597.295
0.0143281,-56308.7,0.7,-29835.709
0.0184239,-67811.4,0.7,-39849.863
0.00583793,-56676.1,0.7,-53000.227
0.0,-39066.8,0.7,-28776.81
0.0,-37716.8,0.7,-28776.81
0.0,-45401.3,0.7,-28776.81
0.0,-46837.0,0.7,-28776.81
0.0339326,-117132.0,0.7,-97239.48
0.0326984,-113718.0,0.7,-93602.63
0.0320094,-113209.0,0.7,-92062.83
0.0304117,-107180.0,0.7,-85216.66
0.028642,-101970.0,0.7,-70712.94
0.0278175,-82507.8,0.7,-64861.297
0.0227836,-55059.7,0.7,-70867.06
0.0207836,-50414.2,0.7,-55867.52
0.0247836,-58564.8,0.7,-68068.64
0.0,-45881.4,0.7,-28776.81
0.0004651,-99971.9,0.7,-50972.03
0.000986112,-131034.0,0.7,-72895.93
0.0017289,-150348.0,0.7,-92330.664
0.00138381,-162231.0,0.7,-85378.53
0.00616673,-66723.3,0.7,-51741.484
0.0159408,-60200.5,0.7,-35842.293
0.0176523,-65347.1,0.7,-38370.207
0.0120267,-45417.3,0.7,-24604.268
0.0267836,-61100.8,0.7,-61697.586
0.0199163,-65055.3,0.7,-48027.93
0.000707946,-99648.0,0.7,-61800.574
0.0,-42889.3,0.7,-28776.81
0.000414235,-94089.0,0.7,-48608.04
0.00236261,-128792.0,0.7,-95478.04
0.00336718,-51403.7,0.7,-82748.02
0.00290519,-84999.9,0.7,-90291.01
0.00386828,-56294.7,0.7,-73803.01
0.00409748,-49887.0,0.7,-69963.27
0.00658684,-65649.0,0.7,-50455.52
0.00985452,-45725.0,0.7,-33999.19
0.0136154,-49790.3,0.7,-27008.236
0.0150282,-49345.0,0.7,-32776.42
0.0193954,-72002.0,0.7,-44255.035
0.00496485,-51945.4,0.7,-58792.45
0.0360533,-125376.0,0.7,-110089.625
0.0347359,-121198.0,0.7,-101202.84
0.0330829,-114829.0,0.7,-94499.9
0.0297099,-87965.6,0.7,-79925.58
0.0287836,-64170.6,0.7,-71902.02
0.0215449,-72911.7,0.7,-62982.82
0.023926,-80653.2,0.7,-71289.945
0.0,-42752.0,0.7,-28776.81
0.000855267,-148078.0,0.7,-67883.305
0.00042697,-81250.8,0.7,-49202.348
0.00095911,-138346.0,0.7,-71894.35
0.00166522,-145642.0,0.7,-91334.08
0.00314397,-62403.9,0.7,-86598.44
0.00788315,-55248.9,0.7,-46025.21
0.00537789,-68210.8,0.7,-55488.246
0.0168568,-50706.1,0.7,-37512.02
0.0202214,-81407.6,0.7,-50623.316
0.018812,-54624.5,0.7,-41201.86
0.00467814,-64598.3,0.7,-61830.46
0.011791,-38428.6,0.7,-24931.543
0.0137167,-42530.1,0.7,-27372.994
0.0318208,-94305.4,0.7,-91572.44
0.0,-41268.1,0.7,-28776.81
0.0,-40029.4,0.7,-28776.81
0.000440791,-101026.0,0.7,-49845.58
0.00113024,-133450.0,0.7,-77929.4
0.00182397,-133175.0,0.7,-93576.87
0.0023401,-76512.3,0.7,-95559.57
0.0027359,-66100.3,0.7,-92483.48
0.00317266,-65862.5,0.7,-86119.87
0.00385006,-46956.8,0.7,-74119.36
0.00587143,-64164.2,0.7,-52856.32
0.00507364,-68586.0,0.7,-57805.887
0.0092799,-41256.0,0.7,-37883.56
0.0157114,-39479.6,0.7,-35199.516
0.0216386,-79393.4,0.7,-63788.965
0.0210126,-59915.9,0.7,-58065.793
0.0138334,-35991.3,0.7,-27812.592
0.0307836,-67543.0,0.7,-87457.66
0.023724,-65379.9,0.7,-71688.12
0.000481777,-101849.0,0.7,-51741.105
0.0,-40251.7,0.7,-28776.81
0.000465393,-83521.8,0.7,-50985.58
0.00107248,-145887.0,0.7,-75977.44
0.00222807,-76207.2,0.7,-95772.13
0.00277765,-63521.6,0.7,-91982.945
0.00317104,-42860.3,0.7,-86147.09
0.00740196,-48956.8,0.7,-47959.734
0.00418146,-79926.9,0.7,-68633.52
0.0180387,-42537.1,0.7,-38953.336
0.0201503,-46079.3,0.7,-49997.574
0.00330012,-68930.1,0.7,-83931.1
0.0151557,-33023.6,0.7,-33277.305
0.0128918,-32563.6,0.7,-25020.115
0.0107595,-34738.9,0.7,-28563.387
0.0226396,-49013.9,0.7,-70321.58
0.0194305,-40139.6,0.7,-44479.406
0.0211511,-43025.6,0.7,-59383.79
0.0206935,-41174.8,0.7,-55004.312
0.0,-41519.9,0.7,-28776.81
0.000530031,-100647.0,0.7,-53947.85
0.000942131,-131126.0,0.7,-71255.51
0.00140799,-102856.0,0.7,-85988.44
0.00156898,-69293.3,0.7,-89580.91
0.00181549,-66832.8,0.7,-93477.42
0.00212058,-77295.5,0.7,-95657.53
0.00280935,-53242.1,0.7,-91584.445
0.00456345,-75963.6,0.7,-63229.62
0.00569468,-58567.5,0.7,-53666.24
0.00395537,-79888.3,0.7,-72311.51
0.00862719,-38353.6,0.7,-42086.004
0.017271,-36424.2,0.7,-37955.47
0.0141041,-30303.6,0.7,-28895.453
0.0187642,-38089.6,0.7,-41007.625
0.0164409,-33893.4,0.7,-36915.145
0.0119605,-30691.0,0.7,-24676.56
0.0,-34384.8,0.7,-28776.81
0.0,-36398.3,0.7,-28776.81
0.000483924,-114992.0,0.7,-51839.805
0.00158135,-80886.1,0.7,-89822.86
0.00237276,-61287.5,0.7,-95437.26
0.00190452,-85707.6,0.7,-94408.734
0.0046105,-72043.5,0.7,-62642.76
0.0069652,-47158.7,0.7,-49368.266
0.00317889,-77072.7,0.7,-86015.164
0.00221763,-84333.0,0.7,-95775.02
0.00987719,-32553.6,0.7,-33848.473
0.0153557,-32481.6,0.7,-34022.816
0.017858,-37415.8,0.7,-38650.25
0.0201308,-40931.2,0.7,-49827.984
0.0,-32911.4,0.7,-28776.81
0.0,-44910.3,0.7,-28776.81
0.0008016,-96691.0,0.7,-65717.48
0.000358906,-99512.1,0.7,-46008.65
0.000941893,-68669.5,0.7,-71246.54
0.00101208,-72172.9,0.7,-73842.34
0.00109718,-65685.9,0.7,-76823.16
0.00138322,-76865.5,0.7,-85363.5
0.00135601,-93393.6,0.7,-84655.23
0.00196012,-88170.1,0.7,-94864.99
0.00371873,-71122.4,0.7,-76434.88
0.00528115,-52830.9,0.7,-56158.73
0.0041453,-67337.5,0.7,-69200.44
0.00238187,-89705.3,0.7,-95398.45
0.00304997,-75718.2,0.7,-88119.97
0.00793812,-38830.2,0.7,-45773.6
0.0132037,-29460.8,0.7,-25725.998
0.0110322,-29777.8,0.7,-27279.25
0.0162976,-35928.7,0.7,-36652.09
0.0144332,-31912.4,0.7,-30283.824
0.019953,-41695.3,0.7,-48326.938
0.0186904,-39597.9,0.7,-40723.48
0.0208101,-43437.9,0.7,-56121.94
0.0178622,-38713.3,0.7,-38656.62
0.0162453,-35253.1,0.7,-36547.51
0.0195024,-38245.3,0.7,-44953.113
0.0214299,-42366.6,0.7,-61962.953
0.0173507,-34054.3,0.7,-38036.48
0.0,-51241.6,0.7,-28776.81
0.000423839,-87321.3,0.7,-49056.402
0.00165029,-99868.1,0.7,-91081.6
0.00118117,-108851.0,0.7,-79574.98
0.00347606,-77926.8,0.7,-80799.516
0.00626411,-45479.3,0.7,-51421.383
0.00233305,-102115.0,0.7,-95582.42
0.00156051,-139741.0,0.7,-89412.414
0.00145636,-134986.0,0.7,-87153.66
0.00897855,-33509.5,0.7,-39882.684
0.0123365,-28328.9,0.7,-24469.205
0.0201754,-37257.3,0.7,-50217.18
0.0138036,-28192.7,0.7,-27698.562
0.0181255,-34199.5,0.7,-39122.73
0.0151682,-28558.8,0.7,-33325.375
0.0163476,-30154.3,0.7,-36747.664
0.000403277,-63797.8,0.7,-48095.44
0.0,-46495.7,0.7,-28776.81
0.000457438,-58172.3,0.7,-50617.617
0.000514615,-77075.5,0.7,-53245.85
0.000915568,-76096.6,0.7,-70242.45
0.000920092,-88123.8,0.7,-70416.234
0.000766307,-98587.8,0.7,-64261.125
0.00125433,-133469.0,0.7,-81810.25
0.00287401,-91368.3,0.7,-90725.75
0.00364262,-88412.7,0.7,-77797.8
0.00479825,-56664.1,0.7,-60478.53
0.00290847,-114859.0,0.7,-90244.54
0.00152858,-157355.0,0.7,-88756.57
0.00223976,-128732.0,0.7,-95765.305
0.00691647,-40100.7,0.7,-49511.598
0.0101058,-30201.1,0.7,-32357.09
0.0114788,-24838.7,0.7,-25664.105
0.0185265,-36055.8,0.7,-40159.016
0.0167609,-31427.3,0.7,-37392.906
0.0145294,-24419.1,0.7,-30694.977
0.0152506,-24615.3,0.7,-33637.68
0.0131648,-19043.0,0.7,-25624.252
0.0133389,-23055.0,0.7,-26107.564
0.0121609,-19604.2,0.7,-24504.982
0.0,-36549.0,0.7,-28776.81
0.000520993,-48309.1,0.7,-53536.668
0.000496614,-57641.9,0.7,-52422.586
0.000929551,-129923.0,0.7,-70777.8
0.00049688,-108496.0,0.7,-52434.8
0.00259932,-129023.0,0.7,-93909.36
0.00535842,-48414.9,0.7,-55618.53
0.00164949,-165200.0,0.7,-91067.86
0.000935699,-165961.0,0.7,-71011.78
0.000912529,-175515.0,0.7,-70125.53
0.000860745,-156638.0,0.7,-68100.95
0.00800478,-35840.7,0.7,-45459.723
0.0172537,-31085.9,0.7,-37937.953
0.0118001,-16889.1,0.7,-24915.232
0.0109279,-18576.0,0.7,-27745.783
0.00997682,-24914.6,0.7,-33191.598
0.0,-31356.9,0.7,-28776.81
0.0,-36652.6,0.7,-28776.81
0.0,-37834.0,0.7,-28776.81
0.000472235,-79829.0,0.7,-51301.414
0.000435567,-88697.2,0.7,-49602.78
0.000344233,-93777.2,0.7,-45315.18
0.000755312,-145087.0,0.7,-63802.527
0.00209632,-150920.0,0.7,-95586.38
0.00242664,-131224.0,0.7,-95178.8
0.0031873,-106920.0,0.7,-85873.45
0.00404456,-81714.2,0.7,-70824.164
0.00206325,-150817.0,0.7,-95461.93
0.0011633,-180296.0,0.7,-79005.92
0.00154253,-168970.0,0.7,-89047.05
0.00549568,-45262.2,0.7,-54748.004
0.000781604,-179843.0,0.7,-64895.375
0.0062859,-39162.7,0.7,-51352.16
0.00904541,-31774.0,0.7,-39445.87
0.00956189,-20406.9,0.7,-35971.65
0.00886574,-26431.9,0.7,-40608.4
0.0,-28309.4,0.7,-28776.81
0.0,-39998.0,0.7,-28776.81
0.000389006,-123882.0,0.7,-47426.188
0.0,-57255.9,0.7,-28776.81
0.00185952,-160353.0,0.7,-93969.07
0.00260627,-122252.0,0.7,-93845.17
0.00208427,-143433.0,0.7,-95544.72
0.00420886,-77308.1,0.7,-68209.92
0.00119107,-178591.0,0.7,-79886.484
0.000412515,-159220.0,0.7,-48527.67
0.000411536,-153476.0,0.7,-48481.887
0.000408463,-161248.0,0.7,-48338.105
0.000412515,-144394.0,0.7,-48527.67
0.00703708,-35883.2,0.7,-49152.836
0.00799449,-32393.1,0.7,-45508.797
0.0,-47729.7,0.7,-28776.81
0.0,-53091.3,0.7,-28776.81
0.0,-61255.8,0.7,-28776.81
0.000362853,-131339.0,0.7,-46195.12
0.00134136,-168235.0,0.7,-84264.47
0.00170748,-134451.0,0.7,-92009.945
0.00162642,-141681.0,0.7,-90663.016
0.00201413,-126334.0,0.7,-95217.52
0.00303641,-113348.0,0.7,-88332.88
0.00313162,-108253.0,0.7,-86802.55
0.00138051,-149889.0,0.7,-85293.88
0.00146464,-158042.0,0.7,-87345.914
0.000789339,-180683.0,0.7,-65214.336
0.000869718,-174060.0,0.7,-68456.04
0.00480913,-63751.5,0.7,-60361.855
0.000311047,-149515.0,0.7,-43740.63
0.00549102,-52584.2,0.7,-54775.75
0.00686946,-39566.1,0.7,-49648.414
0.00751019,-33802.2,0.7,-47564.598
0.0,-71256.6,0.7,-28776.81
0.00112408,-158423.0,0.7,-77725.55
0.00217536,-121509.0,0.7,-95756.17
0.00300752,-106114.0,0.7,-88780.42
0.000365169,-153481.0,0.7,-46304.26
0.00359708,-96107.3,0.7,-78617.62
0.0,-82320.3,0.7,-28776.81
0.0,-83186.0,0.7,-28776.81
0.0,-80152.5,0.7,-28776.81
0.0,-80017.1,0.7,-28776.81
0.0,-76308.2,0.7,-28776.81
0.00617243,-45106.2,0.7,-51722.17
0.0081959,-29301.0,0.7,-44506.96
0.000520042,-144629.0,0.7,-53493.37
0.00108665,-139448.0,0.7,-76464.66
0.00121653,-130783.0,0.7,-80674.586
0.000939454,-144089.0,0.7,-71154.15
0.00136598,-125468.0,0.7,-84917.37
0.00234262,-117145.0,0.7,-95551.07
0.00246394,-113520.0,0.7,-94959.945
0.000936122,-150437.0,0.7,-71027.8
0.000365169,-153171.0,0.7,-46304.26
0.00398412,-87349.3,0.7,-71827.305
0.0,-74135.3,0.7,-28776.81
0.00465746,-73849.4,0.7,-62074.88
0.00558795,-57717.5,0.7,-54221.633
0.00517935,-65475.2,0.7,-56929.727
0.00614839,-50983.9,0.7,-51803.84
0.000508161,-136772.0,0.7,-52951.297
0.000317019,-141983.0,0.7,-44024.5
0.000948882,-132710.0,0.7,-71510.29
0.00074904,-143360.0,0.7,-63539.79
0.0014057,-118671.0,0.7,-85931.43
0.00260252,-103512.0,0.7,-93879.99
0.00206727,-109015.0,0.7,-95478.836
0.0,-74810.1,0.7,-28776.81
0.00303147,-99068.5,0.7,-88410.02
0.0,-64906.9,0.7,-28776.81
0.0,-69407.0,0.7,-28776.81
0.000506447,-118993.0,0.7,-52872.785
0.000529322,-125400.0,0.7,-53915.586
0.000640629,-117759.0,0.7,-58887.355
0.000682992,-114876.0,0.7,-60729.68
0.000417501,-124005.0,0.7,-48760.594
0.000634207,-106506.0,0.7,-58605.5
0.00179285,-114345.0,0.7,-93200.64
0.000406164,-128898.0,0.7,-48230.6
0.0,-73696.9,0.7,-28776.81
0.00273197,-94033.5,0.7,-92529.1
0.00335826,-89742.7,0.7,-82906.33
0.00389005,-84723.7,0.7,-73426.92
0.00453029,-69791.7,0.7,-63653.84
0.00405739,-78843.2,0.7,-70613.91
0.0,-67181.2,0.7,-28776.81
0.0,-63870.1,0.7,-28776.81
0.000451755,-111744.0,0.7,-50354.45
0.000321958,-119499.0,0.7,-44259.133
0.000788176,-108741.0,0.7,-65166.504
0.0012015,-114136.0,0.7,-80211.55
0.00170748,-103292.0,0.7,-92009.945
0.00223395,-98430.8,0.7,-95769.15
0.00129578,-110853.0,0.7,-83007.32
0.00481245,-62575.7,0.7,-60326.37
0.0,-55805.7,0.7,-28776.81
0.0,-57457.5,0.7,-28776.81
0.0,-58885.8,0.7,-28776.81
0.0,-50645.8,0.7,-28776.81
0.0,-53871.4,0.7,-28776.81
0.0,-48383.7,0.7,-28776.81
0.0,-62608.9,0.7,-28776.81
0.000342733,-91295.8,0.7,-45244.152
0.00134464,-107198.0,0.7,-84352.52
0.0,-65674.2,0.7,-28776.81
0.00243145,-89771.3,0.7,-95152.48
0.00184998,-95164.5,0.7,-93867.8
0.00278888,-87498.4,0.7,-91843.56
0.00314458,-84998.6,0.7,-86588.336
0.00369156,-69212.9,0.7,-76920.09
0.00325274,-76428.9,0.7,-84755.25
0.0,-48169.6,0.7,-28776.81
0.000775201,-105758.0,0.7,-64630.41
0.000369716,-89080.4,0.7,-46518.656
0.00109404,-103586.0,0.7,-76716.49
0.00150531,-99351.1,0.7,-88258.16
0.000806079,-102085.0,0.7,-65900.51
0.00193446,-91922.6,0.7,-94666.305
0.00279952,-80213.5,0.7,-91709.68
0.00334196,-72517.0,0.7,-83194.87
0.00365959,-63030.6,0.7,-77492.984
0.0,-47162.5,0.7,-28776.81
0.00116386,-101698.0,0.7,-79023.86
0.000612855,-91394.3,0.7,-57663.848
0.00197807,-86805.1,0.7,-94991.95
0.00164696,-89524.7,0.7,-91024.33
0.0013191,-93462.6,0.7,-83658.35
0.00119233,-95833.4,0.7,-79925.914
0.00218411,-83309.1,0.7,-95764.15
0.00270364,-70384.1,0.7,-92850.46
0.00276384,-66496.4,0.7,-92151.53
0.00241869,-76580.6,0.7,-95221.29
0.00253156,-73605.1,0.7,-94483.72
0.000362399,-85066.6,0.7,-46173.688
0.0,-44185.2,0.7,-28776.81
0.000595682,-88244.9,0.7,-56901.367
0.000932004,-95723.4,0.7,-70871.28
0.000341295,-79952.5,0.7,-45176.082
0.00124815,-90902.2,0.7,-81627.37
0.00188761,-78840.8,0.7,-94251.0
0.00260168,-61203.3,0.7,-93887.68
0.0,-38124.5,0.7,-28776.81
0.0,-39799.5,0.7,-28776.81
0.00135023,-84132.9,0.7,-84501.79
0.00126517,-86691.6,0.7,-82128.22
0.00102449,-86764.7,0.7,-74288.64
0.000797284,-85582.0,0.7,-65540.67
0.000756316,-86489.2,0.7,-63844.457
0.000718209,-88022.9,0.7,-62237.72
0.00133985,-80249.0,0.7,-84223.92
0.0019561,-68346.9,0.7,-94835.16
0.00190024,-72282.7,0.7,-94369.7
0.00187009,-64091.7,0.7,-94078.15
0.00162204,-75640.9,0.7,-90584.28
0.0,-41558.2,0.7,-28776.81
0.000416619,-76910.7,0.7,-48719.46
0.0,-37307.6,0.7,-28776.81
0.000754301,-83677.4,0.7,-63760.152
0.00128418,-77894.6,0.7,-82677.48
0.000620931,-66743.6,0.7,-58020.88
0.00084265,-76543.6,0.7,-67379.55
0.00059573,-72200.7,0.7,-56903.516
0.00041822,-68780.5,0.7,-48794.137
0.000341496,-68389.1,0.7,-45185.523
0.000385217,-68697.9,0.7,-47248.156
0.000341496,-70716.2,0.7,-45185.523
0.000770105,-70312.7,0.7,-64419.07
0.00134486,-63101.5,0.7,-84358.5
0.00127906,-68112.9,0.7,-82530.52
0.00130907,-72354.7,0.7,-83380.36
0.000796824,-66939.7,0.7,-65521.902
0.0,-36680.7,0.7,-28776.81
0.00107642,-57176.8,0.7,-76113.43
0.00102449,-62039.6,0.7,-74288.64
0.000910656,-67416.1,0.7,-70053.36
0.000361501,-57990.2,0.7,-46131.23
0.000353266,-56007.1,0.7,-45742.336
0.000343922,-60434.8,0.7,-45300.4
0.0,-30940.3,0.7,-28776.81
0.0,-32267.3,0.7,-28776.81
0.0,-35018.4,0.7,-28776.81
0.0,-33661.4,0.7,-28776.81
0.000384473,-54642.0,0.7,-47213.137
0.000609189,-50844.0,0.7,-57501.47
0.000844254,-63428.3,0.7,-67443.77
0.000682992,-55382.9,0.7,-60729.68
0.000455328,-53877.7,0.7,-50519.973
0.0,-28344.3,0.7,-28776.81
0.0,-28536.5,0.7,-28776.81
0.0,-31279.2,0.7,-28776.81
0.000367315,-52039.5,0.7,-46405.473
0.000418985,-43683.9,0.7,-48829.977
0.000432385,-47997.6,0.7,-49454.617
0.000398412,-51462.5,0.7,-47867.47
0.0,-30570.5,0.7,-28776.81
0.0,-28073.6,0.7,-28776.81
0.0,-26863.7,0.7,-28776.81
0.0,-22177.6,0.7,-28776.81
0.0,-22766.2,0.7,-28776.81
0.000398412,-48563.0,0.7,-47867.47
0.0,-23077.0,0.7,-28776.81
0.0,-25143.5,0.7,-28776.81
0.0,-25766.2,0.7,-28776.81
0.0,-19392.6,0.7,-28776.81
0.0,-23050.7,0.7,-28776.81
0.0,-24070.4,0.7,-28776.81
0.0,-22540.3,0.7,-28776.81
0.0,-30758.5,0.7,-28776.81
0.000326844,-48054.9,0.7,-44491.055
0.0,-24321.0,0.7,-28776.81
0.000562766,-52593.1,0.7,-55427.94
0.0,-23460.1,0.7,-28776.81
0.000543273,-56551.1,0.7,-54548.25
0.000328823,-58221.0,0.7,-44585.062
0.0,-23293.5,0.7,-28776.81
0.0,-48275.7,0.7,-28776.81
0.000435567,-84106.2,0.7,-49602.78
0.0,-49490.6,0.7,-28776.81
0.000344233,-86327.0,0.7,-45315.18
0.0,-33556.0,0.7,-28776.81
0.00074184,-71709.1,0.7,-63237.31
0.00123613,-84981.5,0.7,-81268.586
0.000520993,-32530.8,0.7,-53536.668
0.0,-52642.1,0.7,-28776.81
0.00049688,-98239.2,0.7,-52434.8
0.0,-55454.4,0.7,-28776.81
0.000389006,-110758.0,0.7,-47426.188
0.000766307,-90578.0,0.7,-64261.125
0.00118108,-99638.6,0.7,-79572.164
0.000930183,-117843.0,0.7,-70801.93
0.0,-63727.9,0.7,-28776.81
0.000472235,-83151.6,0.7,-51301.414
0.000920092,-86245.7,0.7,-70416.234
0.00135601,-88043.0,0.7,-84655.23
0.0,-41654.8,0.7,-28776.81
0.000657645,-86234.9,0.7,-59630.832
0.000328823,-64040.5,0.7,-44585.062
0.00131529,-121681.0,0.7,-83553.086
0.00127845,-85778.9,0.7,-82513.016
0.00109718,-62117.9,0.7,-76823.16
0.0,-22655.7,0.7,-28776.81
0.00158997,-105622.0,0.7,-89988.6
0.00188949,-86912.8,0.7,-94269.01
0.000755312,-130637.0,0.7,-63802.527
0.000362853,-117368.0,0.7,-46195.12
0.000915568,-82495.9,0.7,-70242.45
0.00138322,-81368.2,0.7,-85363.5
0.000496614,-59861.4,0.7,-52422.586
0.000772329,-103535.0,0.7,-64511.33
0.000328823,-71869.7,0.7,-44585.062
0.0,-34725.3,0.7,-28776.81
0.00192378,-103774.0,0.7,-94577.69
0.00122771,-147504.0,0.7,-81014.766
0.00185096,-151933.0,0.7,-93878.336
0.00211964,-96544.6,0.7,-95655.03
0.00181549,-73946.2,0.7,-93477.42
0.00125866,-128309.0,0.7,-81937.61
0.00235404,-83040.8,0.7,-95510.555
0.00212074,-77974.9,0.7,-95657.914
0.0,-68403.2,0.7,-28776.81
0.000775679,-123752.0,0.7,-64650.24
0.0,-37612.4,0.7,-28776.81
0.00235377,-122356.0,0.7,-95511.56
0.00134853,-160238.0,0.7,-84456.516
0.00273513,-71790.9,0.7,-92492.43
0.00300284,-93314.8,0.7,-88852.055
0.00195612,-110251.0,0.7,-94835.34
0.000861243,-142998.0,0.7,-68120.69
0.000412515,-129734.0,0.7,-48527.67
0.000328823,-83709.6,0.7,-44585.062
0.00256325,-138820.0,0.7,-94226.88
0.00212085,-153980.0,0.7,-95658.234
0.00307649,-72262.7,0.7,-87698.48
0.00321033,-54942.7,0.7,-85482.914
0.00314779,-91906.8,0.7,-86535.07
0.0027359,-75548.0,0.7,-92483.48
0.00142163,-138014.0,0.7,-86324.4
0.00295076,-72199.9,0.7,-89633.4
0.0,-71958.6,0.7,-28776.81
0.000622952,-108232.0,0.7,-58110.01
0.0,-40478.3,0.7,-28776.81
0.00349388,-98742.0,0.7,-80478.65
0.00137739,-156347.0,0.7,-85213.62
0.00391104,-54957.1,0.7,-73066.234
0.00426494,-67562.8,0.7,-67359.24
0.00216166,-112243.0,0.7,-95739.47
0.000900018,-151550.0,0.7,-69641.914
0.000411536,-137628.0,0.7,-48481.887
0.00305318,-129634.0,0.7,-88069.305
0.00205793,-154104.0,0.7,-95438.95
0.00386828,-68432.5,0.7,-73803.01
0.00410829,-38098.5,0.7,-69789.53
0.0015015,-143004.0,0.7,-88174.89
0.00304324,-76883.4,0.7,-88225.9
0.0,-74415.4,0.7,-28776.81
0.000789106,-103781.0,0.7,-65204.664
0.0,-34497.0,0.7,-28776.81
0.00500512,-56269.4,0.7,-58417.0
0.00411077,-89040.4,0.7,-69749.836
0.00265675,-143679.0,0.7,-93351.36
0.00143397,-144247.0,0.7,-86623.33
0.00526116,-47260.6,0.7,-56304.668
0.00419346,-51496.4,0.7,-68447.414
0.00497906,-39230.2,0.7,-58658.547
0.002374,-107251.0,0.7,-95432.086
0.000412515,-141725.0,0.7,-48527.67
0.000911924,-157020.0,0.7,-70102.32
0.000348296,-62901.3,0.7,-45507.387
0.00598544,-49438.2,0.7,-52395.434
0.00340698,-120462.0,0.7,-82038.88
0.00216214,-146670.0,0.7,-95740.14
0.0027813,-137816.0,0.7,-91937.81
0.00537247,-41223.0,0.7,-55524.26
0.0015455,-146607.0,0.7,-89108.14
0.00346176,-70537.9,0.7,-81056.766
0.0,-73098.4,0.7,-28776.81
0.000348296,-60598.8,0.7,-45507.387
0.000735538,-100728.0,0.7,-62971.742
0.0,-29468.7,0.7,-28776.81
0.00535161,-52263.3,0.7,-55664.66
0.0064666,-58871.6,0.7,-50803.62
0.00432925,-82806.8,0.7,-66411.82
0.00164235,-148882.0,0.7,-90944.42
0.00620149,-43518.1,0.7,-51625.043
0.00561643,-48970.4,0.7,-54068.09
0.0069284,-31415.5,0.7,-49476.664
0.00240449,-110450.0,0.7,-95293.45
0.00448968,-54844.1,0.7,-64185.41
0.000408463,-143154.0,0.7,-48338.105
0.000781532,-159065.0,0.7,-64892.41
0.00115125,-139236.0,0.7,-78617.016
0.00769353,-55134.8,0.7,-46843.695
0.00351064,-111578.0,0.7,-80176.58
0.00290577,-125653.0,0.7,-90282.77
0.00222666,-142765.0,0.7,-95772.7
0.00668931,-54031.2,0.7,-50163.55
0.00167228,-147474.0,0.7,-91451.01
0.00328234,-82093.1,0.7,-84241.63
0.00117281,-157819.0,0.7,-79309.92
0.0,-73584.0,0.7,-28776.81
0.0,-28677.9,0.7,-28776.81
0.000335912,-60705.1,0.7,-44921.016
0.000823871,-110452.0,0.7,-66623.6
0.00540266,-54568.9,0.7,-55325.82
0.00671213,-55912.6,0.7,-50098.69
0.00805175,-65037.8,0.7,-45232.74
0.00409221,-82043.4,0.7,-70048.195
0.00121703,-137683.0,0.7,-80689.86
0.00154897,-145971.0,0.7,-89179.09
0.00808659,-47642.7,0.7,-45061.383
0.00550728,-51033.6,0.7,-54679.336
0.00688534,-56086.1,0.7,-49602.36
0.00880439,-34479.8,0.7,-40996.33
0.0022693,-122968.0,0.7,-95732.0
0.00408518,-67998.3,0.7,-70161.85
0.000311033,-138845.0,0.7,-43739.996
0.000730338,-161213.0,0.7,-62752.113
0.000387243,-67893.4,0.7,-47343.31
0.00983628,-50536.0,0.7,-34120.746
0.00304999,-116882.0,0.7,-88119.64
0.00210424,-146910.0,0.7,-95611.48
0.00816747,-59818.7,0.7,-44653.695
0.00117932,-156097.0,0.7,-79516.54
0.00151365,-147233.0,0.7,-88438.74
0.00297462,-100933.0,0.7,-89279.21
0.000365169,-145190.0,0.7,-46304.26
0.0,-74113.1,0.7,-28776.81
0.0,-28647.6,0.7,-28776.81
0.000968106,-122966.0,0.7,-72229.95
0.000484053,-78209.1,0.7,-51845.8
0.00663817,-63557.4,0.7,-50309.066
0.00509292,-53787.2,0.7,-57640.145
0.00815977,-68108.8,0.7,-44693.02
0.00968287,-56363.9,0.7,-35151.617
0.00125581,-146008.0,0.7,-81853.84
0.00983823,-43933.8,0.7,-34107.754
0.00653908,-53168.0,0.7,-50592.777
0.00503332,-58010.4,0.7,-58161.28
0.00809773,-56798.1,0.7,-45006.066
0.00997681,-53764.1,0.7,-33191.645
0.0107836,-34831.6,0.7,-28441.713
0.00201985,-134422.0,0.7,-95249.65
0.00380519,-81613.4,0.7,-74903.97
0.000807538,-155898.0,0.7,-65960.086
0.000365169,-142472.0,0.7,-46304.26
0.0,-28929.4,0.7,-28776.81
0.0039239,-82652.8,0.7,-72846.33
0.0115328,-39985.8,0.7,-25513.27
0.00290679,-123864.0,0.7,-90268.38
0.00154897,-155813.0,0.7,-89179.09
0.00983678,-52912.8,0.7,-34117.445
0.012269,-33767.3,0.7,-24470.56
0.00129566,-147862.0,0.7,-83003.94
0.00285601,-114110.0,0.7,-90970.734
0.0,-70793.0,0.7,-28776.81
0.000561103,-103085.0,0.7,-55353.168
0.0,-37693.8,0.7,-28776.81
0.00837123,-68896.2,0.7,-43566.02
0.00593637,-53390.8,0.7,-52588.53
0.00452541,-57554.0,0.7,-63717.04
0.00949715,-59165.8,0.7,-36411.492
0.0110894,-43055.7,0.7,-27037.188
0.00230839,-145204.0,0.7,-95652.7
0.000848246,-128959.0,0.7,-67603.35
0.012019,-47366.3,0.7,-24611.965
0.00603366,-53056.9,0.7,-52212.918
0.00801456,-48805.6,0.7,-45412.875
0.00473135,-65738.4,0.7,-61217.27
0.00956621,-47440.1,0.7,-35942.258
0.0121067,-52146.1,0.7,-24537.615
0.0127836,-30758.2,0.7,-24837.97
0.00132514,-145473.0,0.7,-83824.28
0.00351057,-94308.2,0.7,-80177.875
0.00204898,-134339.0,0.7,-95398.36
0.000310883,-129574.0,0.7,-43732.824
0.0,-66183.7,0.7,-28776.81
0.00742935,-71645.7,0.7,-47861.74
0.00332668,-105029.0,0.7,-83464.57
0.0129158,-33133.0,0.7,-25065.13
0.0134929,-34706.0,0.7,-26590.75
0.00116173,-157280.0,0.7,-78955.375
0.001758,-159462.0,0.7,-92742.664
0.010995,-47346.4,0.7,-27442.053
0.0136417,-27289.4,0.7,-27101.338
0.000811318,-151601.0,0.7,-66114.1
0.00277689,-117157.0,0.7,-91992.27
0.000381706,-130579.0,0.7,-47083.086
0.0,-42364.0,0.7,-28776.81
0.0101824,-50425.2,0.7,-31871.795
0.00873524,-66437.7,0.7,-41427.19
0.00434717,-63023.3,0.7,-66153.26
0.00724161,-67551.7,0.7,-48507.914
0.012545,-34806.8,0.7,-24561.383
0.0142426,-34739.9,0.7,-29473.691
0.00230585,-146526.0,0.7,-95659.08
0.000371509,-84412.4,0.7,-46603.133
0.000658092,-123496.0,0.7,-59650.445
0.0141994,-52416.8,0.7,-29292.076
0.0136729,-58815.8,0.7,-27213.275
0.00694805,-46821.1,0.7,-49418.895
0.00493559,-63209.5,0.7,-59073.0
0.0100906,-42410.9,0.7,-32454.395
0.00384214,-83808.8,0.7,-74257.28
0.0109928,-44889.7,0.7,-27451.865
0.0123557,-49137.2,0.7,-24471.611
0.0147836,-30528.0,0.7,-31773.24
0.000738707,-148059.0,0.7,-63105.336
0.00136598,-140190.0,0.7,-84917.37
0.00179436,-133852.0,0.7,-93219.64
0.0,-61731.6,0.7,-28776.81
0.00533925,-50387.5,0.7,-55749.08
0.00301103,-119450.0,0.7,-88726.52
0.0148822,-41053.7,0.7,-32183.244
0.0143152,-36057.2,0.7,-29780.924
0.0151757,-44136.7,0.7,-33354.18
0.000386625,-86003.6,0.7,-47314.29
0.000817162,-139922.0,0.7,-66351.695
0.00154087,-158511.0,0.7,-89012.83
0.0141759,-57312.5,0.7,-29193.729
0.00896052,-40063.0,0.7,-39999.723
0.015429,-33014.4,0.7,-34281.863
0.000386306,-129225.0,0.7,-47299.26
0.00082947,-144008.0,0.7,-66849.695
0.00339246,-94841.6,0.7,-82298.11
0.00225811,-122771.0,0.7,-95747.445
0.0,-62733.4,0.7,-28776.81
0.0,-41108.7,0.7,-28776.81
0.0103551,-47823.5,0.7,-30811.615
0.0087493,-63394.6,0.7,-41340.273
0.0035653,-93024.9,0.7,-79190.66
0.00666686,-58482.5,0.7,-50227.37
0.0123725,-35671.7,0.7,-24474.756
0.0146959,-37514.9,0.7,-31403.854
0.0162,-49888.2,0.7,-36453.164
0.00188097,-150616.0,0.7,-94186.6
0.000306459,-77753.0,0.7,-43522.336
0.000387243,-91878.1,0.7,-47343.31
0.0162997,-62309.6,0.7,-36656.188
0.0153761,-66534.8,0.7,-34095.71
0.00804661,-39144.7,0.7,-45257.926
0.00633271,-46707.0,0.7,-51205.992
0.0118935,-44022.5,0.7,-24765.275
0.0113196,-38684.7,0.7,-26165.807
0.0136392,-46750.2,0.7,-27092.457
0.0167836,-37692.9,0.7,-37421.957
0.000386107,-124501.0,0.7,-47289.945
0.00102481,-137904.0,0.7,-74300.09
0.000798522,-140243.0,0.7,-65591.53
0.00126762,-134202.0,0.7,-82199.6
0.00450542,-61927.9,0.7,-63977.844
0.002394,-137105.0,0.7,-95343.6
0.0170325,-54541.4,0.7,-37710.062
0.0161411,-47678.5,0.7,-36325.0
0.0,-36270.3,0.7,-28776.81
0.00105264,-140751.0,0.7,-75286.44
0.00045542,-94701.7,0.7,-50524.258
0.0164376,-62878.5,0.7,-36909.453
0.00987927,-34565.2,0.7,-33834.62
0.00425501,-76356.2,0.7,-67508.29
0.0031873,-97386.1,0.7,-85873.45
0.0154786,-50309.4,0.7,-34452.566
0.0174066,-47691.6,0.7,-38094.312
0.0,-61477.0,0.7,-28776.81
0.000389103,-121060.0,0.7,-47430.766
0.00140236,-130524.0,0.7,-85848.0
0.0103257,-46989.0,0.7,-30988.418
0.0123896,-34619.7,0.7,-24478.979
0.00820936,-62674.1,0.7,-44436.98
0.00297108,-117215.0,0.7,-89332.25
0.00605499,-47954.8,0.7,-52134.31
0.00214518,-141789.0,0.7,-95712.336
0.0140671,-32917.1,0.7,-28743.193
0.0168856,-50346.9,0.7,-37546.098
0.0182459,-61893.3,0.7,-39387.418
0.00156351,-151381.0,0.7,-89472.414
0.0,-36615.3,0.7,-28776.81
0.0,-37187.6,0.7,-28776.81
0.00105483,-137703.0,0.7,-75363.234
0.0182253,-70908.6,0.7,-39339.51
0.0174713,-74068.5,0.7,-38162.88
0.00805885,-35968.7,0.7,-45198.15
0.00535635,-56487.5,0.7,-55632.504
0.0128788,-41094.6,0.7,-24996.408
0.0122479,-32852.9,0.7,-24474.047
0.0145104,-41484.4,0.7,-30613.816
0.0187836,-44688.0,0.7,-41085.477
0.0,-59691.9,0.7,-28776.81
0.000530117,-117995.0,0.7,-53951.754
0.00042687,-119516.0,0.7,-49197.676
0.00211538,-120768.0,0.7,-95643.734
0.000768797,-126382.0,0.7,-64364.67
0.00319372,-106599.0,0.7,-85764.91
0.00421676,-70084.6,0.7,-68088.77
0.0158881,-41078.9,0.7,-35703.11
0.018054,-58645.9,0.7,-38981.96
0.0197482,-67406.3,0.7,-46710.707
0.00049073,-89611.2,0.7,-52152.67
0.0,-34937.5,0.7,-28776.81
0.0176093,-54376.2,0.7,-38318.312
0.0185988,-66723.5,0.7,-40397.01
0.00930865,-31348.8,0.7,-37689.582
0.00670436,-41295.3,0.7,-50120.848
0.00424981,-79675.0,0.7,-67586.555
0.00261814,-110447.0,0.7,-93733.414
0.0134408,-36539.1,0.7,-26421.852
0.0113102,-30211.3,0.7,-26198.037
0.0166515,-43360.0,0.7,-37244.766
0.0193914,-57112.1,0.7,-44229.785
0.0,-57798.8,0.7,-28776.81
0.000789405,-125251.0,0.7,-65217.004
0.00139886,-127545.0,0.7,-85760.22
0.00913497,-57080.0,0.7,-38854.062
0.012783,-33499.8,0.7,-24836.957
0.014496,-34630.0,0.7,-30552.217
0.00725553,-54882.4,0.7,-48461.883
0.002208,-133188.0,0.7,-95774.98
0.00191099,-141383.0,0.7,-94466.83
0.00528683,-47706.2,0.7,-56117.758
0.00123413,-146437.0,0.7,-81208.53
0.0183956,-57500.6,0.7,-39770.246
0.0176196,-52018.4,0.7,-38330.555
0.0201825,-69563.1,0.7,-50279.473
0.00099074,-139755.0,0.7,-73065.87
0.00045207,-83748.2,0.7,-50369.008
0.0196866,-79813.8,0.7,-46250.832
0.0204855,-77063.9,0.7,-53035.56
0.00792256,-34023.6,0.7,-45845.574
0.00543626,-55662.3,0.7,-55111.39
0.0031873,-100082.0,0.7,-85873.45
0.0133284,-29733.3,0.7,-26076.459
0.0143848,-32084.4,0.7,-30077.152
0.0155438,-36410.8,0.7,-34670.984
0.0207836,-50310.9,0.7,-55867.52
0.0,-55395.7,0.7,-28776.81
0.000334286,-102297.0,0.7,-44844.137
0.00181958,-122002.0,0.7,-93525.65
0.000372515,-101577.0,0.7,-46650.51
0.0108286,-41611.5,0.7,-28218.605
0.00190649,-126473.0,0.7,-94426.61
0.00279138,-116347.0,0.7,-91812.26
0.00138853,-142408.0,0.7,-85499.03
0.0035653,-94047.4,0.7,-79190.66
0.0165142,-45651.1,0.7,-37037.14
0.0198169,-64626.2,0.7,-47238.38
0.021471,-73399.5,0.7,-62331.008
0.0,-32148.8,0.7,-28776.81
0.019921,-57845.1,0.7,-48066.027
0.0190554,-47183.6,0.7,-42320.55
0.0208876,-70363.0,0.7,-56866.652
0.0085374,-31416.0,0.7,-42618.676
0.0102449,-28590.1,0.7,-31482.332
0.00682992,-39872.0,0.7,-49762.418
0.0033638,-96900.0,0.7,-82808.11
0.00428122,-78707.6,0.7,-67116.5
0.00200019,-114012.0,0.7,-95135.03
0.0122939,-27839.5,0.7,-24468.176
0.0179898,-38599.5,0.7,-38865.082
0.0220557,-67828.1,0.7,-67031.8
0.0,-54777.2,0.7,-28776.81
0.00158768,-119393.0,0.7,-89944.734
0.000650653,-112883.0,0.7,-59325.97
0.000356311,-97542.1,0.7,-45886.164
0.00125594,-124257.0,0.7,-81857.63
0.00899392,-55255.5,0.7,-39782.71
0.0125498,-32906.6,0.7,-24565.16
0.0152528,-38944.0,0.7,-33645.883
0.00596087,-40364.2,0.7,-52491.17
0.00140302,-125176.0,0.7,-85864.54
0.00155982,-134819.0,0.7,-89398.625
0.00122557,-128037.0,0.7,-80950.01
0.00467881,-55420.6,0.7,-61822.57
0.000567661,-96012.1,0.7,-55648.082
0.000868586,-120502.0,0.7,-68411.35
0.0217133,-71588.3,0.7,-64413.562
0.0196019,-61071.1,0.7,-45639.27
0.0183656,-55958.7,0.7,-39688.496
0.0220529,-74438.6,0.7,-67012.21
0.0,-27238.9,0.7,-28776.81
0.0221168,-86119.7,0.7,-67450.82
0.0220323,-77813.0,0.7,-66867.22
0.00525206,-59282.5,0.7,-56371.95
0.00245274,-107707.0,0.7,-95029.086
0.0149752,-31422.8,0.7,-32563.27
0.0143428,-30385.5,0.7,-29898.24
0.0166067,-34433.7,0.7,-37179.887
0.0227836,-52697.2,0.7,-70867.06
0.0,-51948.6,0.7,-28776.81
0.0,-47643.2,0.7,-28776.81
0.00756612,-53414.5,0.7,-47351.715
0.0106314,-41312.1,0.7,-29234.99
0.0144261,-34706.7,0.7,-30253.477
0.001729,-120125.0,0.7,-92332.06
0.000950444,-97521.7,0.7,-71569.086
0.00230233,-118524.0,0.7,-95667.625
0.000891325,-106855.0,0.7,-69303.766
0.00376337,-86767.7,0.7,-75641.64
0.0174633,-51870.4,0.7,-38154.29
0.0216386,-68771.3,0.7,-63788.965
0.0232313,-76894.0,0.7,-71842.43
0.0,-29948.3,0.7,-28776.81
0.0214511,-50616.9,0.7,-62153.266
0.0222265,-61068.0,0.7,-68161.95
0.0204139,-42898.7,0.7,-52369.715
0.0232228,-73572.2,0.7,-71834.12
0.00751291,-35634.6,0.7,-47554.344
0.00939114,-28120.0,0.7,-37131.29
0.0115524,-23939.4,0.7,-25461.055
0.00598488,-49661.6,0.7,-52397.63
0.00327995,-95278.4,0.7,-84283.28
0.00262281,-103307.0,0.7,-93688.77
0.00398412,-83327.3,0.7,-71827.305
0.00174973,-111232.0,0.7,-92628.375
0.00114358,-113357.0,0.7,-78367.41
0.0132686,-26496.1,0.7,-25903.963
0.0187077,-37240.3,0.7,-40788.457
0.023826,-63037.1,0.7,-71509.21
0.000682992,-107206.0,0.7,-60729.68
0.0,-47117.5,0.7,-28776.81
0.0090556,-53993.3,0.7,-39378.85
0.0122087,-32754.8,0.7,-24484.746
0.013733,-31722.3,0.7,-27433.275
0.0165843,-46292.4,0.7,-37146.41
0.00488335,-47924.2,0.7,-59590.285
0.00628249,-38978.8,0.7,-51362.93
0.00120133,-108170.0,0.7,-80206.28
0.00100585,-110986.0,0.7,-73616.84
0.000840909,-97115.8,0.7,-67309.805
0.00276556,-112179.0,0.7,-92130.836
0.000560147,-77111.8,0.7,-55310.137
0.000445663,-68342.4,0.7,-50071.9
0.0236349,-76702.9,0.7,-71805.31
0.0235229,-74721.5,0.7,-71898.66
0.0199699,-62057.2,0.7,-48465.926
0.0215038,-66965.1,0.7,-62621.906
0.0194695,-60356.8,0.7,-44734.03
0.0243709,-76968.8,0.7,-69862.35
0.0,-28279.3,0.7,-28776.81
0.023736,-83178.5,0.7,-71669.48
0.019865,-39278.8,0.7,-47616.65
0.0244886,-88152.6,0.7,-69385.04
0.00461281,-72221.1,0.7,-62614.44
0.00183541,-107702.0,0.7,-93707.44
0.00125254,-111846.0,0.7,-81757.375
0.0162133,-34130.7,0.7,-36481.24
0.0247836,-53223.2,0.7,-68068.64
0.0,-46245.5,0.7,-28776.81
0.0078483,-51344.4,0.7,-46181.44
0.0104262,-42519.0,0.7,-30390.635
0.0155629,-38300.1,0.7,-34733.57
0.00141936,-107874.0,0.7,-86268.86
0.00103255,-94735.7,0.7,-74576.4
0.000445663,-60436.8,0.7,-50071.9
0.000582088,-68292.0,0.7,-56294.72
0.00168717,-109636.0,0.7,-91692.33
0.000398707,-58942.2,0.7,-47881.31
0.00388684,-78422.6,0.7,-73482.26
0.0029807,-106626.0,0.7,-89187.984
0.0186221,-56757.7,0.7,-40477.36
0.023489,-73012.0,0.7,-71914.63
0.0252995,-80969.6,0.7,-65610.57
0.0233405,-54298.5,0.7,-71915.54
0.0223803,-46428.6,0.7,-69065.19
0.024258,-64314.0,0.7,-70286.08
0.0214195,-41810.2,0.7,-61869.195
0.0254318,-76563.9,0.7,-65002.555
0.00647485,-44988.0,0.7,-50779.38
0.0082409,-31350.4,0.7,-44271.473
0.0102449,-22080.1,0.7,-31482.332
0.00479034,-69293.4,0.7,-60564.07
0.00280132,-96034.2,0.7,-91686.86
0.00229981,-101955.0,0.7,-95673.54
0.00336943,-89725.8,0.7,-82708.03
0.00119881,-108161.0,0.7,-80128.016
0.000512244,-94143.7,0.7,-53137.684
0.000682992,-101414.0,0.7,-60729.68
0.0203689,-39562.8,0.7,-51955.35
0.0256669,-65356.7,0.7,-63994.676
0.0,-45500.6,0.7,-28776.81
0.013926,-30586.0,0.7,-28174.2
0.0119858,-32768.2,0.7,-24647.139
0.0179319,-51033.2,0.7,-38766.72
0.00493943,-43518.6,0.7,-59035.816
0.00621664,-35410.1,0.7,-51575.137
0.000445663,-64326.2,0.7,-50071.9
0.000398322,-53959.6,0.7,-47863.223
0.00213052,-113387.0,0.7,-95681.7
0.0,-26340.8,0.7,-28776.81
0.0,-24232.6,0.7,-28776.81
0.0253099,-79850.4,0.7,-65562.08
0.0253519,-78477.0,0.7,-65367.1
0.021321,-66223.4,0.7,-60970.938
0.0233673,-72139.9,0.7,-71923.85
0.0206896,-64125.5,0.7,-54967.223
0.0268406,-81962.5,0.7,-61729.77
0.025736,-86363.3,0.7,-63721.812
0.0266884,-90660.5,0.7,-61680.402
0.00387218,-83765.5,0.7,-73735.45
0.00155738,-103938.0,0.7,-89349.54
0.000739908,-100948.0,0.7,-63156.03
0.00106311,-103668.0,0.7,-75652.35
0.0267836,-54208.6,0.7,-61697.586
0.00981741,-45374.3,0.7,-34246.734
0.0154108,-34093.9,0.7,-34218.312
0.0171613,-44543.3,0.7,-37844.22
0.00653244,-39405.2,0.7,-50611.97
0.000929,-83144.7,0.7,-70756.79
0.000836089,-80454.3,0.7,-67116.27
0.000465636,-55836.6,0.7,-50996.723
0.0,-23954.2,0.7,-28776.81
0.0,-21825.1,0.7,-28776.81
0.0,-23522.3,0.7,-28776.81
0.0,-25919.1,0.7,-28776.81
0.00129428,-97888.8,0.7,-82964.82
0.00306511,-101222.0,0.7,-87880.17
0.00378266,-79130.3,0.7,-75300.67
0.00227279,-111888.0,0.7,-95726.59
0.020107,-59385.2,0.7,-49622.293
0.0254438,-77801.5,0.7,-64948.656
0.0271778,-85024.8,0.7,-62262.99
0.0270038,-85255.3,0.7,-61914.234
0.0242652,-50823.6,0.7,-70260.09
0.0254292,-58981.4,0.7,-65014.258
0.023264,-45658.0,0.7,-71871.086
0.0265932,-68578.4,0.7,-61708.246
0.0276408,-79828.5,0.7,-63945.35
0.00707967,-40186.6,0.7,-49022.812
0.0053314,-61228.7,0.7,-55803.156
0.00904964,-24686.9,0.7,-39418.07
0.00341496,-85969.5,0.7,-81896.2
0.00217677,-95473.4,0.7,-95757.555
0.00197178,-99929.4,0.7,-94948.6
0.00285529,-90926.8,0.7,-90980.42
0.000541111,-89297.6,0.7,-54450.44
0.0,-40867.3,0.7,-28776.81
0.0,-47080.6,0.7,-28776.81
0.000348582,-83118.7,0.7,-45520.902
0.027968,-68285.2,0.7,-65749.9
0.00805475,-53750.7,0.7,-45218.168
0.0135613,-28271.6,0.7,-26820.459
0.0117402,-31557.3,0.7,-25027.55
0.0192917,-52106.6,0.7,-43618.95
0.00529297,-34790.3,0.7,-56073.61
0.000907419,-78103.1,0.7,-69928.51
0.0,-23358.1,0.7,-28776.81
0.00151698,-105157.0,0.7,-88510.26
0.00417107,-64314.3,0.7,-68795.555
0.0269306,-83059.2,0.7,-61814.508
0.0268772,-81722.7,0.7,-61759.207
0.0229261,-70937.6,0.7,-71296.29
0.0249909,-76659.9,0.7,-67083.09
0.0221923,-66545.7,0.7,-67946.01
0.0284227,-87379.7,0.7,-68951.56
0.0275518,-89631.6,0.7,-63539.223
0.0286889,-92349.9,0.7,-71102.94
0.00387029,-80164.1,0.7,-73768.21
0.000875557,-95340.5,0.7,-68686.1
0.00123789,-96795.2,0.7,-81321.38
0.000329693,-78141.2,0.7,-44626.21
0.000483778,-83873.0,0.7,-51833.156
0.0287836,-61896.0,0.7,-71902.02
0.0291524,-86744.7,0.7,-75107.805
0.00976376,-46052.4,0.7,-34606.35
0.0149306,-29394.2,0.7,-32381.893
0.0169045,-40314.1,0.7,-37568.023
0.00533137,-33591.3,0.7,-55803.34
0.000394534,-49067.1,0.7,-47685.523
0.000430361,-48021.9,0.7,-49360.316
0.0,-20675.8,0.7,-28776.81
0.000893636,-74755.8,0.7,-69393.79
0.00055541,-54698.8,0.7,-55096.6
0.00237687,-105466.0,0.7,-95419.99
0.00326682,-92817.9,0.7,-84511.48
0.00150847,-98919.3,0.7,-88326.87
0.021869,-61339.9,0.7,-65657.58
0.0273345,-82492.8,0.7,-62711.27
0.0280672,-88016.5,0.7,-66386.06
0.0289199,-88346.8,0.7,-73073.82
0.0252204,-50641.0,0.7,-65983.36
0.0263843,-56053.5,0.7,-61920.906
0.0275483,-63638.7,0.7,-63524.05
0.0289283,-72888.2,0.7,-73146.74
0.0301347,-82182.1,0.7,-83277.16
0.00571868,-57155.5,0.7,-53548.57
0.00766255,-34673.5,0.7,-46970.297
0.00407325,-75209.7,0.7,-70355.25
0.00257399,-89825.7,0.7,-94135.125
0.00270892,-86992.6,0.7,-92791.62
0.0020321,-92279.0,0.7,-95315.26
0.0,-39992.1,0.7,-28776.81
0.0,-39093.9,0.7,-28776.81
0.0,-40738.7,0.7,-28776.81
0.029968,-74430.8,0.7,-82010.375
0.0131682,-25635.7,0.7,-25633.074
0.0121448,-28072.5,0.7,-24513.707
0.0182357,-45938.7,0.7,-39363.62
0.00439063,-54150.8,0.7,-65536.45
0.0003891,-43176.8,0.7,-47430.566
0.000972811,-76923.8,0.7,-72404.74
0.00350749,-82049.3,0.7,-80233.41
0.0283955,-85713.6,0.7,-68741.516
0.0237346,-71364.4,0.7,-71671.65
0.02464,-75020.3,0.7,-68727.12
0.0264833,-79590.1,0.7,-61794.74
0.0238275,-68081.6,0.7,-71506.22
0.0297711,-91274.8,0.7,-80431.836
0.0302938,-92153.0,0.7,-84417.96
0.0293622,-99080.7,0.7,-76949.016
0.0312892,-95348.9,0.7,-89820.125
0.00977047,-18026.3,0.7,-34561.297
0.00280113,-82630.0,0.7,-91689.27
0.00143656,-94650.9,0.7,-86685.59
0.000499346,-78706.0,0.7,-52547.773
0.000411829,-76927.1,0.7,-48495.652
0.0,-38598.8,0.7,-28776.81
0.0307836,-58646.3,0.7,-87457.66
0.0315251,-91019.9,0.7,-90676.86
0.0161557,-34447.3,0.7,-36357.32
0.0141502,-25074.2,0.7,-29086.545
0.00396281,-65388.2,0.7,-72185.76
0.0,-19200.7,0.7,-28776.81
0.0,-17809.3,0.7,-28776.81
0.000403439,-41469.2,0.7,-48102.99
0.000478924,-45147.5,0.7,-51609.734
0.0,-18400.3,0.7,-28776.81
0.0026977,-98548.4,0.7,-92916.13
0.00151154,-94347.7,0.7,-88393.24
0.000927905,-70872.9,0.7,-70714.94
0.0296709,-88637.4,0.7,-79599.66
0.0286878,-85442.8,0.7,-71093.73
0.0237543,-63137.5,0.7,-71639.76
0.0305977,-92760.4,0.7,-86391.34
0.0306744,-91944.1,0.7,-86844.41
0.0310235,-92106.6,0.7,-88674.16
0.0304269,-88882.1,0.7,-85316.62
0.0273395,-56937.7,0.7,-62727.637
0.0285035,-62186.5,0.7,-69587.305
0.0298835,-69609.2,0.7,-81342.914
0.0313173,-76700.1,0.7,-89929.73
0.0326286,-84779.7,0.7,-93450.27
0.00619165,-51608.4,0.7,-51657.734
0.00409795,-69911.2,0.7,-69955.766
0.0079631,-31164.8,0.7,-45657.062
0.00306113,-77085.3,0.7,-87943.4
0.00185869,-89171.3,0.7,-93960.5
0.00201997,-85763.4,0.7,-95250.37
0.000940815,-90916.6,0.7,-71205.734
0.00135584,-90552.6,0.7,-84650.695
0.000518045,-77496.3,0.7,-53402.332
0.0320134,-75254.4,0.7,-92072.734
0.00448638,-50224.6,0.7,-64229.16
0.0,-17858.7,0.7,-28776.81
0.000510952,-44728.5,0.7,-53078.71
0.00188983,-99884.3,0.7,-94272.24
0.000990361,-72352.0,0.7,-73052.02
0.00284763,-91072.0,0.7,-91083.23
0.025535,-74901.7,0.7,-64546.703
0.0277118,-81247.9,0.7,-64296.207
0.0257011,-70530.6,0.7,-63858.086
0.0322076,-97021.8,0.7,-92530.83
0.0315889,-95758.2,0.7,-90885.484
0.0327228,-98209.0,0.7,-93656.31
0.0312124,-103838.0,0.7,-89509.68
0.0339936,-95007.3,0.7,-97491.13
0.00204898,-81396.5,0.7,-95398.36
0.00169477,-83805.6,0.7,-91812.75
0.000892444,-86837.6,0.7,-69347.445
0.0,-35357.5,0.7,-28776.81
0.0,-37256.4,0.7,-28776.81
0.0319928,-90120.1,0.7,-92021.664
0.0327836,-59234.8,0.7,-93791.48
0.0331755,-96457.1,0.7,-94739.09
0.0334881,-84189.6,0.7,-95641.805
0.00311966,-80009.9,0.7,-86999.11
0.0,-16536.7,0.7,-28776.81
0.0,-16278.2,0.7,-28776.81
0.00183059,-94410.3,0.7,-93652.94
0.000898716,-65351.5,0.7,-69591.38
0.00134001,-85625.1,0.7,-84228.22
0.00217997,-95975.8,0.7,-95760.625
0.000522559,-43487.0,0.7,-53607.95
0.0319831,-95303.5,0.7,-91997.47
0.0266701,-68360.3,0.7,-61682.312
0.0318295,-95723.7,0.7,-91596.25
0.0328566,-105081.0,0.7,-93956.984
0.0294586,-64427.1,0.7,-77787.65
0.0302548,-68460.0,0.7,-84144.83
0.0312529,-73383.9,0.7,-89675.414
0.00618865,-50416.0,0.7,-51667.766
0.00480164,-61285.6,0.7,-60442.137
0.00279318,-72430.3,0.7,-91789.625
0.00209107,-77092.0,0.7,-95568.766
0.00136598,-85904.4,0.7,-84917.37
0.00113587,-86294.7,0.7,-78114.875
0.000471712,-73356.5,0.7,-51277.33
0.000800629,-82156.3,0.7,-65677.73
0.0,-34493.8,0.7,-28776.81
0.00328536,-73142.6,0.7,-84188.984
0.0,-15453.3,0.7,-28776.81
0.000495181,-40129.6,0.7,-52356.945
0.00197235,-87087.9,0.7,-94952.59
0.0328535,-98310.4,0.7,-93949.83
0.0270533,-76586.7,0.7,-61997.363
0.0280616,-75220.5,0.7,-66349.195
0.0342273,-103262.0,0.7,-98531.01
0.0334329,-100586.0,0.7,-95470.484
0.0353126,-105127.0,0.7,-104827.42
0.00343202,-65932.0,0.7,-81590.65
0.00267158,-69436.4,0.7,-93197.195
0.00137784,-82557.1,0.7,-85225.26
0.00129594,-78081.7,0.7,-83011.88
0.000986544,-80151.8,0.7,-72911.766
0.000399366,-68182.8,0.7,-47912.184
0.0338448,-96477.6,0.7,-96891.43
0.0347836,-65191.4,0.7,-101480.56
0.0349806,-99742.0,0.7,-102672.63
0.00207765,-80653.5,0.7,-95520.06
0.00149569,-84266.4,0.7,-88047.055
0.00112972,-73563.9,0.7,-77912.266
0.000412225,-33076.8,0.7,-48514.082
0.000779678,-54911.1,0.7,-64815.758
0.0,-14613.3,0.7,-28776.81
0.00406354,-57992.9,0.7,-70513.39
0.00192726,-73282.8,0.7,-94606.9
0.00102333,-79862.4,0.7,-74246.984
0.00128061,-74904.7,0.7,-82575.11
0.000755875,-77033.3,0.7,-63826.004
0.000685141,-77912.3,0.7,-60822.336
0.0,-33485.3,0.7,-28776.81
0.000375137,-64719.4,0.7,-46773.992
0.0358653,-88403.2,0.7,-108714.805
0.0,-13190.4,0.7,-28776.81
0.00112345,-67424.6,0.7,-77704.59
0.0369469,-106688.0,0.7,-116639.234
0.00273197,-61999.4,0.7,-92529.1
0.00229679,-66568.3,0.7,-95680.4
0.00162211,-69429.2,0.7,-90585.5
0.000835298,-74510.6,0.7,-67084.516
0.000754811,-66765.2,0.7,-63781.484
0.000514954,-64635.1,0.7,-53261.395
0.000455328,-63170.0,0.7,-50519.973
0.0,-31879.7,0.7,-28776.81
0.00131223,-69612.3,0.7,-83468.32
0.000943062,-63027.4,0.7,-71290.72
0.000508353,-39475.4,0.7,-52960.008
0.000344828,-27924.1,0.7,-45343.312
0.0,-11522.6,0.7,-28776.81
0.00118236,-70953.4,0.7,-79612.59
0.000459988,-60918.4,0.7,-50735.63
0.000682992,-68062.6,0.7,-60729.68
0.000640305,-59026.2,0.7,-58873.13
0.000373467,-62179.0,0.7,-46695.418
0.000329969,-58093.0,0.7,-44639.355
0.0,-30485.6,0.7,-28776.81
0.00123174,-67194.5,0.7,-81136.53
0.000458102,-34825.5,0.7,-50648.363
0.000576155,-38435.3,0.7,-56029.19
0.00147968,-64671.5,0.7,-87689.266
0.000999482,-65524.0,0.7,-73385.3
0.000341496,-54190.5,0.7,-45185.523
0.000347322,-48483.7,0.7,-45461.27
0.000341496,-50964.0,0.7,-45185.523
0.0,-27678.9,0.7,-28776.81
0.0,-28359.1,0.7,-28776.81
0.0,-28735.2,0.7,-28776.81
0.00075314,-45356.4,0.7,-63711.508
0.0,-11990.9,0.7,-28776.81
0.00103065,-62397.9,0.7,-74508.71
0.000590503,-56305.8,0.7,-56670.605
0.0,-26325.5,0.7,-28776.81
0.0,-23148.3,0.7,-28776.81
0.0,-29454.7,0.7,-28776.81
0.0,-12527.0,0.7,-28776.81
0.0,-12104.2,0.7,-28776.81
0.000328057,-23700.3,0.7,-44548.63
0.000918454,-57655.8,0.7,-70353.375
0.0,-23603.1,0.7,-28776.81
0.000554931,-52569.9,0.7,-55075.008
0.0,-24818.5,0.7,-28776.81
0.0,-23198.0,0.7,-28776.81
0.0,-10414.8,0.7,-28776.81
0.0,-11602.0,0.7,-28776.81
0.000533587,-49350.9,0.7,-54109.26
0.0,-23485.2,0.7,-28776.81
0.0,-9976.31,0.7,-28776.81
0.000512244,-46114.7,0.7,-53137.684
0.0,-22751.1,0.7,-28776.81
0.0,-21641.1,0.7,-28776.81
0.0,-20521.8,0.7,-28776.81
0.130364,-192604.0,0.7,-219022.58
0.130582,-190937.0,0.7,-222715.17
0.131273,-200866.0,0.7,-235118.72
0.1297,-184781.0,0.7,-209714.19
0.130117,-220193.0,0.7,-215175.52
0.129481,-178434.0,0.7,-207417.48
0.129455,-187102.0,0.7,-207171.11
0.129533,-212432.0,0.7,-207926.67
0.128466,-175641.0,0.7,-201374.83
0.12892,-210660.0,0.7,-203258.61
0.127901,-164056.0,0.7,-200167.98
0.128545,-174822.0,0.7,-201628.61
0.128694,-202509.0,0.7,-202185.81
0.129132,-215762.0,0.7,-204557.92
0.127262,-171340.0,0.7,-199365.6
0.128807,-165473.0,0.7,-202685.33
0.127804,-173694.0,0.7,-200031.66
0.127873,-207934.0,0.7,-200127.27
0.127996,-212945.0,0.7,-200315.36
0.13024,-222938.0,0.7,-217040.22
0.126571,-159874.0,0.7,-198053.03
0.127668,-162512.0,0.7,-199857.27
0.127636,-170514.0,0.7,-199818.3
0.12775,-199850.0,0.7,-199960.48
0.128345,-213824.0,0.7,-201035.33
0.129239,-216386.0,0.7,-205334.66
0.126933,-171313.0,0.7,-198869.34
0.126199,-166877.0,0.7,-196729.0
0.126787,-162365.0,0.7,-198583.61
0.128106,-171323.0,0.7,-200508.0
0.12703,-211687.0,0.7,-199033.47
0.126954,-206763.0,0.7,-198906.39
0.127279,-210483.0,0.7,-199387.66
0.125144,-160519.0,0.7,-188505.66
0.125659,-167339.0,0.7,-193500.81
0.126956,-172688.0,0.7,-198909.81
0.126727,-166529.0,0.7,-198450.45
0.126771,-196928.0,0.7,-198549.03
0.128228,-208517.0,0.7,-200756.02
0.125962,-167754.0,0.7,-195532.28
0.125102,-162493.0,0.7,-188004.55
0.126099,-172987.0,0.7,-196262.12
0.127159,-181340.0,0.7,-199226.69
0.126235,-208042.0,0.7,-196884.69
0.12591,-209915.0,0.7,-195226.23
0.125907,-204900.0,0.7,-195207.92
0.124265,-156910.0,0.7,-175117.25
0.124334,-176706.0,0.7,-176369.25
0.124955,-181788.0,0.7,-186136.7
0.127608,-185257.0,0.7,-199784.6
0.126065,-181630.0,0.7,-196091.0
0.125818,-162969.0,0.7,-194642.75
0.125862,-194292.0,0.7,-194928.7
0.126087,-200778.0,0.7,-196202.33
0.124916,-163282.0,0.7,-185611.36
0.123981,-156000.0,0.7,-169702.1
0.123567,-170393.0,0.7,-161345.72
0.12632,-186085.0,0.7,-197226.2
0.125078,-203793.0,0.7,-187711.92
0.125226,-206965.0,0.7,-189441.95
0.124812,-210363.0,0.7,-184149.83
0.124873,-203822.0,0.7,-185017.78
0.123335,-158645.0,0.7,-156641.25
0.123396,-188721.0,0.7,-157869.28
0.123172,-182876.0,0.7,-153417.47
0.125153,-186802.0,0.7,-188611.14
0.126303,-189920.0,0.7,-197160.75
0.124909,-159726.0,0.7,-185515.83
0.124884,-190480.0,0.7,-185171.08
0.124877,-183023.0,0.7,-185073.61
0.124769,-207952.0,0.7,-183520.31
0.123719,-154145.0,0.7,-164445.03
0.122971,-150796.0,0.7,-149613.2
0.122714,-171108.0,0.7,-145158.61
0.12392,-190719.0,0.7,-168494.83
0.122479,-180718.0,0.7,-141627.27
0.125314,-191003.0,0.7,-190385.81
0.126683,-194212.0,0.7,-198346.23
0.123829,-198417.0,0.7,-166672.42
0.124151,-205382.0,0.7,-172990.33
0.123711,-208735.0,0.7,-164282.33
0.123609,-208271.0,0.7,-162203.23
0.12367,-198605.0,0.7,-163447.4
0.122389,-161662.0,0.7,-140440.17
0.122777,-197233.0,0.7,-146199.55
0.122309,-189436.0,0.7,-139470.86
0.124419,-192641.0,0.7,-177870.86
0.125421,-196903.0,0.7,-191450.27
0.12793,-190944.0,0.7,-200211.33
0.124,-151733.0,0.7,-170075.55
0.124047,-182404.0,0.7,-170993.45
0.123488,-169276.0,0.7,-159735.31
0.122621,-145210.0,0.7,-143691.28
0.12205,-152911.0,0.7,-136938.77
0.121702,-175792.0,0.7,-135177.62
0.123461,-199866.0,0.7,-159186.31
0.122222,-195411.0,0.7,-138513.3
0.121576,-187339.0,0.7,-135048.95
0.124302,-199462.0,0.7,-175792.16
0.127009,-200709.0,0.7,-198999.34
0.125653,-203559.0,0.7,-193454.36
0.122641,-137393.0,0.7,-143999.55
0.122598,-189083.0,0.7,-143341.88
0.124174,-128854.0,0.7,-173425.17
0.122939,-202192.0,0.7,-149030.7
0.122621,-205222.0,0.7,-143691.28
0.122516,-209709.0,0.7,-142143.19
0.123214,-177018.0,0.7,-154238.42
0.121301,-164161.0,0.7,-135767.52
0.122206,-208079.0,0.7,-138348.81
0.121625,-203054.0,0.7,-135065.34
0.12156,-194052.0,0.7,-135052.98
0.124163,-206865.0,0.7,-173217.28
0.123091,-136045.0,0.7,-151857.27
0.122257,-143916.0,0.7,-138886.16
0.123129,-92455.1,0.7,-152585.1
0.125229,-111804.0,0.7,-189475.12
0.122168,-204968.0,0.7,-137972.25
0.12256,-191826.0,0.7,-142777.19
0.121719,-142731.0,0.7,-135216.25
0.120972,-155866.0,0.7,-138469.05
0.120369,-174025.0,0.7,-148400.47
0.120537,-184939.0,0.7,-145035.47
0.123223,-207563.0,0.7,-154415.33
0.120895,-200548.0,0.7,-139389.84
0.120629,-194094.0,0.7,-143378.2
0.126056,-208498.0,0.7,-196044.6
0.124806,-209615.0,0.7,-184062.89
0.122182,-132909.0,0.7,-138108.67
0.121727,-195018.0,0.7,-135236.22
0.121386,-172501.0,0.7,-135396.83
0.124116,-55230.4,0.7,-172323.81
0.121514,-196634.0,0.7,-135089.97
0.121442,-205700.0,0.7,-135225.36
0.121258,-206010.0,0.7,-136005.95
0.122323,-167400.0,0.7,-139634.33
0.121466,-129380.0,0.7,-135169.75
0.120056,-161562.0,0.7,-155681.67
0.121035,-211618.0,0.7,-137796.44
0.122131,-211990.0,0.7,-137625.97
0.120563,-208904.0,0.7,-144553.12
0.122709,-211201.0,0.7,-145077.55
0.123703,-210508.0,0.7,-164119.69
0.121007,-120249.0,0.7,-138086.5
0.121879,-65630.8,0.7,-135823.31
0.122627,-36676.3,0.7,-143783.33
0.120944,-198898.0,0.7,-138791.28
0.121378,-180164.0,0.7,-135425.95
0.120736,-136075.0,0.7,-141626.53
0.119923,-147788.0,0.7,-159094.78
0.119082,-169509.0,0.7,-182079.2
0.119375,-181628.0,0.7,-174148.02
0.119555,-191430.0,0.7,-169130.14
0.121157,-213768.0,0.7,-136702.42
0.119992,-206827.0,0.7,-157304.47
0.119671,-200680.0,0.7,-165906.78
0.125074,-209714.0,0.7,-187662.48
0.123959,-210465.0,0.7,-169268.1
0.121273,-124615.0,0.7,-135919.06
0.121285,-156634.0,0.7,-135852.25
0.120515,-182991.0,0.7,-145451.83
0.120036,-153037.0,0.7,-156184.48
0.123325,-85696.6,0.7,-156440.7
0.120365,-195657.0,0.7,-148485.4
0.120271,-183115.0,0.7,-150549.36
0.120245,-200424.0,0.7,-151140.95
0.120067,-198816.0,0.7,-155406.72
0.120289,-123773.0,0.7,-150145.25
0.119214,-153275.0,0.7,-178567.5
0.11883,-159365.0,0.7,-188320.22
0.120004,-215056.0,0.7,-156997.44
0.121339,-213808.0,0.7,-135584.9
0.119443,-212722.0,0.7,-172255.84
0.122719,-211532.0,0.7,-145239.78
0.119757,-98230.4,0.7,-163543.98
0.120629,-47512.8,0.7,-143378.2
0.121367,-36255.8,0.7,-135467.86
0.121916,-97730.4,0.7,-136024.95
0.1195,-188538.0,0.7,-170665.23
0.120282,-166763.0,0.7,-150302.0
0.11948,-129958.0,0.7,-171223.73
0.118728,-146311.0,0.7,-190613.11
0.117653,-165762.0,0.7,-201191.48
0.118049,-178669.0,0.7,-200724.0
0.11868,-186769.0,0.7,-191635.89
0.118667,-195299.0,0.7,-191906.33
0.120042,-216708.0,0.7,-156033.3
0.121506,-214843.0,0.7,-135100.39
0.119126,-208660.0,0.7,-180923.19
0.122875,-212229.0,0.7,-147887.5
0.120364,-117732.0,0.7,-148506.78
0.120263,-143911.0,0.7,-150730.62
0.119041,-167428.0,0.7,-183141.53
0.11864,-129145.0,0.7,-192458.64
0.122509,-168071.0,0.7,-142044.28
0.119438,-186440.0,0.7,-172395.38
0.119353,-189457.0,0.7,-174757.78
0.119491,-171469.0,0.7,-170916.64
0.119055,-191704.0,0.7,-182780.47
0.118622,-188147.0,0.7,-192819.6
0.119,-122165.0,0.7,-184187.08
0.118085,-157360.0,0.7,-200461.16
0.118637,-203454.0,0.7,-192519.34
0.118668,-219546.0,0.7,-191885.8
0.118568,-216746.0,0.7,-193867.6
0.120064,-219147.0,0.7,-155481.5
0.118385,-213385.0,0.7,-196990.56
0.121782,-214438.0,0.7,-135403.36
0.119587,-121859.0,0.7,-168238.22
0.118525,-75615.3,0.7,-194662.6
0.119379,-38269.8,0.7,-174036.75
0.120127,-48012.2,0.7,-153929.06
0.120796,-116554.0,0.7,-140730.08
0.124,-166345.0,0.7,-170075.55
0.121457,-170438.0,0.7,-135189.56
0.11792,-172930.0,0.7,-201374.27
0.11906,-178106.0,0.7,-182650.88
0.119209,-157757.0,0.7,-178702.72
0.118034,-132535.0,0.7,-200823.05
0.117445,-152839.0,0.7,-199542.31
0.116845,-162047.0,0.7,-187184.92
0.116574,-174308.0,0.7,-178089.88
0.117732,-188827.0,0.7,-201467.48
0.117672,-199667.0,0.7,-201275.31
0.118642,-222878.0,0.7,-192418.31
0.12065,-217259.0,0.7,-143019.28
0.117784,-208513.0,0.7,-201546.2
0.121677,-213184.0,0.7,-135129.58
0.119455,-111229.0,0.7,-171921.2
0.11931,-137042.0,0.7,-175945.3
0.117608,-142337.0,0.7,-200948.94
0.117435,-106153.0,0.7,-199428.81
0.123079,-194809.0,0.7,-151629.0
0.121728,-189999.0,0.7,-135238.66
0.118527,-179913.0,0.7,-194626.52
0.118138,-181124.0,0.7,-200011.3
0.118762,-169901.0,0.7,-189866.16
0.117659,-180455.0,0.7,-201219.3
0.117122,-173552.0,0.7,-194280.42
0.118662,-114864.0,0.7,-192009.62
0.117793,-114608.0,0.7,-201551.56
0.116235,-168808.0,0.7,-164134.39
0.11663,-181734.0,0.7,-180132.52
0.117271,-221411.0,0.7,-197117.12
0.117472,-218661.0,0.7,-199832.98
0.117476,-214541.0,0.7,-199873.92
0.11809,-36210.3,0.7,-200421.66
0.117215,-54611.3,0.7,-196132.84
0.118786,-83544.5,0.7,-189328.11
0.119748,-132411.0,0.7,-163789.5
0.120326,-178843.0,0.7,-149327.5
0.116657,-146720.0,0.7,-181088.14
0.117838,-172520.0,0.7,-201542.66
0.118112,-162257.0,0.7,-200241.06
0.116622,-161703.0,0.7,-179845.94
0.118274,-145812.0,0.7,-198529.36
0.116759,-123129.0,0.7,-184519.0
0.116823,-142405.0,0.7,-186523.11
0.116114,-150270.0,0.7,-158587.58
0.115355,-152657.0,0.7,-120475.81
0.115324,-163335.0,0.7,-118907.0
0.115251,-158797.0,0.7,-115241.734
0.11658,-191642.0,0.7,-178313.03
0.116539,-200823.0,0.7,-176772.69
0.116462,-206565.0,0.7,-173768.45
0.118545,-97234.9,0.7,-194297.39
0.11839,-125333.0,0.7,-196914.58
0.116412,-122016.0,0.7,-171742.44
0.116347,-82503.5,0.7,-169024.44
0.121876,-195461.0,0.7,-135808.06
0.120828,-194345.0,0.7,-140277.78
0.117374,-173298.0,0.7,-198668.38
0.116681,-170719.0,0.7,-181920.8
0.116311,-166461.0,0.7,-167480.23
0.115559,-155674.0,0.7,-130913.42
0.117552,-103879.0,0.7,-200559.5
0.116559,-100077.0,0.7,-177529.39
0.11532,-169684.0,0.7,-118704.79
0.116423,-214546.0,0.7,-172192.7
0.116413,-211384.0,0.7,-171783.17
0.11757,-67375.4,0.7,-200695.16
0.116766,-29965.8,0.7,-184743.97
0.116179,-39865.1,0.7,-161598.8
0.118744,-166701.0,0.7,-190263.89
0.12275,-196683.0,0.7,-145749.05
0.119417,-189586.0,0.7,-172980.34
0.115354,-125254.0,0.7,-120425.055
0.115599,-143863.0,0.7,-132968.31
0.116626,-165145.0,0.7,-179989.25
0.11724,-164408.0,0.7,-196584.44
0.117272,-149835.0,0.7,-197133.92
0.117283,-127734.0,0.7,-197315.1
0.115386,-99757.4,0.7,-122050.98
0.115453,-125977.0,0.7,-125472.83
0.114958,-133735.0,0.7,-101173.97
0.114,-102430.0,0.7,-69315.72
0.114,-106244.0,0.7,-69315.72
0.114,-106061.0,0.7,-69315.72
0.115368,-181044.0,0.7,-121135.73
0.115353,-188996.0,0.7,-120374.555
0.115439,-202305.0,0.7,-124756.26
0.115346,-194395.0,0.7,-120019.68
0.117354,-86736.8,0.7,-198393.44
0.117422,-107152.0,0.7,-199276.61
0.115231,-99183.6,0.7,-114246.09
0.117611,-138941.0,0.7,-200967.08
0.115264,-58496.4,0.7,-115890.96
0.12136,-196132.0,0.7,-135495.83
0.120071,-197152.0,0.7,-155306.97
0.116222,-164564.0,0.7,-163551.03
0.115273,-152916.0,0.7,-116341.15
0.115032,-149872.0,0.7,-104606.02
0.114,-87409.9,0.7,-69315.72
0.116455,-83438.2,0.7,-173488.14
0.115296,-69692.4,0.7,-117495.32
0.114,-99365.3,0.7,-69315.72
0.114,-109309.0,0.7,-69315.72
0.115285,-198475.0,0.7,-116943.28
0.117636,-75392.1,0.7,-201107.23
0.116498,-79476.8,0.7,-175190.95
0.115472,-47058.0,0.7,-126446.27
0.117403,-167404.0,0.7,-199044.64
0.118209,-180438.0,0.7,-199295.4
0.122331,-196531.0,0.7,-139729.23
0.118974,-195862.0,0.7,-184841.36
0.114,-73104.9,0.7,-69315.72
0.114,-75101.8,0.7,-69315.72
0.115318,-135670.0,0.7,-118603.734
0.116323,-147435.0,0.7,-167997.72
0.11548,-156038.0,0.7,-126856.28
0.116259,-121778.0,0.7,-165202.9
0.114,-101196.0,0.7,-69315.72
0.116335,-97238.1,0.7,-168512.8
0.114,-59975.0,0.7,-69315.72
0.114,-72519.8,0.7,-69315.72
0.114,-89508.8,0.7,-69315.72
0.111969,-72649.8,0.7,-74894.07
0.112683,-81295.5,0.7,-69184.8
0.112137,-79917.3,0.7,-73990.1
0.112426,-80916.6,0.7,-71697.47
0.114,-114452.0,0.7,-69315.72
0.114,-117682.0,0.7,-69315.72
0.114,-120085.0,0.7,-69315.72
0.114,-121231.0,0.7,-69315.72
0.116557,-69249.3,0.7,-177454.3
0.116433,-74504.7,0.7,-172600.1
0.114,-52567.8,0.7,-69315.72
0.116386,-140099.0,0.7,-170666.55
0.114,-24887.3,0.7,-69315.72
0.118044,-187685.0,0.7,-200757.78
0.120667,-196286.0,0.7,-142733.81
0.119173,-197843.0,0.7,-179671.9
0.114998,-142157.0,0.7,-103017.5
0.114,-106707.0,0.7,-69315.72
0.114,-105635.0,0.7,-69315.72
0.111826,-59011.8,0.7,-75371.59
0.111968,-45444.1,0.7,-74898.28
0.115243,-41594.4,0.7,-114843.19
0.114,-43490.4,0.7,-69315.72
0.111509,-68839.6,0.7,-75446.766
0.11201,-81227.7,0.7,-74706.63
0.116727,-54160.9,0.7,-183473.47
0.115319,-106032.0,0.7,-118654.195
0.114,-37805.8,0.7,-69315.72
0.116268,-160323.0,0.7,-165600.86
0.117126,-176976.0,0.7,-194365.69
0.121083,-196662.0,0.7,-137332.83
0.117906,-194266.0,0.7,-201416.84
0.111968,-43394.5,0.7,-74898.28
0.112172,-64526.2,0.7,-73758.125
0.115182,-110490.0,0.7,-111825.445
0.114,-95030.6,0.7,-69315.72
0.115175,-84887.1,0.7,-111481.51
0.112013,-69807.7,0.7,-74692.13
0.115241,-51523.3,0.7,-114743.28
0.111542,-55651.7,0.7,-75500.555
0.111651,-58069.5,0.7,-75578.42
0.111542,-63473.0,0.7,-75500.555
0.110224,-64114.9,0.7,-65682.04
0.111019,-75985.2,0.7,-73189.21
0.11016,-77062.0,0.7,-64974.203
0.110508,-75659.2,0.7,-68700.24
0.112105,-83225.4,0.7,-74189.43
0.111983,-84672.1,0.7,-74832.61
0.111732,-84502.9,0.7,-75534.31
0.115574,-42009.7,0.7,-131684.1
0.115303,-34571.2,0.7,-117847.9
0.1124,-54324.0,0.7,-71934.3
0.115215,-144678.0,0.7,-113452.54
0.112286,-13822.8,0.7,-72908.555
0.1165,-176512.0,0.7,-175268.8
0.12275,-196054.0,0.7,-145749.05
0.119838,-196779.0,0.7,-161351.12
0.117806,-197161.0,0.7,-201555.0
0.114,-73221.8,0.7,-69315.72
0.114,-99937.1,0.7,-69315.72
0.111772,-71100.7,0.7,-75479.75
0.109648,-46323.2,0.7,-59201.164
0.110288,-55378.6,0.7,-66381.586
0.109936,-37949.3,0.7,-62455.715
0.114,-28849.4,0.7,-69315.72
0.11176,-59857.4,0.7,-75498.4
0.109854,-59702.5,0.7,-61526.605
0.109226,-59968.5,0.7,-54622.773
0.109743,-65181.4,0.7,-60270.125
0.110182,-80417.3,0.7,-65218.344
0.111433,-79428.8,0.7,-75271.164
0.114762,-22098.1,0.7,-92603.32
0.115818,-34077.4,0.7,-144136.58
0.111346,-40344.4,0.7,-74985.195
0.114,-72220.2,0.7,-69315.72
0.111894,-28185.5,0.7,-75179.02
0.115205,-158392.0,0.7,-112958.44
0.119955,-197360.0,0.7,-158259.5
0.118792,-197683.0,0.7,-189192.38
0.1165,-184221.0,0.7,-175268.8
0.110076,-50886.9,0.7,-64035.47
0.110586,-73083.6,0.7,-69479.914
0.114,-62106.5,0.7,-69315.72
0.11247,-64838.3,0.7,-71286.49
0.112308,-72253.2,0.7,-72729.59
0.112212,-71927.9,0.7,-73475.914
0.114,-44706.0,0.7,-69315.72
0.109825,-55063.0,0.7,-61197.758
0.114,-25074.3,0.7,-69315.72
0.109302,-39796.2,0.7,-55418.7
0.109084,-46312.4,0.7,-53181.12
0.10952,-50445.0,0.7,-57777.125
0.10867,-61926.5,0.7,-49406.63
0.108915,-68620.6,0.7,-51555.297
0.10839,-71580.9,0.7,-47313.758
0.108241,-72810.4,0.7,-46382.465
0.110341,-82903.4,0.7,-66953.67
0.110159,-83042.7,0.7,-64963.16
0.109438,-75955.8,0.7,-56878.457
0.114909,-27235.0,0.7,-98956.45
0.114836,-23602.3,0.7,-95742.4
0.114,-88103.0,0.7,-69315.72
0.110337,-27803.5,0.7,-66910.82
0.117742,-197526.0,0.7,-201488.92
0.1165,-188174.0,0.7,-175268.8
0.11525,-168811.0,0.7,-115192.086
0.112774,-56717.8,0.7,-68277.625
0.110517,-61782.0,0.7,-68791.586
0.109144,-52392.5,0.7,-53782.5
0.107619,-34723.4,0.7,-44118.746
0.108427,-45992.9,0.7,-47565.59
0.107904,-35478.1,0.7,-44809.92
0.114,-19604.5,0.7,-69315.72
0.111869,-60915.7,0.7,-75257.04
0.114,-30215.8,0.7,-69315.72
0.109738,-62103.4,0.7,-60213.773
0.107916,-52993.1,0.7,-44852.457
0.10719,-63593.0,0.7,-44278.594
0.107375,-70398.1,0.7,-44028.723
0.108129,-70154.7,0.7,-45774.492
0.10879,-67392.8,0.7,-50425.434
0.114909,-20714.6,0.7,-98956.45
0.109246,-59526.4,0.7,-54830.707
0.112686,-54717.2,0.7,-69154.7
0.109156,-27376.6,0.7,-53904.28
0.114,-97501.3,0.7,-69315.72
0.118487,-197445.0,0.7,-195335.03
0.115234,-175304.0,0.7,-114395.72
0.108493,-58330.9,0.7,-48034.145
0.112366,-49286.9,0.7,-72236.21
0.11065,-55920.0,0.7,-70098.97
0.111005,-48830.3,0.7,-73089.96
0.110519,-57849.5,0.7,-68811.77
0.112007,-41103.0,0.7,-74721.055
0.107704,-48120.8,0.7,-44260.28
0.107132,-39676.9,0.7,-44413.31
0.111929,-31913.4,0.7,-75055.43
0.107062,-29663.7,0.7,-44611.586
0.107335,-30103.1,0.7,-44059.5
0.107607,-45979.1,0.7,-44103.254
0.106463,-46987.5,0.7,-47804.21
0.106737,-76291.3,0.7,-46027.125
0.106373,-75846.3,0.7,-48489.75
0.106102,-71346.0,0.7,-50805.12
0.107538,-65597.9,0.7,-44036.473
0.106975,-59454.8,0.7,-44911.82
0.114,-29733.1,0.7,-69315.72
0.114,-25756.5,0.7,-69315.72
0.112441,-63226.9,0.7,-71558.76
0.110972,-47155.5,0.7,-72849.54
0.108093,-49118.6,0.7,-45596.766
0.117125,-195307.0,0.7,-194344.45
0.115157,-177010.0,0.7,-110600.586
0.114,-104587.0,0.7,-69315.72
0.108686,-48836.1,0.7,-49538.45
0.107031,-49718.3,0.7,-44711.754
0.105931,-36256.0,0.7,-52417.594
0.105631,-33491.5,0.7,-55406.586
0.10642,-45467.8,0.7,-48125.973
0.106251,-43433.4,0.7,-49489.324
0.111643,-44333.1,0.7,-75578.05
0.11213,-58088.4,0.7,-74034.734
0.110163,-69649.1,0.7,-65007.434
0.107714,-58131.3,0.7,-44280.535
0.105868,-65157.8,0.7,-53032.65
0.105374,-77287.9,0.7,-57996.59
0.104989,-81700.4,0.7,-61633.71
0.105819,-64127.2,0.7,-53517.062
0.106504,-53161.5,0.7,-47507.484
0.114,-16021.7,0.7,-69315.72
0.106897,-59279.0,0.7,-45230.625
0.108833,-34293.4,0.7,-50806.535
0.107052,-43718.2,0.7,-44643.086
0.11235,-69624.3,0.7,-72375.13
0.116012,-183814.0,0.7,-153730.27
0.114,-113506.0,0.7,-69315.72
0.110511,-35650.5,0.7,-68730.64
0.108623,-40508.4,0.7,-49026.36
0.108942,-29324.1,0.7,-51807.707
0.106755,-50080.2,0.7,-45928.23
0.110349,-32670.6,0.7,-67039.32
0.105981,-49670.6,0.7,-51936.63
0.105125,-41847.2,0.7,-60402.562
0.109287,-38038.9,0.7,-55260.316
0.104605,-48390.2,0.7,-64644.13
0.10504,-32055.8,0.7,-61180.426
0.105382,-33669.9,0.7,-57916.88
0.10574,-43222.0,0.7,-54306.496
0.104169,-68428.8,0.7,-67018.89
0.104517,-81605.1,0.7,-65218.63
0.104251,-79868.5,0.7,-66663.625
0.103941,-76314.8,0.7,-67786.414
0.105364,-61508.9,0.7,-58095.863
0.105266,-58737.5,0.7,-59059.375
0.10792,-57597.5,0.7,-44866.707
0.104566,-53932.9,0.7,-64904.527
0.112392,-35398.7,0.7,-72006.03
0.111346,-56404.2,0.7,-74985.195
0.110637,-63252.9,0.7,-69974.91
0.106941,-26127.9,0.7,-45045.094
0.105615,-58590.0,0.7,-55568.574
0.112158,-74306.3,0.7,-73852.61
0.109321,-25117.0,0.7,-55619.99
0.106384,-44119.2,0.7,-48403.695
0.1053,-53560.6,0.7,-58727.457
0.104257,-39623.9,0.7,-66635.984
0.104219,-37529.1,0.7,-66807.375
0.104146,-50904.7,0.7,-67110.97
0.104598,-49079.5,0.7,-64691.527
0.109584,-64129.7,0.7,-58486.273
0.110784,-45285.0,0.7,-71324.664
0.108413,-58392.9,0.7,-47469.312
0.105791,-48029.9,0.7,-53795.85
0.103619,-81444.6,0.7,-68354.11
0.103203,-86961.2,0.7,-68338.71
0.102787,-91735.9,0.7,-67704.914
0.103984,-70399.9,0.7,-67665.97
0.106272,-46688.2,0.7,-49311.984
0.10419,-45222.2,0.7,-66931.945
0.106631,-21244.2,0.7,-46655.766
0.108662,-46443.5,0.7,-49341.01
0.105249,-49704.2,0.7,-59224.312
0.110558,-69741.1,0.7,-69202.96
0.11196,-78322.4,0.7,-74932.22
0.10859,-23697.6,0.7,-48766.01
0.106622,-25841.9,0.7,-46712.676
0.107492,-15221.7,0.7,-44012.836
0.104987,-50033.0,0.7,-61651.223
0.104277,-55996.6,0.7,-66542.06
0.103186,-45048.1,0.7,-68323.34
0.103343,-37956.2,0.7,-68424.914
0.107512,-53707.5,0.7,-44021.074
0.106449,-55021.0,0.7,-47907.812
0.102133,-73085.1,0.7,-65974.1
0.102569,-56601.0,0.7,-67201.41
0.102997,-42846.5,0.7,-68087.44
0.103387,-38795.1,0.7,-68436.17
0.104175,-41490.6,0.7,-66994.35
0.101692,-84208.6,0.7,-64607.336
0.102389,-94903.6,0.7,-66722.8
0.102215,-92989.5,0.7,-66220.64
0.102222,-83080.5,0.7,-66241.445
0.103736,-64819.5,0.7,-68213.305
0.102636,-58895.5,0.7,-67366.09
0.102293,-47891.6,0.7,-66449.79
0.109676,-59097.3,0.7,-59515.336
0.104901,-31003.0,0.7,-62389.375
0.103571,-55592.9,0.7,-68391.64
0.102946,-46455.4,0.7,-68005.25
0.110591,-73185.0,0.7,-69529.09
0.105008,-43244.7,0.7,-61466.03
0.104027,-50339.3,0.7,-67534.37
0.106997,-32807.0,0.7,-44830.258
0.103388,-58421.7,0.7,-68436.33
0.102224,-43307.0,0.7,-66247.39
0.102,-38381.7,0.7,-65565.516
0.102612,-39183.1,0.7,-67307.89
0.102294,-49468.6,0.7,-66452.664
0.108016,-55236.7,0.7,-45245.957
0.108784,-38456.8,0.7,-50372.867
0.106784,-40966.4,0.7,-45773.746
0.104822,-48197.1,0.7,-63036.63
0.10125,-93084.7,0.7,-63336.434
0.10079,-105161.0,0.7,-62387.586
0.100329,-114544.0,0.7,-62079.83
0.102801,-72836.0,0.7,-67733.88
0.106873,-24678.8,0.7,-45337.957
0.104983,-14460.4,0.7,-61686.37
0.108654,-48923.1,0.7,-49275.883
0.103406,-51220.6,0.7,-68438.5
0.109422,-61549.0,0.7,-56704.605
0.106305,-20546.5,0.7,-49037.543
0.105468,-19152.7,0.7,-57055.223
0.104317,-37751.5,0.7,-66346.76
0.102987,-55373.5,0.7,-68071.945
0.102193,-54378.8,0.7,-66154.984
0.101922,-61750.7,0.7,-65322.816
0.101048,-44211.5,0.7,-62856.48
0.101298,-41119.8,0.7,-63462.094
0.105485,-45488.3,0.7,-56883.867
0.105771,-49168.3,0.7,-53995.57
0.104784,-36471.7,0.7,-63336.64
0.100526,-75386.2,0.7,-62118.543
0.0993735,-84998.6,0.7,-64059.22
0.100518,-60383.2,0.7,-62114.234
0.101465,-43099.7,0.7,-63926.785
0.10192,-38609.0,0.7,-65316.5
0.103297,-39116.2,0.7,-68404.82
0.0992533,-100209.0,0.7,-64543.0
0.100028,-110830.0,0.7,-62314.79
0.100763,-96329.8,0.7,-62349.637
0.10156,-74963.4,0.7,-64206.31
0.102209,-67891.9,0.7,-66202.85
0.100423,-49814.4,0.7,-62079.957
0.103099,-34949.4,0.7,-68228.98
0.10191,-46552.7,0.7,-65285.4
0.102025,-51531.5,0.7,-65642.92
0.101337,-40427.5,0.7,-63567.06
0.110265,-73077.1,0.7,-66131.16
0.103514,-50530.3,0.7,-68421.88
0.102083,-54455.2,0.7,-65821.62
0.104802,-33157.4,0.7,-63195.42
0.100332,-57763.8,0.7,-62079.26
0.100254,-38909.6,0.7,-62104.363
0.0998085,-41900.7,0.7,-62716.836
0.100722,-41235.7,0.7,-62296.195
0.100619,-50575.3,0.7,-62186.35
0.0987927,-119153.0,0.7,-66721.984
0.0983658,-132043.0,0.7,-68968.1
0.097939,-131008.0,0.7,-71114.44
0.100168,-82143.3,0.7,-62160.164
0.100639,-66025.5,0.7,-62204.918
0.100427,-44858.3,0.7,-62080.715
0.106117,-19477.6,0.7,-50668.35
0.102946,-18751.5,0.7,-68005.25
0.101624,-48531.2,0.7,-64399.266
0.101004,-44202.9,0.7,-62764.11
0.108256,-50732.6,0.7,-46469.973
0.107196,-33529.7,0.7,-44266.168
0.104619,-24878.4,0.7,-64548.457
0.103517,-34896.2,0.7,-68420.695
0.102458,-49913.3,0.7,-66911.97
0.101231,-60670.9,0.7,-63287.742
0.0998458,-63932.4,0.7,-62634.863
0.0989612,-36818.0,0.7,-65876.55
0.0992125,-37149.2,0.7,-64716.613
0.0992872,-41647.0,0.7,-64402.125
0.103761,-50767.0,0.7,-68173.82
0.103303,-46027.6,0.7,-68407.99
0.103412,-43324.5,0.7,-68438.914
0.0986632,-78554.9,0.7,-67395.24
0.0969317,-109344.0,0.7,-74343.36
0.100036,-46217.9,0.7,-62303.734
0.10054,-39794.6,0.7,-62126.758
0.101352,-31505.1,0.7,-63607.984
0.102784,-26157.6,0.7,-67698.695
0.0967955,-132696.0,0.7,-74510.9
0.0973765,-113959.0,0.7,-73329.32
0.0989875,-96646.8,0.7,-65748.86
0.0983908,-49692.7,0.7,-68836.32
0.0985061,-55084.9,0.7,-68225.8
0.104317,-9361.63,0.7,-66346.76
0.101308,-41367.6,0.7,-63488.824
0.100643,-48393.0,0.7,-62208.793
0.100562,-47313.9,0.7,-62141.195
0.100211,-51655.7,0.7,-62128.55
0.099675,-45525.6,0.7,-63054.86
0.109391,-65210.0,0.7,-56369.246
0.0996487,-62560.8,0.7,-63129.53
0.102747,-40728.9,0.7,-67619.85
0.098608,-47883.1,0.7,-67686.04
0.0980572,-58275.2,0.7,-70547.23
0.0985313,-34775.8,0.7,-68092.02
0.0978855,-36313.4,0.7,-71361.85
0.0988094,-42738.5,0.7,-66636.4
0.0965909,-88310.4,0.7,-74640.56
0.0976832,-73615.3,0.7,-72234.14
0.0985167,-59202.9,0.7,-68169.516
0.10005,-37354.4,0.7,-62285.21
0.0965416,-146160.0,0.7,-74651.01
0.0961401,-146746.0,0.7,-74470.58
0.0953224,-132632.0,0.7,-73226.05
0.0982552,-75197.0,0.7,-69546.086
0.104788,-20403.3,0.7,-63305.42
0.101104,-37376.2,0.7,-62980.875
0.102946,-17990.1,0.7,-68005.25
0.0997218,-54472.1,0.7,-62928.56
0.0995956,-50574.6,0.7,-63288.08
0.106289,-32798.4,0.7,-49169.8
0.107698,-48591.6,0.7,-44248.363
0.101314,-49076.5,0.7,-63504.89
0.100895,-54539.0,0.7,-62556.355
0.0978461,-55101.5,0.7,-71539.87
0.0978839,-63829.3,0.7,-71369.125
0.0971453,-40764.5,0.7,-73945.42
0.0969548,-41684.9,0.7,-74308.414
0.0972949,-38751.9,0.7,-73568.336
0.0979861,-37496.6,0.7,-70891.68
0.102307,-49151.7,0.7,-66490.13
0.101958,-49044.6,0.7,-65434.992
0.101254,-48269.5,0.7,-63346.766
0.101543,-38684.6,0.7,-64155.594
0.0966499,-80123.1,0.7,-74617.695
0.0949471,-144241.0,0.7,-72654.19
0.0949492,-119190.0,0.7,-72656.87
0.0990731,-47641.8,0.7,-65342.508
0.099665,-25827.3,0.7,-63082.977
0.100784,-21778.0,0.7,-62379.043
0.0946234,-157956.0,0.7,-72354.14
0.0972237,-94213.0,0.7,-73757.836
0.0955329,-105654.0,0.7,-73589.99
0.0967946,-59406.4,0.7,-74511.766
0.0965042,-66504.6,0.7,-74653.75
0.0994147,-53109.5,0.7,-63903.66
0.0988686,-55411.1,0.7,-66335.97
0.09927,-53348.9,0.7,-64473.285
0.0984394,-59042.0,0.7,-68579.31
0.0976759,-40721.7,0.7,-72263.625
0.0984924,-48499.8,0.7,-68298.43
0.108584,-60234.1,0.7,-48719.33
0.0989695,-57998.5,0.7,-65836.13
0.0961723,-51166.8,0.7,-74500.555
0.096097,-58090.8,0.7,-74426.93
0.0958264,-58171.2,0.7,-74073.49
0.0957111,-49555.5,0.7,-73891.52
0.0962805,-39030.7,0.7,-74583.04
0.0969088,-36124.8,0.7,-74376.195
0.0999247,-51173.6,0.7,-62479.86
0.0950336,-89819.0,0.7,-72770.125
0.0961804,-67205.3,0.7,-74507.71
0.0955607,-77147.1,0.7,-73637.984
0.0975213,-58315.6,0.7,-72849.5
0.0977532,-38259.2,0.7,-71944.414
0.0945322,-158494.0,0.7,-72316.93
0.0943336,-150842.0,0.7,-72323.445
0.0930616,-119605.0,0.7,-76014.125
0.0959566,-82238.9,0.7,-74258.84
0.0957989,-63340.0,0.7,-74031.305
0.102946,-35933.2,0.7,-68005.25
0.104484,-34996.0,0.7,-65422.0
0.101306,-43533.7,0.7,-63483.438
0.0994402,-54592.1,0.7,-63810.066
0.0978794,-58105.7,0.7,-71389.625
0.0981304,-52198.7,0.7,-70183.53
0.106439,-42603.1,0.7,-47982.42
0.0975173,-65786.2,0.7,-72863.65
0.0964239,-62050.5,0.7,-74644.94
0.0946829,-62644.5,0.7,-72390.695
0.0951023,-60259.6,0.7,-72870.24
0.0950522,-54394.8,0.7,-72796.555
0.100349,-47335.2,0.7,-62076.926
0.100411,-48963.0,0.7,-62078.035
0.099693,-51337.6,0.7,-63005.305
0.0999062,-35504.5,0.7,-62513.918
0.0930294,-166523.0,0.7,-76198.3
0.0930187,-154196.0,0.7,-76260.54
0.0933071,-121289.0,0.7,-74760.21
0.0987836,-21708.6,0.7,-66768.68
0.0926894,-168592.0,0.7,-78418.35
0.0929439,-143847.0,0.7,-76709.47
0.0939009,-95447.1,0.7,-72821.63
0.0950601,-72794.6,0.7,-72807.984
0.0944607,-80305.5,0.7,-72304.94
0.0976022,-55602.7,0.7,-72551.86
0.0971467,-54064.5,0.7,-73942.27
0.0975806,-53598.6,0.7,-72633.34
0.0968347,-54006.7,0.7,-74469.46
0.0958335,-39704.8,0.7,-74084.24
0.0968496,-41002.2,0.7,-74452.234
0.0965296,-63874.2,0.7,-74652.32
0.0940033,-65247.7,0.7,-72638.51
0.0938237,-68556.3,0.7,-72988.086
0.0947199,-57899.2,0.7,-72418.05
0.0942482,-66530.9,0.7,-72366.53
0.0935419,-81092.8,0.7,-73810.28
0.0949432,-51492.0,0.7,-72649.305
0.0940978,-61895.1,0.7,-72506.484
0.0980554,-59872.3,0.7,-70556.06
0.0935788,-87004.4,0.7,-73683.16
0.09593,-56096.1,0.7,-74223.016
0.0938502,-70794.0,0.7,-72928.234
0.0967836,-22924.4,0.7,-74522.32
0.0927295,-159683.0,0.7,-78130.74
0.0920801,-107955.0,0.7,-83604.945
0.0908473,-137272.0,0.7,-98521.93
0.0935793,-86496.7,0.7,-73681.45
0.101692,-47461.0,0.7,-64607.336
0.103121,-44002.5,0.7,-68255.08
0.104221,-43625.7,0.7,-66798.625
0.0997098,-50157.8,0.7,-62960.074
0.0977256,-51240.9,0.7,-72060.21
0.0955765,-44449.8,0.7,-73665.27
0.0961327,-42126.6,0.7,-74463.42
0.0972637,-59187.1,0.7,-73653.62
0.0956483,-63242.9,0.7,-73787.33
0.0934071,-64701.3,0.7,-74325.85
0.0926039,-93037.6,0.7,-79054.445
0.0931522,-78713.6,0.7,-75520.24
0.0988663,-55485.2,0.7,-66347.52
0.0980721,-45269.6,0.7,-70473.89
0.0940934,-62059.7,0.7,-72511.875
0.0908298,-178339.0,0.7,-98776.016
0.0910738,-175307.0,0.7,-95342.17
0.0913158,-157828.0,0.7,-92165.52
0.0917024,-118244.0,0.7,-87556.38
0.0955165,-33164.6,0.7,-73561.55
0.0905231,-171106.0,0.7,-103424.805
0.0907642,-155814.0,0.7,-99739.086
0.0925205,-97161.5,0.7,-79704.27
0.0907679,-121549.0,0.7,-99684.32
0.0930427,-90087.6,0.7,-76121.77
0.0937342,-86905.8,0.7,-73212.32
0.0957824,-43902.0,0.7,-74005.73
0.095254,-40563.3,0.7,-73111.11
0.0956325,-41320.6,0.7,-73760.7
0.093578,-71422.8,0.7,-73685.83
0.0946858,-47538.3,0.7,-72392.74
0.0945786,-61224.9,0.7,-72332.93
0.0947937,-63065.1,0.7,-72482.57
0.0919867,-84529.1,0.7,-84530.875
0.0924545,-81203.8,0.7,-80238.875
0.091674,-84853.8,0.7,-87875.63
0.0925432,-62632.3,0.7,-79524.5
0.0937628,-58362.8,0.7,-73137.0
0.0928315,-89696.0,0.7,-77429.836
0.0922161,-101401.0,0.7,-82317.65
0.0913515,-112065.0,0.7,-91715.95
0.0958011,-59802.9,0.7,-74034.83
0.0968785,-61409.7,0.7,-74416.695
0.0923394,-83289.1,0.7,-81213.9
0.0940032,-48918.5,0.7,-72638.76
0.0918906,-69924.2,0.7,-85518.836
0.0947836,-18955.1,0.7,-72472.89
0.0956915,-42884.9,0.7,-73859.37
0.0907355,-112755.0,0.7,-100165.766
0.0887106,-134446.0,0.7,-136346.42
0.0886891,-149772.0,0.7,-136737.16
0.0916915,-112301.0,0.7,-87678.57
0.09135,-109012.0,0.7,-91734.77
0.100407,-47213.5,0.7,-62077.47
0.102027,-45936.1,0.7,-65649.23
0.0975723,-44551.1,0.7,-72664.36
0.0957458,-40977.0,0.7,-73947.67
0.0937342,-43165.2,0.7,-73212.32
0.0939469,-50920.3,0.7,-72734.11
0.0937342,-43950.3,0.7,-73212.32
0.091475,-78692.9,0.7,-90198.45
0.090792,-110785.0,0.7,-99328.836
0.090552,-119168.0,0.7,-102970.94
0.092271,-59415.0,0.7,-81818.74
0.0886281,-182723.0,0.7,-137835.03
0.0891053,-187025.0,0.7,-128933.234
0.0892752,-180162.0,0.7,-125675.99
0.089378,-157749.0,0.7,-123707.375
0.0904804,-107912.0,0.7,-104101.375
0.0938453,-30074.4,0.7,-72939.055
0.0888523,-167395.0,0.7,-133729.16
0.0910411,-107818.0,0.7,-95788.8
0.0885424,-126856.0,0.7,-139347.11
0.0916313,-119071.0,0.7,-88361.3
0.0989535,-46009.7,0.7,-65914.24
0.102294,-48183.9,0.7,-66452.664
0.0938657,-46270.6,0.7,-72894.48
0.0937342,-47281.3,0.7,-73212.32
0.0934648,-47713.2,0.7,-74095.31
0.0913225,-114938.0,0.7,-92080.8
0.0922256,-92960.8,0.7,-82230.42
0.0933468,-56838.1,0.7,-74582.42
0.0931543,-58306.0,0.7,-75509.3
0.0902101,-107217.0,0.7,-108546.9
0.0897548,-106843.0,0.7,-116617.25
0.0896052,-100322.0,0.7,-119399.805
0.0901642,-81253.1,0.7,-109328.78
0.09173,-59824.7,0.7,-87249.22
0.0907533,-123124.0,0.7,-99900.83
0.0902043,-128588.0,0.7,-108645.09
0.0893863,-133539.0,0.7,-123548.81
0.0945699,-54127.7,0.7,-72329.445
0.092044,-43490.4,0.7,-83958.84
0.0902417,-60161.5,0.7,-108012.805
0.0927836,-22857.9,0.7,-77753.39
0.0934215,-39483.9,0.7,-74267.0
0.0888234,-123078.0,0.7,-134268.38
0.0867086,-137863.0,0.7,-153544.52
0.0867783,-147339.0,0.7,-153848.23
0.0869027,-161350.0,0.7,-154217.61
0.0893853,-132975.0,0.7,-123568.016
0.0896586,-139674.0,0.7,-118400.664
0.0891043,-125869.0,0.7,-128952.35
0.100427,-47866.0,0.7,-62080.715
0.0991604,-48221.7,0.7,-64944.93
0.0975916,-47119.1,0.7,-72592.04
0.0956736,-49924.0,0.7,-73829.63
0.0938144,-60377.6,0.7,-73009.79
0.091826,-77326.9,0.7,-86203.07
0.0920663,-71932.5,0.7,-83739.64
0.0921628,-86015.0,0.7,-82813.48
0.0920174,-76717.1,0.7,-84222.82
0.0920783,-56152.6,0.7,-83622.44
0.0889147,-134083.0,0.7,-132557.67
0.0884762,-131941.0,0.7,-140488.03
0.0897789,-86166.2,0.7,-116174.16
0.090663,-54926.0,0.7,-101258.11
0.0870061,-194223.0,0.7,-154351.11
0.0873153,-177145.0,0.7,-153790.61
0.0873848,-193667.0,0.7,-153467.7
0.0873011,-185470.0,0.7,-153847.83
0.0880055,-136931.0,0.7,-147664.52
0.0866292,-134866.0,0.7,-153116.9
0.0918918,-82453.1,0.7,-85506.43
0.0920453,-81392.8,0.7,-83945.97
0.089331,-142723.0,0.7,-124606.625
0.0899002,-135736.0,0.7,-113968.56
0.0905689,-122768.0,0.7,-102707.02
0.0909772,-53684.2,0.7,-96673.66
0.0923385,-54560.1,0.7,-81221.81
0.0908729,-56733.5,0.7,-98152.31
0.0880018,-128710.0,0.7,-147712.92
0.0873377,-125837.0,0.7,-153694.36
0.0880258,-108054.0,0.7,-147396.03
0.0900555,-68519.5,0.7,-111210.68
0.0887617,-144852.0,0.7,-135410.5
0.0881925,-147270.0,0.7,-145038.55
0.0875826,-148862.0,0.7,-152167.45
0.0898578,-41731.0,0.7,-114734.52
0.0882764,-84206.4,0.7,-143757.03
0.0889007,-52951.5,0.7,-132821.34
0.0864255,-188142.0,0.7,-151649.42
0.0870797,-172604.0,0.7,-154348.36
0.0907836,-27340.4,0.7,-99452.52
0.0915611,-43110.8,0.7,-89174.945
0.0868294,-138381.0,0.7,-154027.14
0.0848212,-149381.0,0.7,-135965.67
0.0846492,-144342.0,0.7,-136097.9
0.084972,-160965.0,0.7,-136433.27
0.0855691,-176430.0,0.7,-141904.47
0.0876813,-154072.0,0.7,-151316.22
0.0871705,-147093.0,0.7,-154232.5
0.0983908,-49151.2,0.7,-68836.32
0.0957989,-59483.1,0.7,-74031.305
0.0937342,-78164.2,0.7,-73212.32
0.0916313,-101830.0,0.7,-88361.3
0.0905077,-109501.0,0.7,-103668.055
0.090503,-102960.0,0.7,-103742.46
0.0906601,-101697.0,0.7,-101302.41
0.0904562,-120173.0,0.7,-104487.914
0.09051,-114337.0,0.7,-103631.63
0.08954,-56689.4,0.7,-120627.61
0.0884862,-87101.3,0.7,-140317.3
0.0870134,-149015.0,0.7,-154354.56
0.0864441,-147517.0,0.7,-151804.17
0.0850413,-197514.0,0.7,-136806.75
0.0854083,-202191.0,0.7,-140042.39
0.0854348,-199714.0,0.7,-140336.64
0.0854429,-189423.0,0.7,-140427.78
0.0856116,-167771.0,0.7,-142420.83
0.0845306,-148410.0,0.7,-136657.98
0.0880036,-160740.0,0.7,-147689.27
0.089696,-121259.0,0.7,-117704.62
0.090358,-109683.0,0.7,-106080.05
0.0879087,-158155.0,0.7,-148883.19
0.0873394,-159767.0,0.7,-153686.73
0.0887581,-148938.0,0.7,-135476.73
0.0888384,-51907.2,0.7,-133988.73
0.0903385,-52388.2,0.7,-106400.42
0.0892478,-67641.3,0.7,-126201.45
0.0858749,-143860.0,0.7,-145695.33
0.0859434,-126989.0,0.7,-146537.16
0.0865773,-107566.0,0.7,-152792.11
0.0867701,-159406.0,0.7,-153816.1
0.0861603,-161074.0,0.7,-149059.56
0.0855505,-161335.0,0.7,-141681.0
0.0859645,-127560.0,0.7,-146793.17
0.0887836,-27650.0,0.7,-135006.42
0.087743,-38514.0,0.7,-150719.23
0.0868196,-71083.4,0.7,-153995.73
0.0847285,-189135.0,0.7,-135941.89
0.089457,-42636.3,0.7,-122201.125
0.084737,-158552.0,0.7,-135934.95
0.0828226,-153469.0,0.7,-184082.34
0.0829936,-162498.0,0.7,-178368.16
0.082473,-155571.0,0.7,-192512.42
0.0831302,-179874.0,0.7,-173394.5
0.0860242,-172056.0,0.7,-147507.39
0.0852854,-167010.0,0.7,-138764.69
0.0935793,-89970.8,0.7,-73681.45
0.0916915,-112610.0,0.7,-87678.57
0.0896586,-133496.0,0.7,-118400.664
0.0891283,-132160.0,0.7,-128492.805
0.0890543,-136968.0,0.7,-129907.95
0.0891434,-125131.0,0.7,-128203.664
0.08913,-128581.0,0.7,-128460.23
0.0888775,-143536.0,0.7,-133257.19
0.0872469,-68162.5,0.7,-154038.47
0.0878259,-78654.9,0.7,-149841.78
0.0849475,-141701.0,0.7,-136324.03
0.0849813,-161998.0,0.7,-136478.03
0.0842256,-160867.0,0.7,-140069.02
0.0832555,-196673.0,0.7,-168688.53
0.0834236,-206091.0,0.7,-162405.12
0.0836384,-208769.0,0.7,-154851.02
0.0836503,-204014.0,0.7,-154457.36
0.0837124,-190082.0,0.7,-152455.53
0.0837426,-165212.0,0.7,-151515.22
0.0818658,-169392.0,0.7,-190602.45
0.0950601,-75795.1,0.7,-72807.984
0.0880036,-146139.0,0.7,-147689.27
0.0877591,-143400.0,0.7,-150555.55
0.0859171,-171802.0,0.7,-146215.66
0.0869012,-167977.0,0.7,-154214.44
0.0853478,-170909.0,0.7,-139394.03
0.0869831,-166231.0,0.7,-154335.23
0.0881303,-50483.4,0.7,-145949.1
0.0864859,-61153.0,0.7,-152137.22
0.08347,-156709.0,0.7,-160712.75
0.0838893,-138772.0,0.7,-147292.8
0.0848343,-126111.0,0.7,-135985.84
0.0862387,-92426.1,0.7,-149893.19
0.0847791,-170763.0,0.7,-135928.42
0.0842243,-171704.0,0.7,-140089.84
0.0833047,-173680.0,0.7,-166834.78
0.0847491,-97055.3,0.7,-135928.62
0.0867836,-27837.8,0.7,-153868.56
0.0873529,-42880.5,0.7,-153624.83
0.0856555,-44465.1,0.7,-142960.95
0.0836415,-139425.0,0.7,-154748.38
0.0829906,-177228.0,0.7,-178474.22
0.0809867,-164318.0,0.7,-152052.84
0.0807219,-161096.0,0.7,-138302.17
0.0812645,-176122.0,0.7,-166900.58
0.0802694,-168844.0,0.7,-121167.9
0.0837652,-182312.0,0.7,-150826.66
0.0930427,-101918.0,0.7,-76121.77
0.09135,-120400.0,0.7,-91734.77
0.0893853,-141119.0,0.7,-123568.016
0.0876813,-155233.0,0.7,-151316.22
0.0878346,-150909.0,0.7,-149744.92
0.087721,-149934.0,0.7,-150937.72
0.0874184,-158776.0,0.7,-153286.3
0.0877465,-146349.0,0.7,-150683.9
0.0848551,-89191.3,0.7,-136026.45
0.0826083,-152493.0,0.7,-189899.86
0.0846883,-113322.0,0.7,-135999.84
0.0829107,-174237.0,0.7,-181229.83
0.0819936,-173043.0,0.7,-193016.44
0.081492,-206319.0,0.7,-177843.92
0.0813843,-192966.0,0.7,-172882.45
0.081735,-214354.0,0.7,-187045.02
0.0819376,-214641.0,0.7,-192091.48
0.0819642,-206496.0,0.7,-192556.95
0.0818629,-189890.0,0.7,-190534.94
0.0815941,-163506.0,0.7,-182083.11
0.0803069,-187221.0,0.7,-122131.375
0.0791842,-182149.0,0.7,-136956.83
0.0841823,-187397.0,0.7,-140795.27
0.0860242,-164577.0,0.7,-147507.39
0.0861255,-159804.0,0.7,-148674.42
0.0861679,-161283.0,0.7,-149142.67
0.0839255,-181775.0,0.7,-146345.16
0.0849389,-179992.0,0.7,-136288.53
0.0831125,-181064.0,0.7,-174051.88
0.0855517,-176536.0,0.7,-141695.34
0.0859221,-58034.5,0.7,-146277.0
0.0841053,-74716.9,0.7,-142237.73
0.0808014,-168479.0,0.7,-142267.67
0.0818272,-147849.0,0.7,-189663.81
0.0830108,-132347.0,0.7,-177757.05
0.0831635,-177890.0,0.7,-172150.88
0.0823582,-180474.0,0.7,-193948.42
0.0817432,-181175.0,0.7,-187298.62
0.0821572,-118774.0,0.7,-194515.9
0.0836555,-59723.1,0.7,-154286.64
0.0847836,-31015.6,0.7,-135930.28
0.0855362,-49639.4,0.7,-141510.45
0.0814316,-191967.0,0.7,-175117.52
0.0793572,-175453.0,0.7,-129421.65
0.0790794,-167942.0,0.7,-142078.16
0.0786999,-170668.0,0.7,-162314.12
0.079635,-188696.0,0.7,-120654.01
0.0780836,-178859.0,0.7,-191474.89
0.0821403,-195470.0,0.7,-194444.0
0.0910411,-126575.0,0.7,-95788.8
0.0891043,-144889.0,0.7,-128952.35
0.0871705,-161461.0,0.7,-154232.5
0.0852854,-173945.0,0.7,-138764.69
0.0862098,-167942.0,0.7,-149591.8
0.0862479,-164438.0,0.7,-149987.69
0.0826468,-98036.2,0.7,-188993.3
0.0804278,-161135.0,0.7,-125866.81
0.0830005,-116657.0,0.7,-178123.67
0.0810234,-184594.0,0.7,-154037.05
0.0813082,-184622.0,0.7,-169129.17
0.079337,-186253.0,0.7,-130230.98
0.0796438,-217594.0,0.7,-120456.58
0.0795286,-204084.0,0.7,-123452.07
0.0806026,-220007.0,0.7,-132769.36
0.0805484,-217598.0,0.7,-130459.16
0.0802392,-207020.0,0.7,-120462.5
0.0802906,-190367.0,0.7,-121700.914
0.0803249,-145734.0,0.7,-122627.83
0.0780147,-196128.0,0.7,-193928.39
0.0790388,-200560.0,0.7,-144147.55
0.0765938,-192420.0,0.7,-203100.3
0.0823051,-200820.0,0.7,-194347.38
0.0925205,-110595.0,0.7,-79704.27
0.0841823,-173915.0,0.7,-140795.27
0.0837652,-179828.0,0.7,-150826.66
0.0842571,-174979.0,0.7,-139579.06
0.0849637,-173311.0,0.7,-136394.73
0.0816631,-190735.0,0.7,-184651.0
0.0824897,-191659.0,0.7,-192241.31
0.0833298,-189892.0,0.7,-165891.77
0.0813435,-187336.0,0.7,-170892.33
0.0841564,-185016.0,0.7,-141258.92
0.0843456,-67665.5,0.7,-138374.55
0.0818434,-87748.7,0.7,-190069.11
0.0793209,-170020.0,0.7,-130890.695
0.079673,-155371.0,0.7,-119840.36
0.0808541,-142523.0,0.7,-144989.81
0.081639,-131669.0,0.7,-183782.77
0.0803557,-191477.0,0.7,-123526.7
0.0800718,-190737.0,0.7,-117750.34
0.0786646,-178938.0,0.7,-164215.88
0.0846601,-178693.0,0.7,-136066.31
0.0818732,-67876.1,0.7,-190771.22
0.0827836,-38338.9,0.7,-185270.05
0.0837063,-59457.9,0.7,-152648.16
0.0794892,-173555.0,0.7,-124672.45
0.0799862,-100210.0,0.7,-117177.37
0.0800222,-203454.0,0.7,-117349.89
0.0777277,-187034.0,0.7,-201912.47
0.0774499,-176443.0,0.7,-206210.34
0.077179,-174337.0,0.7,-207480.31
0.0766551,-181492.0,0.7,-203881.66
0.0776578,-201457.0,0.7,-203303.92
0.0805841,-207126.0,0.7,-131965.05
0.0888234,-147981.0,0.7,-134268.38
0.0907355,-129690.0,0.7,-100165.766
0.0868294,-163615.0,0.7,-154027.14
0.084737,-178074.0,0.7,-135934.95
0.0829906,-188374.0,0.7,-178474.22
0.0812249,-191046.0,0.7,-164841.17
0.0826383,-78543.1,0.7,-189199.17
0.0811542,-119446.0,0.7,-161095.45
0.0808991,-103457.0,0.7,-147358.94
0.0784539,-167237.0,0.7,-175188.84
0.0787463,-197070.0,0.7,-159800.47
0.0794458,-195353.0,0.7,-126125.65
0.0773788,-190611.0,0.7,-206802.84
0.0826113,-191579.0,0.7,-189831.48
0.081921,-196411.0,0.7,-191777.11
0.0791073,-223701.0,0.7,-140681.67
0.0772069,-216908.0,0.7,-207467.61
0.078897,-219741.0,0.7,-151631.73
0.0784848,-202392.0,0.7,-173634.78
0.0786938,-146940.0,0.7,-162643.58
0.0767675,-208153.0,0.7,-205159.19
0.0762166,-204210.0,0.7,-197410.38
0.0776901,-211423.0,0.7,-202687.62
0.0743029,-195731.0,0.7,-177011.78
0.0808329,-211143.0,0.7,-143887.03
0.0821403,-185042.0,0.7,-194444.0
0.0823051,-184189.0,0.7,-194347.38
0.0814316,-192652.0,0.7,-175117.52
0.0833549,-184090.0,0.7,-164952.31
0.0802408,-199392.0,0.7,-120498.37
0.0797066,-198979.0,0.7,-119205.66
0.0810809,-199456.0,0.7,-157149.84
0.0797,-197536.0,0.7,-119323.98
0.0808094,-89080.6,0.7,-142676.58
0.0800444,-98277.2,0.7,-117506.164
0.0774727,-176715.0,0.7,-205978.58
0.0775503,-161139.0,0.7,-205032.02
0.0791996,-148289.0,0.7,-136235.5
0.0801015,-135810.0,0.7,-118079.47
0.0770462,-199984.0,0.7,-207212.92
0.0788839,-198970.0,0.7,-152337.39
0.0787949,-199245.0,0.7,-157160.47
0.0781004,-201623.0,0.7,-190846.73
0.0763368,-187459.0,0.7,-199345.66
0.0805122,-201430.0,0.7,-128997.03
0.0807836,-48280.8,0.7,-141364.12
0.0818249,-69432.5,0.7,-189604.81
0.0775844,-224945.0,0.7,-204537.16
0.0775472,-176776.0,0.7,-205074.28
0.077867,-106203.0,0.7,-198493.69
0.0786128,-213562.0,0.7,-166982.92
0.0745471,-207099.0,0.7,-177193.75
0.0758204,-186503.0,0.7,-190820.42
0.0757251,-199077.0,0.7,-189278.73
0.0755426,-179773.0,0.7,-186466.16
0.0750715,-183524.0,0.7,-180546.38
0.0753604,-213047.0,0.7,-183910.45
0.0791443,-217106.0,0.7,-138865.23
0.0866292,-164581.0,0.7,-153116.9
0.0845306,-178948.0,0.7,-136657.98
0.0818658,-194827.0,0.7,-190602.45
0.0824202,-187115.0,0.7,-193267.16
0.0803069,-202668.0,0.7,-122131.375
0.0792831,-119387.0,0.7,-132487.3
0.0762654,-174101.0,0.7,-198205.16
0.0766021,-208038.0,0.7,-203209.25
0.0776073,-203822.0,0.7,-204177.14
0.0752657,-200197.0,0.7,-182706.2
0.078016,-205995.0,0.7,-193884.05
0.0796586,-205535.0,0.7,-120136.8
0.0813507,-195285.0,0.7,-171247.67
0.0787836,-57029.0,0.7,-157774.39
0.0773679,-228852.0,0.7,-206876.39
0.0760937,-224737.0,0.7,-195372.73
0.0768945,-221291.0,0.7,-206316.34
0.0763668,-202222.0,0.7,-199814.98
0.0771315,-147500.0,0.7,-207445.28
0.0754652,-218112.0,0.7,-185345.23
0.0749746,-213642.0,0.7,-179640.89
0.0763879,-220549.0,0.7,-200141.31
0.0749348,-223754.0,0.7,-179304.45
0.0731629,-192399.0,0.7,-186452.86
0.0724398,-212295.0,0.7,-195045.08
0.0792487,-220379.0,0.7,-133996.5
0.0800222,-195244.0,0.7,-117349.89
0.0805841,-192203.0,0.7,-131965.05
0.0808329,-194284.0,0.7,-143887.03
0.0790388,-204771.0,0.7,-144147.55
0.0787915,-207575.0,0.7,-157345.11
0.0779514,-208292.0,0.7,-196002.66
0.0775359,-205122.0,0.7,-205226.06
0.0789228,-96877.5,0.7,-150247.61
0.0799085,-79928.7,0.7,-117144.7
0.0782484,-111733.0,0.7,-184824.64
0.0755323,-182860.0,0.7,-186314.08
0.0752441,-169088.0,0.7,-182444.58
0.0777309,-151048.0,0.7,-201843.64
0.0785191,-139741.0,0.7,-171883.86
0.0752355,-211119.0,0.7,-182341.97
0.0771778,-205394.0,0.7,-207480.25
0.0761499,-210596.0,0.7,-196309.52
0.0743118,-192165.0,0.7,-177002.45
0.0782363,-210290.0,0.7,-185347.98
0.0792487,-204752.0,0.7,-133996.5
0.0760164,-230287.0,0.7,-194078.45
0.0755992,-168417.0,0.7,-187315.02
0.0767836,-63380.3,0.7,-205324.14
0.0760705,-111942.0,0.7,-194984.64
0.0774062,-221831.0,0.7,-206597.48
0.0730039,-218418.0,0.7,-188526.88
0.0739619,-197241.0,0.7,-178245.9
0.0739131,-186947.0,0.7,-178556.7
0.0740402,-207778.0,0.7,-177814.73
0.0735329,-185609.0,0.7,-181959.16
0.0729072,-220088.0,0.7,-189778.66
0.0714503,-205202.0,0.7,-195209.0
0.0778742,-224226.0,0.7,-198293.6
0.0846492,-176832.0,0.7,-136097.9
0.082473,-191411.0,0.7,-192512.42
0.0791842,-209524.0,0.7,-136956.83
0.0780147,-214859.0,0.7,-193928.39
0.0768432,-206530.0,0.7,-205889.3
0.0791067,-96638.9,0.7,-140711.61
0.0778833,-127823.0,0.7,-198037.27
0.0739345,-181796.0,0.7,-178416.64
0.0763108,-157070.0,0.7,-198933.69
0.0749145,-216094.0,0.7,-179141.2
0.0752682,-213227.0,0.7,-182736.75
0.0732298,-214472.0,0.7,-185591.17
0.073321,-204147.0,0.7,-184442.16
0.0745099,-217185.0,0.7,-177107.44
0.0752405,-211984.0,0.7,-182401.58
0.0765692,-211627.0,0.7,-202772.14
0.076552,-209938.0,0.7,-202538.11
0.077423,-213595.0,0.7,-206457.39
0.0778119,-91806.1,0.7,-199949.14
0.0755367,-232391.0,0.7,-186378.95
0.0748203,-228687.0,0.7,-178456.73
0.0749317,-221544.0,0.7,-179279.17
0.0741493,-203960.0,0.7,-177358.52
0.073505,-223279.0,0.7,-182267.12
0.074163,-227626.0,0.7,-177313.19
0.0753848,-228207.0,0.7,-184235.53
0.0732202,-229944.0,0.7,-185713.98
0.071346,-194076.0,0.7,-194060.75
0.0703239,-218568.0,0.7,-174311.19
0.0714681,-220946.0,0.7,-195382.78
0.0771568,-228754.0,0.7,-207472.56
0.0867086,-160750.0,0.7,-153544.52
0.0802694,-204580.0,0.7,-121167.9
0.0776901,-205594.0,0.7,-202687.62
0.0786128,-200235.0,0.7,-166982.92
0.0791443,-201388.0,0.7,-138865.23
0.0767675,-216254.0,0.7,-205159.19
0.0765021,-216096.0,0.7,-201838.86
0.0754617,-211802.0,0.7,-185295.77
0.0772138,-106209.0,0.7,-207460.67
0.0776294,-100429.0,0.7,-203808.53
0.0766165,-127515.0,0.7,-203395.86
0.0729226,-173321.0,0.7,-189580.83
0.0743878,-161693.0,0.7,-176972.48
0.0770747,-143832.0,0.7,-207313.95
0.0736693,-219533.0,0.7,-180556.27
0.072023,-196170.0,0.7,-197429.6
0.0731334,-221737.0,0.7,-186835.95
0.0736483,-218261.0,0.7,-180760.4
0.0752839,-217431.0,0.7,-182930.34
0.0771568,-213535.0,0.7,-207472.56
0.0760545,-217688.0,0.7,-194716.75
0.0741916,-234657.0,0.7,-177227.94
0.0729,-173102.0,0.7,-189870.72
0.0741041,-120851.0,0.7,-177526.78
0.0747836,-68960.6,0.7,-178223.81
0.0753282,-99685.2,0.7,-183490.84
0.0762688,-229451.0,0.7,-198260.03
0.0717131,-226166.0,0.7,-197089.83
0.0722462,-207985.0,0.7,-196509.97
0.0722836,-195759.0,0.7,-196271.36
0.0721615,-189192.0,0.7,-196964.3
0.0711628,-228983.0,0.7,-191525.75
0.0697059,-204424.0,0.7,-162294.75
0.0689943,-214631.0,0.7,-159090.83
0.0848212,-170557.0,0.7,-135965.67
0.0828226,-185529.0,0.7,-184082.34
0.0807219,-199920.0,0.7,-138302.17
0.0765938,-222131.0,0.7,-203100.3
0.0780836,-215494.0,0.7,-191474.89
0.0762166,-223225.0,0.7,-197410.38
0.0713215,-184765.0,0.7,-193759.03
0.0756303,-147649.0,0.7,-187790.86
0.0731754,-222668.0,0.7,-186290.98
0.0715953,-216356.0,0.7,-196428.97
0.071763,-224846.0,0.7,-197280.05
0.0714292,-207647.0,0.7,-194994.84
0.0735173,-217573.0,0.7,-182130.48
0.0751774,-214917.0,0.7,-181669.56
0.0751874,-221820.0,0.7,-181782.75
0.0778742,-208893.0,0.7,-198293.6
0.0734965,-233745.0,0.7,-182362.14
0.0725715,-222213.0,0.7,-193760.62
0.0720643,-205539.0,0.7,-197328.39
0.0764091,-105833.0,0.7,-200465.48
0.0718497,-231986.0,0.7,-197484.95
0.0734609,-235813.0,0.7,-182766.62
0.0744352,-236229.0,0.7,-176998.03
0.0706088,-218946.0,0.7,-180744.88
0.0717985,-236275.0,0.7,-197383.2
0.068916,-198076.0,0.7,-159727.0
0.07039,-192677.0,0.7,-175805.81
0.0699986,-226699.0,0.7,-167348.56
0.0685236,-225089.0,0.7,-166030.9
0.0752373,-236121.0,0.7,-182363.42
0.0786999,-212425.0,0.7,-162314.12
0.0754652,-215732.0,0.7,-185345.23
0.0763879,-208865.0,0.7,-200141.31
0.0774062,-207498.0,0.7,-206597.48
0.0749746,-225341.0,0.7,-179640.89
0.074041,-224272.0,0.7,-177810.94
0.0760026,-105041.0,0.7,-193847.2
0.075526,-117819.0,0.7,-186221.56
0.0724127,-164308.0,0.7,-195282.6
0.0708338,-175365.0,0.7,-185561.8
0.0739292,-150049.0,0.7,-178450.56
0.0698156,-206078.0,0.7,-164001.67
0.0735824,-218428.0,0.7,-181429.58
0.0716111,-224775.0,0.7,-196535.08
0.0710624,-229573.0,0.7,-189879.8
0.07381,-219779.0,0.7,-179315.2
0.0752373,-220458.0,0.7,-182363.42
0.0762688,-214708.0,0.7,-198260.03
0.0736933,-226383.0,0.7,-180328.78
0.0708485,-187390.0,0.7,-185860.0
0.0722928,-124314.0,0.7,-196209.28
0.0727836,-70049.3,0.7,-191331.17
0.0735065,-94872.7,0.7,-182250.4
0.07485,-109237.0,0.7,-178659.38
0.0722284,-235782.0,0.7,-196615.66
0.0703428,-232056.0,0.7,-174737.39
0.0705123,-205873.0,0.7,-178579.34
0.0705481,-195486.0,0.7,-179386.83
0.0695884,-234904.0,0.7,-160767.02
0.0690124,-226896.0,0.7,-158973.62
0.0675465,-208782.0,0.7,-198374.39
0.0663107,-222724.0,0.7,-227320.0
0.0829936,-177650.0,0.7,-178368.16
0.0809867,-192280.0,0.7,-152052.84
0.0790794,-206383.0,0.7,-142078.16
0.0745471,-230881.0,0.7,-177193.75
0.0766551,-222789.0,0.7,-203881.66
0.0728195,-224735.0,0.7,-190887.84
0.0750452,-136066.0,0.7,-180288.84
0.0699762,-196162.0,0.7,-166910.08
0.068735,-186279.0,0.7,-161999.11
0.0699278,-225997.0,0.7,-165988.39
0.069901,-216226.0,0.7,-165493.97
0.071768,-223134.0,0.7,-197295.89
0.0721896,-223783.0,0.7,-196827.23
0.0698939,-231745.0,0.7,-165365.11
0.0727093,-230097.0,0.7,-192223.16
0.0744352,-222012.0,0.7,-176998.03
0.0753848,-214975.0,0.7,-184235.53
0.0734609,-223568.0,0.7,-182766.62
0.0711913,-234209.0,0.7,-191961.23
0.0699373,-218489.0,0.7,-166166.53
0.0712422,-159591.0,0.7,-192702.38
0.0731916,-114352.0,0.7,-186081.62
0.0704827,-240237.0,0.7,-177909.39
0.0728762,-242263.0,0.7,-190174.48
0.0713388,-244335.0,0.7,-193973.39
0.069667,-237739.0,0.7,-161752.47
0.0733834,-242781.0,0.7,-183679.44
0.0685929,-215583.0,0.7,-164551.19
0.0699858,-238543.0,0.7,-167097.2
0.0663841,-203104.0,0.7,-227360.2
0.0688917,-196095.0,0.7,-159967.1
0.0683746,-234194.0,0.7,-169703.61
0.0666434,-231793.0,0.7,-225209.16
0.084972,-163488.0,0.7,-136433.27
0.077179,-218497.0,0.7,-207480.31
0.0743029,-233862.0,0.7,-177011.78
0.073505,-225761.0,0.7,-182267.12
0.074163,-217988.0,0.7,-177313.19
0.0730039,-234568.0,0.7,-188526.88
0.0717436,-230503.0,0.7,-197212.25
0.0743871,-111858.0,0.7,-176972.17
0.0737144,-130914.0,0.7,-180134.12
0.0704758,-164015.0,0.7,-177752.88
0.0721181,-149888.0,0.7,-197148.3
0.0691354,-173560.0,0.7,-158471.17
0.0679082,-204378.0,0.7,-184721.69
0.0676559,-214948.0,0.7,-194195.27
0.0696232,-229026.0,0.7,-161184.53
0.070149,-228616.0,0.7,-170452.69
0.0690036,-233380.0,0.7,-159029.2
0.068606,-236321.0,0.7,-164288.27
0.0733834,-227605.0,0.7,-183679.44
0.0711811,-234504.0,0.7,-191807.08
0.0728762,-228838.0,0.7,-190174.48
0.0696928,-164631.0,0.7,-162108.22
0.0685844,-188712.0,0.7,-164724.45
0.0701057,-122932.0,0.7,-169533.42
0.0707836,-71072.6,0.7,-184526.2
0.0717532,-99299.4,0.7,-197246.58
0.0728464,-112226.0,0.7,-190551.36
0.0687941,-203344.0,0.7,-161134.81
0.0683049,-237184.0,0.7,-171636.8
0.0675899,-233108.0,0.7,-196718.12
0.0666137,-223200.0,0.7,-225626.27
0.0648051,-213843.0,0.7,-171995.55
0.0674447,-197626.0,0.7,-202224.7
0.0646524,-233185.0,0.7,-165705.31
0.0812645,-183403.0,0.7,-166900.58
0.0831302,-170822.0,0.7,-173394.5
0.0793572,-197057.0,0.7,-129421.65
0.0774499,-211236.0,0.7,-206210.34
0.0724398,-240696.0,0.7,-195045.08
0.0750715,-230041.0,0.7,-180546.38
0.0708617,-229577.0,0.7,-186125.72
0.06807,-197364.0,0.7,-179018.2
0.0672648,-176895.0,0.7,-208776.7
0.0683107,-233240.0,0.7,-171471.06
0.0681917,-225155.0,0.7,-175039.17
0.0679648,-233072.0,0.7,-182680.72
0.0686513,-234464.0,0.7,-163422.47
0.0703814,-236807.0,0.7,-175610.9
0.0717861,-232409.0,0.7,-197350.14
0.0713388,-232713.0,0.7,-193973.39
0.0722284,-225877.0,0.7,-196615.66
0.0715508,-234031.0,0.7,-196102.05
0.0693584,-235281.0,0.7,-158827.9
0.0675494,-211516.0,0.7,-198263.77
0.0708654,-116943.0,0.7,-186199.84
0.0693967,-249181.0,0.7,-159045.97
0.0684349,-244979.0,0.7,-168139.31
0.0715508,-248703.0,0.7,-196102.05
0.0673091,-241815.0,0.7,-207205.03
0.0667056,-210755.0,0.7,-224203.33
0.0633452,-224721.0,0.7,-185485.58
0.0636427,-207085.0,0.7,-171191.95
0.0656316,-200260.0,0.7,-212389.31
0.067139,-200631.0,0.7,-213036.86
0.0658489,-238713.0,0.7,-219957.38
0.0755426,-223882.0,0.7,-186466.16
0.0714503,-247079.0,0.7,-195209.0
0.0731629,-239289.0,0.7,-186452.86
0.0718497,-228512.0,0.7,-197484.95
0.0717131,-235948.0,0.7,-197089.83
0.0714681,-242033.0,0.7,-195382.78
0.0695163,-235796.0,0.7,-160000.98
0.0728388,-117969.0,0.7,-190646.67
0.0668021,-194368.0,0.7,-222307.92
0.070081,-145536.0,0.7,-169017.38
0.0684063,-159451.0,0.7,-168868.58
0.0716733,-130695.0,0.7,-196899.77
0.0666674,-187214.0,0.7,-224841.89
0.0660096,-207760.0,0.7,-223919.47
0.0667572,-201252.0,0.7,-223238.64
0.066489,-224846.0,0.7,-226906.6
0.0672428,-235053.0,0.7,-209544.78
0.0667891,-239656.0,0.7,-222585.5
0.0666081,-239800.0,0.7,-225700.44
0.0665472,-233091.0,0.7,-226406.16
0.0687329,-242573.0,0.7,-162031.98
0.0697836,-239261.0,0.7,-163478.28
0.0674102,-229959.0,0.7,-203511.75
0.0678392,-137084.0,0.7,-187262.23
0.0665599,-190310.0,0.7,-226274.08
0.0687836,-75541.5,0.7,-161279.75
0.0696678,-106595.0,0.7,-161763.27
0.0712247,-117266.0,0.7,-192452.86
0.0701362,-252400.0,0.7,-170179.14
0.0717861,-248450.0,0.7,-197350.14
0.0658969,-235694.0,0.7,-221293.52
0.0655389,-231135.0,0.7,-208482.75
0.0645996,-215758.0,0.7,-163850.22
0.0620637,-215895.0,0.7,-205060.5
0.0636603,-240186.0,0.7,-170408.9
0.0621985,-233051.0,0.7,-205983.97
0.079635,-188049.0,0.7,-120654.01
0.0777277,-200673.0,0.7,-201912.47
0.0758204,-214947.0,0.7,-190820.42
0.0703239,-248464.0,0.7,-174311.19
0.0735329,-235084.0,0.7,-181959.16
0.0654953,-183863.0,0.7,-206526.19
0.0661947,-164285.0,0.7,-226633.25
0.0651615,-218575.0,0.7,-189847.14
0.0666961,-236771.0,0.7,-224368.12
0.0657591,-237156.0,0.7,-217121.48
0.0675025,-240016.0,0.7,-200045.95
0.0651617,-240736.0,0.7,-189857.94
0.0646806,-244320.0,0.7,-166769.1
0.0682828,-242176.0,0.7,-172275.88
0.0701362,-238772.0,0.7,-170179.14
0.0704827,-231950.0,0.7,-177909.39
0.0657375,-214483.0,0.7,-216376.16
0.0685607,-121038.0,0.7,-165219.95
0.069524,-117525.0,0.7,-160076.16
0.0671835,-255062.0,0.7,-211568.23
0.0686109,-257373.0,0.7,-164191.6
0.0662555,-248377.0,0.7,-227089.67
0.0697836,-255469.0,0.7,-163478.28
0.0651171,-244645.0,0.7,-187521.7
0.0651043,-205087.0,0.7,-186851.7
0.0642568,-224138.0,0.7,-157115.31
0.0604846,-223408.0,0.7,-205782.03
0.0609013,-208684.0,0.7,-203310.7
0.0634238,-202011.0,0.7,-181657.83
0.069582,-126494.0,0.7,-160693.39
0.0739131,-227880.0,0.7,-178556.7
0.0689943,-255866.0,0.7,-159090.83
0.071346,-245607.0,0.7,-194060.75
0.0703428,-238236.0,0.7,-174737.39
0.0699986,-245125.0,0.7,-167348.56
0.0651851,-192838.0,0.7,-191082.89
0.0652316,-200636.0,0.7,-193507.36
0.0684955,-138772.0,0.7,-166673.5
0.0654825,-175460.0,0.7,-205938.48
0.0668135,-144638.0,0.7,-222058.44
0.0639787,-208343.0,0.7,-159558.44
0.0648385,-230713.0,0.7,-173523.73
0.0647679,-240389.0,0.7,-170351.23
0.0669423,-238214.0,0.7,-218900.23
0.0630695,-245518.0,0.7,-197331.6
0.0678379,-245985.0,0.7,-187310.34
0.0670882,-246761.0,0.7,-214654.94
0.0693967,-238918.0,0.7,-159045.97
0.069667,-235555.0,0.7,-161752.47
0.0667836,-77518.3,0.7,-222701.28
0.0653993,-160337.0,0.7,-201988.22
0.0649699,-230743.0,0.7,-179917.9
0.0644999,-196567.0,0.7,-160885.78
0.0675937,-111559.0,0.7,-196572.98
0.063525,-231048.0,0.7,-176707.23
0.0630206,-208524.0,0.7,-199008.67
0.0627442,-218159.0,0.7,-205409.17
0.0599124,-214221.0,0.7,-210078.42
0.0618628,-203690.0,0.7,-203712.89
0.0613907,-239341.0,0.7,-202130.58
0.0628848,-246548.0,0.7,-202814.9
0.0598534,-231969.0,0.7,-210557.67
0.0757251,-205260.0,0.7,-189278.73
0.0739619,-217907.0,0.7,-178245.9
0.0697059,-253894.0,0.7,-162294.75
0.0685236,-253699.0,0.7,-166030.9
0.0721615,-238383.0,0.7,-196964.3
0.0637248,-188659.0,0.7,-167667.89
0.0640614,-178743.0,0.7,-158069.58
0.0643504,-166727.0,0.7,-157942.25
0.0648528,-150302.0,0.7,-174191.8
0.062952,-215872.0,0.7,-201091.14
0.0631731,-226017.0,0.7,-193297.27
0.0626668,-237526.0,0.7,-206287.39
0.0628403,-246020.0,0.7,-203781.88
0.0645468,-239843.0,0.7,-162188.08
0.0655052,-239767.0,0.7,-206976.6
0.0634291,-241109.0,0.7,-181397.8
0.0660076,-245924.0,0.7,-223879.12
0.0656569,-242186.0,0.7,-213390.38
0.0665276,-248749.0,0.7,-226593.84
0.0686109,-244076.0,0.7,-164191.6
0.0684349,-238299.0,0.7,-168139.31
0.0659217,-104364.0,0.7,-221933.53
0.0638122,-218804.0,0.7,-164339.56
0.0677579,-124382.0,0.7,-190313.45
0.0660105,-124024.0,0.7,-223937.55
0.0650392,-255881.0,0.7,-183462.89
0.0670787,-262187.0,0.7,-214950.11
0.0678379,-262983.0,0.7,-187310.34
0.064479,-249722.0,0.7,-160361.05
0.0633946,-234924.0,0.7,-183088.39
0.0625712,-224608.0,0.7,-206900.12
0.0584683,-216434.0,0.7,-224010.7
0.0584239,-207069.0,0.7,-224439.44
0.0597389,-202658.0,0.7,-211509.3
0.0610834,-202991.0,0.7,-202586.83
0.0581592,-224290.0,0.7,-226692.34
0.0722836,-229482.0,0.7,-196271.36
0.0675465,-259530.0,0.7,-198374.39
0.0663107,-262663.0,0.7,-227320.0
0.068916,-252753.0,0.7,-159727.0
0.07039,-245979.0,0.7,-175805.81
0.0683746,-246371.0,0.7,-169703.61
0.0630211,-198598.0,0.7,-198992.3
0.0654268,-128746.0,0.7,-203317.7
0.0614962,-207592.0,0.7,-202238.73
0.0608568,-244916.0,0.7,-203527.95
0.0643345,-246093.0,0.7,-157744.36
0.0640733,-242672.0,0.7,-157907.42
0.061432,-244157.0,0.7,-202155.67
0.0611836,-247938.0,0.7,-202321.14
0.065897,-250823.0,0.7,-221296.23
0.0670787,-248940.0,0.7,-214950.11
0.0653574,-250084.0,0.7,-199923.9
0.0671835,-246207.0,0.7,-211568.23
0.0673091,-241833.0,0.7,-207205.03
0.0647836,-76159.2,0.7,-171037.45
0.0652504,-116519.0,0.7,-194481.6
0.0632808,-171286.0,0.7,-188531.94
0.0640735,-115142.0,0.7,-157904.78
0.0629194,-231245.0,0.7,-201966.97
0.0625243,-200746.0,0.7,-207034.67
0.0654496,-263368.0,0.7,-204402.5
0.0615398,-232281.0,0.7,-202325.78
0.0612489,-226742.0,0.7,-202206.44
0.0611729,-211655.0,0.7,-202344.48
0.0610508,-220249.0,0.7,-202694.95
0.0590373,-235968.0,0.7,-218097.48
0.0604039,-244268.0,0.7,-206343.81
0.0630986,-254041.0,0.7,-196261.55
0.0580011,-229183.0,0.7,-227693.14
0.0615263,-229463.0,0.7,-202295.98
0.0601393,-235585.0,0.7,-208296.48
0.0740402,-208638.0,0.7,-177814.73
0.0722462,-217707.0,0.7,-196509.97
0.0666434,-256791.0,0.7,-225209.16
0.0705481,-240108.0,0.7,-179386.83
0.0617602,-188931.0,0.7,-203140.86
0.0625622,-181390.0,0.7,-206933.95
0.0622476,-169258.0,0.7,-206286.9
0.0631846,-155673.0,0.7,-192813.19
0.063405,-136292.0,0.7,-182579.45
0.0614758,-219500.0,0.7,-202206.45
0.0627996,-242284.0,0.7,-204546.83
0.0621662,-245931.0,0.7,-205771.33
0.0637684,-249253.0,0.7,-165946.31
0.0613611,-241731.0,0.7,-202125.97
0.0647236,-252538.0,0.7,-168481.81
0.0662555,-243655.0,0.7,-227089.67
0.0618224,-221083.0,0.7,-203475.22
0.0634905,-127499.0,0.7,-178385.75
0.0633124,-262886.0,0.7,-187051.0
0.065897,-267743.0,0.7,-221296.23
0.0615169,-234776.0,0.7,-202277.08
0.0565683,-216182.0,0.7,-221364.19
0.0565834,-208188.0,0.7,-221523.2
0.0571991,-199241.0,0.7,-227040.88
0.0587538,-201700.0,0.7,-221076.84
0.0613814,-250988.0,0.7,-202127.67
0.0564466,-222094.0,0.7,-220056.36
0.0587833,-240710.0,0.7,-220764.69
0.0597099,-223299.0,0.7,-211755.3
0.0705123,-228274.0,0.7,-178579.34
0.0648051,-266027.0,0.7,-171995.55
0.0663841,-259282.0,0.7,-227360.2
0.0646524,-260245.0,0.7,-165705.31
0.0688917,-248433.0,0.7,-159967.1
0.0658489,-250895.0,0.7,-219957.38
0.0602809,-195243.0,0.7,-207232.92
0.0637241,-121267.0,0.7,-167696.53
0.0596104,-210886.0,0.7,-212613.84
0.059199,-246996.0,0.7,-216457.62
0.0631682,-252732.0,0.7,-193501.69
0.0609953,-242999.0,0.7,-202901.31
0.0595384,-246042.0,0.7,-213251.66
0.0595646,-241444.0,0.7,-213017.78
0.063839,-254143.0,0.7,-163422.55
0.0654496,-252182.0,0.7,-204402.5
0.0650392,-249902.0,0.7,-183462.89
0.0651171,-245013.0,0.7,-187521.7
0.0627836,-66150.2,0.7,-204816.88
0.0628407,-101905.0,0.7,-203774.06
0.0617906,-133391.0,0.7,-203299.2
0.0611255,-174302.0,0.7,-202462.64
0.0612251,-231016.0,0.7,-202242.73
0.0606046,-201698.0,0.7,-204985.94
0.063839,-270693.0,0.7,-163422.55
0.0597388,-231978.0,0.7,-211510.19
0.0595976,-227065.0,0.7,-212726.33
0.0593258,-221751.0,0.7,-215220.75
0.0597031,-206925.0,0.7,-211813.19
0.0593007,-214288.0,0.7,-215462.08
0.056441,-201230.0,0.7,-219995.08
0.0565092,-226679.0,0.7,-220734.98
0.058117,-240054.0,0.7,-226989.3
0.0598663,-251497.0,0.7,-210452.34
0.0615153,-258958.0,0.7,-202273.75
0.058097,-228146.0,0.7,-227122.83
0.0706088,-216124.0,0.7,-180744.88
0.0633452,-268244.0,0.7,-185485.58
0.0674447,-254162.0,0.7,-202224.7
0.0687941,-239407.0,0.7,-161134.81
0.0599337,-185088.0,0.7,-209907.0
0.060868,-178265.0,0.7,-203471.92
0.061215,-147302.0,0.7,-202259.88
0.0617882,-124655.0,0.7,-203286.33
0.0595356,-202020.0,0.7,-213276.72
0.0611136,-249540.0,0.7,-202495.83
0.0626453,-254831.0,0.7,-206468.4
0.059282,-243516.0,0.7,-215642.72
0.0595526,-240877.0,0.7,-213124.95
0.0577589,-241137.0,0.7,-228551.17
0.0572886,-242571.0,0.7,-227583.48
0.0576783,-245425.0,0.7,-228632.72
0.0633124,-254285.0,0.7,-187051.0
0.064479,-246497.0,0.7,-160361.05
0.0598343,-222073.0,0.7,-210714.67
0.0618743,-119734.0,0.7,-203783.36
0.0613494,-123476.0,0.7,-202126.98
0.0597944,-232204.0,0.7,-211044.72
0.0547749,-207908.0,0.7,-201110.95
0.0550169,-214315.0,0.7,-203381.66
0.0543488,-198662.0,0.7,-197764.9
0.0570132,-201048.0,0.7,-225643.45
0.0549668,-195022.0,0.7,-202888.08
0.057953,-207188.0,0.7,-227932.81
0.054552,-215392.0,0.7,-199263.61
0.0575238,-212738.0,0.7,-228495.45
0.0579931,-202979.0,0.7,-227735.25
0.0572325,-234731.0,0.7,-227254.55
0.0685929,-225782.0,0.7,-164551.19
0.0620637,-269424.0,0.7,-205060.5
0.0636427,-264280.0,0.7,-171191.95
0.0656316,-257322.0,0.7,-212389.31
0.0636603,-251451.0,0.7,-170408.9
0.0621985,-260934.0,0.7,-205983.97
0.067139,-249605.0,0.7,-213036.86
0.0578216,-182262.0,0.7,-228415.0
0.0598859,-163856.0,0.7,-210292.84
0.0582728,-194650.0,0.7,-225799.56
0.0614007,-253524.0,0.7,-202134.47
0.0595405,-250462.0,0.7,-213232.8
0.0606579,-254292.0,0.7,-204650.44
0.0616984,-255032.0,0.7,-202851.55
0.0561606,-241962.0,0.7,-216804.8
0.0558232,-240786.0,0.7,-212702.83
0.0577446,-237742.0,0.7,-228573.08
0.0556939,-220013.0,0.7,-211100.19
0.0630986,-250585.0,0.7,-196261.55
0.0615153,-253668.0,0.7,-202273.75
0.0628848,-246737.0,0.7,-202814.9
0.0607836,-82177.8,0.7,-203914.5
0.0599546,-126153.0,0.7,-209739.86
0.0596579,-172804.0,0.7,-212201.03
0.058845,-198392.0,0.7,-220112.0
0.0581539,-230151.0,0.7,-226730.9
0.0575165,-224646.0,0.7,-228479.66
0.0575581,-221801.0,0.7,-228559.34
0.0574408,-214974.0,0.7,-228265.83
0.0553258,-196919.0,0.7,-206689.95
0.0555675,-228653.0,0.7,-209547.52
0.0582708,-253737.0,0.7,-225816.48
0.0599892,-263001.0,0.7,-209464.77
0.0537735,-214324.0,0.7,-194349.55
0.0588186,-173112.0,0.7,-220391.12
0.055708,-204809.0,0.7,-211274.58
0.0561052,-201338.0,0.7,-216147.7
0.0604846,-268150.0,0.7,-205782.03
0.0667056,-238149.0,0.7,-224203.33
0.0584059,-140778.0,0.7,-224610.17
0.0598777,-126093.0,0.7,-210359.6
0.0606161,-117972.0,0.7,-204912.48
0.0583202,-245153.0,0.7,-225391.62
0.0577647,-238426.0,0.7,-228541.25
0.0586242,-250964.0,0.7,-222435.58
0.0579614,-247003.0,0.7,-227893.2
0.0564476,-235977.0,0.7,-220067.34
0.0555043,-237237.0,0.7,-208783.23
0.0542072,-235820.0,0.7,-196815.9
0.0559166,-233065.0,0.7,-213857.33
0.055069,-232446.0,0.7,-203908.08
0.0556037,-233496.0,0.7,-209989.69
0.0547569,-203831.0,0.7,-200953.42
0.0613814,-250262.0,0.7,-202127.67
0.0613907,-249333.0,0.7,-202130.58
0.0582972,-225946.0,0.7,-225592.05
0.0581576,-213293.0,0.7,-226704.06
0.0601275,-118824.0,0.7,-208386.39
0.0594749,-114204.0,0.7,-213826.17
0.0530985,-199641.0,0.7,-191800.53
0.0530362,-205396.0,0.7,-191649.73
0.0526238,-188806.0,0.7,-191043.61
0.0531235,-190634.0,0.7,-191865.3
0.056454,-243000.0,0.7,-220137.2
0.0526262,-206530.0,0.7,-191045.14
0.0580509,-158462.0,0.7,-227412.02
0.056118,-193151.0,0.7,-216300.23
0.0609013,-266458.0,0.7,-203310.7
0.0599124,-269714.0,0.7,-210078.42
0.0634238,-259749.0,0.7,-181657.83
0.0651043,-250745.0,0.7,-186851.7
0.0598534,-255669.0,0.7,-210557.67
0.0666137,-222756.0,0.7,-225626.27
0.0559201,-182119.0,0.7,-213900.42
0.0568239,-163453.0,0.7,-223941.92
0.0564538,-237880.0,0.7,-220134.97
0.059931,-253524.0,0.7,-209928.94
0.0567292,-245513.0,0.7,-223017.28
0.0561376,-240213.0,0.7,-216532.95
0.0538309,-230956.0,0.7,-194639.28
0.0538441,-226455.0,0.7,-194707.44
0.0537226,-230815.0,0.7,-194101.88
0.0530388,-206030.0,0.7,-191655.77
0.0535516,-219614.0,0.7,-193334.12
0.0539715,-191530.0,0.7,-195395.77
0.0517115,-217051.0,0.7,-192104.67
0.0598663,-250914.0,0.7,-210452.34
0.0599892,-253053.0,0.7,-209464.77
0.0604039,-246324.0,0.7,-206343.81
0.0587836,-80663.9,0.7,-220761.6
0.058009,-131890.0,0.7,-227651.0
0.0581256,-175457.0,0.7,-226930.7
0.0573935,-192439.0,0.7,-228088.77
0.0570384,-224334.0,0.7,-225851.39
0.0563001,-222727.0,0.7,-218421.48
0.0556338,-217133.0,0.7,-210358.98
0.0553875,-215107.0,0.7,-207400.98
0.0519528,-190172.0,0.7,-191527.55
0.0533777,-195758.0,0.7,-192657.27
0.0548919,-234056.0,0.7,-202173.0
0.0534979,-221712.0,0.7,-193113.83
0.0567775,-260904.0,0.7,-223494.05
0.0584435,-269347.0,0.7,-224251.66
0.0514571,-200748.0,0.7,-192892.34
0.056519,-145221.0,0.7,-220840.06
0.0618628,-263790.0,0.7,-203712.89
0.0584683,-267641.0,0.7,-224010.7
0.0581592,-259938.0,0.7,-226692.34
0.0645996,-236643.0,0.7,-163850.22
0.055437,-168388.0,0.7,-207981.23
0.0575693,-117472.0,0.7,-228575.89
0.059301,-116337.0,0.7,-215459.02
0.0584435,-250255.0,0.7,-224251.66
0.0571833,-247263.0,0.7,-226935.61
0.0540315,-227367.0,0.7,-195739.0
0.0520884,-225506.0,0.7,-191289.48
0.0521189,-226694.0,0.7,-191245.12
0.0520291,-190488.0,0.7,-191385.53
0.0511571,-205388.0,0.7,-193986.27
0.05378,-179980.0,0.7,-194381.8
0.0582708,-248785.0,0.7,-225816.48
0.0590373,-244630.0,0.7,-218097.48
0.0568281,-210247.0,0.7,-223982.03
0.0581492,-115327.0,0.7,-226764.66
0.0575811,-111387.0,0.7,-228591.17
0.0551991,-214895.0,0.7,-205279.77
0.0512531,-192277.0,0.7,-193622.23
0.0506582,-194401.0,0.7,-195920.97
0.0500299,-178921.0,0.7,-197791.64
0.0508695,-181788.0,0.7,-195110.2
0.0534514,-203946.0,0.7,-192930.98
0.0512509,-186482.0,0.7,-193630.48
0.0550044,-248521.0,0.7,-203257.4
0.0520958,-209426.0,0.7,-191278.42
0.053947,-213645.0,0.7,-195259.25
0.0549086,-150536.0,0.7,-202330.23
0.0547398,-132006.0,0.7,-200804.92
0.056353,-127616.0,0.7,-219019.27
0.0563015,-107609.0,0.7,-218437.31
0.0548672,-111902.0,0.7,-201943.47
0.0597389,-263668.0,0.7,-211509.3
0.0584239,-265813.0,0.7,-224439.44
0.0610834,-260097.0,0.7,-202586.83
0.0630206,-250552.0,0.7,-199008.67
0.0580011,-248593.0,0.7,-227693.14
0.0642568,-224149.0,0.7,-157115.31
0.053533,-167445.0,0.7,-193256.55
0.0540833,-231540.0,0.7,-196045.25
0.0553364,-240728.0,0.7,-206810.94
0.0551323,-239036.0,0.7,-204565.33
0.0518372,-218399.0,0.7,-191780.83
0.0519225,-221818.0,0.7,-191589.47
0.0500148,-210960.0,0.7,-197820.28
0.0507009,-192980.0,0.7,-195760.84
0.0519136,-178161.0,0.7,-191608.3
0.049577,-201697.0,0.7,-198163.69
0.0497445,-210527.0,0.7,-198150.94
0.0502968,-217315.0,0.7,-197139.14
0.058117,-243574.0,0.7,-226989.3
0.0567775,-244911.0,0.7,-223494.05
0.0567836,-78528.5,0.7,-223553.48
0.0567225,-165401.0,0.7,-222950.38
0.0559419,-186827.0,0.7,-214168.4
0.0556127,-212627.0,0.7,-210099.9
0.0543899,-210519.0,0.7,-198054.67
0.0535887,-208222.0,0.7,-193492.14
0.04947,-178933.0,0.7,-198086.08
0.0514694,-191552.0,0.7,-192850.67
0.0531901,-232989.0,0.7,-192049.36
0.0514805,-216526.0,0.7,-192813.45
0.0571833,-272559.0,0.7,-226935.61
0.0553364,-265430.0,0.7,-206810.94
0.0488419,-186140.0,0.7,-196130.98
0.0501623,-200200.0,0.7,-197501.0
0.053078,-210528.0,0.7,-191749.3
0.0553511,-199101.0,0.7,-206979.66
0.0530523,-153096.0,0.7,-191687.3
0.0532158,-137671.0,0.7,-192125.0
0.0562032,-114931.0,0.7,-217304.36
0.054394,-105975.0,0.7,-198084.0
0.0565683,-260160.0,0.7,-221364.19
0.0565834,-263314.0,0.7,-221523.2
0.0564466,-248470.0,0.7,-220056.36
0.0627442,-236424.0,0.7,-205409.17
0.0655389,-217669.0,0.7,-208482.75
0.0517596,-219872.0,0.7,-191975.17
0.0537903,-232846.0,0.7,-194433.23
0.0533891,-232616.0,0.7,-192698.27
0.0503394,-217607.0,0.7,-197012.31
0.0500169,-182005.0,0.7,-197816.34
0.0487381,-187537.0,0.7,-195549.22
0.0501308,-174462.0,0.7,-197576.48
0.0512248,-162606.0,0.7,-193728.48
0.0499179,-209096.0,0.7,-197979.33
0.0488283,-207839.0,0.7,-196059.02
0.056454,-241581.0,0.7,-220137.2
0.0531674,-230015.0,0.7,-191984.72
0.0550044,-237246.0,0.7,-203257.4
0.0565092,-237874.0,0.7,-220734.98
0.0560192,-121411.0,0.7,-215112.2
0.055908,-106385.0,0.7,-213751.25
0.0529981,-201629.0,0.7,-191565.12
0.0487703,-179921.0,0.7,-195737.61
0.0483867,-171767.0,0.7,-193041.94
0.0478056,-168195.0,0.7,-187263.05
0.0490864,-177238.0,0.7,-197208.22
0.0516887,-200976.0,0.7,-192168.44
0.0495785,-182303.0,0.7,-198164.31
0.0478225,-179058.0,0.7,-187455.56
0.0524055,-208541.0,0.7,-191004.75
0.0539268,-198731.0,0.7,-195148.05
0.0525752,-116958.0,0.7,-191018.02
0.052463,-101107.0,0.7,-190995.9
0.0510881,-150475.0,0.7,-194253.14
0.0571991,-260534.0,0.7,-227040.88
0.0587538,-260688.0,0.7,-221076.84
0.056441,-261281.0,0.7,-219995.08
0.0611729,-249278.0,0.7,-202344.48
0.063525,-217990.0,0.7,-176707.23
0.0625712,-225983.0,0.7,-206900.12
0.0520168,-225678.0,0.7,-191406.97
0.048255,-200832.0,0.7,-191898.02
0.0484147,-197218.0,0.7,-193271.25
0.0485506,-177075.0,0.7,-194312.84
0.0495505,-162096.0,0.7,-198150.89
0.0476014,-186012.0,0.7,-184845.1
0.0481181,-199697.0,0.7,-190599.83
0.0491083,-210299.0,0.7,-197284.67
0.0472904,-194692.0,0.7,-180896.19
0.0555675,-234681.0,0.7,-209547.52
0.0512411,-221524.0,0.7,-193667.3
0.0547836,-77037.1,0.7,-201187.73
0.0552548,-162069.0,0.7,-205891.12
0.0544904,-183276.0,0.7,-198791.23
0.0523619,-198355.0,0.7,-191020.22
0.0511397,-199776.0,0.7,-194053.2
0.0471688,-166471.0,0.7,-179290.27
0.0501145,-191620.0,0.7,-197613.92
0.0511389,-231126.0,0.7,-194056.31
0.048854,-206844.0,0.7,-196194.0
0.0468393,-175390.0,0.7,-174851.5
0.0478156,-185923.0,0.7,-187377.06
0.051012,-204416.0,0.7,-194550.66
0.0505764,-134954.0,0.7,-196220.78
0.0512294,-123724.0,0.7,-193711.16
0.0540976,-109592.0,0.7,-196131.53
0.0524399,-108543.0,0.7,-190997.75
0.0597031,-256302.0,0.7,-211813.19
0.0550169,-249038.0,0.7,-203381.66
0.0547749,-255626.0,0.7,-201110.95
0.0543488,-255402.0,0.7,-197764.9
0.054552,-236853.0,0.7,-199263.61
0.0610508,-234384.0,0.7,-202694.95
0.0500575,-215387.0,0.7,-197736.95
0.0518581,-225407.0,0.7,-191731.72
0.0495506,-208986.0,0.7,-198151.0
0.0481633,-166872.0,0.7,-191040.39
0.0467176,-166874.0,0.7,-173203.58
0.0477742,-156588.0,0.7,-186902.08
0.0488747,-151480.0,0.7,-196299.38
0.0467726,-174098.0,0.7,-173947.84
0.0478495,-198155.0,0.7,-187760.3
0.0474992,-197031.0,0.7,-183577.95
0.0480058,-201430.0,0.7,-189457.28
0.0503867,-219762.0,0.7,-196865.4
0.0548919,-234570.0,0.7,-202173.0
0.0511389,-217059.0,0.7,-194056.31
0.0531901,-227527.0,0.7,-192049.36
0.0537735,-226443.0,0.7,-194349.55
0.0538759,-125398.0,0.7,-194874.23
0.0509709,-191737.0,0.7,-194712.14
0.0462874,-165175.0,0.7,-167487.83
0.0463823,-162063.0,0.7,-168724.81
0.0466582,-166525.0,0.7,-172401.6
0.0457285,-156302.0,0.7,-160665.34
0.0474471,-174056.0,0.7,-182919.69
0.048075,-181949.0,0.7,-190169.36
0.0455378,-163890.0,0.7,-158564.23
0.0466101,-175216.0,0.7,-171754.14
0.0527953,-179464.0,0.7,-191211.73
0.0523495,-192720.0,0.7,-191025.97
0.0490034,-144646.0,0.7,-196888.56
0.0509966,-104435.0,0.7,-194611.05
0.0502125,-111234.0,0.7,-197373.23
0.05107,-100444.0,0.7,-194323.69
0.0486314,-134849.0,0.7,-194874.67
0.0570132,-257765.0,0.7,-225643.45
0.0549668,-255505.0,0.7,-202888.08
0.057953,-253007.0,0.7,-227932.81
0.0593007,-244484.0,0.7,-215462.08
0.0612489,-222913.0,0.7,-202206.44
0.0466254,-183071.0,0.7,-171959.83
0.0464775,-158558.0,0.7,-169981.9
0.047385,-147249.0,0.7,-182124.94
0.0457288,-170289.0,0.7,-160668.8
0.0458174,-183373.0,0.7,-161687.9
0.0457554,-178790.0,0.7,-160971.98
0.0454448,-179421.0,0.7,-157587.44
0.0450427,-176900.0,0.7,-153738.88
0.0480916,-206839.0,0.7,-190336.3
0.0495869,-214576.0,0.7,-198167.47
0.0534979,-226946.0,0.7,-193113.83
0.0487447,-212626.0,0.7,-195588.5
0.0489005,-204591.0,0.7,-196426.66
0.0530362,-240685.0,0.7,-191649.73
0.0526262,-227600.0,0.7,-191045.14
0.0527836,-77717.4,0.7,-191196.4
0.0537765,-164064.0,0.7,-194364.39
0.0506617,-192916.0,0.7,-195907.98
0.0492772,-189851.0,0.7,-197765.72
0.0447025,-151484.0,0.7,-150958.98
0.0487854,-192344.0,0.7,-195823.42
0.0464567,-185184.0,0.7,-169706.06
0.0451039,-164855.0,0.7,-154284.97
0.0457525,-173802.0,0.7,-160938.8
0.0492739,-195798.0,0.7,-197758.23
0.0511296,-191787.0,0.7,-194092.3
0.0493109,-118154.0,0.7,-197839.05
0.0501882,-98456.3,0.7,-197436.27
0.0516901,-109616.0,0.7,-192164.55
0.050401,-113223.0,0.7,-196819.78
0.0481152,-124458.0,0.7,-190571.25
0.0553258,-255108.0,0.7,-206689.95
0.0530985,-249239.0,0.7,-191800.53
0.0526238,-246859.0,0.7,-191043.61
0.0593258,-230391.0,0.7,-215220.75
0.0615398,-216397.0,0.7,-202325.78
0.0458125,-147132.0,0.7,-161630.9
0.0450771,-158546.0,0.7,-154044.11
0.0445385,-145219.0,0.7,-149767.55
0.0456872,-140385.0,0.7,-160199.48
0.047013,-138082.0,0.7,-177201.6
0.0458763,-184429.0,0.7,-162379.61
0.0433877,-161582.0,0.7,-143587.81
0.0434507,-162756.0,0.7,-143849.67
0.0460088,-188547.0,0.7,-163975.36
0.0479547,-206876.0,0.7,-188915.61
0.048854,-200781.0,0.7,-196194.0
0.0514805,-216598.0,0.7,-192813.45
0.0520958,-218497.0,0.7,-191278.42
0.0475705,-201072.0,0.7,-184465.61
0.0474722,-204479.0,0.7,-183237.7
0.0514571,-215592.0,0.7,-192892.34
0.0506582,-221954.0,0.7,-195920.97
0.0520515,-119926.0,0.7,-191347.62
0.0524516,-155663.0,0.7,-190996.6
0.0493865,-188827.0,0.7,-197976.47
0.0439904,-149501.0,0.7,-146408.3
0.0443906,-150923.0,0.7,-148771.03
0.0450908,-157554.0,0.7,-154166.86
0.0456736,-165741.0,0.7,-160047.33
0.0434818,-143259.0,0.7,-143981.39
0.0460714,-171787.0,0.7,-164747.11
0.0465935,-179261.0,0.7,-171531.1
0.0467265,-197981.0,0.7,-173323.89
0.0435574,-150652.0,0.7,-144308.72
0.0447983,-166727.0,0.7,-151698.72
0.0513126,-181470.0,0.7,-193402.31
0.0478628,-185945.0,0.7,-187909.2
0.0477482,-187299.0,0.7,-186600.3
0.0467435,-130171.0,0.7,-173553.9
0.0489097,-101444.0,0.7,-196470.92
0.0478905,-108063.0,0.7,-188216.8
0.0493339,-101858.0,0.7,-197884.8
0.0470158,-125622.0,0.7,-177239.34
0.0476811,-186776.0,0.7,-185808.16
0.055708,-247983.0,0.7,-211274.58
0.0531235,-248276.0,0.7,-191865.3
0.0574408,-238450.0,0.7,-228265.83
0.0519528,-243626.0,0.7,-191527.55
0.0595976,-219754.0,0.7,-212726.33
0.0449804,-168368.0,0.7,-153197.69
0.0452012,-130923.0,0.7,-155182.42
0.0434599,-151676.0,0.7,-143888.47
0.04368,-164660.0,0.7,-144862.33
0.043408,-159478.0,0.7,-143671.39
0.0433643,-155915.0,0.7,-143492.05
0.0461457,-192237.0,0.7,-165677.02
0.0438962,-166960.0,0.7,-145915.39
0.044192,-170579.0,0.7,-147541.0
0.0467265,-185386.0,0.7,-173323.89
0.0501623,-206395.0,0.7,-197501.0
0.046354,-193658.0,0.7,-168354.22
0.0444275,-171772.0,0.7,-149012.98
0.0512531,-236853.0,0.7,-193622.23
0.0507836,-77743.6,0.7,-195444.44
0.0494854,-188847.0,0.7,-198101.67
0.0425256,-138624.0,0.7,-140497.78
0.0446352,-158133.0,0.7,-150458.8
0.0447751,-175063.0,0.7,-151516.6
0.0448145,-181949.0,0.7,-151827.06
0.0433739,-155664.0,0.7,-143531.27
0.0436087,-163853.0,0.7,-144536.73
0.0512954,-166530.0,0.7,-193465.38
0.0498646,-180881.0,0.7,-198048.17
0.0468708,-114146.0,0.7,-175278.33
0.047833,-184547.0,0.7,-187574.42
0.0480802,-179406.0,0.7,-190221.81
0.0463896,-180203.0,0.7,-168820.62
0.0477742,-98160.1,0.7,-186902.08
0.0495356,-110633.0,0.7,-198141.86
0.0483142,-113380.0,0.7,-192425.33
0.0458512,-116512.0,0.7,-162083.52
0.0463018,-179672.0,0.7,-167674.39
0.0443482,-167930.0,0.7,-148498.33
0.0448694,-168656.0,0.7,-152269.39
0.0422498,-138866.0,0.7,-139632.89
0.0433878,-148682.0,0.7,-143588.1
0.04428,-160935.0,0.7,-148071.28
0.0533777,-245577.0,0.7,-192657.27
0.0508695,-237151.0,0.7,-195110.2
0.0500299,-233015.0,0.7,-197791.64
0.0575581,-223698.0,0.7,-228559.34
0.0597388,-213705.0,0.7,-211510.19
0.043826,-129957.0,0.7,-145561.88
0.0428052,-139212.0,0.7,-141420.61
0.0449215,-122607.0,0.7,-152699.4
0.0412222,-140826.0,0.7,-136577.58
0.0410931,-137929.0,0.7,-136195.16
0.0414444,-143669.0,0.7,-137232.19
0.0416007,-145458.0,0.7,-137691.84
0.0419137,-147310.0,0.7,-138617.36
0.0466831,-189706.0,0.7,-172737.53
0.0464567,-183390.0,0.7,-169706.06
0.0488419,-197983.0,0.7,-196130.98
0.0455892,-185773.0,0.7,-159117.84
0.0442929,-172132.0,0.7,-148151.02
0.0487703,-218491.0,0.7,-195737.61
0.0500875,-116866.0,0.7,-197673.86
0.0510866,-149245.0,0.7,-194259.05
0.0419528,-137828.0,0.7,-138734.06
0.0409475,-129558.0,0.7,-135760.36
0.0415694,-141015.0,0.7,-137599.73
0.0502164,-170745.0,0.7,-197362.92
0.0462992,-177686.0,0.7,-167640.58
0.0487436,-168197.0,0.7,-195581.97
0.0451115,-118428.0,0.7,-154353.77
0.0463965,-99477.6,0.7,-168911.28
0.0451424,-104864.0,0.7,-154635.83
0.0447762,-170369.0,0.7,-151525.23
0.0432179,-159072.0,0.7,-142912.3
0.0427665,-149693.0,0.7,-141289.4
0.0553875,-227791.0,0.7,-207400.98
0.0534514,-234403.0,0.7,-192930.98
0.0512509,-236671.0,0.7,-193630.48
0.04947,-227620.0,0.7,-198086.08
0.0575165,-212479.0,0.7,-228479.66
0.0421231,-127508.0,0.7,-139246.2
0.0430297,-116613.0,0.7,-142208.98
0.0410499,-130728.0,0.7,-136066.56
0.0411167,-135286.0,0.7,-136265.25
0.0420324,-147947.0,0.7,-138972.53
0.042333,-150486.0,0.7,-139890.06
0.0446502,-173112.0,0.7,-150568.88
0.0478156,-190638.0,0.7,-187377.06
0.0448145,-169567.0,0.7,-151827.06
0.0478225,-201537.0,0.7,-187455.56
0.0425034,-153239.0,0.7,-140426.69
0.0468393,-186172.0,0.7,-174851.5
0.0413969,-116085.0,0.7,-137092.53
0.0487836,-78322.8,0.7,-195813.42
0.0403639,-127127.0,0.7,-133953.05
0.0431707,-168361.0,0.7,-142731.8
0.0416055,-147717.0,0.7,-137705.97
0.0496205,-154839.0,0.7,-198175.73
0.0459961,-172374.0,0.7,-163820.12
0.0466654,-164893.0,0.7,-172498.67
0.0452399,-172909.0,0.7,-155549.5
0.0451133,-96434.5,0.7,-154370.02
0.0472408,-110435.0,0.7,-180244.33
0.0462842,-107197.0,0.7,-167446.45
0.0436491,-106533.0,0.7,-144719.95
0.0426281,-157266.0,0.7,-140829.7
0.0419412,-153137.0,0.7,-138699.39
0.0424902,-151668.0,0.7,-140384.53
0.0402156,-127373.0,0.7,-133469.17
0.0410436,-137144.0,0.7,-136047.84
0.0439096,-165159.0,0.7,-145984.03
0.0514694,-230812.0,0.7,-192850.67
0.0483867,-221559.0,0.7,-193041.94
0.0490864,-223336.0,0.7,-197208.22
0.0478056,-216817.0,0.7,-187263.05
0.0556338,-213484.0,0.7,-210358.98
0.0404692,-122963.0,0.7,-134289.4
0.0424302,-106628.0,0.7,-140194.36
0.0390635,-123234.0,0.7,-129089.625
0.039399,-126606.0,0.7,-130504.97
0.0389497,-120691.0,0.7,-128577.266
0.0396449,-129255.0,0.7,-131461.31
0.04026,-133372.0,0.7,-133615.36
0.0401105,-131864.0,0.7,-133117.94
0.0401657,-133079.0,0.7,-133303.31
0.0457525,-175862.0,0.7,-160938.8
0.0447751,-169584.0,0.7,-151516.6
0.0466101,-180778.0,0.7,-171754.14
0.0439846,-171292.0,0.7,-146377.27
0.042516,-157375.0,0.7,-140467.03
0.042958,-156875.0,0.7,-141951.77
0.0455378,-182008.0,0.7,-158564.23
0.0405629,-104010.0,0.7,-134584.33
0.0462874,-195420.0,0.7,-167487.83
0.0471688,-208299.0,0.7,-179290.27
0.0480839,-119521.0,0.7,-190259.06
0.0398999,-128239.0,0.7,-132390.84
0.0386746,-118162.0,0.7,-127266.375
0.0419053,-154705.0,0.7,-138592.34
0.039886,-133283.0,0.7,-132341.62
0.0446987,-159467.0,0.7,-150930.31
0.0423943,-96184.8,0.7,-140081.5
0.0437538,-95332.0,0.7,-145210.1
0.0449114,-169114.0,0.7,-152615.19
0.0473425,-151801.0,0.7,-181575.42
0.0443107,-167777.0,0.7,-148261.78
0.0409943,-146049.0,0.7,-135900.64
0.0409323,-142272.0,0.7,-135714.81
0.039082,-120346.0,0.7,-129171.18
0.0425934,-158335.0,0.7,-140716.64
0.0435367,-162565.0,0.7,-144218.02
0.040641,-145164.0,0.7,-134827.25
0.053078,-219931.0,0.7,-191749.3
0.0516887,-223826.0,0.7,-192168.44
0.0495785,-220072.0,0.7,-198164.31
0.053947,-213705.0,0.7,-195259.25
0.0397746,-114398.0,0.7,-131941.39
0.0390246,-117536.0,0.7,-128916.305
0.038892,-118812.0,0.7,-128310.945
0.037264,-111085.0,0.7,-118862.9
0.0403809,-136314.0,0.7,-134007.75
0.0431707,-157526.0,0.7,-142731.8
0.0406376,-140341.0,0.7,-134816.72
0.0436087,-161868.0,0.7,-144536.73
0.0428017,-159288.0,0.7,-141408.81
0.0447983,-169089.0,0.7,-151698.72
0.0451039,-173158.0,0.7,-154284.97
0.0387943,-103168.0,0.7,-127849.695
0.0467836,-76213.0,0.7,-174096.72
0.0381281,-116774.0,0.7,-124340.125
0.0409669,-152674.0,0.7,-135818.58
0.0401745,-140736.0,0.7,-133332.66
0.0439174,-162054.0,0.7,-146024.28
0.0452035,-150468.0,0.7,-155204.11
0.0410347,-95108.7,0.7,-136021.14
0.0424602,-94501.0,0.7,-140289.17
0.0441176,-105213.0,0.7,-147110.02
0.0450998,-119771.0,0.7,-154247.92
0.0400113,-142160.0,0.7,-132779.6
0.039272,-137951.0,0.7,-129985.125
0.0390955,-135218.0,0.7,-129230.6
0.0385608,-122914.0,0.7,-126692.84
0.038869,-129677.0,0.7,-128203.586
0.0380632,-116846.0,0.7,-123963.76
0.0408328,-147795.0,0.7,-135414.39
0.0419506,-152650.0,0.7,-138727.45
0.0501145,-215590.0,0.7,-197613.92
0.0466582,-207204.0,0.7,-172401.6
0.0463823,-205419.0,0.7,-168724.81
0.0474471,-207834.0,0.7,-182919.69
0.0457285,-197245.0,0.7,-160665.34
0.0535887,-200615.0,0.7,-193492.14
0.03833,-110880.0,0.7,-125471.96
0.0394852,-93026.1,0.7,-130847.555
0.0368388,-107386.0,0.7,-115862.61
0.0376891,-114232.0,0.7,-121678.35
0.0368272,-105701.0,0.7,-115778.83
0.0384779,-120188.0,0.7,-126263.26
0.0381625,-119518.0,0.7,-124537.17
0.0381648,-120775.0,0.7,-124550.25
0.0409001,-143711.0,0.7,-135617.77
0.041284,-145605.0,0.7,-136760.06
0.0409669,-142706.0,0.7,-135818.58
0.0439904,-173016.0,0.7,-146408.3
0.0435574,-165861.0,0.7,-144308.72
0.0382333,-93566.7,0.7,-124937.266
0.0447025,-184266.0,0.7,-150958.98
0.0460449,-122363.0,0.7,-164419.08
0.0456693,-100925.0,0.7,-159999.38
0.0379253,-119520.0,0.7,-123143.9
0.0373833,-112324.0,0.7,-119674.164
0.0367436,-108573.0,0.7,-115172.555
0.0381366,-124512.0,0.7,-124388.98
0.0423663,-150578.0,0.7,-139993.78
0.043177,-146303.0,0.7,-142755.67
0.0413318,-89337.4,0.7,-136900.92
0.0402282,-87823.0,0.7,-133510.88
0.0380814,-133849.0,0.7,-124069.91
0.0375054,-130257.0,0.7,-120487.984
0.0399306,-141993.0,0.7,-132498.92
0.0392175,-138957.0,0.7,-129756.305
0.0386539,-135817.0,0.7,-127163.44
0.040661,-144500.0,0.7,-134889.08
0.051012,-208251.0,0.7,-194550.66
0.0524055,-205930.0,0.7,-191004.75
0.048075,-204575.0,0.7,-190169.36
0.0377146,-103752.0,0.7,-121840.21
0.0369321,-105297.0,0.7,-116533.36
0.0354644,-100182.0,0.7,-105864.06
0.0350393,-97003.1,0.7,-103040.99
0.0384808,-123693.0,0.7,-126278.46
0.0419053,-150937.0,0.7,-138592.34
0.0392609,-129660.0,0.7,-129938.87
0.0389453,-127370.0,0.7,-128557.12
0.0416055,-151157.0,0.7,-137705.97
0.0433739,-162068.0,0.7,-143531.27
0.036051,-108012.0,0.7,-110072.664
0.0368759,-113185.0,0.7,-116130.04
0.0383255,-123966.0,0.7,-125447.44
0.0371923,-93667.1,0.7,-118368.13
0.0443906,-187853.0,0.7,-148771.03
0.0447836,-74820.8,0.7,-151583.14
0.0357389,-105598.0,0.7,-107801.68
0.0383255,-130090.0,0.7,-125447.44
0.0420935,-105998.0,0.7,-139156.67
0.0440925,-124361.0,0.7,-146968.12
0.0385491,-84283.8,0.7,-126632.8
0.0402011,-89431.4,0.7,-133421.06
0.0431219,-117581.0,0.7,-142548.17
0.0439528,-101636.0,0.7,-146208.84
0.0370425,-123950.0,0.7,-117318.87
0.0361924,-126238.0,0.7,-111114.84
0.0367136,-116983.0,0.7,-114954.04
0.0368113,-113489.0,0.7,-115663.89
0.0363261,-108866.0,0.7,-112103.05
0.0373119,-84631.0,0.7,-119190.43
0.041035,-139840.0,0.7,-136022.12
0.0371065,-129879.0,0.7,-117769.64
0.0400894,-140976.0,0.7,-133046.53
0.0487854,-199794.0,0.7,-195823.42
0.0456736,-198224.0,0.7,-160047.33
0.0450908,-195376.0,0.7,-154166.86
0.0460714,-195571.0,0.7,-164747.11
0.0434818,-176363.0,0.7,-143981.39
0.0511397,-192490.0,0.7,-194053.2
0.0369282,-96635.2,0.7,-116505.42
0.0363797,-100169.0,0.7,-112499.35
0.0348399,-94924.3,0.7,-101813.99
0.0368131,-110258.0,0.7,-115676.86
0.0355158,-102335.0,0.7,-106221.29
0.0347581,-93577.2,0.7,-101331.516
0.0369812,-111998.0,0.7,-116883.85
0.0363253,-110278.0,0.7,-112097.17
0.0370782,-114491.0,0.7,-117570.766
0.0415694,-152160.0,0.7,-137599.73
0.0401745,-139912.0,0.7,-133332.66
0.0371193,-114798.0,0.7,-117859.34
0.0425256,-164355.0,0.7,-140497.78
0.0419528,-156549.0,0.7,-138734.06
0.0363846,-85827.2,0.7,-112535.52
0.0365387,-113159.0,0.7,-113672.375
0.0357528,-104140.0,0.7,-107901.54
0.0351452,-101019.0,0.7,-103719.88
0.0362862,-114072.0,0.7,-111808.164
0.0405512,-103161.0,0.7,-134547.67
0.0417605,-122331.0,0.7,-138162.92
0.0397551,-84840.8,0.7,-131870.27
0.0387449,-82347.0,0.7,-127611.43
0.036663,-128117.0,0.7,-114584.56
0.0353487,-119918.0,0.7,-105071.305
0.0342131,-109261.0,0.7,-98464.37
0.0362183,-76851.5,0.7,-111306.2
0.0351753,-77204.6,0.7,-103916.016
0.0380471,-133555.0,0.7,-123869.44
0.0388746,-136914.0,0.7,-128229.78
0.0393188,-134379.0,0.7,-130179.0
0.0492739,-191205.0,0.7,-197758.23
0.0446352,-192543.0,0.7,-150458.8
0.0529981,-186485.0,0.7,-191565.12
0.0357761,-95041.9,0.7,-108069.25
0.0346054,-92319.2,0.7,-100465.76
0.0332398,-88168.3,0.7,-94912.06
0.0336649,-91242.7,0.7,-96229.21
0.0329909,-86172.7,0.7,-94272.85
0.039886,-139154.0,0.7,-132341.62
0.0340893,-97147.7,0.7,-97902.414
0.0355794,-104190.0,0.7,-106667.07
0.034851,-101822.0,0.7,-101880.43
0.0352452,-103377.0,0.7,-104376.664
0.0351819,-102961.0,0.7,-103959.16
0.0381366,-125691.0,0.7,-124388.98
0.0357347,-107292.0,0.7,-107771.47
0.0354573,-87134.3,0.7,-105815.05
0.0422498,-170258.0,0.7,-139632.89
0.0433878,-182312.0,0.7,-143588.1
0.0427836,-78908.6,0.7,-141347.31
0.034799,-103870.0,0.7,-101571.23
0.0336386,-94903.7,0.7,-96138.016
0.0357347,-113853.0,0.7,-107771.47
0.0412954,-111844.0,0.7,-136793.64
0.0371222,-78052.3,0.7,-117879.63
0.0381968,-83917.1,0.7,-124731.96
0.0389747,-100428.0,0.7,-128691.26
0.0422923,-101219.0,0.7,-139763.88
0.0340865,-117756.0,0.7,-97890.06
0.0350771,-122278.0,0.7,-103281.23
0.0347848,-105546.0,0.7,-101487.62
0.0348661,-101713.0,0.7,-101971.17
0.0342693,-78784.9,0.7,-98730.67
0.0396467,-118748.0,0.7,-131468.17
0.0382423,-133168.0,0.7,-124987.69
0.0370081,-129064.0,0.7,-117075.17
0.0360533,-125376.0,0.7,-110089.625
0.0348708,-121239.0,0.7,-101999.555
0.0409475,-154924.0,0.7,-135760.36
0.0346475,-87821.5,0.7,-100699.87
0.034335,-90313.7,0.7,-99050.74
0.0327272,-84552.8,0.7,-93666.08
0.0338413,-93865.5,0.7,-96877.945
0.0326986,-83876.4,0.7,-93603.08
0.0398999,-140640.0,0.7,-132390.84
0.0341783,-96304.1,0.7,-98302.99
0.0332373,-93301.9,0.7,-94905.266
0.0362862,-112184.0,0.7,-111808.164
0.0403639,-146163.0,0.7,-133953.05
0.0335736,-95857.2,0.7,-95918.36
0.0338524,-96071.6,0.7,-96920.92
0.0343452,-103639.0,0.7,-99101.234
0.0397671,-101683.0,0.7,-131914.05
0.0407836,-83195.0,0.7,-135264.95
0.0330485,-109340.0,0.7,-94413.89
0.032849,-98355.6,0.7,-93939.54
0.0342799,-70981.1,0.7,-98781.69
0.0351863,-72551.3,0.7,-103988.03
0.0331061,-70967.5,0.7,-94558.81
0.0339142,-81526.0,0.7,-97165.164
0.0336995,-86264.1,0.7,-96351.35
0.0375965,-127042.0,0.7,-121083.586
0.0327764,-83686.5,0.7,-93775.36
0.0314402,-79731.9,0.7,-90384.61
0.0313684,-79188.0,0.7,-90123.61
0.0318653,-83281.4,0.7,-91692.984
0.0309996,-77094.2,0.7,-88560.9
0.0379253,-125824.0,0.7,-123143.9
0.0325003,-88035.9,0.7,-93173.2
0.0329738,-92220.6,0.7,-94231.625
0.0314102,-83504.4,0.7,-90277.1
0.0334606,-94095.5,0.7,-95555.766
0.0339341,-97157.8,0.7,-97245.57
0.0365387,-115465.0,0.7,-113672.375
0.0343452,-99965.6,0.7,-99101.234
0.0410436,-164525.0,0.7,-136047.84
0.0402156,-153440.0,0.7,-133469.17
0.0329697,-95334.9,0.7,-94221.78
0.0322577,-88995.7,0.7,-92643.61
0.0321997,-88980.3,0.7,-92512.81
0.0359012,-78779.0,0.7,-108975.97
0.0366782,-97085.2,0.7,-114695.71
0.0381085,-105196.0,0.7,-124227.15
0.0320779,-100057.0,0.7,-92229.125
0.0318926,-108166.0,0.7,-91765.39
0.0331742,-114701.0,0.7,-94735.69
0.0333111,-96238.5,0.7,-95111.19
0.0322827,-73636.1,0.7,-92699.23
0.0329141,-80553.5,0.7,-94090.16
0.0387836,-76586.4,0.7,-127798.37
0.0366436,-127293.0,0.7,-114442.53
0.0347359,-121198.0,0.7,-101202.84
0.0378028,-107086.0,0.7,-122393.3
0.0386746,-136457.0,0.7,-127266.375
0.0324293,-81935.2,0.7,-93019.945
0.0306717,-75405.1,0.7,-86828.74
0.0322921,-86318.7,0.7,-92720.18
0.031348,-77900.2,0.7,-90047.05
0.0381281,-129046.0,0.7,-124340.125
0.034799,-104276.0,0.7,-101571.23
0.0312958,-83934.7,0.7,-89846.055
0.0306378,-78743.8,0.7,-86630.49
0.0314914,-84210.8,0.7,-90562.95
0.032474,-89202.8,0.7,-93116.5
0.039082,-142959.0,0.7,-129171.18
0.0385608,-145439.0,0.7,-126692.84
0.0318929,-89382.0,0.7,-91766.19
0.0319941,-89582.4,0.7,-92024.9
0.0323475,-95170.3,0.7,-92842.086
0.0307571,-90938.9,0.7,-87312.266
0.0317669,-91409.1,0.7,-91421.914
0.0323414,-65379.8,0.7,-92828.74
0.0336729,-68386.0,0.7,-96257.24
0.0339865,-72478.3,0.7,-97461.445
0.0310474,-65294.9,0.7,-88785.66
0.0318898,-78770.8,0.7,-91757.97
0.0360716,-104000.0,0.7,-110224.266
0.0354789,-121580.0,0.7,-105964.51
0.0309842,-76405.5,0.7,-88487.0
0.0300531,-73444.5,0.7,-82665.68
0.0299069,-73668.3,0.7,-81529.336
0.0297195,-71794.2,0.7,-80005.35
0.03035,-76478.8,0.7,-84803.73
0.0292992,-69363.6,0.7,-76397.6
0.0296092,-71079.7,0.7,-79079.125
0.0357389,-112089.0,0.7,-107801.68
0.0329697,-93629.1,0.7,-94221.78
0.0289238,-71437.1,0.7,-73107.66
0.0293809,-74570.0,0.7,-77112.23
0.029842,-76611.0,0.7,-81009.44
0.0323475,-90095.9,0.7,-92842.086
0.0367436,-121585.0,0.7,-115172.555
0.0380632,-138715.0,0.7,-123963.76
0.038869,-150801.0,0.7,-128203.586
0.0368113,-133181.0,0.7,-115663.89
0.0306801,-86762.4,0.7,-86877.39
0.030323,-82652.0,0.7,-84619.555
0.0300442,-82297.2,0.7,-82597.945
0.0306463,-84314.5,0.7,-86680.5
0.0345823,-84923.5,0.7,-100338.84
0.0367836,-67282.8,0.7,-115463.12
0.0365909,-91979.0,0.7,-114056.09
0.0310406,-73013.6,0.7,-88754.125
0.030047,-66147.5,0.7,-82619.32
0.0308912,-75675.2,0.7,-88025.336
0.0373833,-130817.0,0.7,-119674.164
0.029207,-69701.4,0.7,-75587.88
0.0287214,-66888.6,0.7,-71375.58
0.0335736,-98304.9,0.7,-95918.36
0.029122,-73891.2,0.7,-74840.62
0.0278638,-67619.2,0.7,-65124.406
0.0303265,-79422.5,0.7,-84643.49
0.028708,-69097.0,0.7,-71262.95
0.0272326,-63331.7,0.7,-62405.32
0.030382,-80718.8,0.7,-85019.26
0.0351452,-111222.0,0.7,-103719.88
0.0336386,-101744.0,0.7,-96138.016
0.0367136,-135692.0,0.7,-114954.04
0.0363261,-127164.0,0.7,-112103.05
0.0302276,-83968.0,0.7,-83951.77
0.029923,-83755.8,0.7,-81656.92
0.0348783,-100433.0,0.7,-102044.79
0.0298265,-59690.3,0.7,-80884.04
0.0322191,-66721.9,0.7,-92556.83
0.0326915,-76931.0,0.7,-93587.53
0.0289174,-59864.6,0.7,-73052.16
0.0299686,-71368.1,0.7,-82015.03
0.0291022,-65884.8,0.7,-74666.67
0.0281001,-60148.9,0.7,-66605.48
0.0330829,-114829.0,0.7,-94499.9
0.0347836,-74555.1,0.7,-101480.56
0.0339839,-99236.8,0.7,-97450.59
0.028987,-68711.6,0.7,-73657.74
0.0285533,-66323.1,0.7,-69987.22
0.0285147,-67106.0,0.7,-69676.74
0.028064,-64006.6,0.7,-66364.96
0.0281281,-64179.2,0.7,-66795.38
0.027775,-62800.5,0.7,-64628.11
0.0275928,-63158.0,0.7,-63721.582
0.0279006,-63568.5,0.7,-65340.176
0.0267341,-60142.7,0.7,-61683.04
0.0318929,-89286.4,0.7,-91766.19
0.0306801,-83491.0,0.7,-86877.39
0.0268352,-64160.9,0.7,-61726.066
0.0281631,-71412.9,0.7,-67036.625
0.0270978,-60653.2,0.7,-62083.086
0.0252313,-48342.5,0.7,-65931.65
0.0357528,-118588.0,0.7,-107901.54
0.0321997,-93262.2,0.7,-92512.81
0.0347848,-121930.0,0.7,-101487.62
0.0348661,-116857.0,0.7,-101971.17
0.0285855,-79457.1,0.7,-70248.664
0.0282928,-76714.8,0.7,-67967.07
0.0287285,-78830.5,0.7,-71435.36
0.0283831,-77433.0,0.7,-68646.29
0.0333583,-93784.5,0.7,-95247.46
0.0286407,-81996.4,0.7,-70702.195
0.030361,-61419.3,0.7,-84878.22
0.0280047,-55705.8,0.7,-65980.77
0.0270044,-54658.6,0.7,-61915.137
0.0282872,-56383.8,0.7,-67925.77
0.0264029,-52169.6,0.7,-61893.777
0.0269945,-58985.5,0.7,-61900.05
0.0257618,-56406.7,0.7,-63623.027
0.0274412,-59714.7,0.7,-63088.27
0.0264375,-57346.1,0.7,-61847.555
0.0265756,-56091.2,0.7,-61718.152
0.0257176,-62263.9,0.7,-63793.273
0.0267166,-54196.8,0.7,-61680.797
0.0270096,-57824.7,0.7,-61923.312
0.0269615,-56825.0,0.7,-61853.17
0.0261004,-48860.2,0.7,-62518.188
0.0253826,-45291.7,0.7,-65226.02
0.0283689,-74039.7,0.7,-68537.92
0.0338524,-107326.0,0.7,-96920.92
0.0322577,-96696.9,0.7,-92643.61
0.027411,-75877.2,0.7,-62975.766
0.0331793,-96026.1,0.7,-94749.12
0.0306819,-69991.3,0.7,-86887.76
0.0315106,-94067.2,0.7,-90628.17
0.0264253,-55555.3,0.7,-61863.2
0.0251982,-49669.3,0.7,-66088.78
0.0248288,-52277.9,0.7,-67856.38
0.0318208,-94305.4,0.7,-91572.44
0.0327836,-67916.1,0.7,-93791.48
0.0246544,-53290.9,0.7,-68662.41
0.0255002,-55153.1,0.7,-64698.3
0.0306463,-85989.4,0.7,-86680.5
0.0302276,-82809.4,0.7,-83951.77
0.0249304,-54850.6,0.7,-67373.26
0.0262001,-66116.3,0.7,-62270.645
0.0253302,-42628.5,0.7,-65467.508
0.0254187,-41903.0,0.7,-65061.793
0.0255586,-45350.0,0.7,-64445.227
0.0246564,-38787.5,0.7,-68653.375
0.0238237,-38973.6,0.7,-71513.77
0.0251375,-44997.2,0.7,-66378.76
0.023289,-38693.5,0.7,-71888.984
0.023918,-35637.0,0.7,-71308.984
0.0285855,-76470.5,0.7,-70248.664
0.030323,-87034.8,0.7,-84619.555
0.0333111,-109606.0,0.7,-95111.19
0.0287166,-62378.1,0.7,-71335.16
0.0269438,-56386.5,0.7,-61830.43
0.0250501,-50998.0,0.7,-66798.52
0.0242564,-47801.2,0.7,-70291.79
0.0237709,-50438.3,0.7,-71611.57
0.0234378,-48238.2,0.7,-71927.83
0.0247577,-46704.4,0.7,-68189.25
0.0243138,-48421.1,0.7,-70081.17
0.0232434,-41186.1,0.7,-71853.68
0.0231012,-38519.7,0.7,-71671.8
0.0235898,-52298.5,0.7,-71850.28
0.0239952,-59199.1,0.7,-71114.17
0.0223207,-44810.7,0.7,-68728.51
0.023381,-40327.1,0.7,-71926.73
0.0228014,-38854.4,0.7,-70926.73
0.0216684,-42923.7,0.7,-64040.14
0.0237212,-36407.7,0.7,-71692.29
0.0226125,-33662.8,0.7,-70206.56
0.0265694,-69214.9,0.7,-61722.07
0.0319941,-100051.0,0.7,-92024.9
0.0300442,-89400.8,0.7,-82597.945
0.0317166,-92380.2,0.7,-91276.64
0.0289928,-82746.0,0.7,-73708.3
0.0272665,-68283.0,0.7,-62501.176
0.0249601,-52892.7,0.7,-67231.016
0.0232758,-47431.3,0.7,-71879.96
0.0230019,-47616.4,0.7,-71479.53
0.0236279,-46720.3,0.7,-71812.984
0.0227214,-47798.2,0.7,-70645.09
0.0307836,-67543.0,0.7,-87457.66
0.0223957,-41707.7,0.7,-69149.29
0.0287285,-79152.6,0.7,-71435.36
0.0245582,-62972.5,0.7,-69088.04
0.0221159,-50892.7,0.7,-67444.67
0.0207445,-39551.6,0.7,-55492.52
0.0220222,-36834.1,0.7,-66795.44
0.0267604,-71426.5,0.7,-61689.164
0.0282928,-80514.6,0.7,-67967.07
0.0317669,-103528.0,0.7,-91421.914
0.0299349,-93081.2,0.7,-81750.82
0.0257938,-61018.5,0.7,-63503.215
0.0272116,-86878.6,0.7,-62348.926
0.0280435,-90119.2,0.7,-66230.63
0.0256858,-78628.2,0.7,-63918.83
0.0219757,-45905.0,0.7,-66459.74
0.0226396,-49013.9,0.7,-70321.58
0.0224935,-44382.7,0.7,-69656.05
0.0214299,-42366.6,0.7,-61962.953
0.0216221,-38004.4,0.7,-63648.773
0.0210126,-39159.0,0.7,-58065.793
0.0207769,-24083.4,0.7,-55803.285
0.0216204,-35534.4,0.7,-63634.223
0.0228419,-57712.9,0.7,-71056.07
0.0215169,-43804.1,0.7,-62737.426
0.020814,-42483.2,0.7,-56159.44
0.0200812,-37361.0,0.7,-49400.91
0.0192835,-31710.4,0.7,-43570.348
0.0247698,-65504.8,0.7,-68132.97
0.0267371,-73109.8,0.7,-61683.59
0.0215455,-44268.9,0.7,-62988.05
0.0220171,-43865.2,0.7,-66759.04
0.0208101,-43437.9,0.7,-56121.94
0.023724,-65379.9,0.7,-71688.12
0.0260928,-86694.8,0.7,-62538.58
0.0287836,-64170.6,0.7,-71902.02
0.0201754,-37257.3,0.7,-50217.18
0.0201038,-38302.9,0.7,-49594.758
0.0227483,-59533.5,0.7,-70743.66
0.0208171,-49872.6,0.7,-56189.26
0.0189758,-37252.4,0.7,-41930.53
0.0182707,-30252.8,0.7,-39446.57
0.0185265,-36055.8,0.7,-40159.016
0.0251724,-67526.0,0.7,-66211.836
0.0201308,-40931.2,0.7,-49827.984
0.019953,-41695.3,0.7,-48326.938
0.0267836,-61100.8,0.7,-61697.586
0.023926,-80653.2,0.7,-71289.945
0.0211511,-43025.6,0.7,-59383.79
0.0206935,-41174.8,0.7,-55004.312
0.0227048,-60951.7,0.7,-70582.35
0.0172537,-31085.9,0.7,-37937.953
0.0247836,-58564.8,0.7,-68068.64
0.020547,-53241.8,0.7,-53612.934
0.0237353,-64743.6,0.7,-71670.53
0.0203005,-53605.3,0.7,-51332.41
0.0217154,-58990.8,0.7,-64430.89
0.0185141,-44064.1,0.7,-40119.91
0.0199279,-53122.8,0.7,-48121.97
0.0184131,-45209.4,0.7,-39819.152
0.0185901,-31970.3,0.7,-40367.5
0.0208134,-23369.0,0.7,-56153.684
0.0191641,-22183.4,0.7,-42891.625
0.0178724,-19672.0,0.7,-38672.27
0.014643,-17912.2,0.7,-31179.354
0.0148369,-24833.9,0.7,-31995.676
0.01615,-18267.2,0.7,-36344.75
0.0125619,-25910.4,0.7,-24575.07
0.0211203,-20462.0,0.7,-59092.195
0.02245,-23175.7,0.7,-69436.61
0.0204279,-28471.1,0.7,-52499.3
0.0226843,-35919.1,0.7,-70502.82
0.0199672,-28453.8,0.7,-48443.652
0.0131331,-34699.0,0.7,-25544.121
0.0150457,-38036.1,0.7,-32846.25
0.0233274,-29290.3,0.7,-71910.16
0.0242418,-39164.2,0.7,-70343.78
0.0188014,-22083.4,0.7,-41158.086
0.0218364,-41823.7,0.7,-65404.01
0.0176571,-16061.3,0.7,-38376.176
0.0176539,-19272.2,0.7,-38372.152
0.0236175,-53633.3,0.7,-71823.85
0.0165702,-41603.5,0.7,-37124.938
0.0170019,-49228.6,0.7,-37676.99
0.0183865,-44927.9,0.7,-39745.145
0.0165807,-29820.9,0.7,-37140.98
0.0165817,-19559.1,0.7,-37142.457
0.0155043,-47684.9,0.7,-34539.5
0.0135394,-45638.8,0.7,-26745.96
0.0167241,-20588.7,0.7,-37344.688
0.0126336,-18100.5,0.7,-24643.28
0.0216402,-22868.1,0.7,-63802.54
0.0110795,-35910.3,0.7,-27078.36
0.0144279,-54053.0,0.7,-30261.137
0.0115441,-52149.5,0.7,-25482.945
0.0117729,-55630.8,0.7,-24964.69
0.0106958,-27490.9,0.7,-28892.242
0.0101241,-36307.6,0.7,-32240.361
0.0200594,-31375.8,0.7,-49215.14
0.0218882,-25479.8,0.7,-65805.08
0.0234787,-33508.4,0.7,-71918.35
0.0238592,-40817.3,0.7,-71441.086
0.0203877,-28144.4,0.7,-52128.086
0.0221109,-30290.9,0.7,-67411.02
0.0186203,-40633.5,0.7,-40471.08
0.0250797,-34478.1,0.7,-66656.18
0.0256454,-44234.7,0.7,-64082.027
0.0255551,-35206.0,0.7,-64460.227
0.0250815,-54609.3,0.7,-66647.586
0.0263897,-57215.7,0.7,-61912.883
0.0187892,-24469.5,0.7,-41108.223
0.0202987,-37128.9,0.7,-51316.08
0.0276826,-62433.2,0.7,-64149.066
0.0285134,-69003.3,0.7,-69666.36
0.0136485,-48932.9,0.7,-27125.582
0.0152771,-48890.8,0.7,-33736.23
0.0166313,-51180.6,0.7,-37215.86
0.0166919,-40861.3,0.7,-37301.184
0.0182142,-31337.8,0.7,-39314.195
0.0199708,-26687.0,0.7,-48473.34
0.0117704,-41782.9,0.7,-24969.422
0.00977724,-45156.5,0.7,-34515.902
0.00975324,-56752.5,0.7,-34677.2
0.0147021,-16779.4,0.7,-31430.088
0.00820691,-38795.3,0.7,-44449.74
0.00847435,-40990.1,0.7,-42984.145
0.00897575,-35374.3,0.7,-39900.863
0.0110425,-21229.6,0.7,-27234.941
0.00913838,-30642.0,0.7,-38831.39
0.0272549,-53521.4,0.7,-62467.695
0.0271134,-45640.2,0.7,-62115.504
0.0271738,-65599.9,0.7,-62253.207
0.0161911,-26318.0,0.7,-36434.203
0.0136425,-26424.6,0.7,-27104.207
0.0147699,-18694.6,0.7,-31715.81
0.0163884,-18844.2,0.7,-36822.61
0.0149486,-38200.7,0.7,-32455.34
0.0127207,-17693.9,0.7,-24747.96
0.0297398,-76430.7,0.7,-80173.74
0.0289074,-67690.9,0.7,-72965.516
0.029628,-72976.5,0.7,-79238.35
0.00978166,-54887.4,0.7,-34486.1
0.0118058,-48306.4,0.7,-24905.258
0.0106311,-43868.6,0.7,-29236.592
0.0118379,-35502.1,0.7,-24850.816
0.0132975,-39008.2,0.7,-25986.307
0.00836972,-52652.6,0.7,-43574.395
0.00767897,-33766.4,0.7,-46903.477
0.006647,-29049.2,0.7,-50283.84
0.00660498,-40350.8,0.7,-50403.668
0.00722419,-47162.5,0.7,-48564.96
0.0241297,-44635.7,0.7,-70720.28
0.0184525,-22673.5,0.7,-39932.773
0.0196702,-24512.9,0.7,-46130.492
0.0209757,-26063.0,0.7,-57712.41
0.0225244,-37469.7,0.7,-69806.03
0.0252072,-43295.9,0.7,-66046.016
0.0276831,-45874.2,0.7,-64151.6
0.0283966,-62335.5,0.7,-68749.83
0.0181815,-22464.8,0.7,-39241.344
0.014634,-17521.8,0.7,-31141.229
0.0111801,-27505.7,0.7,-26673.83
0.0104705,-34537.8,0.7,-30133.418
0.00914315,-44492.6,0.7,-38799.57
0.0306683,-78776.3,0.7,-86809.02
0.0315949,-82566.6,0.7,-90904.65
0.0306734,-76969.9,0.7,-86838.63
0.00793419,-57878.7,0.7,-45791.89
0.00681456,-43984.3,0.7,-49806.582
0.0050846,-29852.0,0.7,-57711.402
0.00644625,-47216.5,0.7,-50863.477
0.00771474,-37073.3,0.7,-46756.004
0.0205253,-26755.9,0.7,-53408.633
0.0259559,-36694.0,0.7,-62943.13
0.0248623,-37705.3,0.7,-67697.805
0.026536,-33983.8,0.7,-61746.11
0.021575,-34492.3,0.7,-63244.336
0.0201199,-27881.7,0.7,-49733.652
0.0289641,-63777.0,0.7,-73458.03
0.0163355,-19569.5,0.7,-36724.91
0.0129213,-15756.6,0.7,-25075.637
0.0147567,-17784.7,0.7,-31660.363
0.0099573,-26632.6,0.7,-33319.547
0.0112363,-15472.4,0.7,-26461.63
0.0093646,-33980.6,0.7,-37311.152
0.00721393,-55124.7,0.7,-48598.387
0.0319489,-85703.1,0.7,-91911.15
0.0328179,-88716.0,0.7,-93868.74
0.0325224,-86109.4,0.7,-93220.82
0.0299972,-71990.5,0.7,-82237.14
0.0313325,-77515.6,0.7,-89988.12
0.0315813,-80295.9,0.7,-90861.125
0.0292799,-63281.9,0.7,-76228.35
0.0276621,-41907.1,0.7,-64048.15
0.00578206,-23905.0,0.7,-53249.902
0.00501457,-41450.1,0.7,-58330.61
0.00468089,-20267.8,0.7,-61798.18
0.00557659,-50884.7,0.7,-54284.09
0.00617194,-51465.4,0.7,-51723.766
0.0272243,-39677.0,0.7,-62382.77
0.0292935,-61827.9,0.7,-76347.58
0.0235453,-35897.0,0.7,-71884.85
0.023684,-31803.0,0.7,-71745.336
0.0256724,-31607.6,0.7,-63972.53
0.0257449,-31173.6,0.7,-63687.562
0.0218515,-35026.2,0.7,-65521.902
0.0201052,-30726.4,0.7,-49606.805
0.0184497,-26365.0,0.7,-39924.54
0.0206322,-31436.8,0.7,-54419.84
0.0218976,-33240.6,0.7,-65876.734
0.0165771,-22337.6,0.7,-37135.47
0.012872,-14492.2,0.7,-24984.227
0.0113079,-13816.0,0.7,-26205.904
0.00946665,-23319.3,0.7,-36618.67
0.00792675,-35796.0,0.7,-45826.25
0.00780597,-35183.8,0.7,-46367.71
0.00976373,-18481.3,0.7,-34606.54
0.00970067,-17165.1,0.7,-35031.38
0.00739714,-44256.7,0.7,-47976.902
0.031352,-84588.6,0.7,-90062.12
0.0337926,-93159.0,0.7,-96692.28
0.0332539,-88370.7,0.7,-94950.83
0.033597,-88757.2,0.7,-95996.48
0.0350221,-98704.7,0.7,-102932.46
0.033861,-94920.4,0.7,-96954.36
0.0329894,-91955.3,0.7,-94269.22
0.0348224,-98567.1,0.7,-101709.734
0.00604267,-57965.1,0.7,-52179.543
0.00507972,-40591.9,0.7,-57753.332
0.00384724,-25855.8,0.7,-74168.47
0.00368527,-18007.8,0.7,-77032.65
0.0295294,-63170.5,0.7,-78398.11
0.0308649,-73591.0,0.7,-87889.91
0.0273665,-41514.9,0.7,-62818.273
0.027134,-42660.7,0.7,-62160.367
0.0258757,-36959.9,0.7,-63209.95
0.0232615,-31278.5,0.7,-71869.11
0.018867,-28333.9,0.7,-41435.617
0.0145439,-17570.8,0.7,-30756.973
0.0212484,-30080.8,0.7,-60297.812
0.0111753,-12916.6,0.7,-26692.42
0.0120529,-13225.2,0.7,-24579.973
0.00810324,-32641.8,0.7,-44978.605
0.00554769,-37580.7,0.7,-54445.8
0.00812798,-30841.6,0.7,-44854.5
0.00544526,-52581.9,0.7,-55055.074
0.00599491,-42072.8,0.7,-52359.066
0.00639498,-40892.7,0.7,-51016.29
0.0355828,-100028.0,0.7,-106690.89
0.0326181,-82789.2,0.7,-93427.45
0.035371,-101037.0,0.7,-105222.92
0.0368427,-108425.0,0.7,-115890.81
0.037292,-110537.0,0.7,-119054.664
0.0320158,-88858.5,0.7,-92078.63
0.0348779,-101408.0,0.7,-102042.39
0.0361461,-107017.0,0.7,-110773.07
0.0363751,-106032.0,0.7,-112465.29
0.00518173,-56199.9,0.7,-56910.86
0.00423773,-23475.5,0.7,-67769.25
0.00368394,-32324.5,0.7,-77056.43
0.00329842,-17390.8,0.7,-83960.766
0.00426919,-45164.5,0.7,-67295.7
0.00433342,-51842.9,0.7,-66351.41
0.0313356,-75508.3,0.7,-89999.98
0.0288939,-58922.2,0.7,-72848.7
0.0349529,-94373.6,0.7,-102500.766
0.0281132,-54595.4,0.7,-66693.95
0.0194352,-27870.4,0.7,-44509.832
0.0215839,-32926.7,0.7,-63321.277
0.0196964,-31944.8,0.7,-46323.11
0.0235365,-34906.3,0.7,-71890.59
0.0238672,-43059.6,0.7,-71423.92
0.0169895,-24005.0,0.7,-37663.562
0.0132919,-15123.5,0.7,-25970.11
0.0255576,-40633.6,0.7,-64449.535
0.00977047,-18026.3,0.7,-34561.297
0.0079631,-31164.8,0.7,-45657.062
0.00654412,-45104.4,0.7,-50578.21
0.0380275,-112859.0,0.7,-123754.11
0.0337788,-96688.2,0.7,-96640.69
0.0369006,-114369.0,0.7,-116307.59
0.00442418,-49995.0,0.7,-65070.227
0.00465031,-52301.8,0.7,-62160.19
0.00371529,-31557.5,0.7,-76496.15
0.00284201,-20096.0,0.7,-91158.13
0.00267832,-16441.3,0.7,-93125.83
0.00254906,-15730.1,0.7,-94344.46
0.0317698,-77334.1,0.7,-91430.18
0.030908,-72888.2,0.7,-88110.71
0.0303328,-69032.4,0.7,-84686.63
0.0336257,-87135.4,0.7,-96093.71
0.0370114,-106092.0,0.7,-117098.56
0.0335024,-85757.3,0.7,-95687.125
0.0351922,-95139.8,0.7,-104026.78
0.0359013,-99672.3,0.7,-108976.71
0.0274295,-51089.5,0.7,-63044.16
0.0254294,-44970.0,0.7,-65013.395
0.0277457,-55808.9,0.7,-64472.027
0.0294094,-63986.1,0.7,-77360.49
0.0175775,-25462.1,0.7,-38281.137
0.015601,-20293.7,0.7,-34856.684
0.0216278,-39564.3,0.7,-63697.27
0.0162613,-24685.0,0.7,-36580.027
0.0179844,-31185.8,0.7,-38855.656
0.0109279,-15875.6,0.7,-27745.783
0.00478754,-43136.4,0.7,-60594.4
0.00503525,-40177.8,0.7,-58143.977
0.00618865,-50416.0,0.7,-51667.766
0.00389521,-47548.2,0.7,-73338.125
0.00521281,-44358.8,0.7,-56668.586
0.0337228,-97514.0,0.7,-96435.03
0.0355678,-107057.0,0.7,-106585.43
0.00367258,-44488.1,0.7,-77259.945
0.00360697,-52882.2,0.7,-78439.45
0.00287003,-21239.1,0.7,-90780.27
0.00278844,-23983.2,0.7,-91848.98
0.00303692,-33988.5,0.7,-88324.95
0.00239809,-17876.1,0.7,-95324.38
0.0325891,-80300.0,0.7,-93364.68
0.0317045,-75437.0,0.7,-91241.03
0.0358037,-97465.7,0.7,-108268.45
0.0372605,-106533.0,0.7,-118838.88
0.0380027,-110574.0,0.7,-123607.35
0.0266122,-53480.9,0.7,-61699.11
0.0304746,-69872.8,0.7,-85625.72
0.0143321,-19253.3,0.7,-29852.785
0.0198449,-38383.5,0.7,-47457.695
0.0166546,-30428.0,0.7,-37249.17
0.0234035,-45179.2,0.7,-71929.125
0.0122939,-17362.5,0.7,-24468.176
0.00904964,-24686.9,0.7,-39418.07
0.00394638,-42826.7,0.7,-72463.83
0.00404164,-40722.3,0.7,-70872.11
0.00523313,-50693.4,0.7,-56513.742
0.0394308,-117788.0,0.7,-130632.34
0.00321587,-33364.3,0.7,-85388.445
0.00366312,-52783.6,0.7,-77429.62
0.00268403,-25561.6,0.7,-93064.79
0.00206322,-15537.9,0.7,-95461.914
0.00176909,-13937.4,0.7,-92892.68
0.00156156,-13911.6,0.7,-89433.37
0.0016727,-16086.6,0.7,-91457.86
0.0027998,-40378.4,0.7,-91706.16
0.0338992,-86122.2,0.7,-97105.13
0.0344685,-89902.4,0.7,-99729.945
0.036311,-98972.6,0.7,-111991.47
0.0379777,-109665.0,0.7,-123458.62
0.0388486,-115045.0,0.7,-128107.664
0.0293628,-65579.4,0.7,-76954.25
0.0349578,-91482.7,0.7,-102531.1
0.0373406,-105683.0,0.7,-119385.59
0.0388772,-114922.0,0.7,-128241.9
0.0404439,-124186.0,0.7,-134209.16
0.0326939,-80130.7,0.7,-93592.7
0.0391701,-117372.0,0.7,-129554.18
0.0258185,-52376.3,0.7,-63412.695
0.0149871,-25740.2,0.7,-32611.363
0.0177545,-35716.1,0.7,-38502.12
0.0216071,-41905.2,0.7,-63520.656
0.0283798,-62481.3,0.7,-68621.055
0.0275119,-59349.4,0.7,-63369.633
0.0299517,-69694.2,0.7,-81882.87
0.0267629,-55957.8,0.7,-61689.957
0.0290975,-65254.9,0.7,-74625.39
0.0251148,-50840.6,0.7,-66487.625
0.0313816,-74645.3,0.7,-90172.53
0.033355,-84289.6,0.7,-95237.78
0.0310215,-73646.3,0.7,-88664.69
0.0102449,-22080.1,0.7,-31482.332
0.00397521,-44788.0,0.7,-71976.87
0.00406354,-57992.9,0.7,-70513.39
0.00262776,-38491.7,0.7,-93640.96
0.00273175,-43631.6,0.7,-92531.69
0.00410555,-49633.2,0.7,-69833.56
0.00261326,-33572.5,0.7,-93779.77
0.00257611,-51882.9,0.7,-94116.69
0.0017658,-19481.4,0.7,-92848.56
0.00211749,-23105.1,0.7,-95649.39
0.00221313,-21230.5,0.7,-95775.37
0.00338755,-54218.2,0.7,-82385.64
0.0020624,-26506.6,0.7,-95458.41
0.0395496,-117981.0,0.7,-131098.23
0.0358001,-97718.3,0.7,-108242.41
0.0422565,-134828.0,0.7,-139653.47
0.0325532,-81320.7,0.7,-93287.25
0.0134304,-21866.5,0.7,-26388.705
0.0115524,-23939.4,0.7,-25461.055
0.0155883,-31671.7,0.7,-34815.93
0.0192744,-38335.4,0.7,-43516.723
0.0209206,-40895.9,0.7,-57183.633
0.0230028,-45017.0,0.7,-71481.44
0.0282946,-60834.8,0.7,-67980.42
0.0315295,-76447.4,0.7,-90691.56
0.00272498,-50231.2,0.7,-92609.71
0.0029133,-42924.8,0.7,-90175.87
0.0029988,-43844.6,0.7,-88913.79
0.00242402,-28753.7,0.7,-95192.92
0.00180348,-26351.5,0.7,-93332.664
0.00210334,-23616.8,0.7,-95608.71
0.00147001,-12646.9,0.7,-87469.31
0.00128115,-10876.2,0.7,-82590.67
0.000986565,-10858.7,0.7,-72912.625
0.000964343,-12212.8,0.7,-72089.82
0.000944725,-13927.6,0.7,-71353.53
0.00219563,-37035.5,0.7,-95771.34
0.00179407,-27016.5,0.7,-93215.97
0.0405193,-123462.0,0.7,-134447.67
0.0347922,-92735.9,0.7,-101531.09
0.0132686,-26496.1,0.7,-25903.963
0.0162133,-34130.7,0.7,-36481.24
0.0177113,-36340.9,0.7,-38444.72
0.0249947,-50117.6,0.7,-67064.87
0.0221225,-42746.4,0.7,-67489.03
0.0203689,-39562.8,0.7,-51955.35
0.0187077,-37240.3,0.7,-40788.457
0.0260366,-53016.4,0.7,-62696.5
0.0240564,-47394.3,0.7,-70943.195
0.0252204,-50641.0,0.7,-65983.36
0.0306961,-71101.4,0.7,-86969.24
0.00310432,-50062.0,0.7,-87249.44
0.00292094,-46227.0,0.7,-90066.6
0.0032652,-54917.4,0.7,-84539.64
0.00180348,-33228.7,0.7,-93332.664
0.0017293,-35796.5,0.7,-92336.516
0.00177277,-39542.7,0.7,-92941.55
0.00180348,-30006.0,0.7,-93332.664
0.00182357,-44210.6,0.7,-93572.26
0.00145967,-21398.3,0.7,-87230.83
0.00135375,-22791.6,0.7,-84595.35
0.00149188,-16926.8,0.7,-87962.59
0.000853942,-9517.59,0.7,-67830.56
0.000847453,-10622.1,0.7,-67571.695
0.000991078,-16858.6,0.7,-73078.27
0.00229313,-44553.2,0.7,-95688.39
0.00125891,-19233.1,0.7,-81944.984
0.00138518,-18754.8,0.7,-85413.59
0.0338728,-87692.7,0.7,-97000.63
0.0143428,-30385.5,0.7,-29898.24
0.0166067,-34433.7,0.7,-37179.887
0.0214195,-41810.2,0.7,-61869.195
0.0273395,-56937.7,0.7,-62727.637
0.0294586,-64427.1,0.7,-77787.65
0.023264,-45658.0,0.7,-71871.086
0.0328206,-81703.9,0.7,-93874.88
0.00186429,-44784.6,0.7,-94018.77
0.00212766,-42068.0,0.7,-95675.086
0.00220958,-44399.0,0.7,-95775.164
0.00279593,-58053.9,0.7,-91754.984
0.00134963,-32974.0,0.7,-84485.84
0.00151653,-37445.7,0.7,-88500.61
0.000976887,-21420.3,0.7,-72555.74
0.000924347,-11221.9,0.7,-70579.09
0.000846297,-9316.02,0.7,-67525.49
0.00073682,-8903.2,0.7,-63025.816
0.000445663,-7481.62,0.7,-50071.9
0.000445663,-7812.56,0.7,-50071.9
0.000437193,-9149.88,0.7,-49678.363
0.000445663,-8295.58,0.7,-50071.9
0.000449569,-10877.3,0.7,-50253.04
0.00145583,-23627.2,0.7,-87141.33
0.00141759,-26334.3,0.7,-86225.44
0.00280652,-55936.0,0.7,-91620.69
0.00110267,-18644.3,0.7,-77008.9
0.032821,-79813.3,0.7,-93875.78
0.00228554,-48532.1,0.7,-95703.945
0.00246078,-53798.6,0.7,-94979.75
0.00273197,-61999.4,0.7,-92529.1
0.00104012,-29967.0,0.7,-74845.15
0.00120232,-28638.4,0.7,-80237.016
0.00106757,-31289.0,0.7,-75807.336
0.000977375,-30411.4,0.7,-72573.78
0.00104018,-30411.6,0.7,-74847.266
0.00116475,-25669.9,0.7,-79052.32
0.00114789,-36944.0,0.7,-78507.9
0.00111159,-30275.6,0.7,-77308.91
0.000901742,-18181.0,0.7,-69708.734
0.000833225,-18844.3,0.7,-67001.016
0.000878411,-13723.7,0.7,-68798.32
0.000406204,-7212.83,0.7,-48232.36
0.000342883,-6950.95,0.7,-45251.266
0.000383641,-9359.2,0.7,-47174.027
0.000449569,-12194.8,0.7,-50253.04
0.00143038,-31016.7,0.7,-86536.93
0.0020025,-44130.9,0.7,-95149.11
0.000668494,-13727.9,0.7,-60102.53
0.000687063,-14777.0,0.7,-60905.12
0.0352037,-92666.5,0.7,-104102.29
0.00125927,-35121.4,0.7,-81955.58
0.00136834,-39051.8,0.7,-84978.98
0.00160428,-43290.5,0.7,-90258.445
0.0020016,-60189.2,0.7,-95143.63
0.00186015,-54684.4,0.7,-93975.76
0.000601161,-23193.5,0.7,-57145.15
0.000751452,-26719.4,0.7,-63640.89
0.000859461,-27063.1,0.7,-68049.94
0.000964595,-33771.8,0.7,-72099.234
0.000450871,-14349.7,0.7,-50313.45
0.000601161,-17858.1,0.7,-57145.15
0.000395702,-8199.99,0.7,-47740.42
0.00040824,-9919.88,0.7,-48327.766
0.000371385,-7375.25,0.7,-46597.344
0.0,-3524.19,0.7,-28776.81
0.0,-3610.39,0.7,-28776.81
0.0,-3696.26,0.7,-28776.81
0.0,-4328.8,0.7,-28776.81
0.0,-3953.31,0.7,-28776.81
0.0,-4676.5,0.7,-28776.81
0.0,-5098.04,0.7,-28776.81
0.000950128,-17719.7,0.7,-71557.164
0.000701596,-17499.9,0.7,-61529.07
0.000530039,-15114.8,0.7,-53948.195
0.00161402,-47629.7,0.7,-90438.414
0.00197666,-64490.6,0.7,-94982.34
0.000663782,-23324.9,0.7,-59897.957
0.000601161,-19792.1,0.7,-57145.15
0.000547209,-22939.3,0.7,-54726.348
0.000510341,-22601.6,0.7,-53050.81
0.000428735,-20577.3,0.7,-49284.586
0.000477557,-21284.3,0.7,-51546.758
0.000564528,-23438.3,0.7,-55507.223
0.000551783,-25234.3,0.7,-54933.02
0.000522392,-21982.7,0.7,-53600.47
0.000450871,-13369.6,0.7,-50313.45
0.000451927,-14805.5,0.7,-50362.34
0.000366476,-11330.6,0.7,-46365.902
0.0,-3787.16,0.7,-28776.81
0.0,-3724.36,0.7,-28776.81
0.0,-5511.43,0.7,-28776.81
0.000756405,-16811.7,0.7,-63848.152
0.00028918,-12396.0,0.7,-42699.188
0.0,-7665.56,0.7,-28776.81
0.000531921,-23890.2,0.7,-54033.676
0.000753023,-28335.1,0.7,-63706.68
0.00109539,-35975.9,0.7,-76762.29
0.00112072,-40748.1,0.7,-77613.92
0.0012901,-53139.4,0.7,-82846.3
0.00229679,-66568.3,0.7,-95680.4
0.00136598,-59394.0,0.7,-84917.37
0.00114537,-47013.6,0.7,-78425.805
0.000300581,-16476.4,0.7,-43242.516
0.000288056,-17347.4,0.7,-42645.5
0.000384417,-19578.6,0.7,-47210.523
0.000432404,-23208.2,0.7,-49455.508
0.0,-6396.18,0.7,-28776.81
0.0,-5970.33,0.7,-28776.81
0.0,-6740.81,0.7,-28776.81
0.0,-7158.66,0.7,-28776.81
0.0,-6890.49,0.7,-28776.81
0.0,-4153.95,0.7,-28776.81
0.0,-4853.22,0.7,-28776.81
0.0,-5928.59,0.7,-28776.81
0.000445663,-14579.9,0.7,-50071.9
0.000330479,-13967.2,0.7,-44663.582
0.0,-7760.39,0.7,-28776.81
0.000682992,-26645.3,0.7,-60729.68
0.00101928,-41964.3,0.7,-74101.71
0.00147968,-64671.5,0.7,-87689.266
0.000300581,-16040.6,0.7,-43242.516
0.0,-8931.19,0.7,-28776.81
0.0,-9089.63,0.7,-28776.81
0.0,-9092.8,0.7,-28776.81
0.0,-8801.76,0.7,-28776.81
0.0,-8592.26,0.7,-28776.81
0.0,-9255.05,0.7,-28776.81
0.0,-9637.18,0.7,-28776.81
0.0,-10160.2,0.7,-28776.81
0.0,-10738.4,0.7,-28776.81
0.0,-9654.02,0.7,-28776.81
0.0,-7906.96,0.7,-28776.81
0.0,-7835.73,0.7,-28776.81
0.0,-7167.0,0.7,-28776.81
0.000327801,-21033.4,0.7,-44536.45
0.0,-11073.3,0.7,-28776.81
0.000341496,-20699.5,0.7,-45185.523
0.000682992,-30752.2,0.7,-60729.68
0.000682992,-36930.1,0.7,-60729.68
0.000851519,-47510.2,0.7,-67734.016
0.000682992,-39938.8,0.7,-60729.68
0.000955966,-55415.8,0.7,-71776.49
0.000520375,-34365.6,0.7,-53508.434
0.0,-8125.13,0.7,-28776.81
0.0,-7921.0,0.7,-28776.81
0.0,-7819.05,0.7,-28776.81
0.0,-7746.2,0.7,-28776.81
0.0,-11376.7,0.7,-28776.81
0.000341496,-21081.0,0.7,-45185.523
0.000822318,-50259.5,0.7,-66560.66
0.000918454,-57655.8,0.7,-70353.375
0.0,-11859.6,0.7,-28776.81
0.0,-11017.7,0.7,-28776.81
0.000341496,-29325.6,0.7,-45185.523
0.0,-17506.4,0.7,-28776.81
0.00042687,-33742.9,0.7,-49197.676
0.000428212,-38167.6,0.7,-49260.26
0.0,-15510.9,0.7,-28776.81
0.000512244,-46114.7,0.7,-53137.684
0.000468564,-42482.4,0.7,-51131.902
0.0,-13655.7,0.7,-28776.81
0.0,-12764.3,0.7,-28776.81
0.0,-15703.0,0.7,-28776.81
0.0,-16260.3,0.7,-28776.81
0.0,-18937.5,0.7,-28776.81
0.0,-20521.8,0.7,-28776.81
0.0347836,-65191.4,0.7,-101480.56
0.0358653,-88403.2,0.7,-108714.805
0.0367836,-67417.1,0.7,-115463.12
0.0378653,-93035.1,0.7,-122778.89
0.0358899,-98586.9,0.7,-108893.72
0.0387836,-70197.0,0.7,-127798.37
0.0369469,-106688.0,0.7,-116639.234
0.0378557,-102877.0,0.7,-122720.0
0.0338448,-96477.6,0.7,-96891.43
0.0398653,-96844.3,0.7,-132268.02
0.0391838,-113927.0,0.7,-129612.85
0.0367157,-111134.0,0.7,-114969.38
0.0348363,-107980.0,0.7,-101792.48
0.0407836,-73038.6,0.7,-135264.95
0.0397387,-108419.0,0.7,-131810.05
0.0380286,-114700.0,0.7,-123760.62
0.0387006,-112890.0,0.7,-127394.81
0.0328566,-105081.0,0.7,-93956.984
0.0417551,-95142.6,0.7,-138146.98
0.0417155,-119883.0,0.7,-138029.98
0.0406814,-123151.0,0.7,-134951.98
0.0353126,-105127.0,0.7,-104827.42
0.0374455,-102600.0,0.7,-120090.89
0.0357585,-101426.0,0.7,-107942.54
0.0339936,-95007.3,0.7,-97491.13
0.0427836,-74909.0,0.7,-141347.31
0.0415647,-111158.0,0.7,-137585.81
0.0406939,-114059.0,0.7,-134990.4
0.0392059,-120507.0,0.7,-129707.02
0.0368802,-112010.0,0.7,-116160.945
0.0395473,-104605.0,0.7,-131089.23
0.0436338,-100871.0,0.7,-144650.22
0.043091,-129612.0,0.7,-142433.38
0.0418588,-129867.0,0.7,-138454.14
0.0342273,-103262.0,0.7,-98531.01
0.0382167,-97588.9,0.7,-124844.19
0.0361971,-94533.7,0.7,-111149.62
0.0439876,-111894.0,0.7,-146393.23
0.0447836,-75303.3,0.7,-151583.14
0.0444841,-125883.0,0.7,-149392.72
0.0428056,-115521.0,0.7,-141421.97
0.041649,-107480.0,0.7,-137833.94
0.0403833,-126014.0,0.7,-134015.42
0.0380576,-116833.0,0.7,-123930.94
0.0357318,-108432.0,0.7,-107750.61
0.0403111,-103066.0,0.7,-133782.27
0.0347716,-87601.3,0.7,-101410.28
0.0459026,-100016.0,0.7,-162692.12
0.043972,-136392.0,0.7,-146310.23
0.0455579,-134946.0,0.7,-158779.7
0.0430736,-137329.0,0.7,-142369.25
0.0334329,-100586.0,0.7,-95470.484
0.0387262,-97730.7,0.7,-127520.3
0.0367892,-92212.2,0.7,-115503.75
0.0326286,-84779.7,0.7,-93450.27
0.0459063,-111247.0,0.7,-162736.33
0.0449452,-116019.0,0.7,-152898.3
0.0467836,-74592.9,0.7,-174096.72
0.0472179,-129902.0,0.7,-179941.86
0.0439842,-109800.0,0.7,-146375.1
0.0428775,-110974.0,0.7,-141669.25
0.0391502,-121243.0,0.7,-129468.53
0.0414328,-131484.0,0.7,-137198.12
0.0370624,-112864.0,0.7,-117459.414
0.0350449,-105568.0,0.7,-103076.45
0.039691,-103751.0,0.7,-131633.86
0.0352751,-87423.1,0.7,-104575.92
0.0335532,-82584.9,0.7,-95851.125
0.0480696,-99558.2,0.7,-190114.62
0.0451446,-143454.0,0.7,-154655.98
0.046472,-142762.0,0.7,-169908.84
0.0480336,-141212.0,0.7,-189746.27
0.0415621,-110261.0,0.7,-137578.22
0.0437228,-141778.0,0.7,-145062.6
0.0328535,-98310.4,0.7,-93949.83
0.0380371,-98020.3,0.7,-123810.65
0.0363007,-91578.6,0.7,-111915.37
0.0313173,-76700.1,0.7,-89929.73
0.047029,-114962.0,0.7,-177417.28
0.0479063,-110327.0,0.7,-188390.58
0.0461518,-111800.0,0.7,-165753.9
0.0487836,-73317.8,0.7,-195813.42
0.0495589,-127959.0,0.7,-198155.47
0.0451599,-113761.0,0.7,-154797.05
0.0452473,-146057.0,0.7,-155620.3
0.0492068,-136743.0,0.7,-197588.53
0.043206,-116894.0,0.7,-142866.5
0.0378301,-116200.0,0.7,-122562.39
0.0400438,-125280.0,0.7,-132891.28
0.0422574,-135974.0,0.7,-139656.31
0.0360711,-109190.0,0.7,-110220.54
0.0341204,-102218.0,0.7,-98040.32
0.0407672,-112732.0,0.7,-135214.95
0.0390144,-105487.0,0.7,-128870.61
0.034533,-85047.3,0.7,-100071.75
0.0327446,-78673.9,0.7,-93704.56
0.0501713,-97735.1,0.7,-197478.72
0.0450182,-120970.0,0.7,-153524.33
0.0469582,-148384.0,0.7,-176461.58
0.0479158,-146010.0,0.7,-188494.53
0.0504154,-143952.0,0.7,-196773.27
0.0425199,-119187.0,0.7,-140479.5
0.0446044,-145771.0,0.7,-150235.1
0.0458134,-149152.0,0.7,-161641.39
0.0319831,-95303.5,0.7,-91997.47
0.0372631,-97147.2,0.7,-118856.71
0.0355117,-89143.7,0.7,-106192.7
0.0312529,-73383.9,0.7,-89675.414
0.0491819,-115071.0,0.7,-197517.88
0.0483218,-111722.0,0.7,-192491.4
0.0499901,-110344.0,0.7,-197864.92
0.047706,-121654.0,0.7,-186104.2
0.0507836,-72887.2,0.7,-195444.44
0.0515995,-129998.0,0.7,-192431.42
0.0510074,-138277.0,0.7,-194568.73
0.0468595,-150766.0,0.7,-175125.19
0.0498233,-148595.0,0.7,-198091.98
0.0444883,-126724.0,0.7,-149421.34
0.0386725,-119788.0,0.7,-127255.945
0.0371416,-113357.0,0.7,-118015.36
0.040689,-128354.0,0.7,-134975.38
0.0429542,-138962.0,0.7,-141938.28
0.0351203,-105653.0,0.7,-103558.66
0.0331513,-98892.4,0.7,-94675.48
0.0419421,-122095.0,0.7,-138702.05
0.0405565,-115801.0,0.7,-134564.34
0.0385124,-104932.0,0.7,-126443.3
0.0337589,-81849.7,0.7,-96566.836
0.0320062,-74791.4,0.7,-92054.92
0.0521915,-99133.3,0.7,-191153.92
0.0469883,-135520.0,0.7,-176868.2
0.0486392,-154315.0,0.7,-194926.56
0.0492312,-151735.0,0.7,-197653.6
0.0524964,-148227.0,0.7,-190997.14
0.0519247,-153576.0,0.7,-191584.94
0.0434778,-129669.0,0.7,-143964.33
0.0452661,-148342.0,0.7,-155801.22
0.0467865,-153390.0,0.7,-174136.11
0.0478319,-154949.0,0.7,-187561.95
0.0309179,-91836.6,0.7,-88160.625
0.0364123,-94359.2,0.7,-112740.195
0.034794,-86423.4,0.7,-101541.72
0.0302548,-68460.0,0.7,-84144.83
0.0501772,-112775.0,0.7,-197464.02
0.0514211,-116825.0,0.7,-193015.77
0.0496146,-117325.0,0.7,-198174.83
0.0521023,-108521.0,0.7,-191268.89
0.0527836,-71530.8,0.7,-191196.4
0.0530682,-141886.0,0.7,-191725.28
0.0535921,-128801.0,0.7,-193506.84
0.04925,-137957.0,0.7,-197701.1
0.0513529,-157147.0,0.7,-193256.47
0.0457197,-137985.0,0.7,-160565.56
0.0390176,-120933.0,0.7,-128884.95
0.0360035,-108389.0,0.7,-109723.92
0.0413343,-130701.0,0.7,-136908.23
0.0432324,-138984.0,0.7,-142968.4
0.0344627,-102387.0,0.7,-99699.64
0.0322713,-94852.1,0.7,-92673.945
0.0296709,-88637.4,0.7,-79599.66
0.0421484,-127838.0,0.7,-139322.92
0.0397617,-114857.0,0.7,-131894.25
0.0374247,-102663.0,0.7,-119952.02
0.0332632,-79926.9,0.7,-94976.62
0.0313648,-72005.7,0.7,-90110.18
0.0498409,-127177.0,0.7,-198074.45
0.0537743,-92443.6,0.7,-194353.45
0.0490495,-149892.0,0.7,-197071.97
0.0500895,-160987.0,0.7,-197669.6
0.0507811,-159513.0,0.7,-195454.16
0.0547374,-153729.0,0.7,-200784.23
0.054026,-160212.0,0.7,-195707.02
0.0533812,-164751.0,0.7,-192669.69
0.0445431,-139872.0,0.7,-149799.77
0.0474117,-145820.0,0.7,-182467.84
0.0377777,-115036.0,0.7,-122236.89
0.0443478,-143192.0,0.7,-148495.73
0.0480179,-157789.0,0.7,-189583.56
0.0491136,-160290.0,0.7,-197302.7
0.0300798,-87857.2,0.7,-82867.65
0.0286878,-85442.8,0.7,-71093.73
0.0350237,-89123.5,0.7,-102942.51
0.0294586,-64427.1,0.7,-77787.65
0.0515345,-117149.0,0.7,-192636.11
0.053642,-118110.0,0.7,-193727.56
0.0514363,-125061.0,0.7,-192963.34
0.0539409,-105624.0,0.7,-195225.55
0.0547836,-72540.9,0.7,-201187.73
0.0555513,-142039.0,0.7,-209350.8
0.0553677,-104467.0,0.7,-207171.14
0.0512942,-138658.0,0.7,-193469.88
0.050882,-153553.0,0.7,-195061.2
0.0527251,-167196.0,0.7,-191128.39
0.0466071,-148904.0,0.7,-171713.77
0.0399154,-124014.0,0.7,-132445.48
0.0361102,-106817.0,0.7,-110508.39
0.0422597,-133830.0,0.7,-139663.28
0.0465964,-152713.0,0.7,-171570.12
0.0335382,-96517.8,0.7,-95802.26
0.0313467,-88705.6,0.7,-90042.086
0.0411058,-126164.0,0.7,-136232.97
0.0436192,-140305.0,0.7,-144584.12
0.0390415,-113510.0,0.7,-128991.75
0.0352037,-92666.5,0.7,-104102.29
0.032821,-79813.3,0.7,-93875.78
0.0306961,-71101.4,0.7,-86969.24
0.053288,-117454.0,0.7,-192350.28
0.0504975,-165160.0,0.7,-196498.61
0.0484769,-157337.0,0.7,-193762.78
0.052143,-168873.0,0.7,-191212.66
0.0513974,-169202.0,0.7,-193098.36
0.0570615,-160082.0,0.7,-226037.19
0.0562207,-169429.0,0.7,-217508.25
0.0555921,-175026.0,0.7,-209847.72
0.0546664,-177460.0,0.7,-200183.73
0.0455838,-148887.0,0.7,-159059.2
0.0388983,-117930.0,0.7,-128340.26
0.0433476,-137833.0,0.7,-143424.39
0.0451704,-145703.0,0.7,-154894.4
0.0503345,-166498.0,0.7,-197027.17
0.0490843,-161147.0,0.7,-197200.72
0.0277118,-81247.9,0.7,-64296.207
0.0290707,-81824.4,0.7,-74390.16
0.0374567,-106006.0,0.7,-120165.48
0.0528369,-122382.0,0.7,-191270.6
0.055641,-111888.0,0.7,-210447.58
0.0549563,-118873.0,0.7,-202786.23
0.0535309,-136288.0,0.7,-193247.86
0.0567836,-76093.6,0.7,-223553.48
0.0574565,-110932.0,0.7,-228317.05
0.0530263,-157369.0,0.7,-191627.23
0.0523548,-170155.0,0.7,-191023.47
0.0537574,-177015.0,0.7,-194270.25
0.0583046,-146564.0,0.7,-225527.97
0.0474739,-160002.0,0.7,-183259.25
0.0414878,-129245.0,0.7,-137359.75
0.0377623,-109736.0,0.7,-122140.62
0.0351879,-98629.8,0.7,-103998.5
0.0473802,-153335.0,0.7,-182063.06
0.0326136,-88936.4,0.7,-93417.76
0.0303639,-81465.1,0.7,-84897.8
0.0392782,-116906.0,0.7,-130010.96
0.0428487,-139672.0,0.7,-141569.62
0.0452054,-151451.0,0.7,-155221.98
0.0359929,-99144.3,0.7,-109646.195
0.0543949,-124831.0,0.7,-198090.44
0.0499894,-170618.0,0.7,-197866.14
0.0519773,-177570.0,0.7,-191479.77
0.0535366,-180124.0,0.7,-193271.38
0.0528511,-178613.0,0.7,-191292.5
0.0584038,-178327.0,0.7,-224629.64
0.0594692,-166811.0,0.7,-213878.34
0.0578063,-185940.0,0.7,-228453.97
0.0571064,-190574.0,0.7,-226384.97
0.0553428,-187268.0,0.7,-206884.3
0.0403366,-121696.0,0.7,-133864.97
0.0434725,-137552.0,0.7,-143941.77
0.0453225,-145066.0,0.7,-156351.9
0.05171,-172253.0,0.7,-192108.84
0.0501507,-164377.0,0.7,-197529.2
0.0270533,-76586.7,0.7,-61997.363
0.0280616,-75220.5,0.7,-66349.195
0.04089,-128187.0,0.7,-135587.38
0.0377245,-108944.0,0.7,-121902.78
0.0338728,-87692.7,0.7,-97000.63
0.0571006,-121856.0,0.7,-226341.05
0.0563203,-129942.0,0.7,-218650.84
0.0550247,-164351.0,0.7,-203459.7
0.0579359,-110165.0,0.7,-228010.33
0.0587836,-75496.7,0.7,-220761.6
0.0596606,-113610.0,0.7,-212177.75
0.0539305,-173627.0,0.7,-195168.3
0.0538152,-181597.0,0.7,-194558.83
0.0607579,-150227.0,0.7,-204057.75
0.0469159,-163083.0,0.7,-175889.31
0.0493437,-172973.0,0.7,-197903.22
0.0424044,-131066.0,0.7,-140113.19
0.0368377,-101358.0,0.7,-115854.71
0.039412,-113482.0,0.7,-130557.26
0.0342634,-90751.6,0.7,-98702.39
0.0464382,-148443.0,0.7,-169461.16
0.0487614,-157092.0,0.7,-195686.25
0.0316891,-81387.9,0.7,-91195.2
0.0294016,-75183.8,0.7,-77292.68
0.0391526,-118405.0,0.7,-129478.945
0.0444882,-151082.0,0.7,-149420.66
0.0422815,-138144.0,0.7,-139730.52
0.0347922,-92735.9,0.7,-101531.09
0.0369075,-105819.0,0.7,-116357.09
0.055577,-144898.0,0.7,-209663.36
0.0515018,-181241.0,0.7,-192742.61
0.0534571,-187418.0,0.7,-192952.94
0.0548477,-189034.0,0.7,-201764.17
0.0540465,-183025.0,0.7,-195826.66
0.0596479,-192573.0,0.7,-212287.64
0.0607137,-187017.0,0.7,-204313.61
0.0615738,-173042.0,0.7,-202411.36
0.0594853,-199374.0,0.7,-213731.53
0.056749,-196288.0,0.7,-223213.97
0.0419863,-126405.0,0.7,-138834.16
0.0441513,-138298.0,0.7,-147303.34
0.0522845,-174005.0,0.7,-191066.66
0.0512172,-168132.0,0.7,-193757.2
0.0266701,-68360.3,0.7,-61682.312
0.0406731,-128379.0,0.7,-134926.45
0.0583313,-135442.0,0.7,-225293.28
0.059255,-124011.0,0.7,-215905.84
0.057562,-152533.0,0.7,-228565.25
0.0570101,-168119.0,0.7,-225617.56
0.0553429,-178312.0,0.7,-206885.52
0.0600226,-109955.0,0.7,-209201.03
0.0607836,-73599.7,0.7,-203914.5
0.0615044,-106439.0,0.7,-202252.98
0.0552161,-184109.0,0.7,-205464.81
0.0556307,-191810.0,0.7,-210320.83
0.0627242,-161035.0,0.7,-205671.36
0.0588241,-202174.0,0.7,-220333.16
0.0461277,-162121.0,0.7,-165450.31
0.0485607,-173317.0,0.7,-194385.45
0.0508322,-182962.0,0.7,-195255.9
0.0356598,-93146.1,0.7,-107236.21
0.038124,-104148.0,0.7,-124316.57
0.0405881,-116885.0,0.7,-134662.98
0.033386,-84321.8,0.7,-95329.1
0.0473778,-151669.0,0.7,-182032.02
0.0452262,-143004.0,0.7,-155418.94
0.0500042,-161326.0,0.7,-197839.7
0.0302428,-75381.8,0.7,-84059.95
0.0285036,-70566.3,0.7,-69588.14
0.0395303,-121807.0,0.7,-131023.54
0.0436947,-148216.0,0.7,-144930.64
0.0415328,-134508.0,0.7,-137492.06
0.0358001,-97718.3,0.7,-108242.41
0.0567553,-180638.0,0.7,-223276.25
0.0628141,-141209.0,0.7,-204287.34
0.0527536,-189555.0,0.7,-191159.75
0.0548426,-197320.0,0.7,-201717.58
0.0561193,-193483.0,0.7,-216315.69
0.0535999,-178547.0,0.7,-193540.72
0.0611063,-199870.0,0.7,-202517.42
0.062403,-188178.0,0.7,-206973.08
0.0637926,-176375.0,0.7,-165042.52
0.0607575,-206752.0,0.7,-204060.11
0.0582534,-200527.0,0.7,-225960.88
0.0433709,-132013.0,0.7,-143518.92
0.0314454,-77535.3,0.7,-90403.04
0.0526373,-172169.0,0.7,-191052.47
0.0265119,-64980.2,0.7,-61766.67
0.0383302,-113289.0,0.7,-125473.11
0.0596315,-156626.0,0.7,-212429.95
0.0604756,-138480.0,0.7,-205843.92
0.061019,-125567.0,0.7,-202809.7
0.0589854,-171470.0,0.7,-218635.86
0.0585352,-182247.0,0.7,-223346.36
0.05679,-188315.0,0.7,-223615.67
0.0620143,-111091.0,0.7,-204713.58
0.0627836,-75183.0,0.7,-204816.88
0.0630147,-108760.0,0.7,-199199.89
0.0570684,-201165.0,0.7,-226091.77
0.0563713,-188783.0,0.7,-219224.08
0.0619266,-206566.0,0.7,-204117.0
0.0622001,-197757.0,0.7,-205994.16
0.0647896,-157586.0,0.7,-171302.61
0.0604706,-206343.0,0.7,-205878.17
0.0453342,-158928.0,0.7,-156467.67
0.0477672,-172106.0,0.7,-186821.23
0.0502002,-183843.0,0.7,-197405.39
0.0526331,-193201.0,0.7,-191049.58
0.0348302,-87145.5,0.7,-101756.1
0.0371665,-96589.5,0.7,-118188.836
0.0395204,-107873.0,0.7,-130985.055
0.0418743,-120747.0,0.7,-138500.17
0.0328053,-80055.9,0.7,-93840.33
0.045713,-143656.0,0.7,-160489.8
0.0490562,-157601.0,0.7,-197097.42
0.0516305,-167730.0,0.7,-192337.6
0.0297197,-72137.3,0.7,-80007.11
0.027994,-66939.2,0.7,-65912.914
0.0406909,-128978.0,0.7,-134981.3
0.0429012,-143515.0,0.7,-141751.78
0.0373406,-105683.0,0.7,-119385.59
0.0582385,-189948.0,0.7,-226082.64
0.0647866,-125710.0,0.7,-171169.73
0.0579136,-195763.0,0.7,-228104.53
0.0564925,-205179.0,0.7,-220555.06
0.0578335,-197051.0,0.7,-228382.48
0.0549829,-180348.0,0.7,-203045.33
0.062664,-204304.0,0.7,-206312.56
0.0646415,-192162.0,0.7,-165307.16
0.0638148,-201304.0,0.7,-164248.56
0.0656677,-178901.0,0.7,-213808.72
0.0626919,-210377.0,0.7,-206042.56
0.0594905,-202030.0,0.7,-213684.1
0.044118,-133485.0,0.7,-147112.42
0.0312017,-74406.7,0.7,-89465.086
0.047671,-151816.0,0.7,-185687.39
0.0539689,-176333.0,0.7,-195381.17
0.039766,-121942.0,0.7,-131910.0
0.0609403,-173071.0,0.7,-203132.36
0.0617887,-159645.0,0.7,-203288.9
0.0628026,-138550.0,0.7,-204494.47
0.0627084,-125460.0,0.7,-205861.12
0.0603146,-182160.0,0.7,-206985.78
0.0599076,-189637.0,0.7,-210117.17
0.0640429,-108354.0,0.7,-158348.36
0.0647836,-73022.3,0.7,-171037.45
0.0542726,-201135.0,0.7,-197245.0
0.0590372,-202790.0,0.7,-218098.31
0.0586106,-207422.0,0.7,-222576.58
0.058933,-197058.0,0.7,-219184.25
0.0570232,-185448.0,0.7,-225726.42
0.0641282,-208846.0,0.7,-157332.7
0.0666827,-163299.0,0.7,-224594.2
0.066161,-147910.0,0.7,-226288.2
0.0623908,-208831.0,0.7,-206939.61
0.0610901,-205951.0,0.7,-202565.9
0.0445407,-153872.0,0.7,-149783.0
0.0469737,-169264.0,0.7,-176671.0
0.0494067,-183141.0,0.7,-198007.08
0.0518397,-194086.0,0.7,-191774.84
0.0339843,-82814.5,0.7,-97452.234
0.0362091,-90561.1,0.7,-111238.234
0.0382539,-99865.9,0.7,-125052.36
0.0402848,-110280.0,0.7,-133696.5
0.0426641,-124292.0,0.7,-140947.98
0.0325937,-77582.5,0.7,-93374.64
0.0467963,-146225.0,0.7,-174268.84
0.0486744,-155545.0,0.7,-195155.78
0.0509774,-165136.0,0.7,-194686.47
0.0530226,-173375.0,0.7,-191618.72
0.0294043,-68947.5,0.7,-77316.164
0.0421077,-137754.0,0.7,-139199.62
0.0388772,-114922.0,0.7,-128241.9
0.0595599,-196723.0,0.7,-213059.88
0.0667836,-68332.0,0.7,-222701.28
0.0559121,-207895.0,0.7,-213801.89
0.0582386,-211730.0,0.7,-226081.67
0.0584914,-190714.0,0.7,-223783.67
0.0559144,-182282.0,0.7,-213830.28
0.0655677,-204117.0,0.7,-209734.92
0.0665764,-193591.0,0.7,-226090.28
0.0675461,-178450.0,0.7,-198389.53
0.0672247,-121424.0,0.7,-210169.62
0.0641451,-211256.0,0.7,-157213.84
0.0651275,-212182.0,0.7,-188066.28
0.0608995,-202904.0,0.7,-203319.11
0.0451838,-137322.0,0.7,-155019.34
0.0309581,-72186.5,0.7,-88360.1
0.0556258,-182277.0,0.7,-210260.6
0.0276069,-64301.9,0.7,-63786.164
0.0413142,-131176.0,0.7,-136849.08
0.0620061,-182054.0,0.7,-204656.19
0.0629599,-175442.0,0.7,-200867.92
0.0640746,-161465.0,0.7,-157890.56
0.0646634,-127296.0,0.7,-166114.42
0.0617456,-187982.0,0.7,-203068.58
0.061328,-195521.0,0.7,-202133.47
0.0656847,-87812.0,0.7,-214455.81
0.0534791,-201494.0,0.7,-193038.88
0.0609296,-203109.0,0.7,-203179.83
0.0607185,-207989.0,0.7,-204285.27
0.0604155,-213193.0,0.7,-206262.31
0.0605753,-195626.0,0.7,-205175.42
0.0599623,-191461.0,0.7,-209678.12
0.057684,-187602.0,0.7,-228630.55
0.0685441,-160018.0,0.7,-165577.5
0.0674582,-149207.0,0.7,-201718.0
0.0641357,-208710.0,0.7,-157276.72
0.0622964,-206826.0,0.7,-206555.2
0.0664923,-210766.0,0.7,-226882.78
0.0437472,-147858.0,0.7,-145178.61
0.0461802,-164349.0,0.7,-166113.47
0.0486132,-180228.0,0.7,-194751.88
0.0510462,-192836.0,0.7,-194416.75
0.0342243,-82440.0,0.7,-98516.914
0.0373075,-94988.5,0.7,-119160.47
0.0387883,-102161.0,0.7,-127820.89
0.0405004,-112398.0,0.7,-134388.08
0.0443623,-133808.0,0.7,-148588.31
0.032546,-76605.7,0.7,-93271.65
0.0488057,-154356.0,0.7,-195936.52
0.0500847,-160664.0,0.7,-197679.83
0.0517761,-167354.0,0.7,-191932.2
0.0474275,-147668.0,0.7,-182669.88
0.0541586,-176658.0,0.7,-196507.1
0.0291,-67552.4,0.7,-74647.305
0.0404439,-124186.0,0.7,-134209.16
0.0655177,-141505.0,0.7,-207540.16
0.0661073,-118202.0,0.7,-225601.23
0.0672579,-87933.5,0.7,-209018.58
0.0687836,-76094.6,0.7,-161279.75
0.05748,-214880.0,0.7,-228387.33
0.0550469,-208207.0,0.7,-203683.2
0.0598992,-218792.0,0.7,-210185.05
0.0675633,-204358.0,0.7,-197733.94
0.0685482,-192253.0,0.7,-165488.48
0.0695507,-174971.0,0.7,-160349.22
0.0693085,-126250.0,0.7,-158611.22
0.0659393,-211568.0,0.7,-222366.58
0.0673051,-213148.0,0.7,-207348.14
0.0627868,-201889.0,0.7,-204764.2
0.0358787,-88805.7,0.7,-108812.195
0.0427297,-125682.0,0.7,-141165.77
0.0462497,-143095.0,0.7,-167001.5
0.0307144,-71896.7,0.7,-87073.375
0.0562182,-183293.0,0.7,-217479.28
0.0272418,-63440.4,0.7,-62430.72
0.0429537,-141438.0,0.7,-141936.58
0.0637542,-183962.0,0.7,-166494.36
0.0651958,-175016.0,0.7,-191642.14
0.0666318,-158863.0,0.7,-225377.27
0.0670079,-125579.0,0.7,-217070.92
0.0631631,-192308.0,0.7,-193712.72
0.0627862,-200826.0,0.7,-204774.3
0.06239,-206477.0,0.7,-206937.38
0.0629279,-211454.0,0.7,-201745.83
0.0624176,-219689.0,0.7,-207007.47
0.0619033,-194274.0,0.7,-203965.81
0.0595811,-192697.0,0.7,-212871.81
0.0578086,-188731.0,0.7,-228448.3
0.0705192,-153360.0,0.7,-178735.2
0.0665048,-208221.0,0.7,-226788.12
0.0685794,-211421.0,0.7,-164827.44
0.0453867,-158596.0,0.7,-156993.4
0.0478197,-175276.0,0.7,-187423.64
0.0341338,-82316.8,0.7,-98100.52
0.0373742,-95731.7,0.7,-119612.81
0.0389678,-104827.0,0.7,-128659.92
0.040892,-116463.0,0.7,-135593.34
0.0449841,-138793.0,0.7,-153229.3
0.0323023,-77146.9,0.7,-92742.73
0.0496712,-157684.0,0.7,-198176.03
0.052976,-172641.0,0.7,-191518.55
0.0482269,-151999.0,0.7,-191640.31
0.0554219,-181810.0,0.7,-207803.34
0.0288563,-67619.2,0.7,-72524.32
0.0422565,-134828.0,0.7,-139653.47
0.0679086,-137096.0,0.7,-184706.94
0.0682446,-111837.0,0.7,-173410.53
0.0707836,-68876.0,0.7,-184526.2
0.0590471,-222716.0,0.7,-217996.19
0.0614801,-226087.0,0.7,-202212.78
0.0623965,-194174.0,0.7,-206956.1
0.0612527,-194775.0,0.7,-202201.28
0.0696156,-203390.0,0.7,-161090.92
0.0705746,-188829.0,0.7,-179981.8
0.0715716,-169660.0,0.7,-196260.19
0.0651149,-202568.0,0.7,-187406.53
0.068141,-211323.0,0.7,-176659.62
0.0694977,-213064.0,0.7,-159826.16
0.0357217,-89408.9,0.7,-107678.28
0.0434312,-133556.0,0.7,-143768.0
0.0471033,-149621.0,0.7,-178415.56
0.0303323,-72369.8,0.7,-84683.266
0.0505018,-162155.0,0.7,-196483.73
0.0576854,-187253.0,0.7,-228629.86
0.026713,-62937.2,0.7,-61680.527
0.0449872,-153798.0,0.7,-153255.94
0.0657298,-181523.0,0.7,-216104.75
0.0651174,-188074.0,0.7,-187537.39
0.0674769,-173330.0,0.7,-201014.08
0.0688071,-152231.0,0.7,-160960.64
0.0688453,-122076.0,0.7,-160481.78
0.0646824,-196858.0,0.7,-166838.5
0.0642449,-205203.0,0.7,-157068.86
0.0701182,-103637.0,0.7,-169796.94
0.0718015,-117180.0,0.7,-197390.64
0.0637139,-195688.0,0.7,-168115.73
0.0615484,-194798.0,0.7,-202346.38
0.0599137,-192173.0,0.7,-210068.08
0.0728194,-147770.0,0.7,-190889.25
0.0688107,-206910.0,0.7,-160913.33
0.0674208,-201476.0,0.7,-203117.55
0.0706304,-210843.0,0.7,-181223.95
0.047291,-170066.0,0.7,-180904.12
0.0338902,-83680.4,0.7,-97069.34
0.0373096,-97989.2,0.7,-119174.805
0.0392905,-108990.0,0.7,-130062.03
0.0413974,-122776.0,0.7,-137093.98
0.0458306,-148672.0,0.7,-161841.9
0.0320586,-78654.6,0.7,-92182.79
0.0519943,-170595.0,0.7,-191447.69
0.0540032,-178551.0,0.7,-195575.67
0.0487814,-156404.0,0.7,-195800.88
0.0576874,-191664.0,0.7,-228628.94
0.028372,-67632.0,0.7,-68561.516
0.0251853,-59491.1,0.7,-66150.305
0.0699443,-131211.0,0.7,-166298.66
0.0727836,-64723.8,0.7,-191331.17
0.071863,-91084.0,0.7,-197502.5
0.0655351,-209323.0,0.7,-208315.14
0.0630477,-195703.0,0.7,-198098.22
0.0644765,-194507.0,0.7,-160300.9
0.0716415,-201020.0,0.7,-196723.67
0.0726409,-183222.0,0.7,-193007.73
0.0736741,-164416.0,0.7,-180510.38
0.0658887,-195665.0,0.7,-221074.31
0.0703227,-210318.0,0.7,-174284.38
0.0715781,-212091.0,0.7,-196307.61
0.0354781,-91649.7,0.7,-105959.07
0.0435736,-140031.0,0.7,-144380.19
0.0480984,-157373.0,0.7,-190404.42
0.0449171,-146419.0,0.7,-152662.66
0.0301993,-73658.9,0.7,-83748.79
0.0499792,-162790.0,0.7,-197883.64
0.0556937,-190158.0,0.7,-211097.66
0.0595506,-192582.0,0.7,-213142.72
0.0264594,-62707.4,0.7,-61821.062
0.0246066,-58541.9,0.7,-68875.87
0.0669184,-183588.0,0.7,-219531.27
0.0666393,-191288.0,0.7,-225269.44
0.0698927,-165927.0,0.7,-165343.38
0.0713625,-147982.0,0.7,-194257.05
0.0662018,-200636.0,0.7,-226697.62
0.0738023,-111617.0,0.7,-179377.06
0.0720285,-120406.0,0.7,-197418.22
0.0619273,-193233.0,0.7,-204121.66
0.0635848,-194653.0,0.7,-173852.97
0.0748008,-142568.0,0.7,-178330.66
0.0694803,-199606.0,0.7,-159670.97
0.0709785,-204993.0,0.7,-188379.67
0.0680904,-194352.0,0.7,-178330.39
0.0728052,-208865.0,0.7,-191065.31
0.0336465,-85977.7,0.7,-96165.234
0.0373464,-101844.0,0.7,-119424.84
0.0392836,-112198.0,0.7,-130033.445
0.0421548,-135547.0,0.7,-139342.4
0.0475439,-159248.0,0.7,-184136.36
0.0464227,-155817.0,0.7,-169256.48
0.0320134,-81734.0,0.7,-92072.734
0.0510855,-172326.0,0.7,-194263.28
0.0532375,-180212.0,0.7,-192190.58
0.058206,-203343.0,0.7,-226340.27
0.0597214,-199696.0,0.7,-211657.39
0.060979,-192843.0,0.7,-202967.38
0.0282527,-68315.1,0.7,-67673.46
0.0230719,-55747.7,0.7,-71620.695
0.0691044,-175968.0,0.7,-158549.75
0.0747836,-61915.4,0.7,-178223.81
0.0735001,-90287.1,0.7,-182321.88
0.0680322,-204025.0,0.7,-180312.75
0.0650904,-195148.0,0.7,-186125.27
0.0665155,-193436.0,0.7,-226700.25
0.0741559,-195619.0,0.7,-177336.31
0.0749457,-176812.0,0.7,-179394.52
0.0756491,-159033.0,0.7,-188081.64
0.0725137,-208259.0,0.7,-194349.44
0.073866,-209809.0,0.7,-178886.48
0.03556,-95970.3,0.7,-106530.625
0.0403512,-122223.0,0.7,-133912.1
0.0442773,-151171.0,0.7,-148054.67
0.0453275,-152835.0,0.7,-156401.3
0.0492035,-165690.0,0.7,-197579.39
0.0299834,-75265.5,0.7,-82130.2
0.0544675,-196725.0,0.7,-198619.92
0.0567008,-208496.0,0.7,-222732.4
0.0612178,-195961.0,0.7,-202254.95
0.0261392,-62107.4,0.7,-62417.188
0.0242465,-57067.4,0.7,-70327.18
0.0225154,-53593.3,0.7,-69762.83
0.0685918,-185254.0,0.7,-164573.48
0.0681586,-194445.0,0.7,-176090.58
0.0717864,-162539.0,0.7,-197350.9
0.0712267,-169609.0,0.7,-192481.67
0.0738885,-134394.0,0.7,-178725.42
0.0745639,-112744.0,0.7,-177239.5
0.063388,-192929.0,0.7,-183410.53
0.0621501,-193290.0,0.7,-205662.58
0.0655398,-194014.0,0.7,-208522.44
0.07015,-192272.0,0.7,-170474.38
0.0717862,-197012.0,0.7,-197350.4
0.0734223,-201863.0,0.7,-183216.19
0.0686585,-191628.0,0.7,-163290.86
0.0749208,-205791.0,0.7,-179191.27
0.0337908,-89457.9,0.7,-96685.55
0.0380325,-108607.0,0.7,-123783.56
0.0419111,-141081.0,0.7,-138609.7
0.0432412,-148999.0,0.7,-143002.58
0.0484329,-167390.0,0.7,-193417.61
0.0471019,-164160.0,0.7,-178396.86
0.0313341,-81854.6,0.7,-89994.234
0.0500148,-176990.0,0.7,-197820.28
0.0520838,-185802.0,0.7,-191296.48
0.059085,-218081.0,0.7,-217607.31
0.0603476,-211015.0,0.7,-206746.6
0.0616856,-204872.0,0.7,-202797.36
0.0280683,-68948.9,0.7,-66393.42
0.0706867,-177264.0,0.7,-182458.88
0.073418,-153991.0,0.7,-183267.0
0.0754322,-85483.4,0.7,-184882.81
0.069894,-196153.0,0.7,-165366.8
0.0666508,-193895.0,0.7,-225098.62
0.0646269,-193166.0,0.7,-164786.4
0.0764088,-184916.0,0.7,-200460.83
0.0771454,-169457.0,0.7,-207462.81
0.0747073,-205113.0,0.7,-177801.64
0.0759089,-205794.0,0.7,-192281.94
0.0329784,-88777.1,0.7,-94242.79
0.0348351,-96879.3,0.7,-101785.27
0.0369006,-106707.0,0.7,-116307.59
0.0389764,-116514.0,0.7,-128699.03
0.0400794,-127076.0,0.7,-133012.69
0.0462762,-165907.0,0.7,-167343.03
0.0452717,-166044.0,0.7,-155855.27
0.0297398,-77359.2,0.7,-80173.74
0.0554049,-218726.0,0.7,-207603.81
0.0529013,-203823.0,0.7,-191375.77
0.0579086,-233888.0,0.7,-228124.83
0.0631961,-196168.0,0.7,-192322.47
0.0258865,-60875.1,0.7,-63172.832
0.0239218,-54184.5,0.7,-71299.94
0.0219806,-49267.7,0.7,-66495.48
0.0702271,-187189.0,0.7,-172151.9
0.0731536,-163592.0,0.7,-186573.3
0.0727237,-170355.0,0.7,-192053.4
0.0765378,-121208.0,0.7,-202342.1
0.0756297,-143913.0,0.7,-187781.67
0.0764374,-103425.0,0.7,-200892.12
0.0647738,-192190.0,0.7,-170607.92
0.0674496,-192030.0,0.7,-202040.83
0.0661421,-191625.0,0.7,-226065.7
0.0759202,-198015.0,0.7,-192470.0
0.0725713,-189243.0,0.7,-193762.69
0.0710906,-187787.0,0.7,-190359.22
0.0739821,-193853.0,0.7,-178126.72
0.0755658,-198285.0,0.7,-186810.98
0.0769506,-201630.0,0.7,-206714.62
0.0442819,-164267.0,0.7,-148082.97
0.0413488,-142520.0,0.7,-136951.0
0.0484846,-179609.0,0.7,-193821.9
0.031951,-87400.2,0.7,-91916.51
0.0507804,-191371.0,0.7,-195456.83
0.0614827,-222815.0,0.7,-202216.8
0.0604809,-235126.0,0.7,-205807.44
0.0622619,-215125.0,0.7,-206369.28
0.0635695,-205225.0,0.7,-174574.53
0.0275348,-68539.3,0.7,-63466.01
0.0723003,-179084.0,0.7,-196157.55
0.0751653,-156266.0,0.7,-181534.86
0.0777739,-191617.0,0.7,-200874.39
0.0785973,-175483.0,0.7,-167804.1
0.0693593,-189037.0,0.7,-158832.78
0.0767582,-201006.0,0.7,-205061.88
0.0783576,-200690.0,0.7,-179867.67
0.033946,-96925.5,0.7,-97294.11
0.0361461,-108064.0,0.7,-110773.07
0.038301,-117856.0,0.7,-125313.07
0.0433006,-160782.0,0.7,-143236.05
0.0396294,-129653.0,0.7,-131402.89
0.0475538,-181922.0,0.7,-184259.17
0.0465189,-182349.0,0.7,-170532.88
0.0308282,-84893.1,0.7,-87697.44
0.0538388,-225999.0,0.7,-194680.1
0.0563425,-243569.0,0.7,-218901.19
0.0512017,-207003.0,0.7,-193815.86
0.0599167,-249829.0,0.7,-210043.45
0.0650041,-195738.0,0.7,-181656.75
0.02547,-56159.2,0.7,-64831.71
0.0235369,-45202.1,0.7,-71890.37
0.0215855,-39119.6,0.7,-63335.047
0.0291876,-76845.6,0.7,-75417.27
0.0746081,-163561.0,0.7,-177380.05
0.0743671,-170504.0,0.7,-176971.9
0.0771069,-148620.0,0.7,-207399.98
0.0664387,-190268.0,0.7,-227197.86
0.0680238,-188698.0,0.7,-180604.0
0.07355,-183570.0,0.7,-181773.55
0.0748689,-185122.0,0.7,-178794.53
0.0711653,-186184.0,0.7,-191564.75
0.0762127,-189625.0,0.7,-197346.33
0.077819,-193481.0,0.7,-199769.56
0.0777493,-201628.0,0.7,-201438.97
0.0789803,-195805.0,0.7,-147193.94
0.0454478,-180460.0,0.7,-157618.5
0.0406296,-144527.0,0.7,-134791.98
0.0425428,-158713.0,0.7,-140553.0
0.0495581,-192372.0,0.7,-198154.95
0.0328151,-95329.9,0.7,-93862.45
0.0586398,-258297.0,0.7,-222273.8
0.063025,-233785.0,0.7,-198863.97
0.0630772,-223053.0,0.7,-197053.69
0.0619504,-249580.0,0.7,-204274.81
0.0641554,-215281.0,0.7,-157154.61
0.0655991,-202981.0,0.7,-211061.33
0.0265531,-63102.7,0.7,-61733.203
0.027986,-71805.4,0.7,-65862.48
0.0764802,-156629.0,0.7,-201523.05
0.0725754,-184321.0,0.7,-193719.5
0.0702624,-184910.0,0.7,-172933.81
0.0782211,-197696.0,0.7,-185998.73
0.0792894,-197529.0,0.7,-132216.86
0.0802589,-195062.0,0.7,-120915.4
0.0347643,-105521.0,0.7,-101367.65
0.0381117,-123522.0,0.7,-124245.61
0.0443412,-175817.0,0.7,-148453.81
0.0487979,-195457.0,0.7,-195893.42
0.0476816,-195472.0,0.7,-185814.17
0.0297791,-81237.0,0.7,-80497.49
0.0316782,-91302.1,0.7,-91162.516
0.0522726,-229235.0,0.7,-191075.84
0.0547763,-248010.0,0.7,-201123.27
0.05728,-264628.0,0.7,-227535.45
0.0611289,-266596.0,0.7,-202453.44
0.0666915,-193576.0,0.7,-224446.78
0.0250864,-45214.9,0.7,-66623.95
0.0235472,-35924.6,0.7,-71883.56
0.0213676,-27629.4,0.7,-61398.27
0.0758777,-163418.0,0.7,-191764.16
0.0780749,-150333.0,0.7,-191795.83
0.0686437,-188068.0,0.7,-163562.86
0.0758469,-178153.0,0.7,-191255.69
0.0744603,-179045.0,0.7,-177025.48
0.0768718,-179799.0,0.7,-206134.47
0.0723554,-182422.0,0.7,-195751.84
0.078077,-183689.0,0.7,-191719.03
0.079598,-192411.0,0.7,-121541.73
0.0362448,-113635.0,0.7,-111502.02
0.0464328,-192162.0,0.7,-169389.81
0.0431174,-168233.0,0.7,-142531.33
0.0387022,-133624.0,0.7,-127402.62
0.033769,-102839.0,0.7,-96604.23
0.0498912,-211119.0,0.7,-198015.6
0.0597836,-278505.0,0.7,-211134.67
0.0639165,-249139.0,0.7,-161079.45
0.0648749,-225739.0,0.7,-175239.5
0.0628066,-261248.0,0.7,-204423.52
0.0665891,-213224.0,0.7,-225939.9
0.0675618,-198151.0,0.7,-197791.1
0.0267177,-60552.9,0.7,-61680.85
0.0193966,-24072.8,0.7,-44262.67
0.0287263,-76005.0,0.7,-71416.79
0.0777124,-157368.0,0.7,-202235.58
0.0762209,-168431.0,0.7,-197480.97
0.0719011,-181042.0,0.7,-197532.17
0.0796241,-185312.0,0.7,-120905.836
0.0706112,-183962.0,0.7,-180798.44
0.081409,-190261.0,0.7,-174059.78
0.0353584,-111429.0,0.7,-105137.195
0.0368433,-120419.0,0.7,-115895.08
0.0451434,-186256.0,0.7,-154644.84
0.0418641,-159060.0,0.7,-138469.83
0.0401951,-146116.0,0.7,-133401.22
0.0484711,-208589.0,0.7,-193718.08
0.0305297,-86037.0,0.7,-85974.234
0.0322957,-95653.9,0.7,-92728.14
0.0532366,-245158.0,0.7,-192187.72
0.0508353,-226612.0,0.7,-195243.84
0.0557315,-262551.0,0.7,-211565.67
0.0582263,-276954.0,0.7,-226180.44
0.0653373,-236606.0,0.7,-198918.4
0.0617764,-280770.0,0.7,-203224.03
0.0630291,-273475.0,0.7,-198728.31
0.0250049,-34488.8,0.7,-67015.75
0.0229214,-24920.4,0.7,-71283.93
0.0209093,-21880.1,0.7,-57075.145
0.0189063,-16152.1,0.7,-41609.375
0.0768712,-172264.0,0.7,-206129.48
0.0782418,-171713.0,0.7,-185110.78
0.0736413,-177893.0,0.7,-180829.36
0.0785095,-176353.0,0.7,-172376.36
0.0794246,-178517.0,0.7,-126875.1
0.08104,-185539.0,0.7,-154935.97
0.0695387,-192586.0,0.7,-160224.25
0.0472833,-204068.0,0.7,-180803.27
0.0438697,-177609.0,0.7,-145780.58
0.0391613,-141330.0,0.7,-129516.36
0.037292,-127164.0,0.7,-119054.664
0.0350284,-111660.0,0.7,-102972.13
0.0605679,-286365.0,0.7,-205224.12
0.0644304,-263519.0,0.7,-159279.75
0.0660378,-249303.0,0.7,-224462.17
0.0666208,-226331.0,0.7,-225530.47
0.0619516,-287950.0,0.7,-204282.88
0.0685364,-204316.0,0.7,-165746.12
0.0276993,-61593.8,0.7,-64232.74
0.0301192,-83313.9,0.7,-83162.32
0.0759825,-171971.0,0.7,-193510.66
0.0725787,-179795.0,0.7,-193684.84
0.0812141,-176494.0,0.7,-164274.23
0.071383,-187697.0,0.7,-194493.58
0.0458752,-195854.0,0.7,-162366.62
0.0406185,-152029.0,0.7,-134757.53
0.0420642,-163680.0,0.7,-139068.22
0.0494255,-221391.0,0.7,-198033.12
0.0336288,-103925.0,0.7,-96104.32
0.0542006,-254868.0,0.7,-196773.56
0.0517147,-238097.0,0.7,-192095.84
0.0566866,-269905.0,0.7,-222588.86
0.0591726,-281107.0,0.7,-216720.95
0.0678686,-233116.0,0.7,-186173.27
0.0684342,-217267.0,0.7,-168156.86
0.063411,-283694.0,0.7,-182285.45
0.0648895,-276072.0,0.7,-175940.88
0.0233324,-23121.9,0.7,-71912.33
0.0257775,-40856.5,0.7,-63563.914
0.0202537,-23050.5,0.7,-50911.28
0.0776557,-167895.0,0.7,-203342.6
0.0788864,-166132.0,0.7,-152202.48
0.0799881,-171071.0,0.7,-117184.22
0.0746066,-174810.0,0.7,-177374.92
0.0826234,-180474.0,0.7,-189552.33
0.0704111,-202620.0,0.7,-176284.61
0.0480517,-214550.0,0.7,-189932.39
0.0441171,-181926.0,0.7,-147107.19
0.0401727,-150025.0,0.7,-133326.7
0.0380484,-135143.0,0.7,-123877.06
0.0357505,-117760.0,0.7,-107884.94
0.0316083,-92102.7,0.7,-90947.08
0.0626947,-290574.0,0.7,-206012.62
0.0616586,-287225.0,0.7,-202689.62
0.0664481,-264011.0,0.7,-227153.48
0.068108,-247899.0,0.7,-177743.44
0.0638246,-289807.0,0.7,-163908.83
0.0221541,-22622.4,0.7,-67698.625
0.0239418,-35247.4,0.7,-71251.5
0.0278283,-61604.9,0.7,-64921.84
0.0296567,-79498.2,0.7,-79480.38
0.0780054,-165258.0,0.7,-194244.11
0.0806478,-162277.0,0.7,-134797.64
0.0766978,-168891.0,0.7,-204391.9
0.0734315,-182323.0,0.7,-183107.97
0.0821796,-163992.0,0.7,-194582.03
0.0835728,-168172.0,0.7,-157073.89
0.0724074,-193453.0,0.7,-195328.08
0.0464137,-202439.0,0.7,-169137.73
0.0417432,-162678.0,0.7,-138111.83
0.0501312,-229532.0,0.7,-197575.55
0.0332201,-101941.0,0.7,-94858.47
0.0551646,-258072.0,0.7,-204908.08
0.0524763,-242918.0,0.7,-190995.84
0.0576418,-270438.0,0.7,-228635.34
0.060119,-278962.0,0.7,-208451.98
0.0701139,-232949.0,0.7,-169706.02
0.0702351,-219397.0,0.7,-172328.62
0.0653486,-284654.0,0.7,-199484.7
0.0669039,-275598.0,0.7,-219904.77
0.0220646,-27059.4,0.7,-67093.78
0.0242334,-43063.7,0.7,-70373.42
0.0270549,-44744.3,0.7,-62000.387
0.0203677,-29726.3,0.7,-51944.355
0.0788841,-163768.0,0.7,-152326.47
0.0804052,-159785.0,0.7,-125098.65
0.0753408,-177172.0,0.7,-183653.89
0.0722211,-206017.0,0.7,-196657.31
0.048554,-220202.0,0.7,-194337.42
0.0433498,-176039.0,0.7,-143433.27
0.0394308,-145586.0,0.7,-130632.34
0.0370665,-128674.0,0.7,-117488.28
0.0451726,-190333.0,0.7,-154914.89
0.0311662,-89215.4,0.7,-89314.92
0.0347767,-112326.0,0.7,-101440.12
0.0639944,-289670.0,0.7,-159228.03
0.0647561,-290544.0,0.7,-169843.61
0.0625961,-282760.0,0.7,-206786.66
0.0684658,-261801.0,0.7,-167378.19
0.0698222,-246588.0,0.7,-164112.44
0.0655619,-288695.0,0.7,-209485.44
0.0216874,-36866.2,0.7,-64198.91
0.025612,-33926.5,0.7,-64219.8
0.0291555,-74442.9,0.7,-75135.055
0.0786082,-162804.0,0.7,-167226.86
0.0800549,-158489.0,0.7,-117593.0
0.0819731,-154527.0,0.7,-192702.14
0.0829672,-153746.0,0.7,-179295.44
0.0772841,-171709.0,0.7,-207297.88
0.0742727,-191314.0,0.7,-177052.2
0.0843092,-155924.0,0.7,-138839.33
0.0467119,-203737.0,0.7,-173126.58
0.0411663,-158897.0,0.7,-136412.3
0.0504005,-231672.0,0.7,-196821.45
0.032471,-97427.3,0.7,-93110.016
0.0561375,-257074.0,0.7,-216531.8
0.0536603,-246224.0,0.7,-193810.5
0.058597,-266234.0,0.7,-222716.75
0.0610653,-271621.0,0.7,-202645.52
0.0721213,-219367.0,0.7,-197135.86
0.0718696,-235244.0,0.7,-197509.89
0.0673267,-283290.0,0.7,-206571.81
0.0689184,-272362.0,0.7,-159704.42
0.0233887,-45966.6,0.7,-71927.8
0.0249933,-39416.9,0.7,-67071.6
0.0262842,-32269.1,0.7,-62092.934
0.0277697,-55010.9,0.7,-64599.56
0.0819906,-152271.0,0.7,-192971.9
0.0759681,-183441.0,0.7,-193269.48
0.0858675,-159926.0,0.7,-145603.73
0.0739851,-207010.0,0.7,-178109.44
0.0489705,-220114.0,0.7,-196748.88
0.0426891,-170983.0,0.7,-141030.62
0.0447121,-187081.0,0.7,-151031.53
0.0380027,-136391.0,0.7,-123607.35
0.0360536,-122123.0,0.7,-110091.805
0.030765,-86732.5,0.7,-87355.84
0.0336257,-105957.0,0.7,-96093.71
0.0516365,-236205.0,0.7,-192319.78
0.0648551,-281467.0,0.7,-174300.02
0.0663044,-288421.0,0.7,-227302.34
0.0666732,-286889.0,0.7,-224749.1
0.0636953,-271966.0,0.7,-168895.06
0.0704834,-257323.0,0.7,-177925.28
0.0222444,-41649.7,0.7,-68272.76
0.0295267,-78162.2,0.7,-78374.94
0.0805734,-155956.0,0.7,-131507.06
0.0793179,-165551.0,0.7,-131014.87
0.0839428,-144968.0,0.7,-145906.0
0.0850169,-144674.0,0.7,-136664.92
0.0776083,-182471.0,0.7,-204160.78
0.0757562,-195239.0,0.7,-189777.31
0.0864898,-146722.0,0.7,-152167.23
0.0466475,-201126.0,0.7,-172257.33
0.0395496,-147039.0,0.7,-131098.23
0.0405193,-153805.0,0.7,-134447.67
0.0314274,-91446.4,0.7,-90339.04
0.0546331,-245938.0,0.7,-199909.72
0.0571015,-254607.0,0.7,-226348.02
0.0524171,-236858.0,0.7,-191001.75
0.0595698,-260762.0,0.7,-212972.02
0.0663262,-286728.0,0.7,-227353.36
0.0620381,-262755.0,0.7,-204880.05
0.0738662,-217983.0,0.7,-178884.89
0.0723071,-250070.0,0.7,-196109.94
0.069371,-277733.0,0.7,-158894.94
0.0682755,-282839.0,0.7,-172490.33
0.0709329,-266712.0,0.7,-187521.27
0.0242695,-44430.0,0.7,-70244.58
0.0263098,-38563.6,0.7,-62044.816
0.028287,-64634.7,0.7,-67924.375
0.081917,-151105.0,0.7,-191698.52
0.0839328,-142916.0,0.7,-146158.64
0.0878719,-149303.0,0.7,-149319.17
0.0755026,-207296.0,0.7,-185880.9
0.048366,-212392.0,0.7,-192869.1
0.0422565,-166009.0,0.7,-139653.47
0.044701,-185530.0,0.7,-150947.58
0.0372605,-130789.0,0.7,-118838.88
0.0388486,-142274.0,0.7,-128107.664
0.0351914,-116562.0,0.7,-104021.56
0.0502174,-224851.0,0.7,-197360.33
0.0318022,-94463.9,0.7,-91521.11
0.0662617,-271361.0,0.7,-227124.19
0.067261,-276756.0,0.7,-208910.02
0.0680617,-284030.0,0.7,-179300.19
0.0681286,-282973.0,0.7,-177063.78
0.0643128,-258547.0,0.7,-157512.1
0.0743395,-228869.0,0.7,-176981.52
0.0234162,-46970.6,0.7,-71929.305
0.0299765,-82559.2,0.7,-82076.63
0.0827442,-148310.0,0.7,-186416.56
0.0813881,-158579.0,0.7,-173065.11
0.0798785,-174468.0,0.7,-117256.28
0.0858159,-133562.0,0.7,-144961.58
0.0859686,-135708.0,0.7,-146842.84
0.0871975,-134893.0,0.7,-154174.02
0.0772003,-197632.0,0.7,-207473.1
0.0885363,-137109.0,0.7,-139453.27
0.0469567,-201048.0,0.7,-176441.22
0.0391701,-144600.0,0.7,-129554.18
0.0336389,-106197.0,0.7,-96138.96
0.053173,-235407.0,0.7,-192000.5
0.055606,-243895.0,0.7,-210017.7
0.0580743,-250785.0,0.7,-227268.6
0.0509228,-225375.0,0.7,-194901.08
0.0605426,-254470.0,0.7,-205391.2
0.0656988,-263068.0,0.7,-214981.9
0.0684143,-280711.0,0.7,-168662.47
0.0629756,-253523.0,0.7,-200411.3
0.0753789,-215212.0,0.7,-184156.48
0.0726698,-262748.0,0.7,-192681.08
0.0741977,-247195.0,0.7,-177211.4
0.0698237,-277704.0,0.7,-164137.73
0.0711357,-271947.0,0.7,-191098.45
0.0252975,-36706.6,0.7,-65619.93
0.0271808,-49989.2,0.7,-62270.336
0.0290501,-75233.4,0.7,-74209.55
0.0788186,-188040.0,0.7,-155872.95
0.0858857,-132325.0,0.7,-145828.97
0.0901586,-137734.0,0.7,-109424.67
0.0766514,-207738.0,0.7,-203835.89
0.0489918,-213881.0,0.7,-196840.23
0.0449872,-186549.0,0.7,-153255.94
0.0404439,-152351.0,0.7,-134209.16
0.0357187,-118931.0,0.7,-107656.766
0.0319043,-95138.5,0.7,-91796.055
0.0305126,-86459.0,0.7,-85867.086
0.0677475,-258831.0,0.7,-190707.12
0.0683127,-266341.0,0.7,-171413.95
0.0692088,-271343.0,0.7,-158411.92
0.0698336,-277650.0,0.7,-164305.45
0.0697311,-278836.0,0.7,-162664.23
0.065223,-249129.0,0.7,-193059.95
0.0662896,-252855.0,0.7,-227252.52
0.0766066,-216025.0,0.7,-203267.81
0.0761007,-230629.0,0.7,-195489.67
0.024235,-40868.6,0.7,-70367.74
0.0843981,-140627.0,0.7,-137778.9
0.0836083,-150707.0,0.7,-155860.16
0.0819914,-169107.0,0.7,-192983.94
0.0804391,-184744.0,0.7,-126262.125
0.087565,-122494.0,0.7,-152305.42
0.0878696,-124205.0,0.7,-149345.88
0.0892642,-124240.0,0.7,-125886.766
0.0788279,-200309.0,0.7,-155368.0
0.0902888,-128046.0,0.7,-107223.98
0.047291,-202068.0,0.7,-180904.12
0.0429537,-171261.0,0.7,-141936.58
0.0379237,-134286.0,0.7,-123134.24
0.0338178,-106621.0,0.7,-96787.766
0.0517128,-224772.0,0.7,-192101.06
0.0541458,-233160.0,0.7,-196427.17
0.0565788,-239955.0,0.7,-221474.83
0.0590471,-244939.0,0.7,-217996.19
0.0496042,-214906.0,0.7,-198172.62
0.0614801,-246242.0,0.7,-202212.78
0.0706947,-272835.0,0.7,-182632.33
0.0639131,-243995.0,0.7,-161172.22
0.0718317,-269586.0,0.7,-197455.5
0.074281,-258247.0,0.7,-177039.66
0.075884,-246934.0,0.7,-191868.28
0.0261106,-39648.6,0.7,-62491.11
0.0283352,-68044.9,0.7,-68283.0
0.0303349,-84772.4,0.7,-84701.04
0.0874752,-122680.0,0.7,-152942.28
0.0858349,-134898.0,0.7,-145198.48
0.0918516,-122685.0,0.7,-85930.08
0.0453867,-189411.0,0.7,-156993.4
0.0388101,-140778.0,0.7,-127925.234
0.0413142,-159586.0,0.7,-136849.08
0.036068,-120765.0,0.7,-110197.67
0.0317623,-93995.4,0.7,-91408.805
0.0693685,-258584.0,0.7,-158881.1
0.0685323,-245963.0,0.7,-165837.11
0.0700951,-261991.0,0.7,-169311.25
0.0708913,-265831.0,0.7,-186713.67
0.0715073,-271712.0,0.7,-195741.7
0.0673424,-243271.0,0.7,-206003.38
0.0661174,-239394.0,0.7,-225743.36
0.078341,-216046.0,0.7,-180646.61
0.0779845,-233228.0,0.7,-194939.5
0.0247845,-37604.8,0.7,-68064.36
0.0840832,-164890.0,0.7,-142687.4
0.0823243,-181218.0,0.7,-194223.31
0.0808948,-192142.0,0.7,-147131.3
0.0891604,-112697.0,0.7,-127877.71
0.0889771,-111732.0,0.7,-131377.4
0.0897172,-114288.0,0.7,-117311.516
0.091433,-110995.0,0.7,-90707.97
0.0924523,-128453.0,0.7,-80257.04
0.0478197,-204462.0,0.7,-187423.64
0.0437472,-177693.0,0.7,-145178.61
0.0338146,-106373.0,0.7,-96775.52
0.0526139,-224277.0,0.7,-191037.56
0.050235,-216039.0,0.7,-197313.02
0.0550469,-230662.0,0.7,-203683.2
0.05748,-235531.0,0.7,-228387.33
0.0598992,-238340.0,0.7,-210185.05
0.0624176,-238234.0,0.7,-207007.47
0.0699837,-248825.0,0.7,-167056.08
0.0725132,-262964.0,0.7,-194354.44
0.0729683,-265046.0,0.7,-188990.06
0.0648506,-235518.0,0.7,-174088.47
0.0736502,-261938.0,0.7,-180741.77
0.0757438,-253838.0,0.7,-189577.94
0.0773216,-246005.0,0.7,-207140.64
0.0268722,-52275.8,0.7,-61754.79
0.0229998,-46677.4,0.7,-71474.77
0.0299333,-82392.1,0.7,-81738.22
0.0859246,-144605.0,0.7,-146307.55
0.0803865,-203577.0,0.7,-124486.47
0.0877178,-125481.0,0.7,-150968.95
0.0892702,-110429.0,0.7,-125771.76
0.0932763,-108406.0,0.7,-74902.83
0.0934089,-115426.0,0.7,-74318.47
0.0461802,-194528.0,0.7,-166113.47
0.039766,-149371.0,0.7,-131910.0
0.0373406,-130856.0,0.7,-119385.59
0.0421077,-167039.0,0.7,-139199.62
0.0349578,-114153.0,0.7,-102531.1
0.0326939,-100073.0,0.7,-93592.7
0.0709914,-251940.0,0.7,-188617.14
0.070554,-237749.0,0.7,-179519.56
0.0692766,-236856.0,0.7,-158513.0
0.0719447,-255957.0,0.7,-197529.75
0.0681055,-233484.0,0.7,-177826.45
0.066953,-231226.0,0.7,-218611.39
0.0799471,-220068.0,0.7,-117102.99
0.0791379,-237450.0,0.7,-139176.4
0.0249876,-39851.3,0.7,-67098.98
0.0231534,-43064.8,0.7,-71751.24
0.0286463,-73441.2,0.7,-70748.48
0.0841104,-178791.0,0.7,-142136.28
0.0865404,-158731.0,0.7,-152540.0
0.0823478,-191506.0,0.7,-194040.03
0.0906313,-101149.0,0.7,-101742.414
0.0906023,-105707.0,0.7,-102188.85
0.0906648,-98560.3,0.7,-101230.88
0.0936747,-93253.1,0.7,-73380.37
0.0944453,-114404.0,0.7,-72304.305
0.0486132,-208156.0,0.7,-194751.88
0.0445407,-183922.0,0.7,-149783.0
0.0307107,-87746.0,0.7,-87052.39
0.0534791,-224449.0,0.7,-193038.88
0.0510462,-217976.0,0.7,-194416.75
0.0559121,-229579.0,0.7,-213801.89
0.0582386,-233474.0,0.7,-226081.67
0.0604155,-235775.0,0.7,-206262.31
0.0629279,-235789.0,0.7,-201745.83
0.0717714,-239928.0,0.7,-197306.97
0.0744666,-250942.0,0.7,-177033.84
0.0747981,-256063.0,0.7,-178313.8
0.0753056,-255601.0,0.7,-183202.25
0.0655351,-233249.0,0.7,-208315.14
0.0778557,-245971.0,0.7,-198803.55
0.0267895,-57835.9,0.7,-61700.145
0.0881701,-132964.0,0.7,-145370.47
0.0819834,-204754.0,0.7,-192863.34
0.0895503,-111751.0,0.7,-120433.04
0.0907062,-98516.3,0.7,-100604.83
0.0921076,-94826.4,0.7,-83338.75
0.0953695,-92976.7,0.7,-73306.664
0.0951485,-103307.0,0.7,-72941.08
0.0469737,-199338.0,0.7,-176671.0
0.0406909,-158123.0,0.7,-134981.3
0.0383302,-140422.0,0.7,-125473.11
0.0358001,-122681.0,0.7,-108242.41
0.0429012,-173368.0,0.7,-141751.78
0.0333528,-106351.0,0.7,-95231.35
0.0313929,-93787.6,0.7,-90214.195
0.0726803,-243886.0,0.7,-192560.61
0.0725575,-229140.0,0.7,-193906.64
0.0713819,-228824.0,0.7,-194481.1
0.0700821,-227072.0,0.7,-169040.36
0.0736337,-246032.0,0.7,-180904.9
0.0690562,-225157.0,0.7,-158736.17
0.0680322,-228520.0,0.7,-180312.75
0.0816716,-222497.0,0.7,-184949.25
0.0802347,-236172.0,0.7,-120362.87
0.0247723,-43381.8,0.7,-68121.37
0.0230466,-40071.4,0.7,-71572.72
0.0291856,-80104.6,0.7,-75399.74
0.0857479,-177422.0,0.7,-144111.58
0.0838961,-189960.0,0.7,-147111.86
0.0890502,-139859.0,0.7,-129986.24
0.0920769,-89470.0,0.7,-83636.1
0.0923116,-84728.9,0.7,-81457.52
0.0958119,-77810.0,0.7,-74051.39
0.0940216,-76844.5,0.7,-72610.25
0.0967832,-98867.9,0.7,-74522.695
0.0494067,-211713.0,0.7,-198007.08
0.0453342,-189366.0,0.7,-156467.67
0.0518397,-220605.0,0.7,-191774.84
0.0542726,-226593.0,0.7,-197245.0
0.0564925,-231719.0,0.7,-220555.06
0.0586106,-235291.0,0.7,-222576.58
0.0607185,-237524.0,0.7,-204285.27
0.0642449,-236651.0,0.7,-157068.86
0.0736225,-231410.0,0.7,-181017.31
0.0753412,-240215.0,0.7,-183658.86
0.0768024,-245280.0,0.7,-205509.95
0.0772448,-247121.0,0.7,-207409.33
0.0662018,-234372.0,0.7,-226697.62
0.0795835,-238412.0,0.7,-121914.85
0.0265455,-62625.8,0.7,-61738.715
0.0213833,-46093.3,0.7,-61541.273
0.0902373,-115660.0,0.7,-108086.88
0.0879619,-160278.0,0.7,-148226.05
0.0836512,-202903.0,0.7,-154427.86
0.0914245,-94258.2,0.7,-90811.94
0.097437,-78570.2,0.7,-73137.28
0.0971836,-88814.8,0.7,-73856.52
0.0477672,-203342.0,0.7,-186821.23
0.0415328,-164227.0,0.7,-137492.06
0.0395303,-150830.0,0.7,-131023.54
0.0369075,-132619.0,0.7,-116357.09
0.0347918,-117246.0,0.7,-101528.74
0.0436947,-178698.0,0.7,-144930.64
0.0310215,-93208.5,0.7,-88664.69
0.06239,-237995.0,0.7,-206937.38
0.0744354,-235891.0,0.7,-176998.11
0.0734216,-219239.0,0.7,-183224.6
0.0745937,-219789.0,0.7,-177331.17
0.0720545,-219046.0,0.7,-197355.42
0.0709729,-218695.0,0.7,-188275.9
0.0764934,-241368.0,0.7,-201714.14
0.0699786,-221900.0,0.7,-166956.66
0.0681586,-231356.0,0.7,-176090.58
0.0826137,-225469.0,0.7,-189776.77
0.0817814,-229833.0,0.7,-188427.97
0.0227597,-38618.0,0.7,-70784.26
0.0242868,-49064.5,0.7,-70181.445
0.0212233,-42365.3,0.7,-60063.23
0.02842,-78647.3,0.7,-68930.56
0.0870043,-179499.0,0.7,-154350.1
0.0852407,-188386.0,0.7,-138341.88
0.0908882,-121062.0,0.7,-97932.77
0.0902431,-139016.0,0.7,-107989.36
0.0928583,-77686.8,0.7,-77253.2
0.0966134,-62902.2,0.7,-74633.32
0.097869,-67813.7,0.7,-71436.836
0.0838374,-212870.0,0.7,-148718.23
0.0502002,-214604.0,0.7,-197405.39
0.0461277,-194120.0,0.7,-165450.31
0.0325532,-103331.0,0.7,-93287.25
0.0526331,-223431.0,0.7,-191049.58
0.0548426,-230780.0,0.7,-201717.58
0.0570684,-236769.0,0.7,-226091.77
0.0590372,-239277.0,0.7,-218098.31
0.0609296,-240171.0,0.7,-203179.83
0.0646824,-237748.0,0.7,-166838.5
0.0627862,-239645.0,0.7,-204774.3
0.0757029,-222896.0,0.7,-188925.72
0.0759154,-230909.0,0.7,-192390.05
0.0771029,-232605.0,0.7,-207391.05
0.0786551,-232785.0,0.7,-164725.73
0.0791567,-237453.0,0.7,-138266.38
0.069894,-225300.0,0.7,-165366.8
0.0666393,-235348.0,0.7,-225269.44
0.0813297,-229535.0,0.7,-170207.8
0.0258185,-64037.4,0.7,-63412.695
0.0919593,-96704.3,0.7,-84808.96
0.0891857,-158899.0,0.7,-127392.55
0.0852166,-196766.0,0.7,-138124.66
0.0939208,-70316.7,0.7,-72782.81
0.0956563,-60766.1,0.7,-73800.79
0.099368,-67284.1,0.7,-64080.344
0.0485607,-206276.0,0.7,-194385.45
0.0406731,-157623.0,0.7,-134926.45
0.0422815,-168244.0,0.7,-139730.52
0.0391526,-146840.0,0.7,-129478.945
0.0359928,-124806.0,0.7,-109645.44
0.0338728,-111161.0,0.7,-97000.63
0.0444882,-183195.0,0.7,-149420.66
0.0299517,-88784.8,0.7,-81882.87
0.0753477,-209878.0,0.7,-183743.75
0.0741529,-209769.0,0.7,-177346.19
0.0765493,-211137.0,0.7,-202501.02
0.0729765,-211250.0,0.7,-188883.61
0.0716892,-217025.0,0.7,-196979.84
0.0702271,-228816.0,0.7,-172151.9
0.0685918,-233501.0,0.7,-164573.48
0.0852371,-211946.0,0.7,-138308.9
0.0838798,-220364.0,0.7,-147547.66
0.0832528,-221950.0,0.7,-168790.34
0.0222272,-41634.8,0.7,-68166.4
0.0208343,-38215.4,0.7,-56354.453
0.0236557,-53204.1,0.7,-71781.26
0.0273503,-74487.2,0.7,-62763.38
0.0882608,-180413.0,0.7,-143999.55
0.0923483,-108005.0,0.7,-81136.63
0.0914612,-134283.0,0.7,-90365.12
0.0944061,-64121.8,0.7,-72306.414
0.0939991,-72076.6,0.7,-72645.16
0.0972404,-54562.6,0.7,-73715.0
0.0984947,-58633.6,0.7,-68286.15
0.0994223,-61396.3,0.7,-63875.473
0.0854847,-203900.0,0.7,-140905.62
0.0508322,-216404.0,0.7,-195255.9
0.0469159,-196585.0,0.7,-175889.31
0.0377245,-136160.0,0.7,-121902.78
0.0315295,-97489.0,0.7,-90691.56
0.0527536,-224029.0,0.7,-191159.75
0.0556307,-236009.0,0.7,-210320.83
0.0579136,-241210.0,0.7,-228104.53
0.0595599,-242496.0,0.7,-213059.88
0.061328,-242249.0,0.7,-202133.47
0.0651174,-237950.0,0.7,-187537.39
0.0631631,-240995.0,0.7,-193712.72
0.0774109,-222052.0,0.7,-206559.55
0.0775047,-213799.0,0.7,-205617.94
0.0787666,-223309.0,0.7,-158698.16
0.0806682,-225856.0,0.7,-135742.14
0.0718581,-220955.0,0.7,-197496.4
0.0669184,-235724.0,0.7,-219531.27
0.0824578,-220224.0,0.7,-192745.67
0.0192067,-39558.3,0.7,-43127.566
0.0251148,-62957.2,0.7,-66487.625
0.0866484,-191252.0,0.7,-153228.16
0.0905084,-159242.0,0.7,-103656.984
0.095726,-55816.7,0.7,-73915.78
0.101125,-58499.7,0.7,-63029.305
0.0493437,-207454.0,0.7,-197903.22
0.04089,-157672.0,0.7,-135587.38
0.0428487,-171015.0,0.7,-141569.62
0.0392782,-145266.0,0.7,-130010.96
0.0352037,-117048.0,0.7,-104102.29
0.0374567,-132805.0,0.7,-120165.48
0.0328206,-103808.0,0.7,-93874.88
0.0452054,-184531.0,0.7,-155221.98
0.0290975,-83484.2,0.7,-74625.39
0.0534571,-226955.0,0.7,-192952.94
0.0759087,-200517.0,0.7,-192278.47
0.0773237,-200871.0,0.7,-207130.36
0.0748062,-202112.0,0.7,-178365.11
0.0784249,-203221.0,0.7,-176625.05
0.0737831,-209221.0,0.7,-179534.7
0.0805248,-218025.0,0.7,-129498.44
0.0723003,-224334.0,0.7,-196157.55
0.0706867,-229122.0,0.7,-182458.88
0.0691044,-228390.0,0.7,-158549.75
0.0870565,-197465.0,0.7,-154358.12
0.0862284,-208744.0,0.7,-149786.53
0.0852727,-212785.0,0.7,-138642.19
0.0843729,-213427.0,0.7,-138054.0
0.0215926,-46479.4,0.7,-63396.188
0.0203841,-38643.3,0.7,-52094.945
0.0192104,-36443.8,0.7,-43148.363
0.0267629,-71192.0,0.7,-61689.957
0.0889726,-186480.0,0.7,-131462.75
0.0945683,-77181.5,0.7,-72328.836
0.0935861,-101515.0,0.7,-73658.7
0.092756,-128906.0,0.7,-77944.33
0.0974589,-50379.0,0.7,-73064.79
0.0994288,-51765.2,0.7,-63851.64
0.100066,-56644.0,0.7,-62264.87
0.0515018,-217284.0,0.7,-192742.61
0.0474739,-194274.0,0.7,-183259.25
0.0306961,-90955.3,0.7,-86969.24
0.05679,-239044.0,0.7,-223615.67
0.0538152,-227446.0,0.7,-194558.83
0.0582385,-241834.0,0.7,-226082.64
0.0599076,-242424.0,0.7,-210117.17
0.0617456,-241259.0,0.7,-203068.58
0.0637542,-236729.0,0.7,-166494.36
0.0657298,-234235.0,0.7,-216104.75
0.0794361,-210240.0,0.7,-126465.16
0.0823004,-213835.0,0.7,-194374.3
0.07404,-214630.0,0.7,-177815.75
0.0674769,-223424.0,0.7,-201014.08
0.0871513,-202396.0,0.7,-154267.44
0.0837724,-211061.0,0.7,-150610.11
0.0914448,-161443.0,0.7,-90564.22
0.0960852,-54887.4,0.7,-74414.266
0.101539,-51485.0,0.7,-64143.82
0.0499894,-206185.0,0.7,-197866.14
0.0411058,-156236.0,0.7,-136232.97
0.0436192,-172135.0,0.7,-144584.12
0.0390415,-141835.0,0.7,-128991.75
0.0374247,-129251.0,0.7,-119952.02
0.032821,-101680.0,0.7,-93875.78
0.0455838,-182475.0,0.7,-159059.2
0.0282946,-78258.1,0.7,-67980.42
0.0519773,-217253.0,0.7,-191479.77
0.0552161,-233331.0,0.7,-205464.81
0.0779823,-188962.0,0.7,-195011.86
0.0763389,-193899.0,0.7,-199378.58
0.0793932,-190345.0,0.7,-128031.21
0.0758862,-196705.0,0.7,-191905.0
0.0806413,-193366.0,0.7,-134501.11
0.0821193,-200733.0,0.7,-194327.98
0.0758188,-202151.0,0.7,-190794.1
0.0743671,-218110.0,0.7,-176971.9
0.0727237,-222450.0,0.7,-192053.4
0.0712267,-220491.0,0.7,-192481.67
0.0698927,-213938.0,0.7,-165343.38
0.08815,-197791.0,0.7,-145664.48
0.0871166,-202861.0,0.7,-154316.42
0.0863069,-204219.0,0.7,-150574.66
0.0853643,-203044.0,0.7,-139567.44
0.0900407,-183568.0,0.7,-111470.12
0.0952131,-74054.5,0.7,-73044.0
0.0962748,-58715.6,0.7,-74579.414
0.0950036,-83360.8,0.7,-72728.6
0.0939003,-123116.0,0.7,-72822.88
0.0979084,-49222.9,0.7,-71256.71
0.0995513,-48009.5,0.7,-63428.19
0.0484769,-192022.0,0.7,-193762.78
0.0350237,-113118.0,0.7,-102942.51
0.0313648,-91797.5,0.7,-90110.18
0.0466071,-182645.0,0.7,-171713.77
0.0294586,-82428.4,0.7,-77787.65
0.0567553,-233423.0,0.7,-223276.25
0.0553429,-230051.0,0.7,-206885.52
0.0539305,-223383.0,0.7,-195168.3
0.0523548,-213807.0,0.7,-191023.47
0.0585352,-235564.0,0.7,-223346.36
0.0603146,-235695.0,0.7,-206985.78
0.0620061,-235083.0,0.7,-204656.19
0.0651958,-225486.0,0.7,-191642.14
0.0843298,-201250.0,0.7,-138571.12
0.0762209,-207390.0,0.7,-197480.97
0.0688071,-200673.0,0.7,-160960.64
0.0917105,-168772.0,0.7,-87465.95
0.0975372,-50214.6,0.7,-72792.61
0.093534,-145081.0,0.7,-73838.35
0.101648,-44883.9,0.7,-64472.42
0.0504975,-202496.0,0.7,-196498.61
0.0397617,-143627.0,0.7,-131894.25
0.0421484,-157460.0,0.7,-139322.92
0.0445431,-172186.0,0.7,-149799.77
0.0364123,-119117.0,0.7,-112740.195
0.0332632,-101591.0,0.7,-94976.62
0.0273395,-72894.0,0.7,-62727.637
0.0629599,-225859.0,0.7,-200867.92
0.0666318,-207473.0,0.7,-225377.27
0.0775508,-186958.0,0.7,-205024.81
0.0804947,-176233.0,0.7,-128315.27
0.0816316,-179130.0,0.7,-183510.3
0.0772805,-190656.0,0.7,-207310.23
0.0829307,-182329.0,0.7,-180553.28
0.0845085,-186003.0,0.7,-136807.69
0.0775487,-194450.0,0.7,-205053.92
0.0746081,-215133.0,0.7,-177380.05
0.0758777,-212543.0,0.7,-191764.16
0.0731536,-213878.0,0.7,-186573.3
0.0717864,-210140.0,0.7,-197350.9
0.0713625,-195133.0,0.7,-194257.05
0.0888727,-191775.0,0.7,-133347.22
0.0879917,-193984.0,0.7,-147844.36
0.0874177,-189936.0,0.7,-153290.11
0.0859864,-189460.0,0.7,-147056.94
0.0907487,-176953.0,0.7,-99969.234
0.0966856,-55081.6,0.7,-74598.24
0.0981806,-50376.2,0.7,-69929.41
0.0960336,-76564.5,0.7,-74355.6
0.0953545,-107637.0,0.7,-73280.9
0.0991926,-49221.4,0.7,-64803.02
0.101712,-43892.8,0.7,-64668.895
0.0490495,-185229.0,0.7,-197071.97
0.0474117,-179556.0,0.7,-182467.84
0.0385124,-131453.0,0.7,-126443.3
0.034794,-109449.0,0.7,-101541.72
0.0320062,-93494.5,0.7,-92054.92
0.0302548,-85487.3,0.7,-84144.83
0.0457197,-170393.0,0.7,-160565.56
0.0285035,-77646.7,0.7,-69587.305
0.0550247,-216509.0,0.7,-203459.7
0.0570101,-220336.0,0.7,-225617.56
0.0530263,-204531.0,0.7,-191627.23
0.050882,-192798.0,0.7,-195061.2
0.0589854,-223052.0,0.7,-218635.86
0.0609403,-224378.0,0.7,-203132.36
0.0640746,-210428.0,0.7,-157890.56
0.0794747,-176667.0,0.7,-125145.555
0.0781087,-198087.0,0.7,-190532.0
0.0777124,-204172.0,0.7,-202235.58
0.0699443,-172810.0,0.7,-166298.66
0.0679086,-182692.0,0.7,-184706.94
0.0926417,-157097.0,0.7,-78769.414
0.0968218,-50337.3,0.7,-74483.64
0.0946376,-125935.0,0.7,-72362.01
0.0405565,-143127.0,0.7,-134564.34
0.0434778,-159636.0,0.7,-143964.33
0.0355117,-111231.0,0.7,-106192.7
0.0372631,-120304.0,0.7,-118856.71
0.0337589,-102374.0,0.7,-96566.836
0.0617887,-209200.0,0.7,-203288.9
0.0655177,-187870.0,0.7,-207540.16
0.0787148,-180868.0,0.7,-161508.14
0.0816087,-163330.0,0.7,-182647.47
0.082698,-163511.0,0.7,-187686.86
0.0838599,-166463.0,0.7,-148090.44
0.0789519,-183194.0,0.7,-148695.92
0.0851781,-167846.0,0.7,-137794.36
0.0866217,-170262.0,0.7,-153072.14
0.0790196,-189083.0,0.7,-145139.47
0.0751653,-205431.0,0.7,-181534.86
0.0764802,-206774.0,0.7,-201523.05
0.073418,-201866.0,0.7,-183267.0
0.0720285,-152545.0,0.7,-197418.22
0.0897238,-181906.0,0.7,-117189.51
0.0890453,-182580.0,0.7,-130079.66
0.0881148,-172315.0,0.7,-146170.5
0.0917764,-162175.0,0.7,-86739.13
0.0986582,-41721.3,0.7,-67421.46
0.100266,-48548.9,0.7,-62098.957
0.097945,-40717.3,0.7,-71086.36
0.0973654,-60254.3,0.7,-73363.23
0.0966561,-80486.6,0.7,-74614.69
0.04925,-171325.0,0.7,-197701.1
0.0469883,-167176.0,0.7,-176868.2
0.0419421,-149957.0,0.7,-138702.05
0.0390144,-129431.0,0.7,-128870.61
0.0312529,-88576.1,0.7,-89675.414
0.0327446,-94865.1,0.7,-93704.56
0.0298835,-82494.2,0.7,-81342.914
0.0444883,-155926.0,0.7,-149421.34
0.055577,-194838.0,0.7,-209663.36
0.057562,-202384.0,0.7,-228565.25
0.0535309,-180957.0,0.7,-193247.86
0.0512942,-177544.0,0.7,-193469.88
0.0596315,-206239.0,0.7,-212429.95
0.0628026,-182596.0,0.7,-204494.47
0.0806814,-169681.0,0.7,-136361.36
0.0799178,-191345.0,0.7,-117124.34
0.0780749,-199467.0,0.7,-191795.83
0.0738885,-178872.0,0.7,-178725.42
0.0688453,-154546.0,0.7,-160481.78
0.0701182,-122339.0,0.7,-169796.94
0.0670079,-159415.0,0.7,-217070.92
0.089528,-169724.0,0.7,-120854.41
0.0938522,-133320.0,0.7,-72923.72
0.0959279,-88124.7,0.7,-74220.18
0.102585,-46313.3,0.7,-67241.48
0.0407672,-137903.0,0.7,-135214.95
0.0425199,-146205.0,0.7,-140479.5
0.0363007,-110936.0,0.7,-111915.37
0.034533,-103187.0,0.7,-100071.75
0.0380371,-118280.0,0.7,-123810.65
0.0604756,-183913.0,0.7,-205843.92
0.0646634,-158363.0,0.7,-166114.42
0.0830618,-152648.0,0.7,-175916.31
0.0840686,-146500.0,0.7,-142993.1
0.0850258,-146834.0,0.7,-136715.36
0.0859856,-150167.0,0.7,-147047.44
0.0807012,-178336.0,0.7,-137302.84
0.0871621,-149389.0,0.7,-154248.48
0.0885483,-148106.0,0.7,-139244.34
0.0797824,-194408.0,0.7,-118074.555
0.0756297,-190683.0,0.7,-187781.67
0.0771069,-196571.0,0.7,-207399.98
0.0745639,-143117.0,0.7,-177239.5
0.071863,-103900.0,0.7,-197502.5
0.0907286,-166749.0,0.7,-100268.94
0.0900558,-146841.0,0.7,-111205.516
0.0927997,-139633.0,0.7,-77643.54
0.0998894,-36327.7,0.7,-62546.066
0.0993379,-37628.7,0.7,-64197.99
0.0987858,-48473.3,0.7,-66757.414
0.0980543,-55166.0,0.7,-70561.48
0.0498409,-159080.0,0.7,-198074.45
0.047706,-148102.0,0.7,-186104.2
0.0450182,-146507.0,0.7,-153524.33
0.039691,-125043.0,0.7,-131633.86
0.0313173,-87423.6,0.7,-89929.73
0.0335532,-95536.3,0.7,-95851.125
0.043206,-141576.0,0.7,-142866.5
0.0543949,-163038.0,0.7,-198090.44
0.0563203,-172138.0,0.7,-218650.84
0.0583313,-179527.0,0.7,-225293.28
0.0514363,-159887.0,0.7,-192963.34
0.061019,-152730.0,0.7,-202809.7
0.0627084,-149849.0,0.7,-205861.12
0.0824229,-162532.0,0.7,-193232.73
0.0821929,-175269.0,0.7,-194605.42
0.0817513,-184953.0,0.7,-187545.66
0.0790988,-187092.0,0.7,-141105.12
0.0765378,-163435.0,0.7,-202342.1
0.0682446,-128511.0,0.7,-173410.53
0.0735001,-103376.0,0.7,-182321.88
0.0707836,-78146.5,0.7,-184526.2
0.0661073,-134539.0,0.7,-225601.23
0.0918059,-137757.0,0.7,-86419.17
0.0945028,-110193.0,0.7,-72310.16
0.0976779,-54774.3,0.7,-72255.49
0.0415621,-132723.0,0.7,-137578.22
0.0367892,-106804.0,0.7,-115503.75
0.0352751,-102694.0,0.7,-104575.92
0.0387262,-114768.0,0.7,-127520.3
0.0528369,-156306.0,0.7,-191270.6
0.059255,-151313.0,0.7,-215905.84
0.0640429,-114991.0,0.7,-158348.36
0.0844541,-146630.0,0.7,-137239.28
0.0854754,-134509.0,0.7,-140798.22
0.0862769,-128347.0,0.7,-150280.33
0.087037,-129340.0,0.7,-154359.94
0.0876225,-134036.0,0.7,-151839.03
0.0890471,-122853.0,0.7,-130045.445
0.0902902,-117596.0,0.7,-107200.66
0.0812749,-182334.0,0.7,-167434.7
0.0775816,-182181.0,0.7,-204579.4
0.0687836,-84899.0,0.7,-161279.75
0.0754322,-97661.9,0.7,-184882.81
0.0764374,-130084.0,0.7,-200892.12
0.0727836,-74258.4,0.7,-191331.17
0.0921282,-105068.0,0.7,-83141.34
0.0939424,-105155.0,0.7,-72742.26
0.0959919,-71983.6,0.7,-74304.52
0.100747,-43628.4,0.7,-62328.117
0.100115,-47881.0,0.7,-62209.246
0.0994205,-48944.4,0.7,-63882.13
0.0496146,-144885.0,0.7,-198174.83
0.0451599,-133985.0,0.7,-154797.05
0.0428775,-129845.0,0.7,-141669.25
0.0403111,-118664.0,0.7,-133782.27
0.0326286,-90533.7,0.7,-93450.27
0.0347716,-97297.1,0.7,-101410.28
0.053288,-139695.0,0.7,-192350.28
0.0549563,-142075.0,0.7,-202786.23
0.0571006,-147855.0,0.7,-226341.05
0.0515345,-142535.0,0.7,-192636.11
0.0620143,-112883.0,0.7,-204713.58
0.0600226,-112356.0,0.7,-209201.03
0.083804,-160303.0,0.7,-149676.06
0.0842304,-168182.0,0.7,-139992.33
0.0831843,-174312.0,0.7,-171370.6
0.0808147,-172444.0,0.7,-142948.95
0.0792156,-163244.0,0.7,-135495.1
0.0672579,-94999.7,0.7,-209018.58
0.0747836,-71136.7,0.7,-178223.81
0.0782405,-130455.0,0.7,-185166.75
0.0722928,-138273.0,0.7,-196209.28
0.0701057,-139230.0,0.7,-169533.42
0.0656847,-94654.0,0.7,-214455.81
0.0934595,-99087.3,0.7,-74115.93
0.0994607,-50895.8,0.7,-63736.453
0.0972962,-53986.9,0.7,-73564.74
0.0483218,-131865.0,0.7,-192491.4
0.0461518,-128943.0,0.7,-165753.9
0.0382167,-108173.0,0.7,-124844.19
0.0579359,-111414.0,0.7,-228010.33
0.0627836,-80290.4,0.7,-204816.88
0.0857508,-145880.0,0.7,-144147.83
0.0865699,-127874.0,0.7,-152742.92
0.0874597,-115270.0,0.7,-153040.8
0.0881183,-109653.0,0.7,-146120.72
0.0887595,-113093.0,0.7,-135451.05
0.0907864,-96272.2,0.7,-99411.27
0.0917863,-87365.8,0.7,-86631.3
0.0829445,-164800.0,0.7,-180081.25
0.0667836,-77699.2,0.7,-222701.28
0.0767836,-67672.1,0.7,-205324.14
0.0774127,-92191.2,0.7,-206544.75
0.0741041,-133258.0,0.7,-177526.78
0.0678392,-146247.0,0.7,-187262.23
0.0647836,-78783.8,0.7,-171037.45
0.0944232,-68243.4,0.7,-72304.89
0.0952893,-69161.3,0.7,-73169.99
0.102182,-51494.9,0.7,-66122.1
0.101331,-54937.8,0.7,-63550.71
0.0501772,-132148.0,0.7,-197464.02
0.0439842,-122746.0,0.7,-146375.1
0.041649,-116664.0,0.7,-137833.94
0.0361971,-100336.0,0.7,-111149.62
0.0395473,-109394.0,0.7,-131089.23
0.0339936,-94176.3,0.7,-97491.13
0.0514211,-121623.0,0.7,-193015.77
0.053642,-118487.0,0.7,-193727.56
0.055641,-107599.0,0.7,-210447.58
0.0607836,-82768.1,0.7,-203914.5
0.0587836,-82850.1,0.7,-220761.6
0.0904725,-90722.8,0.7,-104227.36
0.0935111,-62983.6,0.7,-73921.09
0.085604,-160311.0,0.7,-142327.97
0.0846916,-161397.0,0.7,-135993.58
0.0817127,-149896.0,0.7,-186334.22
0.0806616,-124496.0,0.7,-135435.03
0.0760705,-128066.0,0.7,-194984.64
0.0797226,-86388.9,0.7,-118932.03
0.0729,-160936.0,0.7,-189870.72
0.0712422,-158830.0,0.7,-192702.38
0.0696928,-161231.0,0.7,-162108.22
0.101083,-54516.8,0.7,-62933.414
0.0988513,-49589.9,0.7,-66423.234
0.0968174,-52844.6,0.7,-74488.38
0.0491819,-120854.0,0.7,-197517.88
0.047029,-120571.0,0.7,-177417.28
0.0449452,-117374.0,0.7,-152898.3
0.0374455,-102811.0,0.7,-120090.89
0.0567836,-82273.0,0.7,-223553.48
0.0640735,-131717.0,0.7,-157904.78
0.0617906,-138496.0,0.7,-203299.2
0.0869128,-147891.0,0.7,-154237.62
0.0883315,-121914.0,0.7,-142884.16
0.0885448,-108060.0,0.7,-139305.27
0.0893756,-94230.8,0.7,-123753.28
0.0898012,-88579.6,0.7,-115765.555
0.0926013,-63525.0,0.7,-79074.18
0.0852614,-144956.0,0.7,-138534.61
0.0838883,-134896.0,0.7,-147319.14
0.0659217,-130083.0,0.7,-221933.53
0.0787836,-63585.8,0.7,-157774.39
0.077867,-124010.0,0.7,-198493.69
0.0755992,-158852.0,0.7,-187315.02
0.0685844,-166184.0,0.7,-164724.45
0.0956449,-50166.4,0.7,-73781.63
0.103678,-49740.4,0.7,-68291.91
0.103356,-49434.2,0.7,-68429.08
0.0428056,-113098.0,0.7,-141421.97
0.0406939,-108367.0,0.7,-134990.4
0.0357585,-98048.8,0.7,-107942.54
0.0387006,-103711.0,0.7,-127394.81
0.0521023,-92154.0,0.7,-191268.89
0.0539409,-86755.9,0.7,-195225.55
0.0547836,-76776.2,0.7,-201187.73
0.0599546,-134187.0,0.7,-209739.86
0.058009,-133266.0,0.7,-227651.0
0.0916923,-65841.2,0.7,-87669.58
0.0949648,-44947.0,0.7,-72676.94
0.0866723,-144986.0,0.7,-153359.56
0.0879447,-140880.0,0.7,-148441.86
0.0827516,-110827.0,0.7,-186205.47
0.0817664,-76011.0,0.7,-187994.98
0.0653993,-158046.0,0.7,-201988.22
0.0771315,-152024.0,0.7,-207445.28
0.0807836,-55671.3,0.7,-141364.12
0.0741493,-170864.0,0.7,-177358.52
0.0708485,-164861.0,0.7,-185860.0
0.0665599,-166161.0,0.7,-226274.08
0.102994,-41435.1,0.7,-68082.83
0.100502,-49671.9,0.7,-62106.04
0.0987914,-48595.9,0.7,-66728.664
0.0499901,-98106.9,0.7,-197864.92
0.0479063,-98895.3,0.7,-188390.58
0.0459063,-98997.0,0.7,-162736.33
0.0439876,-97361.1,0.7,-146393.23
0.0348363,-96308.7,0.7,-101792.48
0.0367157,-99606.7,0.7,-114969.38
0.0560192,-127415.0,0.7,-215112.2
0.0632808,-158130.0,0.7,-188531.94
0.0611255,-155419.0,0.7,-202462.64
0.0892806,-127591.0,0.7,-125572.32
0.0903557,-93551.4,0.7,-106117.734
0.0916401,-69963.6,0.7,-88260.71
0.0939567,-48121.1,0.7,-72716.555
0.0863605,-102790.0,0.7,-151078.62
0.087458,-121072.0,0.7,-153051.25
0.0847588,-90957.6,0.7,-135925.92
0.0799862,-118002.0,0.7,-117177.37
0.0786938,-150588.0,0.7,-162643.58
0.0763668,-169770.0,0.7,-199814.98
0.0720643,-171606.0,0.7,-197328.39
0.0699373,-179627.0,0.7,-166166.53
0.0675494,-174956.0,0.7,-198263.77
0.0775472,-161047.0,0.7,-205074.28
0.0979272,-49845.3,0.7,-71169.6
0.0971476,-47547.6,0.7,-73940.25
0.105485,-42396.4,0.7,-56883.867
0.105122,-35601.9,0.7,-60430.363
0.0415647,-94214.3,0.7,-137585.81
0.0397387,-91339.5,0.7,-131810.05
0.0328566,-92490.5,0.7,-93956.984
0.0378557,-86580.3,0.7,-122720.0
0.0507836,-76884.7,0.7,-195444.44
0.0527836,-73858.3,0.7,-191196.4
0.0538803,-126578.0,0.7,-194897.55
0.0596579,-151650.0,0.7,-212201.03
0.0567225,-143203.0,0.7,-222950.38
0.0906912,-104930.0,0.7,-100830.83
0.0956586,-43683.5,0.7,-73804.586
0.0886716,-120319.0,0.7,-137053.77
0.0899805,-116154.0,0.7,-112532.83
0.0837952,-60832.8,0.7,-149933.36
0.0827836,-46311.3,0.7,-185270.05
0.0644999,-166933.0,0.7,-160885.78
0.0818732,-90426.0,0.7,-190771.22
0.0749317,-180339.0,0.7,-179279.17
0.0725715,-181211.0,0.7,-193760.62
0.0657375,-177931.0,0.7,-216376.16
0.0965191,-44542.9,0.7,-74653.13
0.101798,-41818.8,0.7,-64935.79
0.10476,-30959.9,0.7,-63522.25
0.100109,-46463.7,0.7,-62215.535
0.0487836,-78591.8,0.7,-195813.42
0.0467836,-78783.8,0.7,-174096.72
0.0447836,-78111.5,0.7,-151583.14
0.0427836,-77162.9,0.7,-141347.31
0.0338448,-80152.7,0.7,-96891.43
0.0358899,-81989.4,0.7,-108893.72
0.0552548,-138892.0,0.7,-205891.12
0.0581256,-147998.0,0.7,-226930.7
0.0625243,-166882.0,0.7,-207034.67
0.0606046,-165411.0,0.7,-204985.94
0.0912608,-107178.0,0.7,-92867.72
0.0921426,-80295.5,0.7,-83004.34
0.0935036,-59162.9,0.7,-73948.63
0.0960836,-44493.5,0.7,-74412.51
0.0884793,-83304.2,0.7,-140435.12
0.0866285,-62749.5,0.7,-153112.86
0.089235,-97076.6,0.7,-126446.93
0.0856681,-48866.2,0.7,-143116.89
0.0803249,-149300.0,0.7,-122627.83
0.0794892,-159021.0,0.7,-124672.45
0.0821572,-135067.0,0.7,-194515.9
0.0784848,-168759.0,0.7,-173634.78
0.0768945,-179512.0,0.7,-206316.34
0.0674102,-192812.0,0.7,-203511.75
0.0990529,-46761.0,0.7,-65436.945
0.0983564,-44789.6,0.7,-69017.55
0.107346,-40750.3,0.7,-44049.883
0.103235,-34412.7,0.7,-68364.8
0.106671,-30759.0,0.7,-46409.473
0.0407836,-73498.6,0.7,-135264.95
0.0387836,-68456.5,0.7,-127798.37
0.0367836,-66099.0,0.7,-115463.12
0.0500875,-121170.0,0.7,-197673.86
0.0520515,-123616.0,0.7,-191347.62
0.0537854,-136706.0,0.7,-194408.53
0.058845,-160470.0,0.7,-220112.0
0.0559419,-151300.0,0.7,-214168.4
0.0573935,-155522.0,0.7,-228088.77
0.0926163,-91628.5,0.7,-78960.25
0.0952524,-51822.3,0.7,-73108.47
0.0969075,-44149.7,0.7,-74377.984
0.0906549,-89499.2,0.7,-101381.63
0.0919872,-85137.2,0.7,-84525.96
0.0882402,-61175.1,0.7,-144317.16
0.0847836,-38451.8,0.7,-135930.28
0.0836555,-86129.1,0.7,-154286.64
0.0638122,-181884.0,0.7,-164339.56
0.0755367,-190926.0,0.7,-186378.95
0.0734965,-193039.0,0.7,-182362.14
0.0711913,-194737.0,0.7,-191961.23
0.0693584,-197162.0,0.7,-158827.9
0.0649699,-198401.0,0.7,-179917.9
0.102151,-38929.0,0.7,-66028.76
0.106526,-27161.1,0.7,-47352.7
0.103913,-33618.7,0.7,-67858.99
0.101609,-41680.1,0.7,-64353.71
0.0480839,-121551.0,0.7,-190259.06
0.0460449,-121970.0,0.7,-164419.08
0.0440925,-120101.0,0.7,-146968.12
0.0417605,-116807.0,0.7,-138162.92
0.0347836,-64423.3,0.7,-101480.56
0.0524822,-135035.0,0.7,-190996.06
0.0544904,-147530.0,0.7,-198791.23
0.0618224,-183158.0,0.7,-203475.22
0.0598343,-183378.0,0.7,-210714.67
0.0932344,-81850.8,0.7,-75103.695
0.0942745,-71365.2,0.7,-72350.516
0.0977868,-44603.6,0.7,-71800.62
0.0971304,-49729.5,0.7,-73978.555
0.0907522,-70653.4,0.7,-99917.13
0.089666,-58258.6,0.7,-118262.7
0.0884164,-48436.0,0.7,-141495.36
0.0876035,-38447.1,0.7,-151998.14
0.0867836,-30908.7,0.7,-153868.56
0.0815941,-154269.0,0.7,-182083.11
0.0802906,-163466.0,0.7,-121700.914
0.0847491,-121427.0,0.7,-135928.62
0.078897,-177599.0,0.7,-151631.73
0.0773679,-188332.0,0.7,-206876.39
0.0683049,-206904.0,0.7,-171636.8
0.0658969,-210635.0,0.7,-221293.52
0.0999949,-42077.1,0.7,-62362.88
0.0386539,-145060.0,0.7,-127163.44
0.0371065,-135757.0,0.7,-117769.64
0.036663,-137314.0,0.7,-114584.56
0.0392175,-143511.0,0.7,-129756.305
0.040641,-153718.0,0.7,-134827.25
0.0400113,-153604.0,0.7,-132779.6
0.0380814,-144868.0,0.7,-124069.91
0.0361924,-136810.0,0.7,-111114.84
0.0350771,-131456.0,0.7,-103281.23
0.0348708,-127591.0,0.7,-101999.555
0.032849,-112094.0,0.7,-93939.54
0.0347848,-121930.0,0.7,-101487.62
0.0342131,-123829.0,0.7,-98464.37
0.0367136,-135692.0,0.7,-114954.04
0.0370425,-140713.0,0.7,-117318.87
0.038869,-150801.0,0.7,-128203.586
0.0333111,-109606.0,0.7,-95111.19
0.0390955,-153051.0,0.7,-129230.6
0.0409323,-165068.0,0.7,-135714.81
0.0353487,-132614.0,0.7,-105071.305
0.0375054,-143992.0,0.7,-120487.984
0.0409943,-162128.0,0.7,-135900.64
0.039272,-151885.0,0.7,-129985.125
0.0330485,-120615.0,0.7,-94413.89
0.0340865,-127619.0,0.7,-97890.06
0.108882,-31939.4,0.7,-51250.65
0.108081,-28942.3,0.7,-45539.4
0.0396467,-112582.0,0.7,-131468.17
0.0378028,-103627.0,0.7,-122393.3
0.0327836,-61428.4,0.7,-93791.48
0.0360716,-103580.0,0.7,-110224.266
0.0496205,-132671.0,0.7,-198175.73
0.0510866,-133530.0,0.7,-194259.05
0.052817,-144923.0,0.7,-191241.6
0.0581576,-172784.0,0.7,-226704.06
0.0553511,-164286.0,0.7,-206979.66
0.0568281,-172884.0,0.7,-223982.03
0.0941509,-76743.8,0.7,-72447.445
0.096499,-62561.0,0.7,-74653.64
0.0925697,-70735.2,0.7,-79317.39
0.0940852,-70667.3,0.7,-72522.13
0.0898907,-54536.7,0.7,-114139.64
0.0856555,-70821.7,0.7,-142960.95
0.0629194,-200170.0,0.7,-201966.97
0.0836415,-144112.0,0.7,-154748.38
0.0802392,-169218.0,0.7,-120462.5
0.0741916,-199774.0,0.7,-177227.94
0.0760164,-196152.0,0.7,-194078.45
0.0717985,-204517.0,0.7,-197383.2
0.0699858,-204862.0,0.7,-167097.2
0.0633946,-211757.0,0.7,-183088.39
0.0991025,-42944.9,0.7,-65206.56
0.0426281,-162800.0,0.7,-140829.7
0.0408328,-149475.0,0.7,-135414.39
0.0419412,-164625.0,0.7,-138699.39
0.0443482,-178466.0,0.7,-148498.33
0.0432179,-175642.0,0.7,-142912.3
0.0424902,-173770.0,0.7,-140384.53
0.04428,-186451.0,0.7,-148071.28
0.0448694,-186183.0,0.7,-152269.39
0.0465935,-191715.0,0.7,-171531.1
0.0463896,-172641.0,0.7,-168820.62
0.0447762,-171013.0,0.7,-151525.23
0.0463018,-182075.0,0.7,-167674.39
0.0439096,-163241.0,0.7,-145984.03
0.0452399,-165751.0,0.7,-155549.5
0.0476811,-189513.0,0.7,-185808.16
0.0477482,-180965.0,0.7,-186600.3
0.0492739,-191205.0,0.7,-197758.23
0.0511397,-192490.0,0.7,-194053.2
0.0492772,-181928.0,0.7,-197765.72
0.0399306,-138407.0,0.7,-132498.92
0.0425934,-155292.0,0.7,-140716.64
0.0419506,-143632.0,0.7,-138727.45
0.0360533,-125603.0,0.7,-110089.625
0.0380471,-132723.0,0.7,-123869.44
0.0310045,-109678.0,0.7,-88584.26
0.0318926,-116764.0,0.7,-91765.39
0.0298685,-107077.0,0.7,-81222.87
0.0302332,-109819.0,0.7,-83991.74
0.0311157,-114431.0,0.7,-89095.01
0.0331742,-122929.0,0.7,-94735.69
0.0292313,-106571.0,0.7,-75801.45
0.0320779,-112305.0,0.7,-92229.125
0.0307571,-102582.0,0.7,-87312.266
0.031578,-116273.0,0.7,-90850.44
0.0427665,-178209.0,0.7,-141289.4
0.0317669,-103528.0,0.7,-91421.914
0.0410436,-164525.0,0.7,-136047.84
0.110002,-42753.3,0.7,-63202.203
0.108746,-35953.0,0.7,-50043.965
0.105671,-30254.4,0.7,-55001.83
0.101868,-39602.4,0.7,-65154.24
0.0473425,-131120.0,0.7,-181575.42
0.0452035,-130188.0,0.7,-155204.11
0.043177,-127171.0,0.7,-142755.67
0.041035,-122299.0,0.7,-136022.12
0.0339839,-99754.0,0.7,-97450.59
0.0512954,-136748.0,0.7,-193465.38
0.0539268,-165400.0,0.7,-195148.05
0.0612251,-198368.0,0.7,-202242.73
0.0582972,-190129.0,0.7,-225592.05
0.0951628,-69714.5,0.7,-72963.516
0.0958425,-68316.4,0.7,-74097.69
0.0989755,-50189.8,0.7,-65806.91
0.0985797,-63846.9,0.7,-67835.64
0.0914508,-65074.3,0.7,-90491.34
0.0899105,-34983.1,0.7,-113783.2
0.0887836,-25297.9,0.7,-135006.42
0.0930262,-73125.9,0.7,-76216.86
0.087743,-56394.4,0.7,-150719.23
0.0837426,-152791.0,0.7,-151515.22
0.0818629,-162076.0,0.7,-190534.94
0.0868196,-103250.0,0.7,-153995.73
0.0859645,-136710.0,0.7,-146793.17
0.0791073,-185211.0,0.7,-140681.67
0.0805484,-176163.0,0.7,-130459.16
0.0775844,-193170.0,0.7,-204537.16
0.0675899,-213829.0,0.7,-196718.12
0.0695884,-209859.0,0.7,-160767.02
0.063525,-217990.0,0.7,-176707.23
0.100536,-45711.9,0.7,-62124.355
0.0435367,-151820.0,0.7,-144218.02
0.0443107,-158697.0,0.7,-148261.78
0.0460714,-195571.0,0.7,-164747.11
0.0462992,-163685.0,0.7,-167640.58
0.0478628,-173934.0,0.7,-187909.2
0.0487854,-199794.0,0.7,-195823.42
0.0509709,-180929.0,0.7,-194712.14
0.040661,-132806.0,0.7,-134889.08
0.0388746,-127929.0,0.7,-128229.78
0.0370081,-121760.0,0.7,-117075.17
0.0347359,-112734.0,0.7,-101202.84
0.0366436,-113201.0,0.7,-114442.53
0.0354789,-109751.0,0.7,-105964.51
0.0330829,-104610.0,0.7,-94499.9
0.0326984,-110996.0,0.7,-93602.63
0.0339326,-118585.0,0.7,-97239.48
0.0330326,-119379.0,0.7,-94374.555
0.0324263,-119043.0,0.7,-93013.46
0.0311301,-113146.0,0.7,-89158.51
0.0382423,-118507.0,0.7,-124987.69
0.0285701,-102833.0,0.7,-70123.33
0.0299534,-110207.0,0.7,-81896.21
0.0279796,-102765.0,0.7,-65822.305
0.0307161,-112707.0,0.7,-87083.04
0.0290764,-106602.0,0.7,-74440.22
0.111077,-37755.3,0.7,-73582.6
0.11009,-41099.8,0.7,-64192.594
0.103655,-35271.7,0.7,-68318.25
0.107491,-29524.7,0.7,-44012.54
0.0393188,-117481.0,0.7,-130179.0
0.0375965,-114284.0,0.7,-121083.586
0.0318208,-95098.1,0.7,-91572.44
0.0487436,-137120.0,0.7,-195581.97
0.0523495,-158844.0,0.7,-191025.97
0.0513126,-146864.0,0.7,-193402.31
0.0556127,-179365.0,0.7,-210099.9
0.0597944,-203575.0,0.7,-211044.72
0.0980535,-71996.7,0.7,-70565.39
0.0947393,-76469.1,0.7,-72433.73
0.0963564,-79462.8,0.7,-74622.984
0.091941,-62069.5,0.7,-84996.305
0.0615169,-210240.0,0.7,-202277.08
0.0819642,-168012.0,0.7,-192556.95
0.0732202,-204846.0,0.7,-185713.98
0.0748203,-200364.0,0.7,-178456.73
0.0760937,-197671.0,0.7,-195372.73
0.0655389,-217669.0,0.7,-208482.75
0.0615398,-216397.0,0.7,-202325.78
0.0439174,-145522.0,0.7,-146024.28
0.0449114,-154520.0,0.7,-152615.19
0.0423663,-132044.0,0.7,-139993.78
0.0446352,-192543.0,0.7,-150458.8
0.0456736,-198224.0,0.7,-160047.33
0.048075,-204575.0,0.7,-190169.36
0.047833,-165277.0,0.7,-187574.42
0.0459961,-151630.0,0.7,-163820.12
0.0493865,-175053.0,0.7,-197976.47
0.0529981,-186485.0,0.7,-191565.12
0.0506617,-173518.0,0.7,-195907.98
0.0523619,-173897.0,0.7,-191020.22
0.0494854,-164341.0,0.7,-198101.67
0.0511296,-162097.0,0.7,-194092.3
0.0480802,-151286.0,0.7,-190221.81
0.0400894,-124678.0,0.7,-133046.53
0.0319369,-112548.0,0.7,-91880.44
0.0296912,-106675.0,0.7,-79769.586
0.0320094,-103822.0,0.7,-92062.83
0.027608,-100112.0,0.7,-63791.26
0.0267147,-98525.0,0.7,-61680.625
0.0433878,-182312.0,0.7,-143588.1
0.109587,-55444.9,0.7,-58519.734
0.111486,-63224.8,0.7,-75401.195
0.105439,-44710.4,0.7,-57346.87
0.107538,-43957.2,0.7,-44036.473
0.102401,-57253.1,0.7,-66756.18
0.103634,-45490.3,0.7,-68339.87
0.0466654,-136990.0,0.7,-172498.67
0.0446987,-136039.0,0.7,-150930.31
0.0502164,-138095.0,0.7,-197362.92
0.0570384,-190151.0,0.7,-225851.39
0.0543899,-182664.0,0.7,-198054.67
0.0581539,-204710.0,0.7,-226730.9
0.0974195,-77829.2,0.7,-73194.12
0.100876,-67650.5,0.7,-62523.445
0.100123,-79031.2,0.7,-62201.11
0.0934034,-73059.2,0.7,-74341.15
0.0907836,-20024.9,0.7,-99452.52
0.0918497,-31119.4,0.7,-85950.125
0.0898578,-51330.5,0.7,-114734.52
0.0949874,-73222.1,0.7,-72706.64
0.0889007,-79648.1,0.7,-132821.34
0.0837124,-160259.0,0.7,-152455.53
0.0856116,-151478.0,0.7,-142420.83
0.0882764,-113271.0,0.7,-143757.03
0.0796438,-187008.0,0.7,-120456.58
0.0806026,-182122.0,0.7,-132769.36
0.0819376,-175208.0,0.7,-192091.48
0.0711628,-210130.0,0.7,-191525.75
0.0772069,-194850.0,0.7,-207467.61
0.0690124,-215509.0,0.7,-158973.62
0.0666137,-222756.0,0.7,-225626.27
0.0551991,-198116.0,0.7,-205279.77
0.0563001,-195225.0,0.7,-218421.48
0.0498646,-148441.0,0.7,-198048.17
0.0597388,-213705.0,0.7,-211510.19
0.0575165,-212479.0,0.7,-228479.66
0.0685929,-225782.0,0.7,-164551.19
0.0706088,-216124.0,0.7,-180744.88
0.0306003,-105457.0,0.7,-86406.96
0.0258414,-94214.7,0.7,-63330.35
0.0275705,-100292.0,0.7,-63621.438
0.112218,-52100.5,0.7,-73432.1
0.0996931,-82940.0,0.7,-63005.03
0.0965778,-79568.1,0.7,-74644.12
0.0991321,-84176.1,0.7,-65071.76
0.0935316,-44872.2,0.7,-73846.92
0.0880055,-138470.0,0.7,-147664.52
0.0836503,-166300.0,0.7,-154457.36
0.0749348,-201910.0,0.7,-179304.45
0.0729072,-207918.0,0.7,-189778.66
0.0535887,-200615.0,0.7,-193492.14
0.0556338,-213484.0,0.7,-210358.98
0.0722462,-217707.0,0.7,-196509.97
0.0740402,-208638.0,0.7,-177814.73
0.0753604,-200950.0,0.7,-183910.45
0.0283819,-99609.7,0.7,-68637.12
0.110043,-68192.0,0.7,-63664.49
0.111879,-81646.5,0.7,-75226.84
0.114,-101286.0,0.7,-69315.72
0.106799,-57882.8,0.7,-45696.125
0.104566,-64469.8,0.7,-64904.527
0.103342,-75704.4,0.7,-68424.64
0.102214,-81551.2,0.7,-66217.63
0.101618,-81650.1,0.7,-64380.973
0.0985183,-86373.9,0.7,-68161.04
0.0948625,-61837.1,0.7,-72553.59
0.0927836,-19423.8,0.7,-77753.39
0.092044,-51505.5,0.7,-83958.84
0.090663,-69956.4,0.7,-101258.11
0.0966655,-66051.1,0.7,-74609.81
0.0902417,-88386.1,0.7,-108012.805
0.0854429,-158199.0,0.7,-140427.78
0.0870797,-151212.0,0.7,-154348.36
0.0897789,-113488.0,0.7,-116174.16
0.0795286,-185707.0,0.7,-123452.07
0.081735,-180062.0,0.7,-187045.02
0.0836384,-172041.0,0.7,-154851.02
0.0757251,-205260.0,0.7,-189278.73
0.0776578,-193581.0,0.7,-203303.92
0.0777277,-200673.0,0.7,-201912.47
0.10922,-61028.2,0.7,-54560.64
0.114,-112301.0,0.7,-69315.72
0.101331,-75471.6,0.7,-63550.71
0.0987037,-87333.8,0.7,-67183.09
0.100269,-80135.3,0.7,-62097.67
0.0957246,-37493.8,0.7,-73913.516
0.0947836,-20920.8,0.7,-72472.89
0.089378,-143284.0,0.7,-123707.375
0.0854348,-163615.0,0.7,-140336.64
0.0904804,-122842.0,0.7,-104101.375
0.081492,-179442.0,0.7,-177843.92
0.079635,-188049.0,0.7,-120654.01
0.111737,-92686.5,0.7,-75528.695
0.114,-128440.0,0.7,-69315.72
0.115599,-183840.0,0.7,-132968.31
0.108348,-57607.2,0.7,-47037.58
0.106231,-65134.5,0.7,-49660.375
0.10456,-64363.1,0.7,-64943.73
0.103126,-70448.2,0.7,-68260.87
0.102837,-64901.1,0.7,-67806.16
0.100362,-82865.8,0.7,-62076.0
0.0938453,-34906.5,0.7,-72939.055
0.092271,-76748.2,0.7,-81818.74
0.0992374,-71476.5,0.7,-64610.125
0.0918906,-94022.0,0.7,-85518.836
0.0873011,-155128.0,0.7,-153847.83
0.0813843,-178645.0,0.7,-172882.45
0.0834236,-174139.0,0.7,-162405.12
0.0854083,-167359.0,0.7,-140042.39
0.0812645,-183403.0,0.7,-166900.58
0.0831302,-170822.0,0.7,-173394.5
0.110594,-82352.7,0.7,-69558.3
0.115559,-197397.0,0.7,-130913.42
0.115354,-167311.0,0.7,-120425.055
0.101882,-69023.8,0.7,-65197.914
0.103525,-56487.6,0.7,-68417.34
0.100861,-77700.0,0.7,-62498.234
0.0978917,-39448.0,0.7,-71333.45
0.0967836,-21265.9,0.7,-74522.32
0.0940032,-67458.6,0.7,-72638.76
0.0955165,-39986.2,0.7,-73561.55
0.0892752,-150587.0,0.7,-125675.99
0.0917024,-124671.0,0.7,-87556.38
0.0873848,-159377.0,0.7,-153467.7
0.0923394,-106468.0,0.7,-81213.9
0.0832555,-171796.0,0.7,-168688.53
0.084972,-163488.0,0.7,-136433.27
0.0855691,-160145.0,0.7,-141904.47
0.0847285,-165770.0,0.7,-135941.89
0.11242,-107153.0,0.7,-71752.5
0.114,-132983.0,0.7,-69315.72
0.115032,-193292.0,0.7,-104606.02
0.116622,-192928.0,0.7,-179845.94
0.116657,-177787.0,0.7,-181088.14
0.108962,-58606.6,0.7,-51996.64
0.106702,-50394.9,0.7,-46226.195
0.104284,-51307.0,0.7,-66508.68
0.102455,-63933.9,0.7,-66903.875
0.0940934,-81376.7,0.7,-72511.875
0.101433,-67734.8,0.7,-63834.832
0.0999754,-39917.4,0.7,-62393.33
0.0913158,-139315.0,0.7,-92165.52
0.0938502,-91906.0,0.7,-72928.234
0.0850413,-167816.0,0.7,-136806.75
0.0870061,-161867.0,0.7,-154351.11
0.0869027,-152715.0,0.7,-154217.61
0.0864255,-161171.0,0.7,-151649.42
0.0873153,-154422.0,0.7,-153790.61
0.0867783,-155430.0,0.7,-153848.23
0.112227,-98793.8,0.7,-73365.57
0.116311,-207217.0,0.7,-167480.23
0.117122,-206702.0,0.7,-194280.42
0.110824,-78780.0,0.7,-71669.805
0.106032,-40916.9,0.7,-51453.703
0.103518,-55887.0,0.7,-68420.32
0.105594,-37635.3,0.7,-55781.27
0.102708,-67889.3,0.7,-67533.555
0.0987836,-21565.7,0.7,-66768.68
0.0977532,-46440.3,0.7,-71944.414
0.09593,-80293.1,0.7,-74223.016
0.0910738,-145446.0,0.7,-95342.17
0.0891053,-153935.0,0.7,-128933.234
0.0933071,-121890.0,0.7,-74760.21
0.0935788,-105363.0,0.7,-73683.16
0.0886281,-153176.0,0.7,-137835.03
0.0848212,-170557.0,0.7,-135965.67
0.0886891,-143148.0,0.7,-136737.16
0.0888523,-146155.0,0.7,-133729.16
0.0907642,-135886.0,0.7,-99739.086
0.0908473,-130236.0,0.7,-98521.93
0.0887106,-144035.0,0.7,-136346.42
0.0867086,-160750.0,0.7,-153544.52
0.114,-131796.0,0.7,-69315.72
0.115273,-192184.0,0.7,-116341.15
0.11792,-195400.0,0.7,-201374.27
0.108979,-49428.9,0.7,-52158.316
0.107515,-35459.9,0.7,-44022.668
0.104934,-43650.1,0.7,-62109.973
0.104004,-61063.2,0.7,-67606.195
0.103848,-54846.1,0.7,-68009.67
0.0961804,-93978.4,0.7,-74507.71
0.103494,-60200.5,0.7,-68428.945
0.101723,-43971.6,0.7,-64703.004
0.100784,-22202.4,0.7,-62379.043
0.0930187,-134210.0,0.7,-76260.54
0.0955607,-96307.0,0.7,-73637.984
0.0905231,-142729.0,0.7,-103424.805
0.0929439,-123418.0,0.7,-76709.47
0.0885424,-147944.0,0.7,-139347.11
0.0907679,-129297.0,0.7,-99684.32
0.0920801,-116514.0,0.7,-83604.945
0.0930616,-113795.0,0.7,-76014.125
0.0907355,-129690.0,0.7,-100165.766
0.0888234,-147981.0,0.7,-134268.38
0.112302,-95976.6,0.7,-72778.79
0.114,-126530.0,0.7,-69315.72
0.117659,-218386.0,0.7,-201219.3
0.116681,-211319.0,0.7,-181920.8
0.118622,-217321.0,0.7,-192819.6
0.110677,-71021.7,0.7,-70353.914
0.107397,-26822.3,0.7,-44017.62
0.104616,-48535.0,0.7,-64569.02
0.107072,-28695.0,0.7,-44580.848
0.104935,-70883.6,0.7,-62101.445
0.099665,-27394.1,0.7,-63082.977
0.0975213,-87373.6,0.7,-72849.5
0.0930294,-138220.0,0.7,-76198.3
0.0908298,-146713.0,0.7,-98776.016
0.0949492,-116591.0,0.7,-72656.87
0.0950336,-103487.0,0.7,-72770.125
0.0927295,-132779.0,0.7,-78130.74
0.0866292,-164581.0,0.7,-153116.9
0.0939009,-100047.0,0.7,-72821.63
0.0925205,-110595.0,0.7,-79704.27
0.0953224,-110349.0,0.7,-73226.05
0.0943336,-124445.0,0.7,-72323.445
0.0955329,-95120.2,0.7,-73589.99
0.114998,-184403.0,0.7,-103017.5
0.11548,-196116.0,0.7,-126856.28
0.1195,-209086.0,0.7,-170665.23
0.109016,-34955.3,0.7,-52514.32
0.105831,-39228.7,0.7,-53398.023
0.105108,-51497.9,0.7,-60560.066
0.105721,-61009.0,0.7,-54497.523
0.10005,-42202.6,0.7,-62285.21
0.0990731,-57282.2,0.7,-65342.508
0.0985167,-88297.0,0.7,-68169.516
0.0976832,-99136.8,0.7,-72234.14
0.102784,-28075.7,0.7,-67698.695
0.105773,-64297.2,0.7,-53975.574
0.101352,-33370.6,0.7,-63607.984
0.0949471,-125969.0,0.7,-72654.19
0.0966499,-97418.6,0.7,-74617.695
0.0926894,-138520.0,0.7,-78418.35
0.0945322,-130165.0,0.7,-72316.93
0.0961401,-119664.0,0.7,-74470.58
0.0944607,-88611.9,0.7,-72304.94
0.0973765,-93193.5,0.7,-73329.32
0.0946234,-130788.0,0.7,-72354.14
0.112243,-84894.3,0.7,-73245.164
0.114,-120068.0,0.7,-69315.72
0.118138,-225257.0,0.7,-200011.3
0.119055,-232787.0,0.7,-182780.47
0.116222,-208951.0,0.7,-163551.03
0.120067,-231662.0,0.7,-155406.72
0.110699,-59128.3,0.7,-70559.04
0.10924,-27887.1,0.7,-54768.19
0.106992,-46319.6,0.7,-44848.516
0.107124,-75115.6,0.7,-44434.016
0.104784,-37972.8,0.7,-63336.64
0.0965909,-100653.0,0.7,-74640.56
0.0969317,-108573.0,0.7,-74343.36
0.0959566,-82281.2,0.7,-74258.84
0.0967955,-117078.0,0.7,-74510.9
0.0965416,-121748.0,0.7,-74651.01
0.097939,-105991.0,0.7,-71114.44
0.0930427,-101918.0,0.7,-76121.77
0.0972237,-81984.5,0.7,-73757.836
0.0965042,-69548.8,0.7,-74653.75
0.0950601,-75795.1,0.7,-72807.984
0.115318,-183184.0,0.7,-118603.734
0.117374,-216762.0,0.7,-198668.38
0.120944,-224792.0,0.7,-138791.28
0.108806,-34628.5,0.7,-50566.38
0.10054,-35489.1,0.7,-62126.758
0.10192,-41247.7,0.7,-65316.5
0.100036,-49988.2,0.7,-62303.734
0.100518,-78852.4,0.7,-62114.234
0.0986632,-100085.0,0.7,-67395.24
0.103297,-41567.1,0.7,-68404.82
0.107436,-75436.4,0.7,-44006.844
0.106784,-37674.8,0.7,-45773.746
0.0983658,-111318.0,0.7,-68968.1
0.0987927,-107466.0,0.7,-66721.984
0.0993735,-99989.1,0.7,-64059.22
0.0992533,-101314.0,0.7,-64543.0
0.100028,-90474.7,0.7,-62314.79
0.100329,-99304.2,0.7,-62079.83
0.0989875,-78854.6,0.7,-65748.86
0.0982552,-69708.0,0.7,-69546.086
0.0967946,-58329.2,0.7,-74511.766
0.0957989,-59483.1,0.7,-74031.305
0.0983908,-49151.2,0.7,-68836.32
0.0985061,-56723.0,0.7,-68225.8
0.114,-94437.2,0.7,-69315.72
0.11248,-72979.9,0.7,-71191.57
0.119353,-239435.0,0.7,-174757.78
0.118527,-228358.0,0.7,-194626.52
0.120245,-243909.0,0.7,-151140.95
0.116626,-215814.0,0.7,-179989.25
0.120515,-199090.0,0.7,-145451.83
0.121258,-241565.0,0.7,-136005.95
0.111769,-49062.9,0.7,-75484.51
0.110323,-36771.1,0.7,-66760.23
0.108776,-66033.7,0.7,-50303.285
0.104822,-54579.5,0.7,-63036.63
0.1088,-95169.1,0.7,-50513.395
0.106449,-62763.2,0.7,-47907.812
0.10079,-97794.5,0.7,-62387.586
0.102389,-86546.5,0.7,-66722.8
0.102787,-88032.7,0.7,-67704.914
0.102215,-80465.8,0.7,-66220.64
0.100763,-77825.7,0.7,-62349.637
0.100168,-68915.2,0.7,-62160.164
0.10125,-95578.7,0.7,-63336.434
0.115182,-151642.0,0.7,-111825.445
0.117838,-217763.0,0.7,-201542.66
0.121727,-214507.0,0.7,-135236.22
0.122168,-234096.0,0.7,-137972.25
0.110243,-52940.3,0.7,-65890.61
0.101465,-37662.2,0.7,-63926.785
0.104175,-42382.8,0.7,-66994.35
0.100526,-98507.6,0.7,-62118.543
0.108784,-48908.4,0.7,-50372.867
0.108413,-66169.5,0.7,-47469.312
0.100639,-60495.4,0.7,-62204.918
0.100423,-51039.7,0.7,-62079.957
0.104517,-79421.4,0.7,-65218.63
0.104251,-75879.6,0.7,-66663.625
0.102222,-70105.1,0.7,-66241.445
0.103203,-89764.0,0.7,-68338.71
0.101692,-97157.7,0.7,-64607.336
0.114,-72728.0,0.7,-69315.72
0.116323,-202692.0,0.7,-167997.72
0.120365,-241844.0,0.7,-148485.4
0.119438,-236398.0,0.7,-172395.38
0.11906,-223390.0,0.7,-182650.88
0.121442,-244080.0,0.7,-135225.36
0.11724,-218007.0,0.7,-196584.44
0.122516,-241414.0,0.7,-142143.19
0.111953,-47401.0,0.7,-74961.16
0.11038,-83212.8,0.7,-67369.69
0.103387,-37295.0,0.7,-68436.17
0.102997,-49735.3,0.7,-68087.44
0.102569,-75320.4,0.7,-67201.41
0.105791,-51211.2,0.7,-53795.85
0.110443,-96740.2,0.7,-68031.82
0.107714,-66549.5,0.7,-44280.535
0.102133,-94934.3,0.7,-65974.1
0.10156,-63335.9,0.7,-64206.31
0.100427,-47866.0,0.7,-62080.715
0.102636,-55519.1,0.7,-67366.09
0.102294,-48183.9,0.7,-66452.664
0.102209,-59398.8,0.7,-66202.85
0.104989,-83550.8,0.7,-61633.71
0.103941,-71778.0,0.7,-67786.414
0.103619,-93022.5,0.7,-68354.11
0.114,-45528.9,0.7,-69315.72
0.116259,-171223.0,0.7,-165202.9
0.115175,-115273.0,0.7,-111481.51
0.118762,-214288.0,0.7,-189866.16
0.118112,-211897.0,0.7,-200241.06
0.112001,-54539.6,0.7,-74749.71
0.10574,-42670.1,0.7,-54306.496
0.110784,-55145.2,0.7,-71324.664
0.110163,-80383.5,0.7,-65007.434
0.104169,-89067.2,0.7,-67018.89
0.102801,-61515.9,0.7,-67733.88
0.103736,-59439.4,0.7,-68213.305
0.106737,-75473.3,0.7,-46027.125
0.106373,-71278.4,0.7,-48489.75
0.106102,-68080.5,0.7,-50805.12
0.105374,-88366.5,0.7,-57996.59
0.103984,-65445.6,0.7,-67665.97
0.10839,-67554.9,0.7,-47313.758
0.108241,-65715.1,0.7,-46382.465
0.117272,-204780.0,0.7,-197133.92
0.121514,-236455.0,0.7,-135089.97
0.120271,-228671.0,0.7,-150549.36
0.119491,-217236.0,0.7,-170916.64
0.122621,-239287.0,0.7,-143691.28
0.114,-28111.8,0.7,-69315.72
0.112034,-78919.3,0.7,-74586.875
0.105382,-38130.3,0.7,-57916.88
0.10504,-40267.3,0.7,-61180.426
0.104605,-66404.0,0.7,-64644.13
0.111874,-79429.6,0.7,-75242.164
0.109738,-73992.0,0.7,-60213.773
0.105868,-85444.8,0.7,-53032.65
0.10719,-80999.3,0.7,-44278.594
0.107916,-69954.4,0.7,-44852.457
0.106463,-65656.7,0.7,-47804.21
0.104566,-53283.0,0.7,-64904.527
0.105266,-59177.0,0.7,-59059.375
0.104221,-43625.7,0.7,-66798.625
0.105819,-65515.4,0.7,-53517.062
0.107375,-78878.7,0.7,-44028.723
0.108129,-65154.1,0.7,-45774.492
0.108915,-69998.6,0.7,-51555.297
0.11016,-75268.4,0.7,-64974.203
0.115241,-71965.7,0.7,-114743.28
0.116335,-142749.0,0.7,-168512.8
0.117283,-180558.0,0.7,-197315.1
0.119209,-206841.0,0.7,-178702.72
0.123711,-237708.0,0.7,-164282.33
0.118274,-199274.0,0.7,-198529.36
0.114,-29547.2,0.7,-69315.72
0.107607,-50021.3,0.7,-44103.254
0.112392,-35032.1,0.7,-72006.03
0.11213,-54433.1,0.7,-74034.734
0.111869,-69497.4,0.7,-75257.04
0.109743,-70494.2,0.7,-60270.125
0.109084,-57981.2,0.7,-53181.12
0.109854,-69901.7,0.7,-61526.605
0.109226,-72604.1,0.7,-54622.773
0.107062,-36287.8,0.7,-44611.586
0.120282,-213528.0,0.7,-150302.0
0.11931,-187912.0,0.7,-175945.3
0.120263,-187380.0,0.7,-150730.62
0.106504,-52137.7,0.7,-47507.484
0.106975,-59602.6,0.7,-44911.82
0.106439,-42603.1,0.7,-47982.42
0.105364,-63107.8,0.7,-58095.863
0.107538,-64294.1,0.7,-44036.473
0.110182,-75843.3,0.7,-65218.344
0.110508,-77635.0,0.7,-68700.24
0.12256,-230226.0,0.7,-142777.19
0.121378,-222656.0,0.7,-135425.95
0.12367,-233433.0,0.7,-163447.4
0.115303,-49805.2,0.7,-117847.9
0.114,-38156.4,0.7,-69315.72
0.107335,-31504.6,0.7,-44059.5
0.11176,-76023.3,0.7,-75498.4
0.10952,-58788.9,0.7,-57777.125
0.109302,-46528.6,0.7,-55418.7
0.10867,-72818.1,0.7,-49406.63
0.111019,-82436.4,0.7,-73189.21
0.111542,-67727.3,0.7,-75500.555
0.111542,-78703.2,0.7,-75500.555
0.111509,-87369.7,0.7,-75446.766
0.110224,-75437.3,0.7,-65682.04
0.111969,-85878.7,0.7,-74894.07
0.114,-115206.0,0.7,-69315.72
0.121285,-197101.0,0.7,-135852.25
0.122323,-205289.0,0.7,-139634.33
0.120364,-155144.0,0.7,-148506.78
0.11839,-176346.0,0.7,-196914.58
0.11201,-82934.5,0.7,-74706.63
0.112105,-81605.0,0.7,-74189.43
0.10792,-57076.2,0.7,-44866.707
0.10879,-65456.4,0.7,-50425.434
0.109442,-71095.0,0.7,-56922.023
0.110159,-76511.6,0.7,-64963.16
0.110341,-77317.2,0.7,-66953.67
0.112137,-85507.3,0.7,-73990.1
0.111732,-78835.4,0.7,-75534.31
0.111983,-80501.1,0.7,-74832.61
0.116433,-115276.0,0.7,-172600.1
0.117422,-157488.0,0.7,-199276.61
0.114836,-31907.3,0.7,-95742.4
0.114,-26055.8,0.7,-69315.72
0.114,-27448.0,0.7,-69315.72
0.114,-23333.0,0.7,-69315.72
0.114,-27144.8,0.7,-69315.72
0.119455,-152176.0,0.7,-171921.2
0.118545,-140248.0,0.7,-194297.39
0.111651,-68907.2,0.7,-75578.42
0.114,-97067.2,0.7,-69315.72
0.114,-122083.0,0.7,-69315.72
0.112683,-92875.2,0.7,-69184.8
0.123214,-212500.0,0.7,-154238.42
0.122182,-163891.0,0.7,-138108.67
0.123091,-165271.0,0.7,-151857.27
0.122971,-223166.0,0.7,-149613.2
0.123719,-219982.0,0.7,-164445.03
0.122621,-217442.0,0.7,-143691.28
0.122641,-198184.0,0.7,-143999.55
0.121719,-208159.0,0.7,-135216.25
0.12205,-216672.0,0.7,-136938.77
0.120972,-208901.0,0.7,-138469.05
0.121273,-157454.0,0.7,-135919.06
0.121466,-190191.0,0.7,-135169.75
0.117793,-190946.0,0.7,-201551.56
0.119,-191401.0,0.7,-184187.08
0.118662,-177398.0,0.7,-192009.62
0.118034,-198081.0,0.7,-200823.05
0.119587,-174242.0,0.7,-168238.22
0.117552,-173019.0,0.7,-200559.5
0.121301,-218298.0,0.7,-135767.52
0.121702,-221410.0,0.7,-135177.62
0.122389,-223531.0,0.7,-140440.17
0.122714,-225035.0,0.7,-145158.61
0.123335,-226178.0,0.7,-156641.25
0.122479,-221540.0,0.7,-141627.27
0.123567,-224374.0,0.7,-161345.72
0.120369,-214428.0,0.7,-148400.47
0.120056,-210130.0,0.7,-155681.67
0.114,-117635.0,0.7,-69315.72
0.112426,-89886.1,0.7,-71697.47
0.114,-117344.0,0.7,-69315.72
0.114,-118305.0,0.7,-69315.72
0.114,-117570.0,0.7,-69315.72
0.11532,-187375.0,0.7,-118704.79
0.115324,-183928.0,0.7,-118907.0
0.11658,-201924.0,0.7,-178313.03
0.115368,-190321.0,0.7,-121135.73
0.11663,-201237.0,0.7,-180132.52
0.116574,-198569.0,0.7,-178089.88
0.118049,-205735.0,0.7,-200724.0
0.115251,-180399.0,0.7,-115241.734
0.111458,-73644.8,0.7,-75336.805
0.119082,-206361.0,0.7,-182079.2
0.119375,-210108.0,0.7,-174148.02
0.11868,-209888.0,0.7,-191635.89
0.119555,-211669.0,0.7,-169130.14
0.120537,-214006.0,0.7,-145035.47
0.118667,-210061.0,0.7,-191906.33
0.117732,-207060.0,0.7,-201467.48
0.117672,-207158.0,0.7,-201275.31
0.118637,-209139.0,0.7,-192519.34
0.117784,-206626.0,0.7,-201546.2
0.116539,-201834.0,0.7,-176772.69
0.116462,-200249.0,0.7,-173768.45
0.119126,-209206.0,0.7,-180923.19
0.11883,-202955.0,0.7,-188320.22
0.119923,-202189.0,0.7,-159094.78
0.122777,-207945.0,0.7,-146199.55
0.12392,-207526.0,0.7,-168494.83
0.123396,-214800.0,0.7,-157869.28
0.119671,-210738.0,0.7,-165906.78
0.120629,-212401.0,0.7,-143378.2
0.120895,-209835.0,0.7,-139389.84
0.119992,-209733.0,0.7,-157304.47
0.121625,-207156.0,0.7,-135065.34
0.122222,-210931.0,0.7,-138513.3
0.12156,-212996.0,0.7,-135052.98
0.120563,-207826.0,0.7,-144553.12
0.121576,-217141.0,0.7,-135048.95
0.122309,-217001.0,0.7,-139470.86
0.124331,-221731.0,0.7,-176315.61
0.123172,-220672.0,0.7,-153417.47
0.125144,-225090.0,0.7,-188505.66
0.117476,-203920.0,0.7,-199873.92
0.118385,-206650.0,0.7,-196990.56
0.121167,-203348.0,0.7,-136624.98
0.122264,-201720.0,0.7,-138962.62
0.122026,-205332.0,0.7,-136754.36
0.121048,-206334.0,0.7,-137666.73
0.121344,-198781.0,0.7,-135563.12
0.119443,-208058.0,0.7,-172255.84
0.120004,-205046.0,0.7,-156997.44
0.118568,-204629.0,0.7,-193867.6
0.119995,-200703.0,0.7,-157227.72
0.118668,-201895.0,0.7,-191885.8
0.108584,-60234.1,0.7,-48719.33
0.109918,-71688.5,0.7,-62251.703
0.114,-117289.0,0.7,-69315.72
0.114,-117956.0,0.7,-69315.72
0.116727,-76148.8,0.7,-183473.47
0.115818,-39702.4,0.7,-144136.58
0.114909,-24431.6,0.7,-98956.45
0.114,-60590.5,0.7,-69315.72
0.117636,-112342.0,0.7,-201107.23
0.116759,-184528.0,0.7,-184519.0
0.118728,-198246.0,0.7,-190613.11
0.117606,-195153.0,0.7,-200936.58
0.11948,-195524.0,0.7,-171223.73
0.118085,-196500.0,0.7,-200461.16
0.119214,-203206.0,0.7,-178567.5
0.120736,-198614.0,0.7,-141626.53
0.117653,-197811.0,0.7,-201191.48
0.116845,-190518.0,0.7,-187184.92
0.116823,-194608.0,0.7,-186523.11
0.116114,-188930.0,0.7,-158587.58
0.120289,-182922.0,0.7,-150145.25
0.116559,-163327.0,0.7,-177529.39
0.116455,-142094.0,0.7,-173488.14
0.115296,-116978.0,0.7,-117495.32
0.115386,-146246.0,0.7,-122050.98
0.114,-85277.9,0.7,-69315.72
0.115355,-177260.0,0.7,-120475.81
0.115453,-168862.0,0.7,-125472.83
0.114958,-168399.0,0.7,-101173.97
0.114,-118580.0,0.7,-69315.72
0.116235,-191330.0,0.7,-164134.39
0.124047,-213722.0,0.7,-170993.45
0.124,-186427.0,0.7,-170075.55
0.123981,-227890.0,0.7,-169702.1
0.117354,-145719.0,0.7,-198393.44
0.114,-111238.0,0.7,-69315.72
0.112175,-74660.1,0.7,-73737.51
0.114,-114308.0,0.7,-69315.72
0.115353,-191425.0,0.7,-120374.555
0.123246,-205215.0,0.7,-154868.81
0.124936,-216406.0,0.7,-185882.33
0.125637,-220598.0,0.7,-193328.98
0.116413,-197757.0,0.7,-171783.17
0.115346,-190409.0,0.7,-120019.68
0.117472,-201720.0,0.7,-199832.98
0.116423,-196141.0,0.7,-172192.7
0.117271,-198804.0,0.7,-197117.12
0.115439,-188578.0,0.7,-124756.26
0.115285,-189322.0,0.7,-116943.28
0.118672,-200693.0,0.7,-191802.62
0.117448,-198076.0,0.7,-199575.77
0.11618,-193470.0,0.7,-161644.61
0.120089,-198909.0,0.7,-154860.6
0.122709,-198101.0,0.7,-145077.55
0.123274,-201596.0,0.7,-155423.47
0.119287,-198496.0,0.7,-176577.62
0.118619,-199778.0,0.7,-192879.53
0.1178,-197528.0,0.7,-201554.06
0.118487,-197445.0,0.7,-195335.03
0.116186,-188632.0,0.7,-161919.11
0.114878,-182940.0,0.7,-97578.11
0.115093,-177881.0,0.7,-107502.93
0.115075,-186353.0,0.7,-106642.23
0.116012,-183814.0,0.7,-153730.27
0.117125,-195307.0,0.7,-194344.45
0.121509,-197281.0,0.7,-135096.48
0.12065,-197336.0,0.7,-143019.28
0.119955,-197360.0,0.7,-158259.5
0.121422,-196462.0,0.7,-135280.02
0.12172,-196352.0,0.7,-135218.8
0.114909,-27899.3,0.7,-98956.45
0.114762,-19342.2,0.7,-92603.32
0.115243,-65966.4,0.7,-114843.19
0.116557,-118810.0,0.7,-177454.3
0.115574,-59580.6,0.7,-131684.1
0.114,-122802.0,0.7,-69315.72
0.11058,-75162.8,0.7,-69420.94
0.124307,-205426.0,0.7,-175882.48
0.125115,-208769.0,0.7,-188161.3
0.122726,-196097.0,0.7,-145354.03
0.124,-196588.0,0.7,-170075.55
0.123983,-200076.0,0.7,-169741.38
0.114,-125023.0,0.7,-69315.72
0.115157,-177010.0,0.7,-110600.586
0.121083,-196662.0,0.7,-137332.83
0.123891,-196211.0,0.7,-167916.5
0.122677,-195352.0,0.7,-144564.48
0.112348,-83348.1,0.7,-72392.34
0.124179,-203910.0,0.7,-173519.14
0.125232,-205035.0,0.7,-189508.2
0.126016,-216664.0,0.7,-195832.89
0.124788,-200074.0,0.7,-183800.34
0.125072,-203448.0,0.7,-187637.78
0.109391,-65210.0,0.7,-56369.246
0.110963,-79407.0,0.7,-72782.56
0.112342,-84545.4,0.7,-72443.86
0.114,-119283.0,0.7,-69315.72
0.12275,-196054.0,0.7,-145749.05
0.125169,-197305.0,0.7,-188796.84
0.126228,-211903.0,0.7,-196854.62
0.12596,-203232.0,0.7,-195520.78
0.125446,-200154.0,0.7,-191685.53
0.110265,-73077.1,0.7,-66131.16
0.114,-113506.0,0.7,-69315.72
0.123757,-195321.0,0.7,-165216.9
0.124867,-196130.0,0.7,-184933.75
0.126313,-206525.0,0.7,-197199.55
0.11196,-78322.4,0.7,-74932.22
0.12752,-216393.0,0.7,-199679.98
0.127272,-208367.0,0.7,-199378.67
0.126805,-203031.0,0.7,-198621.72
0.128626,-218240.0,0.7,-201918.06
0.128166,-212126.0,0.7,-200625.05
