station,x_m,y_m,z_m,r_m,phi,w_z,v_th,p,T,X_OH,w_z_pred,v_th_pred,p_pred,T_pred,X_OH_pred
line-z-10,-0.0425,0.0,0.01,0.0425,0.7,0.0,0.0,576.653,800.0,2.70222e-08,3.0802398,2.3020897,575.8619,847.2049,1.1194846e-08
line-z-10,-0.0423993,0.0,0.01,0.0423993,0.7,2.82325,1.34187,576.671,853.165,6.41378e-08,3.9540267,2.822982,576.06354,876.2607,1.4802895e-08
line-z-10,-0.0422207,0.0,0.01,0.0422207,0.7,7.51082,3.73588,576.69,945.826,1.23321e-07,5.3369455,3.6443214,576.3948,923.78815,2.3941135e-08
line-z-10,-0.0421047,0.0,0.01,0.0421047,0.7,8.31882,4.69201,576.729,977.565,2.24862e-07,6.1225123,4.1085186,576.5837,951.8124,3.234616e-08
line-z-10,-0.0418997,0.0,0.01,0.0418997,0.7,9.79492,6.44664,576.784,1036.38,4.02248e-07,7.302295,4.80061,576.8551,995.753,5.3710504e-08
line-z-10,-0.0417646,0.0,0.01,0.0417646,0.7,9.95163,6.78153,576.87,1050.74,5.15386e-07,7.942089,5.172071,576.98584,1020.8362,7.36387e-08
line-z-10,-0.0415306,0.0,0.01,0.0415306,0.7,10.2334,7.35768,576.993,1078.41,7.15197e-07,8.814492,5.671115,577.119,1057.2572,1.2249171e-07
line-z-10,-0.041371,0.0,0.01,0.041371,0.7,10.1791,7.40452,577.114,1085.45,7.98804e-07,9.255593,5.9178114,577.14417,1077.2827,1.6842525e-07
line-z-10,-0.0411061,0.0,0.01,0.0411061,0.7,10.092,7.44174,577.289,1098.71,9.39124e-07,9.753114,6.185962,577.08,1102.7577,2.710444e-07
line-z-10,-0.0409136,0.0,0.01,0.0409136,0.7,9.8935,7.3301,577.465,1103.13,9.98908e-07,9.960405,6.2889977,576.96246,1115.9216,3.6743052e-07
line-z-10,-0.0406173,0.0,0.01,0.0406173,0.7,9.63022,7.12709,577.702,1110.63,1.09341e-06,10.080316,6.330628,576.69354,1128.9373,5.488638e-07
line-z-10,-0.0398055,0.0,0.01,0.0398055,0.7,8.84378,5.98115,577.853,1119.51,1.21513e-06,9.6301775,5.99466,575.76624,1135.2808,1.1263369e-06
line-z-10,-0.0391971,0.0,0.01,0.0391971,0.7,8.10428,5.2264,577.878,1120.33,1.23827e-06,8.94026,5.548755,575.27435,1127.9315,1.4276796e-06
line-z-10,-0.0391803,0.0,0.01,0.0391803,0.7,8.08374,5.20555,577.877,1120.39,1.23938e-06,8.919607,5.535778,575.2655,1127.7014,1.4328299e-06
line-z-10,-0.0387086,0.0,0.01,0.0387086,0.7,7.80504,4.80661,577.935,1124.22,1.28651e-06,8.333939,5.1754036,575.1226,1121.8455,1.5042044e-06
line-z-10,-0.0385765,0.0,0.01,0.0385765,0.7,7.66452,4.7324,577.911,1123.82,1.28115e-06,8.17244,5.07842,575.1147,1120.5542,1.5006254e-06
line-z-10,-0.0378265,0.0,0.01,0.0378265,0.7,7.10822,4.21699,577.893,1121.12,1.2442e-06,7.340925,4.582035,575.24146,1117.0955,1.3440431e-06
line-z-10,-0.0375093,0.0,0.01,0.0375093,0.7,6.89185,3.99008,577.847,1120.16,1.23138e-06,7.052949,4.397035,575.3501,1117.3931,1.2378395e-06
line-z-10,-0.035874,0.0,0.01,0.035874,0.7,6.04008,3.28475,578.272,1117.84,1.20178e-06,6.23277,3.394315,576.613,1121.3975,7.1032554e-07
line-z-10,-0.0358142,0.0,0.01,0.0358142,0.7,6.00054,3.26705,578.286,1117.68,1.19963e-06,6.2189884,3.3499045,576.6946,1121.3076,6.955138e-07
line-z-10,-0.0356223,0.0,0.01,0.0356223,0.7,5.87302,3.1499,578.248,1115.89,1.17753e-06,6.1794825,3.202505,576.9756,1120.8271,6.506334e-07
line-z-10,-0.0355436,0.0,0.01,0.0355436,0.7,5.82005,3.10655,578.22,1115.16,1.16839e-06,6.165157,3.139938,577.09894,1120.5457,6.3339945e-07
line-z-10,-0.0355259,0.0,0.01,0.0355259,0.7,5.80865,3.08326,578.226,1114.95,1.16595e-06,6.1620655,3.125697,577.1272,1120.4756,6.296175e-07
line-z-10,-0.0353224,0.0,0.01,0.0353224,0.7,5.80042,2.89611,578.202,1113.67,1.14863e-06,6.1297894,2.9577286,577.46783,1119.4938,5.885844e-07
line-z-10,-0.0351628,0.0,0.01,0.0351628,0.7,5.79397,2.74939,578.184,1112.66,1.13505e-06,6.108094,2.8207748,577.7518,1118.508,5.5953626e-07
line-z-10,-0.0346128,0.0,0.01,0.0346128,0.7,5.78557,2.30926,578.083,1108.51,1.07772e-06,6.051007,2.3189025,578.7892,1113.9269,4.8003807e-07
line-z-10,-0.0333435,0.0,0.01,0.0333435,0.7,5.76619,1.29367,577.851,1098.95,9.45437e-07,6.003103,1.0495456,580.6831,1101.6696,4.1431915e-07
line-z-10,-0.0332794,0.0,0.01,0.0332794,0.7,5.77357,1.19849,577.862,1098.8,9.43428e-07,6.0055046,0.9831005,580.7326,1101.1792,4.154107e-07
line-z-10,-0.0318473,0.0,0.01,0.0318473,0.7,6.62813,-0.431023,577.189,1091.3,8.34468e-07,6.3332334,-0.49946946,580.3443,1096.1287,5.640494e-07
line-z-10,-0.031095,0.0,0.01,0.031095,0.7,7.03578,-1.1768,576.884,1089.31,8.02065e-07,6.7624936,-1.2068374,579.371,1096.0798,7.309249e-07
line-z-10,-0.0305359,0.0,0.01,0.0305359,0.7,7.42531,-1.59103,576.91,1091.67,8.0787e-07,7.1631656,-1.6620375,578.6357,1095.7922,8.639473e-07
line-z-10,-0.0304003,0.0,0.01,0.0304003,0.7,7.5198,-1.6915,576.916,1092.25,8.09278e-07,7.2649236,-1.76269,578.47406,1095.6614,8.930869e-07
line-z-10,-0.0296705,0.0,0.01,0.0296705,0.7,8.07337,-2.25496,576.507,1095.67,8.51386e-07,7.8012567,-2.2494586,577.7613,1095.0029,1.0012982e-06
line-z-10,0.0425,0.0,0.01,0.0425,0.7,0.0,0.0,575.512,800.0,1.03017e-08,2.2720387,0.88235545,579.68964,806.3011,9.395112e-07
line-z-10,0.0424887,0.0,0.01,0.0424887,0.7,0.269678,0.0811115,575.509,803.939,1.1315e-08,2.3924,0.9666015,579.65326,809.72534,9.4691563e-07
line-z-10,0.0422303,0.0,0.01,0.0422303,0.7,6.46094,1.91984,575.473,889.901,3.29479e-08,4.882169,2.7138245,578.79675,882.156,1.1405872e-06
line-z-10,0.0422174,0.0,0.01,0.0422174,0.7,6.56469,2.02787,575.476,893.166,3.61792e-08,4.9933195,2.7920797,578.7533,885.4745,1.1515513e-06
line-z-10,0.0419203,0.0,0.01,0.0419203,0.7,8.80679,4.50845,575.542,964.326,1.05287e-07,7.212946,4.3627195,577.767,954.0434,1.4423671e-06
line-z-10,0.0419083,0.0,0.01,0.0419083,0.7,8.83545,4.56395,575.546,965.992,1.10005e-07,7.289187,4.4170446,577.7284,956.49896,1.4557417e-06
line-z-10,0.0415639,0.0,0.01,0.0415639,0.7,9.58104,6.18945,575.656,1011.43,2.34333e-07,9.061286,5.6940536,576.6871,1016.9757,1.9010432e-06
line-z-10,0.0415577,0.0,0.01,0.0415577,0.7,9.58364,6.20183,575.658,1011.87,2.36742e-07,9.086137,5.7122755,576.6697,1017.8923,1.910218e-06
line-z-10,0.0413763,0.0,0.01,0.0413763,0.7,9.64378,6.58221,575.736,1024.53,3.0117e-07,9.711603,6.1774426,576.18823,1042.1729,2.1984986e-06
line-z-10,0.0411539,0.0,0.01,0.0411539,0.7,9.72255,7.04888,575.83,1040.13,3.80456e-07,10.228056,6.581289,575.66675,1065.5879,2.6084037e-06
line-z-10,0.041151,0.0,0.01,0.041151,0.7,9.72042,7.05159,575.833,1040.22,3.81037e-07,10.233109,6.585448,575.66034,1065.8499,2.6141956e-06
line-z-10,0.0406819,0.0,0.01,0.0406819,0.7,9.42503,7.5261,576.289,1059.13,5.03495e-07,10.559534,6.943625,574.7987,1095.2676,3.718965e-06
line-z-10,0.0406253,0.0,0.01,0.0406253,0.7,9.32245,7.4716,576.297,1058.76,5.02331e-07,10.541225,6.9507985,574.7139,1097.2705,3.8771195e-06
line-z-10,0.03886,0.0,0.01,0.03886,0.7,7.47847,7.01023,577.072,1075.98,6.88561e-07,7.1909676,5.6452103,573.9015,1082.1526,1.2354984e-05
line-z-10,0.0387649,0.0,0.01,0.0387649,0.7,7.40041,7.00009,577.13,1077.35,7.01879e-07,6.9886603,5.560937,573.976,1080.4608,1.2997377e-05
line-z-10,0.0381031,0.0,0.01,0.0381031,0.7,7.05265,6.66051,577.089,1079.82,7.12831e-07,5.8357873,5.033762,574.77094,1073.2529,1.747374e-05
line-z-10,0.0379266,0.0,0.01,0.0379266,0.7,6.95994,6.56998,577.078,1080.48,7.15751e-07,5.6137543,4.908788,575.0246,1072.7338,1.8543853e-05
line-z-10,0.0377378,0.0,0.01,0.0377378,0.7,6.86203,6.38315,576.972,1079.8,7.12746e-07,5.416093,4.780623,575.2908,1072.7385,1.9559646e-05
line-z-10,0.0372885,0.0,0.01,0.0372885,0.7,6.34741,5.99432,576.78,1075.86,6.79122e-07,5.0942516,4.4926615,575.8307,1074.4094,2.1233449e-05
line-z-10,0.0368962,0.0,0.01,0.0368962,0.7,6.2579,5.59636,576.753,1074.6,6.66489e-07,4.948217,4.2533884,576.12836,1076.654,2.164693e-05
line-z-10,0.0358993,0.0,0.01,0.0358993,0.7,5.55319,4.32906,576.609,1065.74,5.84847e-07,4.865066,3.639512,576.25854,1078.6091,1.8692275e-05
line-z-10,0.035597,0.0,0.01,0.035597,0.7,5.32598,3.88545,576.515,1062.72,5.59673e-07,4.8702707,3.4304912,576.2514,1077.264,1.7132052e-05
line-z-10,0.0353875,0.0,0.01,0.0353875,0.7,5.16847,3.57792,576.451,1060.62,5.42221e-07,4.876212,3.272726,576.26416,1075.8251,1.6004831e-05
line-z-10,0.0352409,0.0,0.01,0.0352409,0.7,5.17709,3.39552,576.473,1059.56,5.34757e-07,4.8813787,3.154615,576.2844,1074.6112,1.5217599e-05
line-z-10,0.0351596,0.0,0.01,0.0351596,0.7,5.18186,3.29437,576.485,1058.96,5.30619e-07,4.884654,3.0860708,576.29956,1073.8765,1.4786226e-05
line-z-10,0.0336406,0.0,0.01,0.0336406,0.7,5.48752,1.24904,576.11,1048.28,4.55876e-07,5.1153336,1.3614036,576.515,1059.1508,8.612016e-06
line-z-10,0.0335552,0.0,0.01,0.0335552,0.7,5.52501,1.14552,576.14,1048.42,4.56913e-07,5.1456804,1.2441834,576.48004,1058.6168,8.38969e-06
line-z-10,0.0335126,0.0,0.01,0.0335126,0.7,5.55597,1.10652,576.132,1048.66,4.59516e-07,5.1617875,1.1853435,576.4595,1058.3727,8.2833685e-06
line-z-10,0.0332665,0.0,0.01,0.0332665,0.7,5.73465,0.881454,576.086,1050.05,4.7454e-07,5.2680516,0.8425798,576.29865,1057.2611,7.726353e-06
line-z-10,0.0324535,0.0,0.01,0.0324535,0.7,6.2496,0.0980473,575.999,1052.83,5.06813e-07,5.786469,-0.2544768,575.3533,1057.3721,6.476101e-06
line-z-10,0.0323001,0.0,0.01,0.0323001,0.7,6.37953,-0.0890512,576.037,1053.3,5.11423e-07,5.912062,-0.44304013,575.14014,1058.0006,6.3232865e-06
line-z-10,0.031079,0.0,0.01,0.031079,0.7,7.41397,-1.57861,576.338,1057.01,5.48127e-07,7.118039,-1.5958463,574.1738,1067.3191,5.761432e-06
line-z-10,0.0307361,0.0,0.01,0.0307361,0.7,7.70991,-1.78574,576.303,1057.95,5.57842e-07,7.478659,-1.815863,574.34955,1070.6487,5.770979e-06
line-z-10,0.0306789,0.0,0.01,0.0306789,0.7,7.75634,-1.8136,576.325,1058.32,5.60003e-07,7.53772,-1.8496875,574.40027,1071.2163,5.778927e-06
line-z-10,0.0296951,0.0,0.01,0.0296951,0.7,8.55482,-2.29271,576.712,1064.69,5.97164e-07,8.432775,-2.401963,575.9033,1081.3909,6.2182726e-06
line-z-10,0.0289016,0.0,0.01,0.0289016,0.7,9.13687,-2.90191,576.886,1076.18,7.52836e-07,8.915978,-2.9515007,577.0273,1090.3416,7.0625238e-06
line-z-10,0.0285616,0.0,0.01,0.0285616,0.7,9.33676,-3.14834,577.023,1080.55,8.1832e-07,9.061462,-3.226295,577.2239,1094.4324,7.575545e-06
line-z-10,0.0275223,0.0,0.01,0.0275223,0.7,9.552,-3.71069,577.906,1097.66,1.1821e-06,9.411318,-4.0316744,576.877,1107.74,9.502415e-06
line-z-10,0.0268863,0.0,0.01,0.0268863,0.7,9.8499,-4.1139,578.458,1108.71,1.35064e-06,9.6387,-4.350038,576.80566,1116.3848,1.0450139e-05
line-z-10,0.0262556,0.0,0.01,0.0262556,0.7,10.1705,-4.33803,579.037,1118.61,1.47933e-06,9.874147,-4.515592,577.63336,1125.5713,1.0583466e-05
line-z-10,0.0251954,0.0,0.01,0.0251954,0.7,10.3979,-4.59792,580.216,1132.72,1.79744e-06,10.112137,-4.7898345,580.7925,1143.0781,8.508124e-06
line-z-10,0.0249027,0.0,0.01,0.0249027,0.7,10.4606,-4.66967,580.541,1136.61,1.88527e-06,10.118674,-4.930615,581.6554,1148.1472,7.630769e-06
line-z-10,0.0242142,0.0,0.01,0.0242142,0.7,10.6017,-5.12568,581.582,1148.83,2.1336e-06,10.057901,-5.3848233,582.88837,1159.1802,5.629673e-06
line-z-10,0.024142,0.0,0.01,0.024142,0.7,10.6224,-5.1597,581.678,1150.03,2.15452e-06,10.048393,-5.4382257,582.9355,1160.1929,5.443103e-06
line-z-10,0.0239162,0.0,0.01,0.0239162,0.7,10.6868,-5.26594,581.976,1153.77,2.21985e-06,10.018823,-5.6046133,582.97894,1163.1006,4.900676e-06
line-z-10,0.0238727,0.0,0.01,0.0238727,0.7,10.7289,-5.28388,582.023,1154.03,2.22717e-06,10.013408,-5.63599,582.9699,1163.6111,4.8037004e-06
line-z-10,0.0237645,0.0,0.01,0.0237645,0.7,10.8334,-5.32843,582.14,1154.69,2.24536e-06,10.000651,-5.7121363,582.9237,1164.8033,4.5733527e-06
line-z-10,0.0222519,0.0,0.01,0.0222519,0.7,10.6009,-5.12935,582.983,1154.91,2.48084e-06,10.13479,-5.836702,580.40576,1165.27,2.902074e-06
line-z-10,0.0222312,0.0,0.01,0.0222312,0.7,10.5942,-5.13622,583.006,1155.09,2.48657e-06,10.143202,-5.8182044,580.3708,1164.998,2.8971274e-06
line-z-10,0.022203,0.0,0.01,0.022203,0.7,10.585,-5.14556,583.037,1155.34,2.49435e-06,10.155062,-5.7918386,580.32416,1164.6116,2.8910977e-06
line-z-10,0.0221122,0.0,0.01,0.0221122,0.7,10.6798,-4.9984,583.0,1153.14,2.47414e-06,10.196564,-5.697648,580.1812,1163.2429,2.8772617e-06
line-z-10,0.0208619,0.0,0.01,0.0208619,0.7,12.3514,-2.10364,582.975,1103.19,1.86499e-06,11.481212,-2.7707653,579.8504,1120.1702,3.6706917e-06
line-z-10,0.020455,0.0,0.01,0.020455,0.7,12.8954,-1.16153,582.967,1086.94,1.66673e-06,12.309536,-1.1132609,580.41003,1094.1952,4.4917647e-06
line-z-10,0.0204162,0.0,0.01,0.0204162,0.7,12.9324,-1.08934,583.041,1085.32,1.64152e-06,12.402297,-0.9370246,580.4748,1091.3773,4.5924808e-06
line-z-10,0.0203648,0.0,0.01,0.0203648,0.7,13.0369,-0.810649,583.036,1080.66,1.58576e-06,12.529125,-0.6987758,580.5626,1087.5527,4.7329604e-06
line-z-10,0.0192008,0.0,0.01,0.0192008,0.7,18.4101,7.1627,580.678,968.911,1.24599e-05,16.72542,6.030395,582.1199,976.3759,1.1474056e-05
line-z-10,0.0186249,0.0,0.01,0.0186249,0.7,20.5781,11.1281,580.41,907.213,1.29046e-05,19.769283,10.115494,581.1851,911.3564,1.9852705e-05
line-z-10,0.0183546,0.0,0.01,0.0183546,0.7,21.5961,12.9902,580.284,878.241,1.31134e-05,21.394978,12.143873,579.9593,881.5508,2.6069603e-05
line-z-10,0.0175625,0.0,0.01,0.0175625,0.7,26.4886,19.3224,582.489,762.7,1.30121e-05,26.71541,18.27412,572.6089,808.9895,5.92194e-05
line-z-10,0.0166395,0.0,0.01,0.0166395,0.7,34.5256,24.6588,562.004,826.879,0.000174071,33.622955,25.14368,557.1499,780.7615,0.00014811178
line-z-10,0.0155652,0.0,0.01,0.0155652,0.7,44.0482,31.4059,535.816,895.162,0.000358407,42.63193,31.350458,535.5171,862.7384,0.00034690235
line-z-10,0.0151143,0.0,0.01,0.0151143,0.7,47.6284,33.7241,527.225,907.13,0.000408223,46.938015,33.07863,527.58014,934.6699,0.00044569763
line-z-10,0.015038,0.0,0.01,0.015038,0.7,48.1257,34.0048,524.918,920.855,0.000427851,47.70829,33.317806,526.3715,948.65674,0.00046183012
line-z-10,0.0147971,0.0,0.01,0.0147971,0.7,49.584,34.7083,515.781,987.711,0.000513874,50.227818,33.97854,522.8381,995.64685,0.00051013404
line-z-10,0.0146118,0.0,0.01,0.0146118,0.7,51.861,34.8386,514.58,1020.74,0.00052069,52.260708,34.396343,520.4152,1034.2219,0.00054369756
line-z-10,0.0122236,0.0,0.01,0.0122236,0.7,83.8703,36.2747,505.628,1489.24,0.000637766,84.66226,36.527138,501.49005,1473.6747,0.00063652976
line-z-10,0.0123545,0.0,0.01,0.0123545,0.7,81.7368,36.1523,506.906,1452.59,0.000626636,82.79417,36.453224,502.52295,1461.4696,0.0006419815
line-z-10,-0.00134933,0.0,0.01,0.00134933,0.7,-14.6413,8.71034,269.996,1051.22,7.57041e-06,-14.6002245,8.948591,291.19516,1046.2864,1.5102544e-05
line-z-10,-0.00131173,0.0,0.01,0.00131173,0.7,-14.7818,8.65974,269.788,1053.01,7.5704e-06,-14.759027,8.876578,290.9196,1049.4385,1.5182155e-05
line-z-10,-0.000555675,0.0,0.01,0.000555675,0.7,-17.6071,7.64252,265.6,1089.1,7.57025e-06,-17.041391,7.8191895,286.7429,1101.1772,1.6680297e-05
line-z-10,-0.000303031,0.0,0.01,0.000303031,0.7,-17.1919,7.91894,266.127,1081.59,7.11094e-06,-17.448177,7.6545024,285.61023,1112.2399,1.7072e-05
line-z-10,0.00106526,0.0,0.01,0.00106526,0.7,-16.4447,8.9743,262.848,1080.33,2.61984e-05,-16.633265,8.656084,279.74573,1101.0369,1.7304012e-05
line-z-10,0.00136377,0.0,0.01,0.00136377,0.7,-17.4286,8.83569,261.019,1100.8,3.4243e-05,-15.683691,9.291348,279.3017,1082.1158,1.6896522e-05
line-z-10,0.00250961,0.0,0.01,0.00250961,0.7,-8.52714,12.6852,285.265,951.623,1.05968e-05,-8.743254,12.746339,289.7406,965.2226,1.4667483e-05
line-z-10,0.00297494,0.0,0.01,0.00297494,0.7,-4.91218,14.2485,295.111,891.043,9.93923e-07,-4.3089843,14.413988,302.40533,903.97174,1.4014352e-05
line-z-10,0.00313038,0.0,0.01,0.00313038,0.7,-3.46884,14.8378,300.244,874.067,9.22704e-07,-2.6294463,14.981923,307.8515,882.68274,1.3909661e-05
line-z-10,0.00315973,0.0,0.01,0.00315973,0.7,-3.08871,14.9755,301.639,869.84,9.12931e-07,-2.3019361,15.089394,308.94467,878.63983,1.3898279e-05
line-z-10,0.00329059,0.0,0.01,0.00329059,0.7,-1.39402,15.5898,307.858,850.995,8.69357e-07,-0.8035007,15.568939,314.05615,860.5738,1.3883955e-05
line-z-10,0.00401011,0.0,0.01,0.00401011,0.7,8.57848,18.3978,343.119,777.683,9.78752e-06,8.360458,18.188742,347.50348,764.27606,1.5311465e-05
line-z-10,0.00415611,0.0,0.01,0.00415611,0.7,10.5635,18.948,349.856,762.363,1.12779e-05,10.361972,18.713964,354.91928,746.4184,1.6052303e-05
line-z-10,0.00432326,0.0,0.01,0.00432326,0.7,12.8361,19.5779,357.569,744.821,1.29843e-05,12.6912155,19.312933,363.43704,727.1423,1.7176395e-05
line-z-10,0.00534413,0.0,0.01,0.00534413,0.7,27.0905,23.3965,407.075,637.387,2.43735e-05,27.31492,22.984398,409.57703,650.3301,3.6611735e-05
line-z-10,0.00542024,0.0,0.01,0.00542024,0.7,28.0309,23.6135,409.434,638.827,3.08586e-05,28.412271,23.265652,412.2786,648.2529,3.9638653e-05
line-z-10,0.00544067,0.0,0.01,0.00544067,0.7,28.2833,23.6717,410.067,639.213,3.2599e-05,28.706799,23.341509,412.98157,647.7971,4.0512252e-05
line-z-10,0.00584185,0.0,0.01,0.00584185,0.7,33.4201,24.9241,422.156,614.449,5.51572e-05,34.49058,24.867897,424.83755,648.0763,6.4398955e-05
line-z-10,0.00648751,0.0,0.01,0.00648751,0.7,44.5707,27.8119,426.823,727.064,0.000192625,43.912952,27.514547,436.4246,689.05396,0.0001467257
line-z-10,0.00736896,0.0,0.01,0.00736896,0.7,59.7934,31.7543,433.195,880.807,0.000380295,57.972866,31.435335,442.5528,830.83936,0.00038805572
line-z-10,0.00814134,0.0,0.01,0.00814134,0.7,73.2328,35.3359,444.892,1008.54,0.000535224,72.46828,34.61646,447.54572,1012.2461,0.0005985752
line-z-10,0.00847122,0.0,0.01,0.00847122,0.7,78.1824,36.1613,442.7,1072.69,0.000582071,78.98098,35.68005,451.01483,1091.9979,0.00063977315
line-z-10,0.00849436,0.0,0.01,0.00849436,0.7,78.57,36.1809,442.102,1077.89,0.000582823,79.43263,35.745445,451.2915,1097.4637,0.000641483
line-z-10,0.00855368,0.0,0.01,0.00855368,0.7,79.4626,36.2269,443.202,1090.96,0.000581071,80.58368,35.907272,452.01923,1111.369,0.0006452288
line-z-10,0.0101301,0.0,0.01,0.0101301,0.7,103.181,37.4501,472.423,1438.25,0.000534516,100.553406,37.484867,476.4487,1403.4672,0.00059949583
line-z-10,0.0105127,0.0,0.01,0.0105127,0.7,99.4171,37.0356,479.876,1436.11,0.000538912,100.82714,37.386894,482.2405,1448.729,0.0005911917
line-z-10,0.0120745,0.0,0.01,0.0120745,0.7,86.2786,36.2922,504.267,1487.5,0.000619909,86.74413,36.611263,500.2485,1485.0544,0.00063006533
line-z-10,0.0122236,0.0,0.01,0.0122236,0.7,83.8703,36.2747,505.628,1489.24,0.000637766,84.66226,36.527138,501.49005,1473.6747,0.00063652976
line-z-10,0.0123545,0.0,0.01,0.0123545,0.7,81.7368,36.1523,506.906,1452.59,0.000626636,82.79417,36.453224,502.52295,1461.4696,0.0006419815
line-z-10,0.0139067,0.0,0.01,0.0139067,0.7,61.1936,35.249,512.183,1155.64,0.000553785,60.786274,35.43041,513.3065,1190.2695,0.0006332339
line-z-10,0.0146118,0.0,0.01,0.0146118,0.7,51.861,34.8386,514.58,1020.74,0.00052069,52.260708,34.396343,520.4152,1034.2219,0.00054369756
line-z-10,-0.00134933,0.0,0.01,0.00134933,0.7,-14.6413,8.71034,269.996,1051.22,7.57041e-06,-14.6002245,8.948591,291.19516,1046.2864,1.5102544e-05
line-z-10,-0.00186998,0.0,0.01,0.00186998,0.7,-10.1762,10.4005,281.711,989.214,6.15397e-06,-11.905219,10.099488,296.2044,998.8517,1.4041844e-05
line-z-10,-0.00313917,0.0,0.01,0.00313917,0.7,-0.959588,13.9582,304.413,856.247,2.59784e-06,-1.1398897,13.853479,322.40872,868.0956,1.2733689e-05
line-z-10,-0.00326752,0.0,0.01,0.00326752,0.7,0.438606,14.4293,308.947,842.072,2.71884e-06,0.26701275,14.299387,326.35715,854.4207,1.2787418e-05
line-z-10,-0.00382903,0.0,0.01,0.00382903,0.7,6.55521,16.4901,328.78,780.059,3.24815e-06,6.9615607,16.395662,346.2017,794.42334,1.3701098e-05
line-z-10,-0.00561621,0.0,0.01,0.00561621,0.7,31.9053,25.0765,429.719,638.122,3.15214e-05,31.337164,24.308867,425.10327,628.50476,3.6901776e-05
line-z-10,-0.0057783,0.0,0.01,0.0057783,0.7,33.9141,25.5278,435.057,624.891,3.52649e-05,33.629192,25.06406,432.37042,620.0136,4.3027467e-05
line-z-10,-0.00609159,0.0,0.01,0.00609159,0.7,37.7969,26.4,445.374,599.318,4.25003e-05,38.083893,26.509867,445.9834,610.3554,5.935402e-05
line-z-10,-0.00681098,0.0,0.01,0.00681098,0.7,48.3847,29.237,476.184,682.926,0.000154034,48.606632,29.673641,473.46915,636.40955,0.00013480807
line-z-10,-0.00799498,0.0,0.01,0.00799498,0.7,67.4578,34.8874,507.968,894.02,0.000423307,68.58633,34.10681,497.1879,885.42145,0.0004389382
line-z-10,-0.0080446,0.0,0.01,0.0080446,0.7,68.3642,35.1341,509.725,904.065,0.000435084,69.51461,34.26652,497.4806,900.85724,0.0004532722
line-z-10,-0.0081258,0.0,0.01,0.0081258,0.7,69.83,35.3082,508.864,925.303,0.0004432,71.04335,34.52193,497.8532,926.5927,0.00047579093
line-z-10,-0.00878065,0.0,0.01,0.00878065,0.7,82.2539,36.605,499.535,1119.85,0.000530706,83.38404,36.264782,496.93185,1139.4459,0.0005898227
line-z-10,-0.00954564,0.0,0.01,0.00954564,0.7,96.7673,38.12,488.637,1347.13,0.000632928,95.44631,37.51886,490.86603,1336.536,0.0005818656
line-z-10,-0.00969438,0.0,0.01,0.00969438,0.7,98.6652,38.3181,489.812,1376.11,0.000636646,97.18304,37.672386,489.54196,1363.3628,0.0005725529
line-z-10,-0.00982398,0.0,0.01,0.00982398,0.7,100.319,38.4906,490.836,1401.35,0.000639885,98.49415,37.784714,488.4279,1383.6162,0.0005640528
line-z-10,-0.011044,0.0,0.01,0.011044,0.7,97.3354,38.1313,486.461,1435.4,0.000575825,101.03398,37.974167,483.2416,1467.3088,0.00051547657
line-z-10,-0.011182,0.0,0.01,0.011182,0.7,97.0939,38.1077,485.335,1438.24,0.000565078,100.27302,37.905212,483.4634,1468.5182,0.0005158955
line-z-10,-0.011701,0.0,0.01,0.011701,0.7,96.1861,38.019,481.102,1448.92,0.000524686,95.87899,37.508743,485.73718,1462.0441,0.00052824424
line-z-10,-0.0118714,0.0,0.01,0.0118714,0.7,94.8363,37.8752,482.382,1454.25,0.000533131,93.97982,37.3397,486.91956,1455.7826,0.000535457
line-z-10,-0.0120458,0.0,0.01,0.0120458,0.7,93.4554,37.7281,483.691,1459.7,0.000541771,91.84094,37.152668,488.3144,1446.9049,0.00054403074
line-z-10,-0.0121777,0.0,0.01,0.0121777,0.7,92.637,37.701,483.613,1462.45,0.000549557,90.10636,37.004395,489.47897,1438.3695,0.00055110705
line-z-10,-0.0125837,0.0,0.01,0.0125837,0.7,85.8468,37.1457,490.473,1388.1,0.000543659,84.25064,36.5337,493.55225,1401.0469,0.0005740097
line-z-10,-0.0144729,0.0,0.01,0.0144729,0.7,54.2514,34.5618,522.392,1042.16,0.000516217,54.436356,34.6347,520.6638,1044.2148,0.0005255896
line-z-10,-0.0147291,0.0,0.01,0.0147291,0.7,50.9346,34.3788,527.074,995.274,0.00049788,50.9128,34.244083,525.55774,993.11835,0.0004857864
line-z-10,-0.0147638,0.0,0.01,0.0147638,0.7,50.4546,34.3542,527.946,985.547,0.00049171,50.452477,34.182518,526.2406,986.5344,0.00047995304
line-z-10,-0.0150232,0.0,0.01,0.0150232,0.7,46.8695,34.1707,534.461,912.903,0.000445631,47.14078,33.64295,531.4671,940.35504,0.00043400697
line-z-10,-0.0151147,0.0,0.01,0.0151147,0.7,46.1401,33.7614,536.716,906.607,0.000428548,46.026806,33.41531,533.35175,925.46075,0.0004171193
line-z-10,-0.015431,0.0,0.01,0.015431,0.7,43.6181,32.3462,544.513,884.836,0.000369483,42.3877,32.454525,539.94775,880.1862,0.00035800057
line-z-10,-0.0169113,0.0,0.01,0.0169113,0.7,30.6544,22.8667,576.031,854.62,0.000149606,28.991156,23.810162,567.4798,805.5787,0.00013372567
line-z-10,-0.017124,0.0,0.01,0.017124,0.7,28.8478,21.455,578.781,843.989,0.000112932,27.434086,22.07075,570.4193,812.1891,0.00011208481
line-z-10,-0.0177569,0.0,0.01,0.0177569,0.7,23.4746,17.2562,586.961,812.371,3.85381e-06,23.150455,16.562658,577.22296,851.29205,6.238266e-05
line-z-10,-0.0178143,0.0,0.01,0.0178143,0.7,22.9779,16.6908,587.626,820.42,3.46528e-06,22.784128,16.054922,577.6975,856.0096,5.8872713e-05
line-z-10,-0.0184688,0.0,0.01,0.0184688,0.7,19.4783,11.467,586.854,901.427,2.56136e-06,18.846413,10.444985,581.57764,918.3622,2.8740576e-05
line-z-10,-0.0192872,0.0,0.01,0.0192872,0.7,15.0342,4.92025,586.175,1001.02,9.50932e-07,14.665712,4.485611,583.27716,1003.1789,1.0343423e-05
line-z-10,-0.0196429,0.0,0.01,0.0196429,0.7,13.1507,1.89434,586.201,1048.55,1.17711e-06,13.1962595,2.4036374,583.338,1036.9535,6.461253e-06
line-z-10,-0.0196658,0.0,0.01,0.0196658,0.7,13.0319,1.69734,586.212,1051.62,1.19245e-06,13.110122,2.2808657,583.33386,1039.0068,6.2669915e-06
line-z-10,-0.0196702,0.0,0.01,0.0196702,0.7,13.0295,1.6944,586.213,1051.67,1.19275e-06,13.093692,2.2574275,583.33295,1039.3997,6.23033e-06
line-z-10,-0.019671,0.0,0.01,0.019671,0.7,13.0291,1.69248,586.211,1051.7,1.19318e-06,13.090713,2.2531722,583.33276,1039.471,6.223693e-06
line-z-10,-0.0196871,0.0,0.01,0.0196871,0.7,13.0215,1.65565,586.17,1052.33,1.20135e-06,13.030948,2.1678872,583.3292,1040.9023,6.0914763e-06
line-z-10,-0.0198903,0.0,0.01,0.0198903,0.7,12.8612,1.16396,585.779,1060.87,1.2967e-06,12.322405,1.1492757,583.2577,1058.2362,4.6443215e-06
line-z-10,-0.020454,0.0,0.01,0.020454,0.7,12.2775,0.0579513,585.269,1078.42,1.42548e-06,10.80829,-1.1300365,582.9499,1098.3501,2.208833e-06
line-z-10,-0.0225024,0.0,0.01,0.0225024,0.7,10.1564,-3.96121,583.414,1142.21,1.89347e-06,9.6185055,-4.1665916,583.47986,1146.4365,2.7263977e-07
line-z-10,-0.0226521,0.0,0.01,0.0226521,0.7,10.1968,-3.83013,583.294,1139.84,1.82991e-06,9.6738405,-4.1844735,583.5953,1145.8232,2.4942887e-07
line-z-10,-0.0234733,0.0,0.01,0.0234733,0.7,10.1894,-4.14611,581.931,1144.41,1.84e-06,10.0410385,-4.0902953,583.99133,1139.635,1.8683824e-07
line-z-10,-0.0237849,0.0,0.01,0.0237849,0.7,10.1373,-3.91686,581.438,1140.88,1.76474e-06,10.172693,-4.012618,583.95825,1137.0514,1.8283315e-07
line-z-10,-0.024869,0.0,0.01,0.024869,0.7,9.86693,-3.41748,579.918,1129.78,1.52123e-06,10.382665,-3.773832,582.74713,1130.1611,2.323771e-07
line-z-10,-0.0260512,0.0,0.01,0.0260512,0.7,9.67106,-3.31591,578.672,1119.06,1.27629e-06,9.98057,-3.647883,580.0101,1122.8899,4.0764388e-07
line-z-10,-0.0261484,0.0,0.01,0.0261484,0.7,9.65495,-3.30756,578.569,1118.18,1.25614e-06,9.923589,-3.637639,579.77673,1122.0768,4.27795e-07
line-z-10,-0.0267248,0.0,0.01,0.0267248,0.7,9.5782,-3.11815,578.18,1112.01,1.1107e-06,9.55502,-3.5531626,578.53503,1116.4294,5.604099e-07
line-z-10,-0.0267687,0.0,0.01,0.0267687,0.7,9.57236,-3.10373,578.151,1111.54,1.09963e-06,9.526092,-3.5445535,578.4539,1115.9492,5.7118046e-07
line-z-10,-0.0271018,0.0,0.01,0.0271018,0.7,9.54483,-2.91743,577.718,1108.11,1.01453e-06,9.309226,-3.4668765,577.91516,1112.1628,6.541897e-07
line-z-10,-0.0279191,0.0,0.01,0.0279191,0.7,9.03253,-2.64686,577.034,1103.47,9.56042e-07,8.825418,-3.1801841,577.2082,1103.0085,8.483073e-07
line-z-10,-0.028021,0.0,0.01,0.028021,0.7,8.96865,-2.61312,576.949,1102.89,9.48749e-07,8.769978,-3.135635,577.17737,1102.0151,8.695489e-07
line-z-10,-0.0287845,0.0,0.01,0.0287845,0.7,8.67886,-2.57032,576.521,1099.16,8.92492e-07,8.357342,-2.75737,577.2438,1096.5974,9.891578e-07
line-z-10,-0.0292365,0.0,0.01,0.0292365,0.7,8.37878,-2.45902,576.351,1096.29,8.49974e-07,8.089183,-2.5067072,577.46094,1095.2458,1.0153667e-06
line-z-10,-0.0296705,0.0,0.01,0.0296705,0.7,8.07337,-2.25496,576.507,1095.67,8.51386e-07,7.8012567,-2.2494586,577.7613,1095.0029,1.0012982e-06
line-z-15,-0.0425,0.0,0.015,0.0425,0.7,0.0,0.0,565.096,800.0,1.91579e-08,3.0224972,1.5804504,563.2737,829.89905,8.436337e-09
line-z-15,-0.0424837,0.0,0.015,0.0424837,0.7,0.43979,0.18751,565.089,806.912,2.23537e-08,3.115166,1.6481749,563.283,832.9344,8.689603e-09
line-z-15,-0.042186,0.0,0.015,0.042186,0.7,8.27688,3.61455,564.902,903.502,5.84701e-08,4.6263385,2.7585182,563.4596,883.20905,1.4675826e-08
line-z-15,-0.0421673,0.0,0.015,0.0421673,0.7,8.35464,3.74349,564.909,906.946,6.54029e-08,4.7098145,2.8204134,563.4699,886.0401,1.514989e-08
line-z-15,-0.0418252,0.0,0.015,0.0418252,0.7,8.3925,5.44722,564.796,952.6,1.44925e-07,6.0042443,3.7979872,563.6002,931.196,2.6380595e-08
line-z-15,-0.0418041,0.0,0.015,0.0418041,0.7,8.37584,5.504,564.817,953.935,1.52253e-07,6.0700755,3.8490736,563.60376,933.5802,2.7250131e-08
line-z-15,-0.0414104,0.0,0.015,0.0414104,0.7,6.69526,6.03194,564.901,972.904,2.27086e-07,7.025294,4.6265297,563.5489,970.2631,4.7914394e-08
line-z-15,-0.0413872,0.0,0.015,0.0413872,0.7,6.66501,6.04728,564.931,973.709,2.33983e-07,7.0664525,4.662622,563.5383,971.9924,4.9412733e-08
line-z-15,-0.0409335,0.0,0.015,0.0409335,0.7,5.14009,5.89479,565.284,989.095,2.93654e-07,7.5863085,5.182024,563.1803,997.6359,8.5340105e-08
line-z-15,-0.0409091,0.0,0.015,0.0409091,0.7,5.12825,5.89088,565.314,989.688,2.98655e-07,7.6006317,5.2008214,563.1542,998.62396,8.7625985e-08
line-z-15,-0.0403849,0.0,0.015,0.0403849,0.7,4.69208,5.46009,566.005,1002.64,3.46918e-07,7.658202,5.4202366,562.4999,1012.59143,1.4432041e-07
line-z-15,-0.0392129,0.0,0.015,0.0392129,0.7,5.8133,5.33098,566.779,1013.04,3.50857e-07,6.931753,5.0159807,561.42456,1017.5162,2.9503545e-07
line-z-15,-0.0391871,0.0,0.015,0.0391871,0.7,5.83802,5.32813,566.796,1013.27,3.50944e-07,6.9132934,4.9981275,561.4174,1017.5065,2.9820984e-07
line-z-15,-0.0388437,0.0,0.015,0.0388437,0.7,6.17018,5.21895,566.778,1016.57,3.52012e-07,6.6838884,4.7389407,561.3954,1017.59247,3.3804878e-07
line-z-15,-0.0388241,0.0,0.015,0.0388241,0.7,6.16015,5.19562,566.767,1016.76,3.53539e-07,6.6719565,4.7231336,561.3978,1017.61554,3.4016406e-07
line-z-15,-0.0388132,0.0,0.015,0.0388132,0.7,6.16053,5.18711,566.769,1016.76,3.5338e-07,6.6653895,4.7143083,561.39935,1017.6296,3.4133262e-07
line-z-15,-0.0387956,0.0,0.015,0.0387956,0.7,6.15406,5.16574,566.763,1016.97,3.54585e-07,6.6548805,4.700008,561.402,1017.65375,3.4320652e-07
line-z-15,-0.0384417,0.0,0.015,0.0384417,0.7,6.0241,4.73687,566.624,1021.03,3.78769e-07,6.472054,4.400313,561.5065,1018.64764,3.7716887e-07
line-z-15,-0.0381089,0.0,0.015,0.0381089,0.7,6.34497,4.46016,566.608,1028.08,4.15692e-07,6.3564334,4.107,561.6634,1020.6009,4.0161507e-07
line-z-15,-0.0368719,0.0,0.015,0.0368719,0.7,6.93619,3.22849,566.458,1050.76,5.51359e-07,6.4501185,3.0726404,562.25195,1036.0455,4.142397e-07
line-z-15,-0.0357484,0.0,0.015,0.0357484,0.7,6.99017,2.62411,566.382,1053.25,5.64494e-07,7.147562,2.33189,562.8524,1054.6821,3.3143837e-07
line-z-15,-0.0354169,0.0,0.015,0.0354169,0.7,7.03978,2.29968,566.502,1059.62,6.06022e-07,7.423604,2.146004,563.14325,1059.7488,2.9943124e-07
line-z-15,-0.0353821,0.0,0.015,0.0353821,0.7,7.04498,2.26565,566.514,1060.29,6.10378e-07,7.4535646,2.1270583,563.1776,1060.2584,2.9605968e-07
line-z-15,-0.0350651,0.0,0.015,0.0350651,0.7,7.47614,2.11162,566.778,1065.66,6.35013e-07,7.731167,1.9580265,563.5264,1064.688,2.6590948e-07
line-z-15,-0.0348549,0.0,0.015,0.0348549,0.7,7.86535,2.0809,566.784,1066.33,6.34011e-07,7.916561,1.8482817,563.7904,1067.4153,2.4693287e-07
line-z-15,-0.0347769,0.0,0.015,0.0347769,0.7,7.93177,2.02938,566.859,1067.04,6.40174e-07,7.9849257,1.8077835,563.8944,1068.386,2.4018232e-07
line-z-15,-0.0339512,0.0,0.015,0.0339512,0.7,8.63495,1.48393,567.654,1074.6,7.0542e-07,8.65681,1.3738594,565.14935,1077.5037,1.8143994e-07
line-z-15,-0.0335041,0.0,0.015,0.0335041,0.7,8.93533,1.21773,567.977,1076.45,7.1864e-07,8.956972,1.1254321,565.89746,1081.7849,1.6044393e-07
line-z-15,-0.0333361,0.0,0.015,0.0333361,0.7,9.04815,1.11775,568.098,1077.14,7.23605e-07,9.055935,1.0281229,566.182,1083.3105,1.5451747e-07
line-z-15,-0.0324531,0.0,0.015,0.0324531,0.7,9.43626,0.358435,568.464,1080.64,7.61711e-07,9.464743,0.46882787,567.6351,1090.6455,1.3999001e-07
line-z-15,-0.0320755,0.0,0.015,0.0320755,0.7,9.58188,-0.0120062,568.705,1082.12,7.70277e-07,9.597394,0.19988218,568.20465,1093.3561,1.4211494e-07
line-z-15,-0.0319324,0.0,0.015,0.0319324,0.7,9.66484,-0.172864,568.788,1083.06,7.7964e-07,9.643816,0.09277042,568.4086,1094.298,1.4427846e-07
line-z-15,-0.0317399,0.0,0.015,0.0317399,0.7,9.77643,-0.389229,568.899,1084.34,7.92234e-07,9.704065,-0.05581174,568.671,1095.4823,1.4843516e-07
line-z-15,-0.0308576,0.0,0.015,0.0308576,0.7,10.2818,-0.990146,569.54,1091.83,8.89606e-07,9.970296,-0.7941329,569.67334,1099.6682,1.890902e-07
line-z-15,-0.0290715,0.0,0.015,0.0290715,0.7,11.2528,-1.95953,571.954,1106.9,1.07576e-06,10.571993,-2.275156,570.44336,1106.7542,4.5522327e-07
line-z-15,-0.0285381,0.0,0.015,0.0285381,0.7,11.5513,-2.22683,572.736,1111.19,1.11345e-06,10.779207,-2.5853689,570.3674,1110.8606,6.1210375e-07
line-z-15,-0.0269817,0.0,0.015,0.0269817,0.7,11.6233,-2.77069,574.504,1123.08,1.36258e-06,11.543779,-2.7887669,570.42645,1126.2539,1.3115953e-06
line-z-15,-0.0267364,0.0,0.015,0.0267364,0.7,11.6346,-2.85642,574.783,1124.96,1.40185e-06,11.698813,-2.7138853,570.5831,1127.6365,1.4450159e-06
line-z-15,-0.026619,0.0,0.015,0.026619,0.7,11.6565,-2.90847,574.838,1126.28,1.42692e-06,11.777353,-2.6675634,570.6751,1128.0312,1.5096781e-06
line-z-15,-0.0204569,0.0,0.015,0.0204569,0.7,28.2549,14.8034,577.198,873.913,1.55179e-05,28.016815,14.884643,571.0654,889.17487,7.446404e-05
line-z-15,-0.0204299,0.0,0.015,0.0204299,0.7,28.4627,14.9133,577.038,877.792,2.2721e-05,28.19313,15.030203,570.9389,890.3149,7.703494e-05
line-z-15,-0.0197625,0.0,0.015,0.0197625,0.7,33.3017,17.8092,574.073,961.379,0.000186797,32.683804,18.55194,567.43085,936.5935,0.00016912594
line-z-15,-0.0186338,0.0,0.015,0.0186338,0.7,41.3308,22.7992,567.723,1096.12,0.000466742,40.516735,23.723076,560.69885,1071.1837,0.0004270964
line-z-15,-0.0177224,0.0,0.015,0.0177224,0.7,47.8137,26.8283,562.596,1204.91,0.00069278,47.45122,26.731956,554.80206,1199.7922,0.000618647
line-z-15,-0.017338,0.0,0.015,0.017338,0.7,51.3947,27.6912,560.372,1268.7,0.000740374,50.768635,27.640383,552.0663,1256.85,0.0006773148
line-z-15,-0.0172613,0.0,0.015,0.0172613,0.7,52.1091,27.8633,559.928,1281.43,0.000749869,51.465015,27.796553,551.50006,1268.5111,0.0006875014
line-z-15,-0.0163325,0.0,0.015,0.0163325,0.7,60.8243,28.8123,551.547,1406.09,0.000749861,60.73156,29.108,544.2635,1418.9836,0.0007799952
line-z-15,0.0167942,0.0,0.015,0.0167942,0.7,58.9405,29.1745,543.251,1409.12,0.00078196,58.07868,29.329153,543.49445,1415.9778,0.0008433792
line-z-15,0.0170335,0.0,0.015,0.0170335,0.7,56.5678,28.5908,545.882,1364.87,0.000750668,55.885178,28.775864,545.1858,1377.6682,0.0008289445
line-z-15,0.017836,0.0,0.015,0.017836,0.7,48.6104,26.6331,554.703,1216.47,0.000645724,48.74418,26.511345,550.26544,1247.1089,0.00072465214
line-z-15,0.0191787,0.0,0.015,0.0191787,0.7,38.1416,20.9302,566.424,1076.28,0.000404098,37.75902,21.396078,557.1422,1061.3129,0.00040841266
line-z-15,0.0194195,0.0,0.015,0.0194195,0.7,36.144,20.1145,567.877,1043.09,0.000363885,35.947296,20.309286,558.3205,1037.0615,0.0003508581
line-z-15,0.0197027,0.0,0.015,0.0197027,0.7,33.7938,19.1546,569.587,1004.04,0.00031657,33.891582,18.972004,559.7144,1013.1329,0.00028861486
line-z-15,0.0207657,0.0,0.015,0.0207657,0.7,27.1603,13.6198,573.439,967.237,0.000148145,27.00795,13.545827,564.80597,970.1647,0.00012318189
line-z-15,0.021122,0.0,0.015,0.021122,0.7,25.2053,12.1702,575.226,951.736,9.42958e-05,25.021507,11.67046,566.3039,971.4119,9.038024e-05
line-z-15,0.0223452,0.0,0.015,0.0223452,0.7,20.5981,6.63546,576.278,1014.37,5.48722e-05,19.443558,5.615835,569.8471,1016.1695,3.1211686e-05
line-z-15,0.0224463,0.0,0.015,0.0224463,0.7,20.2175,6.17814,576.365,1019.54,5.16148e-05,19.065887,5.1659946,570.0226,1021.49567,2.8674034e-05
line-z-15,0.0236685,0.0,0.015,0.0236685,0.7,15.3087,0.496574,577.342,1084.27,1.29138e-06,15.4391775,0.631967,571.24994,1085.3298,1.1106514e-05
line-z-15,0.0238239,0.0,0.015,0.0238239,0.7,14.9043,0.00131911,577.257,1091.19,1.3322e-06,15.095523,0.18571246,571.3589,1092.2446,9.965839e-06
line-z-15,0.0239253,0.0,0.015,0.0239253,0.7,14.6403,-0.32186,577.202,1095.71,1.35884e-06,14.884579,-0.08912807,571.4331,1096.5156,9.301136e-06
line-z-15,0.0243434,0.0,0.015,0.0243434,0.7,13.7476,-1.31483,576.937,1109.26,1.46486e-06,14.1207285,-1.0871705,571.7912,1111.9417,7.099745e-06
line-z-15,0.0258128,0.0,0.015,0.0258128,0.7,12.6114,-2.62881,575.426,1122.29,1.52012e-06,12.566251,-3.0274775,573.70056,1138.2396,3.3505892e-06
line-z-15,0.0260659,0.0,0.015,0.0260659,0.7,12.4157,-2.85516,575.165,1124.53,1.52964e-06,12.43348,-3.1604526,573.9734,1139.1371,3.0415292e-06
line-z-15,0.0268136,0.0,0.015,0.0268136,0.7,11.8471,-3.56627,574.411,1131.25,1.58142e-06,12.187708,-3.3239453,574.2575,1137.853,2.4189997e-06
line-z-15,0.0269932,0.0,0.015,0.0269932,0.7,11.8804,-3.54332,574.109,1129.63,1.53552e-06,12.152809,-3.3238854,574.1881,1136.897,2.3184189e-06
line-z-15,0.0276617,0.0,0.015,0.0276617,0.7,11.7141,-3.51455,573.055,1122.43,1.42389e-06,12.065168,-3.2312245,573.50146,1131.9307,2.0630405e-06
line-z-15,0.0283007,0.0,0.015,0.0283007,0.7,11.555,-3.48704,572.047,1115.56,1.31716e-06,11.980679,-3.0393012,572.4465,1125.704,1.9552112e-06
line-z-15,0.0297903,0.0,0.015,0.0297903,0.7,10.901,-2.59634,570.659,1091.87,9.75714e-07,11.311598,-2.2866669,570.3096,1105.4453,2.0493917e-06
line-z-15,0.0301641,0.0,0.015,0.0301641,0.7,10.7369,-2.37283,570.311,1085.92,8.90032e-07,10.985542,-2.0385804,570.01154,1098.5657,2.1172823e-06
line-z-15,0.0307196,0.0,0.015,0.0307196,0.7,10.5349,-1.93981,569.942,1076.49,7.39113e-07,10.403106,-1.6347425,569.7009,1086.8577,2.2215893e-06
line-z-15,0.0313018,0.0,0.015,0.0313018,0.7,10.0557,-1.62888,569.355,1065.22,6.25559e-07,9.730143,-1.1743363,569.45355,1073.1849,2.311355e-06
line-z-15,0.0314302,0.0,0.015,0.0314302,0.7,9.95009,-1.56034,569.226,1062.73,6.00526e-07,9.581915,-1.0684022,569.4002,1070.0812,2.3264843e-06
line-z-15,0.0316062,0.0,0.015,0.0316062,0.7,9.75432,-1.4318,569.014,1059.69,5.76014e-07,9.382486,-0.9208689,569.3246,1065.8306,2.3441412e-06
line-z-15,0.0319324,0.0,0.015,0.0319324,0.7,9.40516,-1.17499,568.623,1054.15,5.37217e-07,9.031389,-0.6407737,569.17285,1058.105,2.3677478e-06
line-z-15,0.0339371,0.0,0.015,0.0339371,0.7,7.31731,0.51599,566.007,1024.63,3.56863e-07,7.7232184,1.1000621,567.8673,1026.7617,2.4816482e-06
line-z-15,0.0339949,0.0,0.015,0.0339949,0.7,7.25711,0.564744,565.931,1023.78,3.51663e-07,7.7026873,1.14326,567.8238,1026.3337,2.4915355e-06
line-z-15,0.0340253,0.0,0.015,0.0340253,0.7,7.2389,0.581427,565.907,1023.22,3.47529e-07,7.6919975,1.1656402,567.8008,1026.1147,2.4970157e-06
line-z-15,0.0343691,0.0,0.015,0.0343691,0.7,7.28369,0.703621,565.917,1019.0,2.98477e-07,7.5728364,1.4009647,567.533,1023.845,2.573146e-06
line-z-15,0.0353399,0.0,0.015,0.0353399,0.7,6.93915,1.55451,565.415,1004.13,2.23426e-07,7.1510735,1.8718882,566.65967,1016.1856,2.939387e-06
line-z-15,0.0363801,0.0,0.015,0.0363801,0.7,6.20143,2.17665,564.736,990.293,1.79217e-07,6.4109354,2.171392,565.55035,998.8408,3.5438427e-06
line-z-15,0.0364433,0.0,0.015,0.0364433,0.7,6.15666,2.21441,564.694,989.453,1.76534e-07,6.3587775,2.1906753,565.4869,997.452,3.585014e-06
line-z-15,0.0370317,0.0,0.015,0.0370317,0.7,5.90312,2.43722,564.118,977.955,1.42688e-07,5.88656,2.4241028,565.0016,983.8167,3.9795837e-06
line-z-15,0.0376695,0.0,0.015,0.0376695,0.7,5.63861,2.87815,563.528,965.716,1.22228e-07,5.531438,2.8487787,564.7912,970.82,4.4198364e-06
line-z-15,0.0376936,0.0,0.015,0.0376936,0.7,5.62862,2.8948,563.506,965.254,1.21455e-07,5.5240073,2.8691323,564.79034,970.4339,4.4366834e-06
line-z-15,0.0387158,0.0,0.015,0.0387158,0.7,5.02147,3.38781,563.057,958.317,1.42602e-07,5.8211074,4.0012665,564.99054,965.57916,5.1801294e-06
line-z-15,0.0388892,0.0,0.015,0.0388892,0.7,5.03958,3.5271,562.993,957.081,1.37752e-07,6.003645,4.230035,565.0172,967.0803,5.3133144e-06
line-z-15,0.0395544,0.0,0.015,0.0395544,0.7,5.6954,4.28093,562.942,953.256,1.09003e-07,7.0025024,5.092005,564.9185,976.4595,5.8408564e-06
line-z-15,0.0404563,0.0,0.015,0.0404563,0.7,7.27855,5.43878,563.185,944.421,1.01751e-07,8.493353,5.7902246,564.36584,982.3602,6.592968e-06
line-z-15,0.0407172,0.0,0.015,0.0407172,0.7,8.04761,5.79065,563.229,944.394,9.97579e-08,8.7393055,5.773642,564.21924,978.11346,6.8334143e-06
line-z-15,0.0409862,0.0,0.015,0.0409862,0.7,8.66564,5.9197,563.173,942.111,9.01664e-08,8.807187,5.6057153,564.1186,969.25397,7.1100976e-06
line-z-15,0.0412108,0.0,0.015,0.0412108,0.7,9.31064,5.82231,563.294,939.866,8.65247e-08,8.677539,5.3286324,564.08344,957.7824,7.3768792e-06
line-z-15,0.041447,0.0,0.015,0.041447,0.7,9.64762,5.50636,563.283,933.304,7.10675e-08,8.320778,4.885645,564.0944,941.26697,7.709442e-06
line-z-15,0.0416412,0.0,0.015,0.0416412,0.7,9.87652,4.86787,563.458,925.187,6.44256e-08,7.835246,4.394708,564.13245,924.04865,8.037509e-06
line-z-15,0.0418478,0.0,0.015,0.0418478,0.7,9.92953,4.02044,563.466,910.736,4.28036e-08,7.110014,3.73904,564.18787,902.0078,8.458157e-06
line-z-15,0.0420162,0.0,0.015,0.0420162,0.7,9.09257,2.97695,563.606,892.409,3.3964e-08,6.350495,3.0992599,564.23035,881.1931,8.869983e-06
line-z-15,0.0421965,0.0,0.015,0.0421965,0.7,8.12814,1.55972,563.625,864.158,1.59748e-08,5.3641877,2.307778,564.2549,856.13226,9.396253e-06
line-z-15,0.0423429,0.0,0.015,0.0423429,0.7,4.48096,0.98733,563.685,838.254,1.18944e-08,4.4304667,1.5844134,564.24414,833.7604,9.901834e-06
line-z-15,0.0425,0.0,0.015,0.0425,0.7,0.0,0.0,563.723,800.0,6.28896e-09,3.2975206,0.72946143,564.18567,807.8699,1.0537709e-05
line-z-15,-0.00576828,0.0,0.015,0.00576828,0.7,13.1407,15.5783,477.68,1025.23,0.000140793,14.439184,15.659113,472.27863,1000.2931,0.00018103613
line-z-15,-0.00430815,0.0,0.015,0.00430815,0.7,0.240733,12.2208,456.804,1184.55,0.000258882,0.6911874,12.14784,450.77264,1178.2603,0.00028784637
line-z-15,-0.00407747,0.0,0.015,0.00407747,0.7,-1.79724,11.6903,453.505,1209.72,0.000277538,-1.3369764,11.5887,447.5965,1210.3818,0.00032074822
line-z-15,-0.00357762,0.0,0.015,0.00357762,0.7,-4.76453,10.8113,448.765,1270.76,0.000391546,-5.5949564,10.403743,441.1516,1282.5503,0.0004103859
line-z-15,-0.00211086,0.0,0.015,0.00211086,0.7,-14.6574,7.68827,428.347,1462.4,0.000637163,-16.557543,7.3015976,425.47476,1494.7726,0.000761421
line-z-15,-0.000985074,0.0,0.015,0.000985074,0.7,-22.2506,5.29123,412.675,1609.49,0.000825682,-21.769882,5.6863074,416.99997,1601.4989,0.000908204
line-z-15,-0.000734392,0.0,0.015,0.000734392,0.7,-23.2232,5.00333,410.384,1630.6,0.00087659,-22.336895,5.488897,415.78485,1612.1582,0.00090629584
line-z-15,-0.000117313,0.0,0.015,0.000117313,0.7,-22.3887,5.41556,412.29,1614.95,0.000797123,-22.697643,5.335662,414.17297,1615.4467,0.00085056026
line-z-15,0.000650878,0.0,0.015,0.000650878,0.7,-21.6901,5.84143,412.711,1603.14,0.000762526,-21.19507,5.851984,415.06787,1577.8904,0.0007117495
line-z-15,0.000871138,0.0,0.015,0.000871138,0.7,-20.4406,6.245,415.252,1578.92,0.000695288,-20.4199,6.136963,415.87628,1560.2297,0.000665253
line-z-15,0.00199296,0.0,0.015,0.00199296,0.7,-14.291,7.86892,423.462,1450.82,0.00030297,-14.793151,8.275612,422.57465,1442.245,0.00043684916
line-z-15,0.00202383,0.0,0.015,0.00202383,0.7,-14.0476,7.93754,423.989,1446.65,0.000301033,-14.60867,8.345413,422.7956,1438.6276,0.0004312929
line-z-15,0.0035946,0.0,0.015,0.0035946,0.7,-4.36844,10.4886,438.169,1297.87,0.000175195,-3.840827,11.915164,434.76096,1255.1252,0.00022402435
line-z-15,0.00364707,0.0,0.015,0.00364707,0.7,-3.90272,10.6102,438.949,1289.96,0.000169857,-3.4353695,12.022663,435.22275,1249.2192,0.00021956525
line-z-15,0.00487121,0.0,0.015,0.00487121,0.7,6.96226,13.4462,457.145,1105.43,4.5343e-05,6.874011,14.261061,450.333,1115.7524,0.0001527093
line-z-15,0.00499117,0.0,0.015,0.00499117,0.7,8.18093,13.7283,459.956,1096.42,4.966e-05,7.956193,14.471377,452.33887,1103.2687,0.0001496125
line-z-15,0.00600426,0.0,0.015,0.00600426,0.7,18.4722,16.1105,483.693,1020.28,8.61149e-05,17.330341,16.380787,471.05383,1009.7416,0.00014582727
line-z-15,0.00646669,0.0,0.015,0.00646669,0.7,22.1558,16.9123,490.52,986.024,9.97657e-05,21.706987,17.310492,479.12112,979.23694,0.00015797347
line-z-15,0.00668594,0.0,0.015,0.00668594,0.7,24.224,17.3521,493.346,978.18,0.000120746,23.810856,17.748728,482.5462,968.62067,0.00016717456
line-z-15,0.00808952,0.0,0.015,0.00808952,0.7,37.4642,20.1674,511.438,927.966,0.00025506,38.07812,20.418133,497.18652,973.9896,0.00029374307
line-z-15,0.00921369,0.0,0.015,0.00921369,0.7,51.7909,22.6973,522.886,1112.35,0.000420138,50.979668,22.660334,503.31104,1079.6184,0.00049056753
line-z-15,0.00978525,0.0,0.015,0.00978525,0.7,58.382,23.769,526.004,1190.99,0.000532855,58.057217,23.910202,506.37936,1164.8646,0.00059955695
line-z-15,0.0106634,0.0,0.015,0.0106634,0.7,68.5079,25.4155,530.794,1311.8,0.000706023,68.99841,25.867914,511.8429,1320.0538,0.0007146741
line-z-15,0.010898,0.0,0.015,0.010898,0.7,71.127,25.8995,531.403,1338.87,0.000765876,71.75482,26.374216,513.3914,1362.796,0.0007299072
line-z-15,0.0112996,0.0,0.015,0.0112996,0.7,73.8467,26.5711,530.591,1402.0,0.000757153,76.09767,27.20675,515.9997,1433.6837,0.00074261706
line-z-15,0.0126642,0.0,0.015,0.0126642,0.7,83.2358,29.0041,529.576,1631.66,0.000731419,84.750854,29.621317,522.94666,1618.9684,0.00073072896
line-z-15,0.0129717,0.0,0.015,0.0129717,0.7,85.3522,29.5525,529.347,1683.43,0.000725618,85.047714,30.064705,523.9947,1644.1891,0.0007296333
line-z-15,0.0130963,0.0,0.015,0.0130963,0.7,85.7805,29.7374,528.246,1698.4,0.000726147,84.99034,30.231882,524.3814,1652.4718,0.0007300845
line-z-15,0.0131776,0.0,0.015,0.0131776,0.7,84.8353,29.6927,529.244,1687.05,0.000727123,84.89944,30.33677,524.62506,1657.2665,0.0007306846
line-z-15,0.0141933,0.0,0.015,0.0141933,0.7,78.6674,30.2155,531.749,1647.32,0.000761716,80.69085,31.304764,527.6877,1676.1858,0.00075910194
line-z-15,0.0145527,0.0,0.015,0.0145527,0.7,76.1103,30.2856,532.932,1620.98,0.000775665,78.153755,31.457226,529.07855,1664.7872,0.00077698036
line-z-15,0.0161937,0.0,0.015,0.0161937,0.7,64.4365,30.6061,538.33,1500.71,0.000839345,63.661686,30.450039,539.0781,1506.0864,0.00085207995
line-z-15,0.0167942,0.0,0.015,0.0167942,0.7,58.9405,29.1745,543.251,1409.12,0.00078196,58.07868,29.329153,543.49445,1415.9778,0.0008433792
line-z-15,-0.00576828,0.0,0.015,0.00576828,0.7,13.1407,15.5783,477.68,1025.23,0.000140793,14.439184,15.659113,472.27863,1000.2931,0.00018103613
line-z-15,-0.00711544,0.0,0.015,0.00711544,0.7,28.3096,18.7103,504.454,900.577,0.000136283,28.38582,18.642096,488.9769,913.84564,0.00019254915
line-z-15,-0.00755532,0.0,0.015,0.00755532,0.7,33.2906,19.7187,512.997,871.349,0.00015685,33.171745,19.615404,493.17627,914.5387,0.00021861603
line-z-15,-0.00763957,0.0,0.015,0.00763957,0.7,34.2077,19.9113,513.337,884.086,0.000172409,34.10174,19.804426,493.92596,916.6886,0.00022519036
line-z-15,-0.00921743,0.0,0.015,0.00921743,0.7,51.3829,23.5174,519.689,1122.63,0.000463785,52.25086,23.438581,506.3504,1082.064,0.00046815863
line-z-15,-0.00928069,0.0,0.015,0.00928069,0.7,52.0515,23.6575,519.893,1131.8,0.000475138,52.996952,23.581738,506.80374,1093.168,0.00048233225
line-z-15,-0.00928316,0.0,0.015,0.00928316,0.7,52.0793,23.6633,519.906,1132.15,0.000475709,53.02608,23.58731,506.82138,1093.6073,0.00048288947
line-z-15,-0.0104808,0.0,0.015,0.0104808,0.7,65.5285,26.4725,526.109,1298.59,0.000752937,66.72828,26.104431,514.4951,1337.3738,0.0007371108
line-z-15,-0.0105899,0.0,0.015,0.0105899,0.7,66.5832,26.6646,526.405,1313.14,0.00077511,67.88735,26.312405,515.11224,1360.7281,0.0007543851
line-z-15,-0.0106594,0.0,0.015,0.0106594,0.7,67.2542,26.7868,526.592,1322.4,0.000789219,68.61322,26.442892,515.4996,1375.5314,0.0007646462
line-z-15,-0.0135345,0.0,0.015,0.0135345,0.7,81.4117,29.7141,531.114,1729.23,0.000935055,83.088585,29.885489,527.55414,1751.44,0.0008797087
line-z-15,-0.0136866,0.0,0.015,0.0136866,0.7,82.1604,29.869,531.353,1750.74,0.000942768,82.709076,29.928276,528.06116,1750.6171,0.0008789304
line-z-15,-0.0137054,0.0,0.015,0.0137054,0.7,82.2552,29.8886,531.4,1753.42,0.000943466,82.653206,29.932604,528.1258,1750.3331,0.00087880687
line-z-15,-0.0137132,0.0,0.015,0.0137132,0.7,82.2801,29.9012,531.377,1754.13,0.000943604,82.629456,29.934347,528.15283,1750.2034,0.00087875425
line-z-15,-0.0137677,0.0,0.015,0.0137677,0.7,82.3546,29.9652,531.299,1756.4,0.000941887,82.454056,29.94547,528.3438,1749.1047,0.0008783536
line-z-15,-0.0140871,0.0,0.015,0.0140871,0.7,82.7911,30.3402,530.844,1769.73,0.00093183,81.10025,29.978098,529.5689,1735.9078,0.00087486004
line-z-15,-0.0163325,0.0,0.015,0.0163325,0.7,60.8243,28.8123,551.547,1406.09,0.000749861,60.73156,29.108,544.2635,1418.9836,0.0007799952
line-z-15,-0.0206061,0.0,0.015,0.0206061,0.7,27.4331,14.0705,577.6,877.249,4.11342e-06,27.054085,14.079036,571.7372,883.9587,6.164353e-05
line-z-15,-0.0204569,0.0,0.015,0.0204569,0.7,28.2549,14.8034,577.198,873.913,1.55179e-05,28.016815,14.884643,571.0654,889.17487,7.446404e-05
line-z-15,-0.0206941,0.0,0.015,0.0206941,0.7,27.0348,13.6888,577.693,881.54,2.65171e-06,26.496553,13.603736,572.11066,881.7421,5.510545e-05
line-z-15,-0.0207065,0.0,0.015,0.0207065,0.7,26.9784,13.6348,577.707,882.148,2.44486e-06,26.418657,13.536787,572.1618,881.481,5.4240845e-05
line-z-15,-0.0234281,0.0,0.015,0.0234281,0.7,15.4742,1.85446,579.797,1040.89,9.53814e-07,15.435542,1.7516714,574.7588,1018.1858,4.10998e-06
line-z-15,-0.023928,0.0,0.015,0.023928,0.7,15.0114,1.1108,579.22,1054.52,1.03642e-06,14.570776,0.5272353,574.1117,1052.3293,3.3128736e-06
line-z-15,-0.0241841,0.0,0.015,0.0241841,0.7,14.7742,0.729856,578.925,1061.5,1.07874e-06,14.194364,0.0007135665,573.76,1067.7338,3.0303868e-06
line-z-15,-0.0248886,0.0,0.015,0.0248886,0.7,13.9653,-0.32645,577.557,1079.25,1.17388e-06,13.314642,-1.1565163,572.78217,1101.1625,2.4822136e-06
line-z-15,-0.0265027,0.0,0.015,0.0265027,0.7,11.7397,-2.8932,575.025,1126.06,1.43145e-06,11.858049,-2.6149967,570.7764,1128.224,1.5740002e-06
line-z-15,-0.026619,0.0,0.015,0.026619,0.7,11.6565,-2.90847,574.838,1126.28,1.42692e-06,11.777353,-2.6675634,570.6751,1128.0312,1.5096781e-06
line-z-25,-0.0425,0.0,0.025,0.0425,0.7,0.0,0.0,570.003,800.0,2.8203e-08,-4.2769246,0.07632452,567.94855,850.3991,5.181142e-07
line-z-25,-0.0424525,0.0,0.025,0.0424525,0.7,-0.853538,-0.272745,569.999,817.136,3.60998e-08,-4.3919916,0.11278302,567.8673,859.66223,5.396935e-07
line-z-25,-0.042171,0.0,0.025,0.042171,0.7,-6.72096,-0.553578,569.927,938.326,1.12711e-07,-5.0183697,0.28300816,567.3776,910.6367,6.7404443e-07
line-z-25,-0.0421164,0.0,0.025,0.0421164,0.7,-6.83061,-0.461855,569.904,947.411,1.30977e-07,-5.1275473,0.30719152,567.2834,919.7172,7.0087566e-07
line-z-25,-0.0417927,0.0,0.025,0.0417927,0.7,-7.62052,0.27118,569.608,1006.28,2.83693e-07,-5.6788077,0.39509118,566.7483,967.9534,8.5797586e-07
line-z-25,-0.0417299,0.0,0.025,0.0417299,0.7,-7.59042,0.34413,569.536,1010.31,3.00936e-07,-5.765099,0.40161827,566.6507,976.19055,8.869834e-07
line-z-25,-0.0413577,0.0,0.025,0.0413577,0.7,-7.4053,0.745473,568.826,1033.6,4.23644e-07,-6.122911,0.37590504,566.1201,1017.58905,1.0362425e-06
line-z-25,-0.0412854,0.0,0.025,0.0412854,0.7,-7.33455,0.765516,568.679,1035.67,4.34519e-07,-6.1602287,0.35891944,566.02606,1024.1887,1.0591369e-06
line-z-25,-0.0408576,0.0,0.025,0.0408576,0.7,-6.72018,0.819786,567.422,1047.14,5.11684e-07,-6.1539445,0.18759347,565.5045,1054.2416,1.1398151e-06
line-z-25,-0.0407742,0.0,0.025,0.0407742,0.7,-6.60698,0.797126,567.169,1048.24,5.16645e-07,-6.106747,0.14125681,565.40546,1058.4171,1.1435473e-06
line-z-25,-0.0402824,0.0,0.025,0.0402824,0.7,-5.69925,0.655427,565.398,1055.47,5.51454e-07,-5.5297327,-0.2049223,564.7783,1073.4078,1.0863823e-06
line-z-25,-0.0397795,0.0,0.025,0.0397795,0.7,-4.29465,-0.284809,563.47,1053.49,5.30965e-07,-4.466331,-0.6645901,563.9657,1075.1675,9.18082e-07
line-z-25,-0.0393079,0.0,0.025,0.0393079,0.7,-3.29556,-1.0377,562.676,1055.25,5.18647e-07,-3.1549654,-1.1648657,563.0128,1068.981,7.157532e-07
line-z-25,-0.0385865,0.0,0.025,0.0385865,0.7,-1.85293,-1.96431,559.443,1055.25,5.12018e-07,-0.9282032,-2.0013385,561.4819,1054.4705,4.3069565e-07
line-z-25,-0.0381113,0.0,0.025,0.0381113,0.7,-0.444247,-2.57921,560.017,1057.27,5.06953e-07,0.44818863,-2.5605736,560.77515,1046.6122,2.9274423e-07
line-z-25,-0.0379687,0.0,0.025,0.0379687,0.7,-0.13175,-2.74814,560.025,1057.23,5.04315e-07,0.8253447,-2.7245178,560.653,1044.944,2.5974285e-07
line-z-25,-0.0365537,0.0,0.025,0.0365537,0.7,2.96844,-4.42399,560.095,1056.84,4.7815e-07,3.5556138,-4.0362754,561.8502,1048.2261,8.428042e-08
line-z-25,-0.0364598,0.0,0.025,0.0364598,0.7,3.19724,-4.41721,559.896,1057.64,4.81931e-07,3.6898186,-4.091631,562.0237,1049.4148,7.910713e-08
line-z-25,-0.0363825,0.0,0.025,0.0363825,0.7,3.30327,-4.37767,559.94,1058.4,4.86603e-07,3.7984533,-4.133322,562.16675,1050.4392,7.521222e-08
line-z-25,-0.036223,0.0,0.025,0.036223,0.7,3.60564,-4.35599,560.187,1059.0,4.93134e-07,4.0188437,-4.2078443,562.4584,1052.6556,6.811431e-08
line-z-25,-0.0341684,0.0,0.025,0.0341684,0.7,7.50055,-4.07674,563.367,1066.65,5.77261e-07,7.0976844,-3.7555683,563.82697,1078.0668,4.2094733e-08
line-z-25,-0.0341111,0.0,0.025,0.0341111,0.7,7.60704,-4.07666,563.48,1066.94,5.80888e-07,7.1919703,-3.7131698,563.8005,1078.4867,4.252688e-08
line-z-25,-0.034031,0.0,0.025,0.034031,0.7,7.70655,-4.07455,563.575,1067.84,5.90623e-07,7.323709,-3.652423,563.75934,1079.0413,4.3230205e-08
line-z-25,-0.0339549,0.0,0.025,0.0339549,0.7,7.81266,-4.05108,563.708,1068.57,5.97917e-07,7.4487004,-3.5932286,563.7165,1079.5327,4.4008207e-08
line-z-25,-0.0333451,0.0,0.025,0.0333451,0.7,8.6634,-3.86288,564.777,1074.42,6.56397e-07,8.430695,-3.0829709,563.2659,1082.2073,5.4747606e-08
line-z-25,-0.031287,0.0,0.025,0.031287,0.7,12.9423,-1.51623,568.409,1080.47,8.24796e-07,11.404474,-1.1712991,562.0498,1076.1328,2.5573718e-07
line-z-25,-0.0293433,0.0,0.025,0.0293433,0.7,17.2213,1.25264,570.341,1062.17,6.7723e-07,15.833764,1.3210104,564.1445,1065.0762,2.4519493e-06
line-z-25,-0.0291297,0.0,0.025,0.0291297,0.7,17.5843,1.52273,570.547,1059.85,6.55984e-07,16.560177,1.6803261,564.3079,1065.1238,3.2186795e-06
line-z-25,-0.02908,0.0,0.025,0.02908,0.7,17.6688,1.58561,570.594,1059.3,6.51037e-07,16.736132,1.7672322,564.3356,1065.209,3.4298118e-06
line-z-25,-0.0288886,0.0,0.025,0.0288886,0.7,18.4453,1.99845,570.696,1067.31,1.4734e-05,17.43678,2.1141078,564.40295,1065.8373,4.3829423e-06
line-z-25,-0.0288375,0.0,0.025,0.0288375,0.7,18.6526,2.10865,570.723,1069.45,1.84932e-05,17.629683,2.210085,564.4098,1066.0918,4.679956e-06
line-z-25,-0.0278354,0.0,0.025,0.0278354,0.7,22.4062,4.37464,571.336,1110.56,8.75974e-05,21.760572,4.3973393,563.6305,1081.0957,1.6897617e-05
line-z-25,-0.025686,0.0,0.025,0.025686,0.7,32.1357,10.5925,571.338,1222.91,0.000316592,31.023893,10.334587,562.8814,1220.3237,0.00022643222
line-z-25,-0.0240136,0.0,0.025,0.0240136,0.7,41.8295,14.288,571.623,1481.47,0.000891206,40.606117,14.635213,565.16956,1462.8138,0.0008593046
line-z-25,-0.0239443,0.0,0.025,0.0239443,0.7,42.2314,14.4412,571.634,1492.19,0.000915031,41.088974,14.805972,565.1563,1474.5988,0.0008898951
line-z-25,-0.0238971,0.0,0.025,0.0238971,0.7,42.5154,14.5595,571.61,1499.58,0.000933185,41.420845,14.922234,565.1404,1482.6527,0.00091059523
line-z-25,-0.0237439,0.0,0.025,0.0237439,0.7,43.498,14.9199,571.111,1522.69,0.000976559,42.512707,15.299177,565.0516,1508.8901,0.0009767896
line-z-25,-0.0226398,0.0,0.025,0.0226398,0.7,50.6332,17.6489,567.24,1687.97,0.00130396,50.56206,17.951431,563.1772,1691.4878,0.0013774831
line-z-25,-0.0218169,0.0,0.025,0.0218169,0.7,55.9507,19.6827,564.355,1811.14,0.00154795,55.814648,19.630075,561.4534,1804.2748,0.0015698427
line-z-25,-0.0208526,0.0,0.025,0.0208526,0.7,60.5919,20.8028,563.267,1912.58,0.00168831,59.949142,20.832819,560.23737,1896.7831,0.0016864099
line-z-25,-0.0204571,0.0,0.025,0.0204571,0.7,61.4785,20.8688,563.176,1934.79,0.00172348,60.87147,21.02302,560.0237,1920.9944,0.0017053256
line-z-25,-0.0201702,0.0,0.025,0.0201702,0.7,62.1219,20.9167,563.111,1950.91,0.00174899,61.264236,21.050352,559.9435,1933.4941,0.0017106007
line-z-25,-0.0194073,0.0,0.025,0.0194073,0.7,60.2291,19.8581,563.634,1908.18,0.00169976,61.358356,20.726095,559.90985,1946.6552,0.0016997416
line-z-25,-0.0179521,0.0,0.025,0.0179521,0.7,59.8325,18.6728,564.791,1905.5,0.00168139,59.400192,19.107613,560.30536,1900.8735,0.0016465886
line-z-25,-0.0178784,0.0,0.025,0.0178784,0.7,59.8124,18.6127,564.85,1905.36,0.00168046,59.262615,19.010218,560.3484,1896.498,0.0016444578
line-z-25,-0.0164303,0.0,0.025,0.0164303,0.7,55.0231,16.9462,568.273,1803.61,0.00163463,55.30999,17.093323,561.5644,1783.5634,0.0016272896
line-z-25,-0.0152943,0.0,0.025,0.0152943,0.7,48.3273,14.902,568.559,1656.21,0.00155843,49.2906,15.552451,561.8003,1680.5994,0.001618885
line-z-25,-0.0146128,0.0,0.025,0.0146128,0.7,43.2641,13.8839,567.199,1582.45,0.00152269,44.446583,14.540985,560.79846,1625.58,0.0015830961
line-z-25,-0.0143941,0.0,0.025,0.0143941,0.7,41.6867,13.6364,567.037,1572.6,0.00150207,42.779964,14.204847,560.2418,1610.1757,0.0015630709
line-z-25,-0.0143548,0.0,0.025,0.0143548,0.7,41.4337,13.5995,567.033,1572.07,0.00149992,42.47721,14.144146,560.12933,1607.546,0.0015589898
line-z-25,-0.0135445,0.0,0.025,0.0135445,0.7,36.2037,12.8353,566.932,1561.02,0.00145533,36.182125,12.908159,557.06635,1563.961,0.0014450537
line-z-25,-0.0121981,0.0,0.025,0.0121981,0.7,26.3429,11.4121,563.411,1567.39,0.00124289,26.334623,11.1939535,550.5545,1541.5221,0.0012230842
line-z-25,-0.0119895,0.0,0.025,0.0119895,0.7,24.8398,11.2031,562.952,1565.7,0.00121264,24.908796,10.982729,549.66736,1543.8278,0.0012004374
line-z-25,-0.011089,0.0,0.025,0.011089,0.7,18.3518,10.3012,560.973,1558.4,0.00108202,18.99445,10.195648,547.00867,1571.7467,0.001186267
line-z-25,-0.0103208,0.0,0.025,0.0103208,0.7,13.4355,9.59772,558.064,1627.32,0.00131646,14.166911,9.586489,546.3611,1618.7134,0.0013211702
line-z-25,-0.0101377,0.0,0.025,0.0101377,0.7,12.087,9.38118,557.077,1647.81,0.00136364,13.035254,9.436801,546.35834,1632.984,0.0013783952
line-z-25,-0.00825682,0.0,0.025,0.00825682,0.7,1.06377,7.74867,551.232,1856.42,0.00267105,1.6355283,7.64198,544.6927,1833.625,0.0025886998
line-z-25,-0.00793095,0.0,0.025,0.00793095,0.7,-0.846044,7.46583,550.22,1892.56,0.00289757,-0.29134852,7.306638,543.6679,1874.1769,0.00288642
line-z-25,-0.00683484,0.0,0.025,0.00683484,0.7,-6.17431,6.57023,547.867,1998.7,0.00385484,-6.51651,6.2326818,539.6167,2007.0739,0.00391434
line-z-25,-0.00566433,0.0,0.025,0.00566433,0.7,-12.6569,5.18487,544.875,2135.52,0.00500353,-12.417261,5.131461,537.19934,2126.7495,0.0049474537
line-z-25,-0.00416386,0.0,0.025,0.00416386,0.7,-18.4869,3.86459,542.239,2244.81,0.00608889,-18.101017,3.6981928,539.02325,2237.2046,0.006075379
line-z-25,-0.00384775,0.0,0.025,0.00384775,0.7,-19.1231,3.70944,541.938,2256.65,0.00620105,-18.973999,3.4191487,539.62244,2255.2776,0.006267315
line-z-25,-0.00353454,0.0,0.025,0.00353454,0.7,-19.7535,3.55572,541.64,2268.39,0.00631218,-19.735334,3.156483,540.1141,2271.6685,0.0064404267
line-z-25,-0.000807418,0.0,0.025,0.000807418,0.7,-23.9392,1.87398,540.673,2370.88,0.0075929,-23.697702,1.579414,539.6913,2358.036,0.0074747447
line-z-25,-0.000208619,0.0,0.025,0.000208619,0.7,-24.1712,1.69416,540.533,2372.14,0.00753368,-24.075102,1.490654,539.6008,2365.9988,0.0075923693
line-z-25,0.0012088,0.0,0.025,0.0012088,0.7,-23.1919,1.885,541.648,2360.36,0.0076078,-23.793316,1.6276994,539.87164,2370.3984,0.0076471814
line-z-25,0.00174307,0.0,0.025,0.00174307,0.7,-22.7374,1.95426,542.031,2352.44,0.00756524,-23.191616,1.749726,539.9233,2364.0925,0.0075728386
line-z-25,0.0019156,0.0,0.025,0.0019156,0.7,-22.5906,1.97663,542.154,2349.89,0.0075515,-22.941172,1.7946074,539.9152,2360.752,0.007535573
line-z-25,0.00243103,0.0,0.025,0.00243103,0.7,-21.8868,2.13902,542.449,2333.4,0.00735918,-22.041527,1.9471729,539.809,2346.4634,0.0073807323
line-z-25,0.00267193,0.0,0.025,0.00267193,0.7,-21.5579,2.21493,542.586,2325.7,0.0072693,-21.547712,2.0300019,539.72235,2337.4553,0.0072840033
line-z-25,0.00351927,0.0,0.025,0.00351927,0.7,-19.8928,2.59768,543.398,2287.99,0.00682488,-19.461578,2.3995187,539.382,2294.055,0.0068064784
line-z-25,0.0041525,0.0,0.025,0.0041525,0.7,-17.8246,3.07995,544.447,2246.07,0.00629281,-17.543077,2.7726846,539.38226,2251.0159,0.0063069
line-z-25,0.00560661,0.0,0.025,0.00560661,0.7,-11.9147,4.40427,547.193,2123.6,0.00475905,-11.884596,4.0034103,541.5104,2126.9624,0.0048359153
line-z-25,0.00575938,0.0,0.025,0.00575938,0.7,-11.2938,4.54339,547.481,2110.73,0.00459792,-11.190839,4.1645346,541.9011,2112.2979,0.004672185
line-z-25,0.00614555,0.0,0.025,0.00614555,0.7,-9.77991,4.88633,548.091,2078.99,0.00419679,-9.363005,4.596679,542.9641,2074.0916,0.0042646825
line-z-25,0.00716675,0.0,0.025,0.00716675,0.7,-4.92717,5.81107,550.381,1983.91,0.00328129,-4.1033854,5.863675,545.84,1966.8887,0.0032781567
line-z-25,0.00724132,0.0,0.025,0.00724132,0.7,-4.57281,5.8786,550.548,1976.96,0.00321444,-3.6997306,5.9597125,546.03436,1958.8082,0.0032126107
line-z-25,0.00739368,0.0,0.025,0.00739368,0.7,-3.80215,6.01835,550.871,1963.12,0.00306483,-2.8682268,6.1559057,546.4207,1942.2261,0.003081589
line-z-25,0.00913458,0.0,0.025,0.00913458,0.7,7.14882,8.13916,557.015,1773.49,0.00179494,7.1209726,8.176223,550.1228,1751.3495,0.0018759648
line-z-25,0.0104036,0.0,0.025,0.0104036,0.7,14.6169,9.19783,560.113,1663.06,0.00149249,14.630804,9.190985,553.41144,1629.0715,0.0013864931
line-z-25,0.0113963,0.0,0.025,0.0113963,0.7,20.459,10.026,562.536,1576.67,0.00125589,20.506655,9.887189,556.4943,1567.5067,0.001228888
line-z-25,0.0115144,0.0,0.025,0.0115144,0.7,21.1364,10.125,562.876,1566.46,0.00122063,21.216925,9.979428,556.8281,1563.0569,0.0012212534
line-z-25,0.0115332,0.0,0.025,0.0115332,0.7,21.2427,10.1443,562.903,1564.85,0.00121781,21.330408,9.994438,556.8799,1562.4099,0.0012202356
line-z-25,0.0115633,0.0,0.025,0.0115633,0.7,21.4126,10.175,562.947,1562.29,0.00121331,21.51231,10.0186405,556.9618,1561.4094,0.0012187127
line-z-25,0.0119978,0.0,0.025,0.0119978,0.7,24.0074,10.6232,563.92,1531.87,0.00111514,24.178442,10.39689,558.0013,1551.8605,0.0012111457
line-z-25,0.013215,0.0,0.025,0.013215,0.7,32.4494,12.1391,564.853,1583.85,0.00124318,32.199436,11.780094,559.1822,1572.0986,0.0013073776
line-z-25,0.0133822,0.0,0.025,0.0133822,0.7,33.6712,12.3756,564.979,1594.61,0.00127516,33.374203,12.005893,559.1736,1579.7832,0.0013305154
line-z-25,0.0134243,0.0,0.025,0.0134243,0.7,33.9798,12.4316,565.004,1596.97,0.00128443,33.672737,12.063973,559.1675,1581.8851,0.0013365943
line-z-25,0.0149184,0.0,0.025,0.0149184,0.7,44.9327,14.4213,565.909,1680.6,0.00161336,44.772903,14.391609,558.9387,1693.4337,0.0015722631
line-z-25,0.0149573,0.0,0.025,0.0149573,0.7,45.2237,14.5021,565.981,1684.77,0.00161201,45.067207,14.457829,558.9508,1697.1058,0.0015778342
line-z-25,0.0154381,0.0,0.025,0.0154381,0.7,48.8195,15.5011,566.873,1736.33,0.00159538,48.669037,15.290958,559.2295,1744.327,0.0016394726
line-z-25,0.0159318,0.0,0.025,0.0159318,0.7,50.7817,16.1399,567.058,1771.18,0.00159523,52.226185,16.161066,559.77954,1794.4741,0.0016860339
line-z-25,0.0187831,0.0,0.025,0.0187831,0.7,64.6056,20.0559,568.608,1976.74,0.00166163,64.53614,20.054605,566.26086,1966.8323,0.0016516966
line-z-25,0.0313348,0.0,0.025,0.0313348,0.7,11.8647,-1.93543,569.487,1067.85,6.62867e-07,11.782836,-1.5615228,562.5988,1065.7937,4.4399667e-06
line-z-25,0.0306619,0.0,0.025,0.0306619,0.7,13.7637,-0.569666,571.073,1076.43,5.73118e-06,13.011834,-0.8001508,564.1851,1064.9468,7.221268e-06
line-z-25,0.0291972,0.0,0.025,0.0291972,0.7,17.6016,2.04803,573.452,1081.89,1.12951e-05,16.88139,1.8272699,565.6039,1080.4772,2.8790228e-05
line-z-25,0.0287959,0.0,0.025,0.0287959,0.7,18.653,2.76516,574.104,1083.39,1.28193e-05,18.328594,2.7407594,565.2033,1093.1023,4.396981e-05
line-z-25,0.0284293,0.0,0.025,0.0284293,0.7,19.566,3.40626,574.654,1084.43,1.40148e-05,19.806808,3.6222634,564.5862,1108.6245,6.464392e-05
line-z-25,0.0282624,0.0,0.025,0.0282624,0.7,20.4404,3.8966,574.805,1097.49,4.70178e-05,20.526733,4.035321,564.2507,1116.9302,7.6779404e-05
line-z-25,0.0273495,0.0,0.025,0.0273495,0.7,25.3768,6.48124,575.245,1180.62,0.000267213,24.890568,6.388956,562.335,1173.8732,0.00018114412
line-z-25,0.0263501,0.0,0.025,0.0263501,0.7,30.7811,9.31081,575.727,1271.63,0.000508276,30.146893,9.081829,561.2119,1249.8693,0.00036974397
line-z-25,0.0249386,0.0,0.025,0.0249386,0.7,37.0815,13.4239,574.713,1327.03,0.000671469,37.798832,12.843946,561.9389,1369.5817,0.00071107567
line-z-25,0.0234645,0.0,0.025,0.0234645,0.7,46.7015,16.6533,572.477,1535.44,0.00108069,46.265266,16.317911,563.4674,1526.213,0.0010928818
line-z-25,0.0228493,0.0,0.025,0.0228493,0.7,50.7164,18.001,571.544,1622.41,0.00125147,49.934296,17.543198,563.9017,1604.3607,0.001237897
line-z-25,0.0222998,0.0,0.025,0.0222998,0.7,54.4047,19.0368,570.448,1705.78,0.00139473,53.15483,18.484768,564.2759,1677.6749,0.0013485542
line-z-25,0.0221947,0.0,0.025,0.0221947,0.7,55.0143,19.1734,570.331,1721.5,0.00142312,53.754826,18.645906,564.35785,1691.7496,0.00136723
line-z-25,0.0220878,0.0,0.025,0.0220878,0.7,55.0735,19.1489,570.343,1725.13,0.00142663,54.357777,18.80311,564.4466,1706.0059,0.0013853556
line-z-25,0.0214081,0.0,0.025,0.0214081,0.7,57.6498,19.3972,568.993,1790.88,0.00151194,57.961155,19.635422,565.1668,1792.9708,0.0014800488
line-z-25,0.0199282,0.0,0.025,0.0199282,0.7,61.8713,19.8351,568.592,1904.3,0.00160747,63.551716,20.409628,566.8737,1930.8309,0.0015923101
line-z-25,0.0189804,0.0,0.025,0.0189804,0.7,64.5751,20.1156,568.335,1976.94,0.00166865,64.62221,20.174784,566.54456,1965.3783,0.0016411662
line-z-25,0.0187831,0.0,0.025,0.0187831,0.7,64.6056,20.0559,568.608,1976.74,0.00166163,64.53614,20.054605,566.26086,1966.8323,0.0016516966
line-z-25,0.0425,0.0,0.025,0.0425,0.7,0.0,0.0,570.456,800.0,3.27428e-08,-5.934452,1.2115784,566.25415,859.20435,1.0041158e-05
line-z-25,0.0422177,0.0,0.025,0.0422177,0.7,-7.44703,1.41013,570.51,922.695,1.27057e-07,-6.9261866,1.7581624,565.05554,907.62897,1.0181243e-05
line-z-25,0.0421853,0.0,0.025,0.0421853,0.7,-8.12792,1.49089,570.506,934.624,1.35238e-07,-7.028165,1.8135903,564.92487,912.8451,1.0188257e-05
line-z-25,0.0418607,0.0,0.025,0.0418607,0.7,-9.60175,2.294,570.001,1003.97,3.539e-07,-7.9023027,2.2839627,563.70526,960.8898,1.0142851e-05
line-z-25,0.0418234,0.0,0.025,0.0418234,0.7,-9.7414,2.37427,569.958,1011.09,3.73508e-07,-7.9849534,2.3281012,563.57587,965.9028,1.0123659e-05
line-z-25,0.0414503,0.0,0.025,0.0414503,0.7,-9.76727,2.69347,568.883,1040.48,5.62061e-07,-8.602394,2.659302,562.3971,1010.09705,9.773787e-06
line-z-25,0.0414073,0.0,0.025,0.0414073,0.7,-9.79624,2.73407,568.784,1043.88,5.79895e-07,-8.648986,2.684909,562.2735,1014.4906,9.7157645e-06
line-z-25,0.0409787,0.0,0.025,0.0409787,0.7,-9.12905,2.71208,567.151,1056.56,6.89649e-07,-8.841379,2.8077126,561.14044,1050.4951,8.969074e-06
line-z-25,0.0409288,0.0,0.025,0.0409288,0.7,-9.10108,2.70768,566.99,1058.4,7.01124e-07,-8.832553,2.807252,561.0175,1053.7905,8.865464e-06
line-z-25,0.0404369,0.0,0.025,0.0404369,0.7,-7.92697,2.39699,564.967,1063.84,7.56675e-07,-8.424966,2.6585162,559.8552,1077.002,7.733276e-06
line-z-25,0.0403786,0.0,0.025,0.0403786,0.7,-7.82935,2.35498,564.763,1064.99,7.63717e-07,-8.340749,2.6251469,559.7209,1078.7107,7.591461e-06
line-z-25,0.0402352,0.0,0.025,0.0402352,0.7,-7.56537,2.23234,564.413,1066.98,7.72238e-07,-8.104407,2.5305936,559.3917,1082.0586,7.241191e-06
line-z-25,0.0400824,0.0,0.025,0.0400824,0.7,-7.21553,2.08724,563.887,1067.94,7.79096e-07,-7.8096333,2.4116437,559.0433,1084.3679,6.869598e-06
line-z-25,0.0397777,0.0,0.025,0.0397777,0.7,-6.3732,1.70389,563.106,1066.9,7.64154e-07,-7.1050925,2.1251163,558.3586,1085.5264,6.150424e-06
line-z-25,0.0387719,0.0,0.025,0.0387719,0.7,-3.56756,0.498115,560.445,1064.46,7.26599e-07,-4.0620937,0.85530996,556.41864,1067.4412,4.2006386e-06
line-z-25,0.0383955,0.0,0.025,0.0383955,0.7,-2.69142,0.0202341,559.992,1063.16,7.10224e-07,-2.8146632,0.31111273,555.9346,1056.898,3.6688054e-06
line-z-25,0.0379417,0.0,0.025,0.0379417,0.7,-1.51488,-0.584496,559.543,1062.19,6.89744e-07,-1.3486485,-0.35152408,555.57153,1044.8724,3.1575303e-06
line-z-25,0.037482,0.0,0.025,0.037482,0.7,-0.323041,-1.1971,559.088,1061.2,6.68998e-07,0.03657367,-0.9977489,555.42505,1035.3907,2.7621e-06
line-z-25,0.036959,0.0,0.025,0.036959,0.7,1.26889,-2.0674,559.19,1059.08,6.28214e-07,1.4555548,-1.6620725,555.4531,1029.4209,2.4314763e-06
line-z-25,0.0354226,0.0,0.025,0.0354226,0.7,4.64745,-3.20479,562.2,1053.09,5.17149e-07,4.8338814,-2.8840134,556.09766,1038.8728,1.9340089e-06
line-z-25,0.0353803,0.0,0.025,0.0353803,0.7,4.75109,-3.21816,562.27,1052.83,5.13379e-07,4.916784,-2.8998733,556.1242,1039.4661,1.9271827e-06
line-z-25,0.0350526,0.0,0.025,0.0350526,0.7,5.59528,-3.30051,562.897,1050.35,4.79378e-07,5.549934,-2.9910722,556.35077,1044.1951,1.8842604e-06
line-z-25,0.0346861,0.0,0.025,0.0346861,0.7,6.54589,-3.39196,563.593,1047.5,4.40731e-07,6.242281,-3.0306501,556.6548,1049.4478,1.8574436e-06
line-z-25,0.0345306,0.0,0.025,0.0345306,0.7,6.75688,-3.32901,563.85,1049.01,4.56128e-07,6.5314875,-3.0293756,556.8021,1051.5696,1.8532859e-06
line-z-25,0.0342093,0.0,0.025,0.0342093,0.7,7.19809,-3.20295,564.307,1052.35,4.89746e-07,7.119882,-2.9968743,557.1449,1055.6221,1.8600953e-06
line-z-25,0.0341215,0.0,0.025,0.0341215,0.7,7.32898,-3.17723,564.48,1052.87,4.93709e-07,7.2783003,-2.98172,557.24786,1056.6367,1.8659687e-06
line-z-25,0.0340251,0.0,0.025,0.0340251,0.7,7.47261,-3.149,564.671,1053.45,4.98057e-07,7.4509473,-2.9622946,557.3658,1057.7002,1.8746149e-06
line-z-25,0.0316322,0.0,0.025,0.0316322,0.7,11.3797,-2.2813,569.26,1067.59,6.16682e-07,11.299984,-1.8193891,561.87103,1066.3809,3.7110904e-06
line-z-25,0.0316072,0.0,0.025,0.0316072,0.7,11.4204,-2.25226,569.279,1067.61,6.2056e-07,11.339641,-1.7992918,561.93176,1066.3351,3.7642244e-06
line-z-25,0.0313348,0.0,0.025,0.0313348,0.7,11.8647,-1.93543,569.487,1067.85,6.62867e-07,11.782836,-1.5615228,562.5988,1065.7937,4.4399667e-06
line-z-40,-0.0425,0.0,0.04,0.0425,0.7,0.0,0.0,651.274,800.0,2.2056e-06,-5.3351035,4.0405455,638.28973,984.33374,3.673513e-07
line-z-40,-0.0422749,0.0,0.04,0.0422749,0.7,-7.22002,5.28446,650.207,1098.99,5.46221e-06,-5.793997,4.954543,637.7263,1073.6968,4.7344176e-07
line-z-40,-0.0421888,0.0,0.04,0.0421888,0.7,-9.46715,7.34808,649.716,1220.79,7.18434e-06,-5.909559,5.269099,637.4163,1104.6311,5.203756e-07
line-z-40,-0.0419299,0.0,0.04,0.0419299,0.7,-8.32135,7.62353,647.398,1274.07,1.14286e-05,-6.048168,6.0852284,636.23157,1184.6594,6.843252e-07
line-z-40,-0.041831,0.0,0.04,0.041831,0.7,-7.87015,7.72967,646.47,1296.94,1.37345e-05,-6.017567,6.3428936,635.69794,1209.6588,7.5648353e-07
line-z-40,-0.0415328,0.0,0.04,0.0415328,0.7,-6.71587,7.64242,644.134,1299.59,1.42589e-05,-5.6512513,6.933649,633.9046,1265.8503,1.0087894e-06
line-z-40,-0.0414195,0.0,0.04,0.0414195,0.7,-6.28566,7.60543,643.206,1301.61,1.4691e-05,-5.408876,7.0860295,633.17444,1279.9617,1.1196246e-06
line-z-40,-0.0410758,0.0,0.04,0.0410758,0.7,-4.66619,7.45401,641.498,1297.43,1.42844e-05,-4.3625107,7.3259163,630.8955,1302.0605,1.5176936e-06
line-z-40,-0.0409463,0.0,0.04,0.0409463,0.7,-4.06645,7.39439,640.828,1297.09,1.42822e-05,-3.8612547,7.3396597,630.036,1303.8479,1.6976765e-06
line-z-40,-0.0405496,0.0,0.04,0.0405496,0.7,-1.93917,7.16603,639.185,1289.74,1.35247e-05,-2.0447023,7.186783,627.4838,1295.5151,2.4018373e-06
line-z-40,-0.0404023,0.0,0.04,0.0404023,0.7,-1.15935,7.08494,638.549,1288.52,1.33811e-05,-1.2882732,7.077053,626.5801,1289.5,2.7460592e-06
line-z-40,-0.0393416,0.0,0.04,0.0393416,0.7,4.38473,6.40982,633.318,1282.29,1.24966e-05,4.62303,6.176732,620.62366,1262.1315,8.604332e-06
line-z-40,-0.0392895,0.0,0.04,0.0392895,0.7,4.65717,6.37665,633.061,1281.98,1.24531e-05,4.913147,6.1454988,620.33777,1262.6687,9.184862e-06
line-z-40,-0.0392553,0.0,0.04,0.0392553,0.7,4.8345,6.36513,632.881,1282.2,1.25356e-05,5.102949,6.1260996,620.1496,1263.1357,9.5911555e-06
line-z-40,-0.0388751,0.0,0.04,0.0388751,0.7,6.84935,6.31284,630.585,1292.7,2.00126e-05,7.1739774,5.971243,618.0166,1274.1733,1.5835258e-05
line-z-40,-0.0386296,0.0,0.04,0.0386296,0.7,8.19178,6.32971,629.094,1312.28,6.04697e-05,8.4695835,5.927304,616.5969,1286.3713,2.221632e-05
line-z-40,-0.0385778,0.0,0.04,0.0385778,0.7,8.47452,6.33326,628.779,1316.41,6.8991e-05,8.738711,5.9230146,616.29407,1289.3718,2.388362e-05
line-z-40,-0.0381586,0.0,0.04,0.0381586,0.7,10.6729,6.43302,626.213,1345.8,0.000114047,10.866804,5.940008,613.82965,1317.8662,4.3050135e-05
line-z-40,-0.038105,0.0,0.04,0.038105,0.7,10.9539,6.44576,625.885,1349.56,0.000119805,11.13321,5.947664,613.51666,1321.9382,4.640422e-05
line-z-40,-0.0370362,0.0,0.04,0.0370362,0.7,16.5763,6.23467,619.492,1412.16,0.000215006,16.326626,6.245946,607.84296,1412.2284,0.00018643637
line-z-40,-0.0363299,0.0,0.04,0.0363299,0.7,20.2902,6.5983,616.516,1485.65,0.000413632,19.830917,6.538009,604.8378,1476.242,0.0003902123
line-z-40,-0.036187,0.0,0.04,0.036187,0.7,21.042,6.67191,615.914,1500.52,0.000453838,20.558533,6.6041813,604.2832,1489.6404,0.00044379503
line-z-40,-0.0359475,0.0,0.04,0.0359475,0.7,22.3069,6.81205,614.96,1525.38,0.000516684,21.79117,6.7203536,603.3781,1512.569,0.0005421535
line-z-40,-0.0356048,0.0,0.04,0.0356048,0.7,24.209,7.04194,612.62,1568.36,0.000738904,23.577353,6.898925,602.1127,1546.6184,0.0006990788
line-z-40,-0.034905,0.0,0.04,0.034905,0.7,28.1529,7.49593,607.883,1654.44,0.00116599,27.2449,7.3208036,599.5159,1621.8019,0.0010586996
line-z-40,-0.034209,0.0,0.04,0.034209,0.7,31.1289,7.96807,605.077,1731.54,0.00145115,30.787022,7.8447285,596.8398,1704.9868,0.001432791
line-z-40,-0.0339029,0.0,0.04,0.0339029,0.7,32.4375,8.17567,603.843,1765.45,0.00157654,32.273407,8.113747,595.6699,1743.9413,0.0015935848
line-z-40,-0.0334903,0.0,0.04,0.0334903,0.7,34.2293,8.44924,602.191,1810.51,0.00173522,34.185184,8.511836,594.16876,1797.9165,0.001801527
line-z-40,-0.0328721,0.0,0.04,0.0328721,0.7,37.2731,8.97891,600.207,1890.07,0.00202174,36.822617,9.163943,592.2186,1879.1693,0.0020863593
line-z-40,-0.0323012,0.0,0.04,0.0323012,0.7,40.0845,9.46813,598.375,1963.56,0.00228638,38.986202,9.779979,590.7998,1950.3834,0.0023134863
line-z-40,-0.0322992,0.0,0.04,0.0322992,0.7,40.0934,9.46981,598.37,1963.81,0.00228736,38.993294,9.782083,590.7955,1950.6215,0.0023142155
line-z-40,-0.0322965,0.0,0.04,0.0322965,0.7,40.1043,9.4726,598.37,1964.13,0.00228861,39.002827,9.784925,590.7894,1950.9419,0.0023151988
line-z-40,-0.0322782,0.0,0.04,0.0322782,0.7,40.1659,9.48796,598.354,1965.95,0.00229498,39.06739,9.804192,590.74915,1953.1117,0.0023218405
line-z-40,-0.0311266,0.0,0.04,0.0311266,0.7,44.0468,10.4554,597.331,2080.46,0.00269649,42.432335,10.819461,588.3649,2069.2456,0.0026605274
line-z-40,-0.0291026,0.0,0.04,0.0291026,0.7,44.4698,10.5846,591.969,2160.34,0.0030245,44.233807,11.129368,582.9832,2170.6157,0.0030034382
line-z-40,-0.0282168,0.0,0.04,0.0282168,0.7,42.6862,10.3506,591.481,2173.2,0.00316047,43.557083,10.877364,581.50134,2189.2856,0.0031477257
line-z-40,-0.0269606,0.0,0.04,0.0269606,0.7,40.1567,10.0187,590.788,2191.42,0.00335331,41.575455,10.419665,580.6979,2208.3757,0.0034244347
line-z-40,-0.0261292,0.0,0.04,0.0261292,0.7,39.4367,9.81384,591.419,2213.2,0.00345924,39.548393,10.024442,580.217,2220.1306,0.0036717993
line-z-40,-0.0252196,0.0,0.04,0.0252196,0.7,36.0186,9.30074,590.896,2233.24,0.00396257,36.56765,9.475662,579.5045,2233.6384,0.004016495
line-z-40,-0.0240735,0.0,0.04,0.0240735,0.7,31.0981,8.45227,590.934,2247.71,0.00461285,31.867863,8.722688,579.1362,2252.7954,0.004562812
line-z-40,-0.0238003,0.0,0.04,0.0238003,0.7,30.013,8.30513,590.889,2252.0,0.004745,30.657654,8.559751,579.27716,2257.731,0.0047067543
line-z-40,-0.0225779,0.0,0.04,0.0225779,0.7,25.1586,7.64694,590.69,2271.19,0.00533619,25.21133,7.9807253,581.1974,2280.6816,0.005371307
line-z-40,-0.0206801,0.0,0.04,0.0206801,0.7,17.5623,7.08,590.554,2311.34,0.00628666,17.621504,7.2359314,585.3663,2312.6038,0.0063206027
line-z-40,-0.0204545,0.0,0.04,0.0204545,0.7,16.6879,7.01768,590.585,2316.5,0.0064126,16.804316,7.129914,585.6525,2315.9272,0.0064245593
line-z-40,-0.0202385,0.0,0.04,0.0202385,0.7,15.8511,6.95805,590.615,2321.44,0.00653312,16.031696,7.0248,585.8582,2319.1309,0.0065234154
line-z-40,-0.0201104,0.0,0.04,0.0201104,0.7,15.2786,6.88916,590.586,2324.45,0.0066072,15.576653,6.961251,585.94867,2321.065,0.006581804
line-z-40,-0.0199525,0.0,0.04,0.0199525,0.7,14.5731,6.80425,590.551,2328.16,0.0066985,15.01774,6.882168,586.02875,2323.5063,0.006653527
line-z-40,-0.0189987,0.0,0.04,0.0189987,0.7,10.6192,6.40729,590.473,2343.01,0.00711092,11.619881,6.42373,585.9481,2340.5708,0.0070697526
line-z-40,-0.0179829,0.0,0.04,0.0179829,0.7,6.83628,6.1818,589.887,2369.33,0.00744709,7.845764,6.09402,585.62317,2362.7632,0.007398207
line-z-40,-0.0164334,0.0,0.04,0.0164334,0.7,1.98584,6.01228,588.671,2377.2,0.00722903,2.18134,6.0121236,585.7192,2387.6653,0.0074383365
line-z-40,-0.0155547,0.0,0.04,0.0155547,0.7,-0.960542,5.83783,587.767,2394.04,0.00729681,-0.5843511,5.9724226,585.44086,2391.9646,0.0072507844
line-z-40,-0.0151373,0.0,0.04,0.0151373,0.7,-1.98426,5.77038,587.351,2395.84,0.00718479,-1.760363,5.9133396,585.2228,2392.899,0.0071369815
line-z-40,-0.0147745,0.0,0.04,0.0147745,0.7,-2.87414,5.71175,586.989,2397.4,0.00708743,-2.7233582,5.845313,585.04175,2393.8025,0.0070333206
line-z-40,-0.0132038,0.0,0.04,0.0132038,0.7,-6.29531,5.48212,585.275,2402.44,0.00660683,-6.4744406,5.5261545,584.58435,2401.6348,0.006586479
line-z-40,-0.012244,0.0,0.04,0.012244,0.7,-8.71569,5.31733,584.154,2407.03,0.00633446,-8.489723,5.311942,584.0147,2405.5237,0.0063119214
line-z-40,-0.0118191,0.0,0.04,0.0118191,0.7,-9.62851,5.2436,583.63,2408.74,0.0061795,-9.297155,5.1882005,583.5222,2405.9727,0.006187693
line-z-40,-0.0114332,0.0,0.04,0.0114332,0.7,-10.4575,5.17665,583.154,2410.29,0.00603877,-9.979444,5.060593,582.9263,2405.7864,0.006074975
line-z-40,-0.0109169,0.0,0.04,0.0109169,0.7,-11.4038,5.10284,582.535,2411.22,0.00588703,-10.815806,4.8789344,581.91626,2405.0808,0.005927475
line-z-40,-0.0101972,0.0,0.04,0.0101972,0.7,-12.0663,4.86968,581.956,2410.45,0.00574878,-11.844339,4.6404843,580.1761,2404.4514,0.0057350337
line-z-40,-0.00924067,0.0,0.04,0.00924067,0.7,-12.9718,4.5897,581.243,2409.51,0.00556866,-12.989262,4.396425,577.57043,2406.1536,0.0055119297
line-z-40,-0.00813121,0.0,0.04,0.00813121,0.7,-14.0221,4.26495,580.416,2408.43,0.00535973,-14.034992,4.1179876,574.6104,2409.9639,0.0053048814
line-z-40,-0.0072326,0.0,0.04,0.0072326,0.7,-14.7121,3.91345,579.691,2407.55,0.00518882,-14.683858,3.7304044,572.36475,2410.379,0.0051837144
line-z-40,-0.00714442,0.0,0.04,0.00714442,0.7,-14.7798,3.87896,579.62,2407.46,0.00517204,-14.738017,3.681941,572.1534,2410.2139,0.0051742746
line-z-40,-0.00705804,0.0,0.04,0.00705804,0.7,-14.8731,3.85044,579.526,2407.39,0.0051503,-14.789348,3.632866,571.9487,2410.019,0.0051654577
line-z-40,-0.00687877,0.0,0.04,0.00687877,0.7,-14.9309,3.76653,579.457,2407.27,0.00513272,-14.890338,3.526484,571.5318,2409.5195,0.0051485323
line-z-40,-0.00473859,0.0,0.04,0.00473859,0.7,-15.5536,2.81645,578.215,2406.41,0.00504313,-15.528043,2.2803555,568.21906,2402.148,0.0050527453
line-z-40,-0.00424665,0.0,0.04,0.00424665,0.7,-15.6967,2.59807,577.93,2406.21,0.00502254,-15.575808,2.1074102,568.04175,2402.0073,0.005036471
line-z-40,-0.00264985,0.0,0.04,0.00264985,0.7,-15.9029,2.05833,577.679,2405.73,0.00495123,-15.799862,1.7310717,568.6624,2403.8127,0.0049415966
line-z-40,-0.00203,0.0,0.04,0.00203,0.7,-15.8971,1.95135,577.724,2405.71,0.00494647,-15.951858,1.5940173,569.1257,2403.6123,0.0049070637
line-z-40,-0.000919862,0.0,0.04,0.000919862,0.7,-15.9841,1.67774,577.565,2405.58,0.00493302,-16.244612,1.3834497,569.9838,2401.3237,0.004892328
line-z-40,-0.000469899,0.0,0.04,0.000469899,0.7,-16.0642,1.52305,577.379,2405.49,0.00492455,-16.330925,1.3426567,570.3844,2400.2913,0.0049027726
line-z-40,0.00181673,0.0,0.04,0.00181673,0.7,-15.946,2.01199,577.823,2405.74,0.00495548,-16.1464,1.8829079,573.5191,2402.6372,0.0049398527
line-z-40,0.00255089,0.0,0.04,0.00255089,0.7,-15.9081,2.16897,577.965,2405.82,0.00496542,-15.955745,2.2481692,574.5219,2405.5566,0.004939175
line-z-40,0.00275033,0.0,0.04,0.00275033,0.7,-15.8719,2.24878,578.059,2405.87,0.00497116,-15.90496,2.3458376,574.76105,2406.3682,0.004941477
line-z-40,0.00293549,0.0,0.04,0.00293549,0.7,-15.8606,2.32671,578.124,2405.9,0.00497192,-15.859235,2.4332302,574.9703,2407.1055,0.0049450747
line-z-40,0.00303813,0.0,0.04,0.00303813,0.7,-15.856,2.36767,578.146,2405.92,0.00497365,-15.834572,2.4799552,575.0813,2407.5037,0.004947718
line-z-40,0.00318982,0.0,0.04,0.00318982,0.7,-15.8299,2.42658,578.238,2405.96,0.00497679,-15.799033,2.5463812,575.2391,2408.0742,0.0049525145
line-z-40,0.00337223,0.0,0.04,0.00337223,0.7,-15.7996,2.49433,578.334,2406.0,0.00498235,-15.757772,2.6218083,575.4197,2408.722,0.0049596704
line-z-40,0.00350934,0.0,0.04,0.00350934,0.7,-15.7708,2.53522,578.396,2406.07,0.00499138,-15.727723,2.6751745,575.5493,2409.1753,0.0049660206
line-z-40,0.00520419,0.0,0.04,0.00520419,0.7,-15.3799,3.27072,579.423,2406.7,0.00507005,-15.336123,3.216877,576.95874,2410.8088,0.0050800806
line-z-40,0.0061378,0.0,0.04,0.0061378,0.7,-15.1646,3.67587,579.989,2407.05,0.00511338,-14.984425,3.638299,577.9331,2408.9336,0.0051467917
line-z-40,0.00696055,0.0,0.04,0.00696055,0.7,-14.6642,3.90606,580.774,2407.73,0.00520419,-14.542711,4.1224194,578.9101,2407.7175,0.0052201035
line-z-40,0.00755478,0.0,0.04,0.00755478,0.7,-14.3229,4.09133,581.312,2408.24,0.00527138,-14.14909,4.457028,579.4844,2407.7585,0.0052883923
line-z-40,0.0079824,0.0,0.04,0.0079824,0.7,-14.0773,4.22465,581.699,2408.6,0.00531974,-13.830832,4.6484413,579.7346,2408.2395,0.005344685
line-z-40,0.00917269,0.0,0.04,0.00917269,0.7,-13.2835,4.6205,582.583,2409.59,0.00554308,-12.812573,4.884779,579.5283,2410.389,0.005519746
line-z-40,0.0102668,0.0,0.04,0.0102668,0.7,-12.2545,4.81758,583.999,2410.93,0.00567194,-11.722,4.895582,578.6998,2411.9788,0.005709101
line-z-40,0.0103506,0.0,0.04,0.0103506,0.7,-12.0932,4.83245,584.092,2410.68,0.00570001,-11.631445,4.8973827,578.6444,2412.0652,0.005725815
line-z-40,0.0103876,0.0,0.04,0.0103876,0.7,-12.036,4.83777,584.131,2410.67,0.00571073,-11.591082,4.898363,578.6213,2412.1013,0.0057333224
line-z-40,0.0126908,0.0,0.04,0.0126908,0.7,-8.48497,5.16839,586.563,2410.44,0.00637654,-8.316025,5.103571,578.8054,2409.613,0.0063456385
line-z-40,0.0140106,0.0,0.04,0.0140106,0.7,-5.93352,5.26434,587.737,2409.34,0.0067409,-5.3542414,5.1677403,579.93866,2402.9602,0.0067190137
line-z-40,0.0142949,0.0,0.04,0.0142949,0.7,-5.10223,5.29787,587.949,2407.16,0.00679892,-4.592278,5.176672,580.24536,2401.3594,0.0067913067
line-z-40,0.0153221,0.0,0.04,0.0153221,0.7,-2.09968,5.41896,588.716,2399.29,0.00700851,-1.5534761,5.2036805,581.4674,2395.4636,0.0070239543
line-z-40,0.0425,0.0,0.04,0.0425,0.7,0.0,0.0,646.407,800.0,1.87708e-06,-5.726936,3.3509693,624.8926,961.2236,7.98384e-06
line-z-40,0.0423096,0.0,0.04,0.0423096,0.7,-5.8134,4.66203,645.485,1045.73,4.38579e-06,-6.19011,4.5651917,625.04364,1037.5072,8.3761615e-06
line-z-40,0.0421782,0.0,0.04,0.0421782,0.7,-10.4619,7.89837,644.981,1205.18,5.63144e-06,-6.404535,5.304577,624.96985,1085.0598,8.6290065e-06
line-z-40,0.0419591,0.0,0.04,0.0419591,0.7,-9.26763,8.22756,643.206,1250.54,9.02008e-06,-6.572228,6.3540206,624.56036,1154.1682,9.02269e-06
line-z-40,0.0418082,0.0,0.04,0.0418082,0.7,-8.50336,8.45994,642.062,1279.85,1.06673e-05,-6.553081,6.94448,624.0986,1194.0515,9.279103e-06
line-z-40,0.0415557,0.0,0.04,0.0415557,0.7,-7.48237,8.41145,640.158,1284.53,1.13598e-05,-6.288105,7.7021227,623.06946,1246.7853,9.699802e-06
line-z-40,0.0413827,0.0,0.04,0.0413827,0.7,-6.79766,8.37408,638.913,1286.9,1.16153e-05,-5.9494534,8.067046,622.2269,1273.3251,9.997714e-06
line-z-40,0.0410911,0.0,0.04,0.0410911,0.7,-5.4375,8.25624,637.465,1287.34,1.17656e-05,-5.119784,8.434844,620.65436,1302.5325,1.0560566e-05
line-z-40,0.0408934,0.0,0.04,0.0408934,0.7,-4.5365,8.16533,636.501,1286.57,1.17366e-05,-4.394232,8.534903,619.5357,1313.054,1.1018134e-05
line-z-40,0.0405556,0.0,0.04,0.0405556,0.7,-2.73286,7.96879,635.198,1285.36,1.16873e-05,-2.9017859,8.492027,617.62463,1318.2681,1.2030864e-05
line-z-40,0.0403309,0.0,0.04,0.0403309,0.7,-1.52815,7.81042,634.337,1283.05,1.15561e-05,-1.7652032,8.353982,616.3935,1315.686,1.2934942e-05
line-z-40,0.0394309,0.0,0.04,0.0394309,0.7,3.39254,7.15874,630.47,1290.52,1.33467e-05,3.4967096,7.424219,611.91925,1292.426,2.0018473e-05
line-z-40,0.0393132,0.0,0.04,0.0393132,0.7,4.02158,7.08236,629.984,1291.3,1.35107e-05,4.232437,7.295872,611.36804,1290.4297,2.1606766e-05
line-z-40,0.038946,0.0,0.04,0.038946,0.7,5.98402,6.84408,628.465,1293.74,1.40222e-05,6.5533485,6.928734,609.635,1288.4486,2.8217803e-05
line-z-40,0.0387697,0.0,0.04,0.0387697,0.7,6.98912,6.7876,627.55,1298.6,1.75164e-05,7.6734967,6.777612,608.7773,1290.1482,3.2552416e-05
line-z-40,0.0385551,0.0,0.04,0.0385551,0.7,8.22705,6.86268,626.367,1315.07,5.14252e-05,9.035885,6.621194,607.6944,1294.7577,3.9193677e-05
line-z-40,0.0382336,0.0,0.04,0.0382336,0.7,10.0616,6.88432,624.61,1337.15,8.8288e-05,11.06639,6.450769,605.9705,1307.016,5.2854943e-05
line-z-40,0.036746,0.0,0.04,0.036746,0.7,18.5377,6.65196,616.593,1437.7,0.0002855,20.134733,6.7338853,596.7568,1435.522,0.00024029806
line-z-40,0.0348407,0.0,0.04,0.0348407,0.7,30.9829,8.22208,608.413,1684.04,0.00107839,31.00611,8.590942,589.5017,1673.9696,0.0010545074
line-z-40,0.0348353,0.0,0.04,0.0348353,0.7,31.0148,8.22604,608.392,1684.62,0.00107982,31.036242,8.5964365,589.4941,1674.6487,0.0010575991
line-z-40,0.0346778,0.0,0.04,0.0346778,0.7,31.9426,8.34156,607.79,1701.76,0.00112165,31.914167,8.755146,589.2972,1694.3954,0.001148488
line-z-40,0.0345411,0.0,0.04,0.0345411,0.7,32.8007,8.47003,607.082,1720.08,0.00119247,32.67469,8.890593,589.1556,1711.448,0.0012282049
line-z-40,0.034489,0.0,0.04,0.034489,0.7,33.1267,8.54076,606.962,1727.66,0.00122157,32.964134,8.941624,589.10754,1717.9268,0.0012587059
line-z-40,0.0338145,0.0,0.04,0.0338145,0.7,36.2959,9.15477,604.693,1807.23,0.00154055,36.688717,9.574113,588.63367,1800.9664,0.001650762
line-z-40,0.0331095,0.0,0.04,0.0331095,0.7,39.5539,9.79978,602.277,1888.32,0.00186839,40.493275,10.190302,588.06134,1886.8047,0.0020355145
line-z-40,0.0316565,0.0,0.04,0.0316565,0.7,46.2681,11.129,597.297,2055.43,0.00254403,47.349754,11.3065605,585.82886,2058.5,0.0026888247
line-z-40,0.0313718,0.0,0.04,0.0313718,0.7,47.5928,11.38,597.081,2089.12,0.00268043,48.37916,11.474086,585.2791,2089.3853,0.0027893945
line-z-40,0.0312469,0.0,0.04,0.0312469,0.7,48.174,11.4901,596.986,2103.9,0.00274026,48.783604,11.538727,585.0354,2102.4048,0.002830309
line-z-40,0.0306814,0.0,0.04,0.0306814,0.7,50.2976,11.9427,596.976,2163.58,0.00292963,50.205524,11.74976,583.95245,2156.2852,0.0029908624
line-z-40,0.0303114,0.0,0.04,0.0303114,0.7,50.0721,11.844,596.52,2176.87,0.00297778,50.740803,11.805461,583.29724,2186.252,0.0030751799
line-z-40,0.0300319,0.0,0.04,0.0300319,0.7,49.9019,11.7694,596.175,2186.9,0.00301415,50.929955,11.801302,582.84906,2205.794,0.0031295377
line-z-40,0.028382,0.0,0.04,0.028382,0.7,48.0679,11.2486,592.521,2234.66,0.00325125,48.770184,11.102203,581.57886,2268.2964,0.003372495
line-z-40,0.0271322,0.0,0.04,0.0271322,0.7,43.9035,10.5338,592.249,2258.52,0.00363809,44.82698,10.295315,582.65424,2274.0083,0.0035977147
line-z-40,0.026819,0.0,0.04,0.026819,0.7,42.9545,10.3561,592.068,2264.57,0.00372399,43.698425,10.113775,583.1335,2273.3284,0.003674152
line-z-40,0.0266344,0.0,0.04,0.0266344,0.7,42.3953,10.2515,591.962,2268.14,0.0037746,43.015865,10.011529,583.43414,2272.892,0.0037242982
line-z-40,0.0259242,0.0,0.04,0.0259242,0.7,40.331,9.87333,592.129,2276.62,0.003913,40.279346,9.63571,584.60345,2272.4238,0.003958674
line-z-40,0.0256441,0.0,0.04,0.0256441,0.7,39.0725,9.70019,592.278,2280.25,0.00403184,39.15075,9.486786,585.0268,2273.2842,0.0040715006
line-z-40,0.0256438,0.0,0.04,0.0256438,0.7,39.0711,9.70019,592.278,2280.25,0.00403184,39.14951,9.486628,585.0271,2273.2856,0.0040716273
line-z-40,0.0229169,0.0,0.04,0.0229169,0.7,26.2975,8.04004,591.813,2344.63,0.00582899,26.663248,7.769065,587.3422,2325.5938,0.0057569025
line-z-40,0.0224416,0.0,0.04,0.0224416,0.7,24.0412,7.70664,592.083,2348.21,0.00606757,24.32545,7.467805,587.82983,2339.1128,0.0061031706
line-z-40,0.0224407,0.0,0.04,0.0224407,0.7,24.037,7.70602,592.084,2348.22,0.00606801,24.32102,7.4672365,587.8309,2339.138,0.006103817
line-z-40,0.0219986,0.0,0.04,0.0219986,0.7,21.9205,7.38685,592.285,2350.86,0.0062807,22.162554,7.1908064,588.3909,2350.875,0.0064113894
line-z-40,0.0213659,0.0,0.04,0.0213659,0.7,19.0894,6.98595,592.109,2366.62,0.0067432,19.155003,6.791828,589.2371,2364.8174,0.006803573
line-z-40,0.0208521,0.0,0.04,0.0208521,0.7,16.805,6.66043,591.932,2379.06,0.00710975,16.833742,6.4618545,589.75214,2372.8347,0.0070640338
line-z-40,0.0205734,0.0,0.04,0.0205734,0.7,15.5664,6.48392,591.836,2385.81,0.00730851,15.635553,6.2830157,589.88824,2375.8596,0.007180023
line-z-40,0.0203355,0.0,0.04,0.0203355,0.7,14.6982,6.41324,591.756,2387.12,0.00734993,14.651401,6.132796,589.8987,2377.7446,0.007264301
line-z-40,0.0201448,0.0,0.04,0.0201448,0.7,14.0022,6.35657,591.692,2388.17,0.00738314,13.889544,6.0154657,589.82996,2378.8345,0.007321997
line-z-40,0.0188135,0.0,0.04,0.0188135,0.7,9.14929,5.94823,591.187,2389.16,0.00754569,9.214904,5.3733807,587.64996,2380.1523,0.007498165
line-z-40,0.0180269,0.0,0.04,0.0180269,0.7,6.67687,5.84791,590.78,2391.37,0.00742688,6.816395,5.2066216,585.76825,2380.5999,0.0074583357
line-z-40,0.0159196,0.0,0.04,0.0159196,0.7,-0.590442,5.46719,589.078,2396.55,0.00714658,0.3338543,5.2060785,582.22266,2391.7468,0.007140809
line-z-40,0.0153221,0.0,0.04,0.0153221,0.7,-2.09968,5.41896,588.716,2399.29,0.00700851,-1.5534761,5.2036805,581.4674,2395.4636,0.0070239543
line-z-5,-0.0425,0.0,0.005,0.0425,0.7,0.0,0.0,583.746,800.0,6.68411e-09,0.9343273,1.4877127,583.31824,853.5565,3.661994e-08
line-z-5,-0.0423249,0.0,0.005,0.0423249,0.7,2.84795,2.475,583.722,879.022,3.12848e-08,1.6865234,1.9750178,582.64594,881.8612,5.265488e-08
line-z-5,-0.0423064,0.0,0.005,0.0423064,0.7,3.07302,2.67729,583.722,885.944,3.32642e-08,1.7606813,2.023451,582.5759,884.7528,5.4688694e-08
line-z-5,-0.0421039,0.0,0.005,0.0421039,0.7,4.54921,4.62595,583.718,951.464,1.11767e-07,2.505813,2.5155082,581.8336,915.0325,8.219322e-08
line-z-5,-0.0420838,0.0,0.005,0.0420838,0.7,4.66855,4.77606,583.718,957.241,1.17467e-07,2.5731514,2.5605748,581.7627,917.8937,8.551332e-08
line-z-5,-0.0418474,0.0,0.005,0.0418474,0.7,5.20395,5.44614,583.705,997.063,2.34734e-07,3.2780218,3.0418432,580.98236,949.4836,1.3445148e-07
line-z-5,-0.0418274,0.0,0.005,0.0418274,0.7,5.2432,5.48503,583.704,1000.28,2.42047e-07,3.330487,3.0785959,580.9212,951.97845,1.3952899e-07
line-z-5,-0.0415474,0.0,0.005,0.0415474,0.7,5.4804,5.67696,583.66,1024.44,3.61576e-07,3.9549773,3.5347376,580.16016,983.9759,2.2929649e-07
line-z-5,-0.0415318,0.0,0.005,0.0415318,0.7,5.49153,5.6811,583.657,1025.83,3.66695e-07,3.984036,3.557182,580.1231,985.60004,2.3542948e-07
line-z-5,-0.0411936,0.0,0.005,0.0411936,0.7,5.6993,6.02432,583.527,1048.51,5.03307e-07,4.482504,3.979565,579.47095,1016.9039,4.025672e-07
line-z-5,-0.0411901,0.0,0.005,0.0411901,0.7,5.70134,6.02813,583.525,1048.75,5.04319e-07,4.486449,3.9833698,579.46564,1017.19055,4.0466108e-07
line-z-5,-0.0411806,0.0,0.005,0.0411806,0.7,5.71334,6.05574,583.523,1049.45,5.07381e-07,4.4970474,3.9936354,579.4516,1017.965,4.1038092e-07
line-z-5,-0.0411466,0.0,0.005,0.0411466,0.7,5.71126,6.0677,583.511,1050.57,5.17084e-07,4.533603,4.0297403,579.40295,1020.69336,4.3132292e-07
line-z-5,-0.0411461,0.0,0.005,0.0411461,0.7,5.71122,6.06789,583.511,1050.58,5.17243e-07,4.5341315,4.030269,579.40234,1020.7328,4.3163686e-07
line-z-5,-0.0397473,0.0,0.005,0.0397473,0.7,5.6287,6.57817,582.953,1097.74,9.13486e-07,4.801282,4.988835,579.4669,1088.707,1.8115137e-06
line-z-5,-0.0397137,0.0,0.005,0.0397137,0.7,5.64694,6.6146,582.949,1099.39,9.25114e-07,4.789781,5.0036526,579.50275,1089.6073,1.8500671e-06
line-z-5,-0.0397086,0.0,0.005,0.0397086,0.7,5.64969,6.6201,582.949,1099.64,9.26869e-07,4.787993,5.005882,579.5082,1089.7421,1.8559032e-06
line-z-5,-0.0396651,0.0,0.005,0.0396651,0.7,5.60853,6.58615,582.941,1100.16,9.3249e-07,4.772363,5.024581,579.5557,1090.8713,1.9054953e-06
line-z-5,-0.0396585,0.0,0.005,0.0396585,0.7,5.60235,6.58105,582.94,1100.24,9.33335e-07,4.769937,5.027375,579.5631,1091.0393,1.9129834e-06
line-z-5,-0.0385818,0.0,0.005,0.0385818,0.7,4.33705,5.76478,582.579,1109.41,1.03885e-06,4.220222,5.325971,580.712,1110.5613,2.9044438e-06
line-z-5,-0.0385173,0.0,0.005,0.0385173,0.7,4.2578,5.70381,582.563,1109.68,1.04257e-06,4.180346,5.332997,580.7571,1111.3579,2.9449277e-06
line-z-5,-0.0383424,0.0,0.005,0.0383424,0.7,4.04284,5.53847,582.519,1110.42,1.05267e-06,4.069234,5.3450503,580.8572,1113.3562,3.0432986e-06
line-z-5,-0.0378673,0.0,0.005,0.0378673,0.7,3.55467,5.11389,582.51,1110.5,1.05977e-06,3.7481062,5.3229523,580.958,1117.6532,3.2314754e-06
line-z-5,-0.0376218,0.0,0.005,0.0376218,0.7,3.26643,4.94204,582.508,1110.42,1.0623e-06,3.5731165,5.2780495,580.92224,1119.2437,3.2885707e-06
line-z-5,-0.0371264,0.0,0.005,0.0371264,0.7,2.71804,4.65301,582.46,1110.07,1.06263e-06,3.2090542,5.1150365,580.7385,1121.1306,3.3371787e-06
line-z-5,-0.0370778,0.0,0.005,0.0370778,0.7,2.67794,4.62627,582.476,1109.89,1.06073e-06,3.1730034,5.093861,580.7166,1121.2192,3.337936e-06
line-z-5,-0.0366712,0.0,0.005,0.0366712,0.7,2.3422,4.40241,582.607,1108.43,1.04477e-06,2.8738902,4.8824244,580.5446,1121.2842,3.3226172e-06
line-z-5,-0.0363469,0.0,0.005,0.0363469,0.7,2.14698,4.2323,582.619,1107.5,1.0338e-06,2.644072,4.673979,580.44824,1120.4893,3.2888092e-06
line-z-5,-0.036133,0.0,0.005,0.036133,0.7,2.02857,4.13256,582.63,1106.72,1.02377e-06,2.5003078,4.520396,580.41394,1119.5778,3.2593975e-06
line-z-5,-0.035857,0.0,0.005,0.035857,0.7,1.96143,3.99799,582.635,1105.6,1.0078e-06,2.3276958,4.3074093,580.40393,1117.9862,3.2161577e-06
line-z-5,-0.0355819,0.0,0.005,0.0355819,0.7,1.89976,3.83243,582.65,1103.94,9.83538e-07,2.1740599,4.0831,580.4226,1115.9894,3.1698955e-06
line-z-5,-0.0351424,0.0,0.005,0.0351424,0.7,1.80126,3.56799,582.675,1101.27,9.44781e-07,1.976682,3.7120013,580.4673,1112.1289,3.0953338e-06
line-z-5,-0.0350673,0.0,0.005,0.0350673,0.7,1.79433,3.52508,582.681,1100.94,9.39704e-07,1.9497731,3.6480918,580.47156,1111.4067,3.0829299e-06
line-z-5,0.0425,0.0,0.005,0.0425,0.7,0.0,0.0,582.092,800.0,4.83936e-09,1.1364924,1.3894992,581.4582,814.42694,3.4123123e-06
line-z-5,0.0424921,0.0,0.005,0.0424921,0.7,0.0269543,-0.0123469,582.092,801.31,4.97605e-09,1.166364,1.4053162,581.4512,815.7098,3.4131324e-06
line-z-5,0.0423177,0.0,0.005,0.0423177,0.7,1.25212,0.16841,582.09,837.192,8.93545e-09,1.7870212,1.7456682,581.29645,843.1896,3.441487e-06
line-z-5,0.0423086,0.0,0.005,0.0423086,0.7,1.27762,0.138249,582.091,838.723,9.24941e-09,1.8173839,1.7629768,581.28845,844.5779,3.4434993e-06
line-z-5,0.0421081,0.0,0.005,0.0421081,0.7,2.1369,0.199807,582.103,876.733,2.01252e-08,2.4346256,2.1327837,581.1155,873.9365,3.5000637e-06
line-z-5,0.0420984,0.0,0.005,0.0420984,0.7,2.15503,0.177139,582.102,878.081,2.06319e-08,2.4620202,2.1501226,581.1075,875.2958,3.5033697e-06
line-z-5,0.0418666,0.0,0.005,0.0418666,0.7,2.64115,0.22788,582.092,909.157,4.01442e-08,3.0496366,2.5495708,580.9305,906.02545,3.5968542e-06
line-z-5,0.0418579,0.0,0.005,0.0418579,0.7,2.64942,0.224243,582.089,910.019,4.07659e-08,3.0692258,2.5640173,580.92456,907.1126,3.6008792e-06
line-z-5,0.0415881,0.0,0.005,0.0415881,0.7,2.88995,0.383539,582.027,932.834,6.6652e-08,3.5930297,2.992891,580.7637,938.4166,3.7418504e-06
line-z-5,0.0415831,0.0,0.005,0.0415831,0.7,2.89076,0.391736,582.024,933.112,6.6946e-08,3.6012335,3.0004976,580.7611,938.9528,3.7447433e-06
line-z-5,0.0413877,0.0,0.005,0.0413877,0.7,2.98298,0.762691,581.946,943.737,8.43186e-08,3.8824985,3.2883656,580.6787,958.6724,3.8646726e-06
line-z-5,0.041272,0.0,0.005,0.041272,0.7,3.04478,0.980577,581.893,950.187,9.52128e-08,4.014165,3.4503362,580.64294,969.2349,3.9414035e-06
line-z-5,0.041266,0.0,0.005,0.041266,0.7,3.04783,0.99304,581.89,950.52,9.60483e-08,4.020321,3.4585648,580.6412,969.7606,3.945485e-06
line-z-5,0.0412167,0.0,0.005,0.0412167,0.7,3.09164,1.12718,581.88,953.18,1.05071e-07,4.0684786,3.5255678,580.62897,973.9989,3.9793595e-06
line-z-5,0.040552,0.0,0.005,0.040552,0.7,3.7174,3.06658,581.649,989.856,2.26393e-07,4.3535743,4.320422,580.5958,1018.1601,4.47198e-06
line-z-5,0.0400792,0.0,0.005,0.0400792,0.7,4.33639,4.92115,581.545,1020.46,3.21748e-07,4.2499266,4.75776,580.6542,1037.4155,4.8074985e-06
line-z-5,0.0399665,0.0,0.005,0.0399665,0.7,4.46674,5.34468,581.534,1027.27,3.42581e-07,4.200242,4.844877,580.6688,1040.8684,4.877462e-06
line-z-5,0.0399157,0.0,0.005,0.0399157,0.7,4.48398,5.42,581.586,1029.55,3.53082e-07,4.175414,4.881868,580.6749,1042.3047,4.9071864e-06
line-z-5,0.0395561,0.0,0.005,0.0395561,0.7,4.68372,6.20796,581.922,1046.52,4.25566e-07,3.9651005,5.1017785,580.7033,1050.6338,5.0774315e-06
line-z-5,0.0393266,0.0,0.005,0.0393266,0.7,4.60626,6.44581,581.882,1054.25,4.67892e-07,3.80796,5.202273,580.70184,1054.5839,5.1414227e-06
line-z-5,0.0387432,0.0,0.005,0.0387432,0.7,4.4093,7.05061,581.781,1073.92,5.75515e-07,3.3720138,5.3152733,580.611,1061.5085,5.1126385e-06
line-z-5,0.0385143,0.0,0.005,0.0385143,0.7,4.24707,7.01096,581.903,1077.97,5.96455e-07,3.1977332,5.3058147,580.5442,1063.4287,5.0228264e-06
line-z-5,0.0381431,0.0,0.005,0.0381431,0.7,3.85401,6.73051,582.109,1079.74,6.09191e-07,2.9216359,5.23285,580.41296,1065.9465,4.7922754e-06
line-z-5,0.0379345,0.0,0.005,0.0379345,0.7,3.57271,6.54496,582.205,1079.74,6.09741e-07,2.7724848,5.164143,580.3353,1067.0962,4.624751e-06
line-z-5,0.0374713,0.0,0.005,0.0374713,0.7,2.94818,6.13301,582.417,1079.75,6.10961e-07,2.461801,4.9531693,580.1825,1068.9822,4.1914186e-06
line-z-5,0.0373491,0.0,0.005,0.0373491,0.7,2.80959,6.01034,582.469,1079.15,6.08443e-07,2.3850758,4.88626,580.1513,1069.3083,4.0700897e-06
line-z-5,0.0373255,0.0,0.005,0.0373255,0.7,2.78293,5.9909,582.477,1078.93,6.07115e-07,2.3705142,4.8728633,580.14575,1069.3618,4.0465898e-06
line-z-5,0.0367598,0.0,0.005,0.0367598,0.7,2.14337,5.52434,582.651,1073.69,5.75244e-07,2.0480092,4.5131965,580.0802,1069.6226,3.502673e-06
line-z-5,0.0366826,0.0,0.005,0.0366826,0.7,2.06783,5.45452,582.674,1072.9,5.70321e-07,2.0080643,4.4591775,580.08154,1069.4885,3.434642e-06
line-z-5,0.0363943,0.0,0.005,0.0363943,0.7,1.90735,5.18718,582.753,1070.04,5.51977e-07,1.8682876,4.248969,580.1076,1068.5933,3.2016205e-06
line-z-5,0.0359083,0.0,0.005,0.0359083,0.7,1.60821,4.78902,582.837,1064.99,5.22737e-07,1.6707426,3.8704445,580.218,1065.6685,2.901125e-06
line-z-5,0.0356791,0.0,0.005,0.0356791,0.7,1.46835,4.5532,582.943,1061.59,4.96624e-07,1.5978007,3.684735,580.2929,1063.7222,2.8056656e-06
line-z-5,0.0351962,0.0,0.005,0.0351962,0.7,1.27631,4.15882,583.116,1054.94,4.62552e-07,1.4991558,3.288701,580.48376,1058.7313,2.71067e-06
line-z-5,0.034856,0.0,0.005,0.034856,0.7,1.31919,3.8028,583.207,1051.77,4.52918e-07,1.4843979,3.014622,580.6389,1054.803,2.734943e-06
line-z-5,0.034277,0.0,0.005,0.034277,0.7,1.4167,3.26087,583.291,1045.8,4.33273e-07,1.5819352,2.580218,580.94006,1048.2242,2.9619944e-06
line-z-5,0.0341935,0.0,0.005,0.0341935,0.7,1.4358,3.20216,583.295,1045.04,4.30577e-07,1.609202,2.5223243,580.98785,1047.3503,3.0150097e-06
line-z-5,0.0338607,0.0,0.005,0.0338607,0.7,1.51202,2.96795,583.309,1042.0,4.19819e-07,1.7489402,2.3057187,581.1893,1044.1837,3.2785672e-06
line-z-5,0.0333833,0.0,0.005,0.0333833,0.7,1.74148,2.44263,583.285,1038.35,4.1058e-07,2.0229712,2.03575,581.50543,1040.7363,3.7995617e-06
line-z-5,0.0332316,0.0,0.005,0.0332316,0.7,1.81433,2.27584,583.277,1037.19,4.07647e-07,2.1234024,1.9595654,581.60925,1039.9426,3.9970514e-06
line-z-5,0.0326993,0.0,0.005,0.0326993,0.7,2.15893,1.97064,583.321,1035.24,4.0529e-07,2.5007706,1.7236662,581.9595,1038.292,4.773038e-06
line-z-5,0.0324184,0.0,0.005,0.0324184,0.7,2.32552,1.77135,583.345,1034.06,4.03664e-07,2.7029302,1.61607,582.1183,1038.0552,5.2007135e-06
line-z-5,0.0323406,0.0,0.005,0.0323406,0.7,2.37165,1.71617,583.352,1033.73,4.03214e-07,2.7581332,1.588119,582.15735,1038.0544,5.3166086e-06
line-z-5,0.0322525,0.0,0.005,0.0322525,0.7,2.4265,1.66974,583.353,1033.57,4.03511e-07,2.8199742,1.5573984,582.1986,1038.083,5.4450697e-06
line-z-5,0.0322369,0.0,0.005,0.0322369,0.7,2.43622,1.66151,583.353,1033.54,4.03563e-07,2.8308437,1.5520545,582.2055,1038.0913,5.4674415e-06
line-z-5,0.031459,0.0,0.005,0.031459,0.7,2.99846,1.36266,583.533,1032.02,4.0342e-07,3.3353035,1.3284237,582.41907,1039.2941,6.331451e-06
line-z-5,0.03105,0.0,0.005,0.03105,0.7,3.32469,1.19415,583.534,1031.61,4.06492e-07,3.5718,1.2507489,582.45374,1040.1487,6.503361e-06
line-z-5,0.0308924,0.0,0.005,0.0308924,0.7,3.47015,1.1932,583.548,1032.19,4.11622e-07,3.659062,1.2296975,582.46484,1040.4436,6.51069e-06
line-z-5,0.0304844,0.0,0.005,0.0304844,0.7,3.8007,1.22484,583.766,1033.0,4.21004e-07,3.8786032,1.1997074,582.52155,1041.013,6.391017e-06
line-z-5,0.0299184,0.0,0.005,0.0299184,0.7,4.33735,1.28425,584.004,1035.26,4.39297e-07,4.175358,1.2131828,582.76245,1041.1958,5.9763292e-06
line-z-5,0.0297513,0.0,0.005,0.0297513,0.7,4.49586,1.3018,584.074,1035.92,4.44701e-07,4.2620573,1.2269043,582.8867,1041.119,5.8208743e-06
line-z-5,0.0296115,0.0,0.005,0.0296115,0.7,4.58568,1.32191,584.177,1036.31,4.49944e-07,4.3341994,1.240672,583.01227,1041.021,5.6851964e-06
line-z-5,0.0294287,0.0,0.005,0.0294287,0.7,4.64939,1.32901,584.346,1036.51,4.54287e-07,4.4278235,1.260802,583.20636,1040.8608,5.504204e-06
line-z-5,0.0291465,0.0,0.005,0.0291465,0.7,4.74775,1.33997,584.606,1036.84,4.60991e-07,4.569752,1.2935313,583.57227,1040.5947,5.2263567e-06
line-z-5,0.0286201,0.0,0.005,0.0286201,0.7,4.90388,1.41744,585.028,1036.99,4.70785e-07,4.818698,1.3435735,584.4453,1040.3564,4.7502185e-06
line-z-5,0.0286167,0.0,0.005,0.0286167,0.7,4.90489,1.41794,585.031,1037.0,4.70849e-07,4.820197,1.3437971,584.4517,1040.3572,4.747407e-06
line-z-5,0.0286079,0.0,0.005,0.0286079,0.7,4.90871,1.4195,585.038,1037.01,4.71092e-07,4.8240957,1.3443694,584.46814,1040.359,4.740134e-06
line-z-5,0.0285642,0.0,0.005,0.0285642,0.7,4.91477,1.42422,585.1,1037.18,4.7177e-07,4.8432727,1.3470306,584.5504,1040.3726,4.7044273e-06
line-z-5,0.0283063,0.0,0.005,0.0283063,0.7,4.95768,1.45367,585.466,1038.23,4.76243e-07,4.9501586,1.3563725,585.05927,1040.5948,4.506391e-06
line-z-5,0.028291,0.0,0.005,0.028291,0.7,4.95924,1.45292,585.481,1038.36,4.76844e-07,4.9561315,1.3565577,585.09064,1040.6166,4.495334e-06
line-z-5,0.0282384,0.0,0.005,0.0282384,0.7,4.9724,1.45221,585.559,1038.62,4.7886e-07,4.9762816,1.3568174,585.1991,1040.6989,4.45784e-06
line-z-5,0.0273836,0.0,0.005,0.0273836,0.7,5.21383,1.44571,586.74,1044.44,5.20572e-07,5.204,1.2756921,587.1183,1043.9282,3.9445804e-06
line-z-5,0.0270969,0.0,0.005,0.0270969,0.7,5.29479,1.44354,587.137,1046.39,5.3456e-07,5.2277374,1.2097391,587.8148,1045.8254,3.7908733e-06
line-z-5,0.0268714,0.0,0.005,0.0268714,0.7,5.16539,1.33736,587.492,1048.6,5.43743e-07,5.224837,1.1441385,588.37823,1047.5767,3.665877e-06
line-z-5,0.0265451,0.0,0.005,0.0265451,0.7,5.1064,1.28454,588.083,1049.97,5.54836e-07,5.18631,1.0286694,589.2108,1050.4692,3.4694003e-06
line-z-5,0.0264049,0.0,0.005,0.0264049,0.7,5.08105,1.26184,588.338,1050.56,5.59605e-07,5.15752,0.9719747,589.5712,1051.8271,3.3772387e-06
line-z-5,0.0256236,0.0,0.005,0.0256236,0.7,4.92779,0.726812,589.632,1063.87,6.61201e-07,4.880899,0.5903679,591.48584,1060.4482,2.7694314e-06
line-z-5,0.0255478,0.0,0.005,0.0255478,0.7,4.88254,0.669777,589.732,1064.73,6.66975e-07,4.8456144,0.54857117,591.6518,1061.3707,2.7035921e-06
line-z-5,0.0255236,0.0,0.005,0.0255236,0.7,4.86841,0.661114,589.783,1064.87,6.67647e-07,4.834134,0.5350992,591.7036,1061.6687,2.6824302e-06
line-z-5,0.0248313,0.0,0.005,0.0248313,0.7,4.46435,0.413526,591.233,1069.01,6.86875e-07,4.4749765,0.13129623,592.90204,1070.8583,2.07311e-06
line-z-5,0.0248174,0.0,0.005,0.0248174,0.7,4.45515,0.408498,591.261,1069.08,6.87131e-07,4.4674854,0.12298974,592.92,1071.0568,2.0613043e-06
line-z-5,0.0248156,0.0,0.005,0.0248156,0.7,4.45516,0.407157,591.264,1069.11,6.87533e-07,4.4665,0.12191374,592.92224,1071.0825,2.0597774e-06
line-z-5,0.0248145,0.0,0.005,0.0248145,0.7,4.45517,0.406284,591.266,1069.13,6.87795e-07,4.465917,0.12125324,592.92377,1071.0981,2.0588427e-06
line-z-5,0.0244049,0.0,0.005,0.0244049,0.7,4.31309,-0.0580153,591.735,1078.37,8.05538e-07,4.2475057,-0.124232836,593.3474,1077.2141,1.7303583e-06
line-z-5,0.0241695,0.0,0.005,0.0241695,0.7,4.47704,-0.355506,591.95,1083.48,9.34123e-07,4.127472,-0.2648009,593.5159,1080.9612,1.5626415e-06
line-z-5,0.0236439,0.0,0.005,0.0236439,0.7,4.30751,-0.743634,592.856,1092.1,1.06573e-06,3.8841705,-0.5776411,593.8021,1089.8938,1.2542524e-06
line-z-5,0.0231385,0.0,0.005,0.0231385,0.7,4.08577,-1.03871,593.624,1099.25,1.14927e-06,3.6865218,-0.88436407,594.13074,1099.0642,1.0445507e-06
line-z-5,0.0229175,0.0,0.005,0.0229175,0.7,3.98882,-1.16773,593.96,1102.37,1.18581e-06,3.6101644,-1.0236913,594.32983,1103.1855,9.774963e-07
line-z-5,0.0229039,0.0,0.005,0.0229039,0.7,3.96886,-1.17193,593.98,1102.53,1.18552e-06,3.6056483,-1.03242,594.34357,1103.4404,9.73824e-07
line-z-5,0.0228859,0.0,0.005,0.0228859,0.7,3.94603,-1.18373,593.993,1102.8,1.18675e-06,3.5996878,-1.0439839,594.3617,1103.778,9.690392e-07
line-z-5,0.0226153,0.0,0.005,0.0226153,0.7,3.60337,-1.36082,594.196,1106.84,1.20526e-06,3.5136375,-1.2224162,594.6659,1108.8672,9.075795e-07
line-z-5,0.0224549,0.0,0.005,0.0224549,0.7,3.52269,-1.43294,594.545,1108.77,1.22676e-06,3.4653792,-1.3327029,594.87054,1111.8843,8.799134e-07
line-z-5,0.0223592,0.0,0.005,0.0223592,0.7,3.47454,-1.47599,594.752,1109.92,1.23958e-06,3.437417,-1.4003133,594.9993,1113.6799,8.6633906e-07
line-z-5,0.0219734,0.0,0.005,0.0219734,0.7,3.48662,-1.85313,595.138,1116.76,1.40737e-06,3.3299947,-1.688838,595.54095,1120.8425,8.323971e-07
line-z-5,0.0212988,0.0,0.005,0.0212988,0.7,3.296,-2.47654,595.825,1130.27,1.6736e-06,3.1629298,-2.266513,596.3409,1132.8472,8.46209e-07
line-z-5,0.0207537,0.0,0.005,0.0207537,0.7,2.99059,-2.90963,596.238,1141.01,1.82128e-06,3.0564775,-2.8070712,596.56683,1141.8862,9.2101703e-07
line-z-5,0.0206109,0.0,0.005,0.0206109,0.7,2.96895,-3.07221,596.334,1143.81,1.90289e-06,3.0343862,-2.9577649,596.5415,1144.1433,9.4998546e-07
line-z-5,0.0204466,0.0,0.005,0.0204466,0.7,2.99111,-3.27643,596.411,1146.64,1.9929e-06,3.0123742,-3.134008,596.4669,1146.6779,9.882394e-07
line-z-5,0.0200125,0.0,0.005,0.0200125,0.7,3.04963,-3.81594,596.614,1154.1,2.23071e-06,2.972437,-3.599609,596.0522,1152.9906,1.1154991e-06
line-z-5,0.0198885,0.0,0.005,0.0198885,0.7,3.02199,-3.93351,596.667,1156.7,2.30039e-06,2.965937,-3.727406,595.88275,1154.6656,1.1590947e-06
line-z-5,0.0198042,0.0,0.005,0.0198042,0.7,3.00318,-4.01349,596.703,1158.47,2.3478e-06,2.9627564,-3.811493,595.7568,1155.7625,1.1906325e-06
line-z-5,0.0195543,0.0,0.005,0.0195543,0.7,3.02952,-4.18292,596.972,1162.56,2.45501e-06,2.9594414,-4.041337,595.34064,1158.7734,1.2933916e-06
line-z-5,0.0194971,0.0,0.005,0.0194971,0.7,3.04062,-4.19577,596.923,1162.77,2.45884e-06,2.9599822,-4.088637,595.23816,1159.4026,1.3188974e-06
line-z-5,0.0193878,0.0,0.005,0.0193878,0.7,3.07564,-4.23252,596.797,1162.32,2.45157e-06,2.962473,-4.172081,595.0363,1160.53,1.3697284e-06
line-z-5,0.0187315,0.0,0.005,0.0187315,0.7,3.28604,-4.45332,596.043,1159.68,2.40791e-06,3.028662,-4.3892617,593.764,1164.3435,1.7333194e-06
line-z-5,0.018394,0.0,0.005,0.018394,0.7,3.4047,-4.93285,595.42,1163.19,2.48447e-06,3.1179967,-4.220548,593.14575,1163.2897,1.957487e-06
line-z-5,0.0180515,0.0,0.005,0.0180515,0.7,3.33805,-4.93973,595.38,1160.58,2.42275e-06,3.2799096,-3.7723505,592.5974,1159.01,2.2060292e-06
line-z-5,0.0175642,0.0,0.005,0.0175642,0.7,4.60627,-1.89657,593.179,1127.36,2.03302e-06,3.7202885,-2.5271726,592.02136,1145.2551,2.5815143e-06
line-z-5,0.0172435,0.0,0.005,0.0172435,0.7,5.18577,-0.501124,592.425,1110.57,1.83211e-06,4.2195063,-1.2430284,591.81366,1129.8408,2.8305972e-06
line-z-5,0.0167773,0.0,0.005,0.0167773,0.7,6.02834,1.52778,591.328,1086.16,1.53999e-06,5.3880234,1.3811182,591.81415,1096.1636,3.1773486e-06
line-z-5,0.0166268,0.0,0.005,0.0166268,0.7,6.23028,1.90948,590.953,1080.77,1.45821e-06,5.906995,2.4332595,591.8985,1082.0704,3.283335e-06
line-z-5,0.0165761,0.0,0.005,0.0165761,0.7,6.32332,2.1412,590.872,1078.47,1.42348e-06,6.099685,2.8108492,591.9364,1076.9453,3.3183526e-06
line-z-5,0.0165176,0.0,0.005,0.0165176,0.7,6.43089,2.40912,590.778,1075.82,1.38333e-06,6.3337326,3.261112,591.98584,1070.791,3.3583535e-06
line-z-5,0.0162678,0.0,0.005,0.0162678,0.7,7.72168,4.81048,591.463,1044.83,1.22527e-06,7.482098,5.359089,592.264,1041.561,3.5252122e-06
line-z-5,0.0157929,0.0,0.005,0.0157929,0.7,11.1531,10.9182,593.232,955.465,8.44883e-07,10.386508,10.101783,593.014,972.7322,3.8418075e-06
line-z-5,0.0153931,0.0,0.005,0.0153931,0.7,13.811,15.578,595.253,887.516,5.33317e-07,13.58519,14.754106,593.63934,902.2523,4.1545663e-06
line-z-5,0.015189,0.0,0.005,0.015189,0.7,15.1679,17.9567,596.284,852.83,3.74269e-07,15.461955,17.29842,593.82245,862.6212,4.3570094e-06
line-z-5,0.0150737,0.0,0.005,0.0150737,0.7,15.7118,19.0654,596.219,838.932,2.5767e-07,16.58497,18.768843,593.8473,839.3802,4.491992e-06
line-z-5,0.0149147,0.0,0.005,0.0149147,0.7,17.3817,21.4448,594.913,802.053,1.37084e-07,18.197065,20.8195,593.75165,806.55835,4.7110057e-06
line-z-5,0.0148916,0.0,0.005,0.0148916,0.7,17.6238,21.7898,594.724,796.705,1.19599e-07,18.436638,21.118595,593.723,801.731,4.7465833e-06
line-z-5,0.0144448,0.0,0.005,0.0144448,0.7,22.9107,27.3248,590.617,696.318,4.82447e-08,23.247324,26.84453,592.13214,707.33215,5.708595e-06
line-z-5,0.0139439,0.0,0.005,0.0139439,0.7,28.2707,32.0593,582.82,604.739,1.89896e-06,28.693888,32.71324,586.87616,606.8157,7.908888e-06
line-z-5,0.0139061,0.0,0.005,0.0139061,0.7,28.6752,32.4166,582.231,597.828,2.03863e-06,29.092085,33.115185,586.27747,599.8242,8.158028e-06
line-z-5,0.013508,0.0,0.005,0.013508,0.7,33.3171,37.3925,578.901,511.759,2.44012e-06,33.068523,36.881493,577.80994,534.5182,1.204725e-05
line-z-5,-0.00327137,0.0,0.005,0.00327137,0.7,6.96505,18.4014,142.976,546.742,1.07033e-10,7.270528,18.842014,161.3924,553.06116,7.320822e-07
line-z-5,-0.0032187,0.0,0.005,0.0032187,0.7,6.18476,18.0973,138.765,551.236,2.61866e-10,6.478022,18.499815,157.61581,558.5564,6.895423e-07
line-z-5,-0.00281857,0.0,0.005,0.00281857,0.7,1.85588,16.17,120.882,586.409,4.20633e-09,0.8754524,16.058035,132.3322,599.40356,4.5120115e-07
line-z-5,-0.00179438,0.0,0.005,0.00179438,0.7,-9.22445,11.2366,75.1098,676.438,1.43027e-08,-9.669457,11.210627,91.59146,684.3764,1.8706965e-07
line-z-5,-0.00154306,0.0,0.005,0.00154306,0.7,-11.2197,10.2815,67.1353,692.178,1.52081e-08,-11.38881,10.354853,85.7654,699.2927,1.5668127e-07
line-z-5,-0.00119976,0.0,0.005,0.00119976,0.7,-13.5708,9.22583,58.2696,715.183,2.08914e-08,-13.207027,9.409603,79.80904,715.5859,1.258928e-07
line-z-5,-0.000779459,0.0,0.005,0.000779459,0.7,-15.194,8.20525,49.2397,730.273,2.49853e-08,-14.645809,8.609725,75.152596,729.09924,9.994861e-08
line-z-5,1.67392e-05,0.0,0.005,1.67392e-05,0.7,-14.9323,8.31596,47.24,730.783,2.7501e-08,-15.219246,8.167594,72.553955,735.1378,7.269429e-08
line-z-5,0.000207955,0.0,0.005,0.000207955,0.7,-14.8694,8.34255,46.7598,730.905,2.81052e-08,-14.969109,8.26424,72.94846,732.71027,6.907948e-08
line-z-5,0.000587492,0.0,0.005,0.000587492,0.7,-11.7331,10.2232,62.2871,698.529,1.94144e-08,-14.046667,8.677427,74.82889,723.3886,6.45534e-08
line-z-5,0.000927021,0.0,0.005,0.000927021,0.7,-11.204,10.6015,65.284,690.238,1.76063e-08,-12.741338,9.287795,77.82267,710.01556,6.338215e-08
line-z-5,0.00094997,0.0,0.005,0.00094997,0.7,-11.1683,10.627,65.4866,689.678,1.7484e-08,-12.636525,9.337067,78.074295,708.9436,6.34044e-08
line-z-5,0.00190523,0.0,0.005,0.00190523,0.7,-8.75408,11.6671,77.2371,678.138,2.80286e-08,-6.2994595,12.277204,95.945854,647.088,7.960745e-08
line-z-5,0.00191823,0.0,0.005,0.00191823,0.7,-8.72123,11.6813,77.397,677.981,2.81721e-08,-6.185184,12.329415,96.31598,646.0388,8.011293e-08
line-z-5,0.00195797,0.0,0.005,0.00195797,0.7,-8.36935,11.8273,78.6967,674.677,2.75328e-08,-5.8309245,12.49119,97.474594,642.8021,8.1726895e-08
line-z-5,0.00264697,0.0,0.005,0.00264697,0.7,1.36567,16.0822,121.608,577.801,4.05946e-09,1.5201168,15.820085,125.183624,580.8076,1.3450186e-07
line-z-5,0.00270182,0.0,0.005,0.00270182,0.7,2.14067,16.421,125.025,570.089,2.19076e-09,2.2048697,16.129097,128.11325,575.5034,1.4178111e-07
line-z-5,0.00290562,0.0,0.005,0.00290562,0.7,5.39409,17.6935,142.472,548.448,1.33412e-09,4.876445,17.335045,140.08688,555.50885,1.7551903e-07
line-z-5,0.00325628,0.0,0.005,0.00325628,0.7,10.1325,19.722,166.768,516.714,5.7698e-12,9.924883,19.618992,164.97115,520.56885,2.7070857e-07
line-z-5,0.00369394,0.0,0.005,0.00369394,0.7,16.2028,22.3547,198.871,487.488,3.68292e-12,16.938002,22.805052,203.96712,477.76953,5.2295854e-07
line-z-5,0.00436354,0.0,0.005,0.00436354,0.7,27.7097,27.9597,268.894,446.265,7.12163e-13,28.727713,28.167116,278.59494,421.6869,1.8275178e-06
line-z-5,0.00450357,0.0,0.005,0.00450357,0.7,30.1161,29.1318,283.537,437.644,9.09185e-14,31.278353,29.319769,295.7395,412.83765,2.4576912e-06
line-z-5,0.00526599,0.0,0.005,0.00526599,0.7,44.088,35.8812,382.728,428.327,1.20475e-05,45.256935,35.389225,388.4827,401.70297,1.451081e-05
line-z-5,0.00543561,0.0,0.005,0.00543561,0.7,47.0416,37.1468,402.359,428.565,1.67675e-05,48.41553,36.628235,407.1611,412.59607,2.2021633e-05
line-z-5,0.00547377,0.0,0.005,0.00547377,0.7,47.706,37.4314,406.774,428.619,1.78291e-05,49.13453,36.898884,411.19046,415.98688,2.4188834e-05
line-z-5,0.00590581,0.0,0.005,0.00590581,0.7,56.3868,41.0863,468.769,461.619,4.75701e-05,57.696747,39.74055,451.63876,482.7867,6.790691e-05
line-z-5,0.00596097,0.0,0.005,0.00596097,0.7,57.8552,41.284,469.185,482.617,6.47099e-05,58.871727,40.074554,456.07883,495.3938,7.684078e-05
line-z-5,0.00646936,0.0,0.005,0.00646936,0.7,71.6596,42.9715,474.707,678.655,0.000216455,71.06786,42.880833,489.39374,652.74963,0.00019989251
line-z-5,0.0069504,0.0,0.005,0.0069504,0.7,84.2401,44.7121,503.062,851.945,0.000347117,85.16736,44.93818,508.77954,839.70886,0.00033076413
line-z-5,0.00740762,0.0,0.005,0.00740762,0.7,96.1978,46.3665,530.013,1016.66,0.000471309,99.91033,45.861805,515.3592,1000.11053,0.00039338507
line-z-5,0.0077683,0.0,0.005,0.0077683,0.7,103.63,45.8675,523.362,1087.77,0.000454756,110.8876,45.725044,511.65677,1094.5083,0.00040264218
line-z-5,0.00809411,0.0,0.005,0.00809411,0.7,112.044,45.22,509.763,1141.51,0.000425059,118.97515,45.12867,502.03912,1155.0569,0.00039736732
line-z-5,0.00868748,0.0,0.005,0.00868748,0.7,127.368,44.0406,484.996,1239.39,0.000370971,126.11682,43.840916,473.8904,1224.1355,0.00038875986
line-z-5,0.00883107,0.0,0.005,0.00883107,0.7,131.294,43.8046,481.898,1268.98,0.000366717,126.04557,43.619553,466.04337,1235.7557,0.0003898646
line-z-5,0.00896631,0.0,0.005,0.00896631,0.7,126.682,43.76,476.778,1263.44,0.000380881,125.29657,43.463238,458.61307,1245.2888,0.00039241777
line-z-5,0.00899865,0.0,0.005,0.00899865,0.7,125.809,43.7674,474.83,1263.61,0.000384665,125.019615,43.43353,456.8476,1247.3629,0.0003932498
line-z-5,0.00978136,0.0,0.005,0.00978136,0.7,104.686,43.9476,427.686,1267.88,0.000476217,107.92039,43.351326,421.4697,1260.9465,0.00043447028
line-z-5,0.00995182,0.0,0.005,0.00995182,0.7,102.07,43.246,408.729,1302.68,0.000513551,102.11591,43.36022,417.13565,1248.5908,0.0004454608
line-z-5,0.0100741,0.0,0.005,0.0100741,0.7,96.4692,43.4129,408.999,1269.76,0.000523141,97.68628,43.334126,415.08936,1234.4675,0.0004523827
line-z-5,0.0103468,0.0,0.005,0.0103468,0.7,87.2771,43.1331,419.676,1160.34,0.000482382,87.38053,43.13498,414.07883,1184.1453,0.00046137383
line-z-5,0.0104139,0.0,0.005,0.0104139,0.7,85.1487,43.0811,421.961,1134.96,0.000470767,84.81968,43.053036,414.6232,1167.3778,0.00046151257
line-z-5,0.0113306,0.0,0.005,0.0113306,0.7,56.0751,42.3711,453.177,788.304,0.00031211,55.086308,41.64186,451.79056,795.73816,0.00031954495
line-z-5,0.0114746,0.0,0.005,0.0114746,0.7,51.14,42.1679,457.821,741.289,0.00029919,52.006145,41.610928,461.55713,732.0724,0.00027552727
line-z-5,0.0115829,0.0,0.005,0.0115829,0.7,49.2381,42.2408,467.03,694.724,0.000263038,50.02645,41.63883,469.28262,687.7589,0.00024201165
line-z-5,0.0115986,0.0,0.005,0.0115986,0.7,49.0647,42.2535,468.269,689.697,0.000258519,49.762493,41.645947,470.42273,681.6427,0.00023720806
line-z-5,0.012149,0.0,0.005,0.012149,0.7,42.9856,42.7006,511.71,513.472,0.000100071,43.36985,42.00206,510.90527,525.54425,0.000100715486
line-z-5,0.0124434,0.0,0.005,0.0124434,0.7,41.0306,42.169,535.662,479.672,6.35396e-05,41.244587,41.877438,530.6212,487.4121,5.9833852e-05
line-z-5,0.0125047,0.0,0.005,0.0125047,0.7,40.5526,41.8412,538.397,483.442,6.10427e-05,40.834694,41.794506,534.4027,482.9151,5.369591e-05
line-z-5,0.0131981,0.0,0.005,0.0131981,0.7,35.1438,38.1328,569.341,526.102,3.27915e-05,35.812443,39.13582,568.0612,497.7239,1.7755037e-05
line-z-5,0.013508,0.0,0.005,0.013508,0.7,33.3171,37.3925,578.901,511.759,2.44012e-06,33.068523,36.881493,577.80994,534.5182,1.204725e-05
line-z-5,-0.00327137,0.0,0.005,0.00327137,0.7,6.96505,18.4014,142.976,546.742,1.07033e-10,7.270528,18.842014,161.3924,553.06116,7.320822e-07
line-z-5,-0.00347242,0.0,0.005,0.00347242,0.7,10.5539,19.7963,162.934,530.625,1.03089e-10,10.402744,20.189999,176.78595,532.1244,9.2881226e-07
line-z-5,-0.0035404,0.0,0.005,0.0035404,0.7,11.7675,20.268,169.684,525.175,1.01756e-10,11.497998,20.660286,182.34094,525.1197,1.0102477e-06
line-z-5,-0.00414164,0.0,0.005,0.00414164,0.7,22.3056,25.2435,239.656,488.406,6.7475e-11,21.849249,25.104647,238.76675,468.9193,2.3188854e-06
line-z-5,-0.00418938,0.0,0.005,0.00418938,0.7,23.1423,25.6386,245.212,485.486,6.47529e-11,22.713987,25.4773,243.75937,465.19003,2.4950302e-06
line-z-5,-0.00442316,0.0,0.005,0.00442316,0.7,27.3401,27.5883,271.466,468.685,4.59797e-11,27.019444,27.338701,269.0994,449.30432,3.6293377e-06
line-z-5,-0.00475375,0.0,0.005,0.00475375,0.7,33.3125,30.2796,307.207,444.513,1.38757e-10,33.27913,30.063974,306.9295,435.2529,6.454355e-06
line-z-5,-0.00491025,0.0,0.005,0.00491025,0.7,36.1397,31.5536,324.127,433.07,1.82676e-10,36.301476,31.386995,325.35797,432.8393,8.627855e-06
line-z-5,-0.00509162,0.0,0.005,0.00509162,0.7,39.3203,32.9553,342.437,429.658,3.77797e-06,39.846615,32.942093,346.88303,434.0166,1.2229559e-05
line-z-5,-0.00521319,0.0,0.005,0.00521319,0.7,41.6807,34.0936,358.577,429.303,6.75514e-06,42.247677,33.99472,361.29935,437.41107,1.5549791e-05
line-z-5,-0.00533714,0.0,0.005,0.00533714,0.7,44.2663,35.2374,369.464,448.219,2.47858e-05,44.716324,35.073437,375.89673,443.17456,1.9945142e-05
line-z-5,-0.00559584,0.0,0.005,0.00559584,0.7,49.7724,37.5498,401.189,473.447,5.06891e-05,49.940598,37.32533,405.66116,463.17297,3.3768418e-05
line-z-5,-0.0063483,0.0,0.005,0.0063483,0.7,65.7877,44.2756,493.464,546.825,0.000126032,66.07085,43.283283,479.78888,587.4259,0.00014072684
line-z-5,-0.00659725,0.0,0.005,0.00659725,0.7,72.9302,45.4509,501.567,633.024,0.000187869,72.12519,44.725464,497.63077,650.94775,0.00020331866
line-z-5,-0.00701099,0.0,0.005,0.00701099,0.7,84.8009,47.4042,515.034,776.284,0.000290641,84.164825,46.17099,517.3626,781.32544,0.00031171658
line-z-5,-0.00728532,0.0,0.005,0.00728532,0.7,95.1352,47.036,516.553,875.093,0.00034011,94.10376,46.537476,522.9387,881.1275,0.00036417998
line-z-5,-0.00768599,0.0,0.005,0.00768599,0.7,110.229,46.4982,518.771,1019.4,0.00041236,110.727165,46.575542,520.1042,1021.84314,0.00039822093
line-z-5,-0.00782873,0.0,0.005,0.00782873,0.7,115.713,46.6948,519.165,1072.21,0.000440316,116.59213,46.493584,516.3015,1062.94,0.00040063425
line-z-5,-0.00797979,0.0,0.005,0.00797979,0.7,119.754,46.6526,513.631,1085.83,0.000422874,122.35013,46.36033,511.03925,1098.743,0.00039967574
line-z-5,-0.0086015,0.0,0.005,0.0086015,0.7,137.255,47.0443,493.367,1144.82,0.000350198,136.97879,45.568935,481.9204,1169.208,0.00038139208
line-z-5,-0.00909363,0.0,0.005,0.00909363,0.7,137.165,45.6175,461.43,1169.43,0.000327145,135.71312,45.24518,457.15408,1175.747,0.00037398236
line-z-5,-0.00915756,0.0,0.005,0.00915756,0.7,136.475,45.4644,457.427,1172.26,0.000324774,134.73392,45.245415,454.08942,1175.4636,0.0003742435
line-z-5,-0.00923287,0.0,0.005,0.00923287,0.7,135.663,45.2841,452.712,1175.59,0.000321981,133.35934,45.257828,450.55453,1174.9602,0.0003749541
line-z-5,-0.0098422,0.0,0.005,0.0098422,0.7,110.721,44.8594,415.245,1145.31,0.000362771,114.8824,45.650238,426.4474,1163.2032,0.0003952711
line-z-5,-0.0108275,0.0,0.005,0.0108275,0.7,74.2657,45.1246,419.242,992.949,0.000404339,73.75624,45.284626,420.26932,1028.2714,0.00041992648
line-z-5,-0.0110433,0.0,0.005,0.0110433,0.7,65.7708,45.246,420.953,944.514,0.000399122,66.093056,44.925606,426.98544,961.20874,0.00040119985
line-z-5,-0.0110838,0.0,0.005,0.0110838,0.7,64.176,45.2688,421.274,935.421,0.000398143,64.77961,44.85718,428.58786,947.11865,0.00039594108
line-z-5,-0.0111867,0.0,0.005,0.0111867,0.7,61.7178,45.2618,424.873,904.282,0.000378232,61.634827,44.68888,433.1191,909.5116,0.00037994268
line-z-5,-0.0112007,0.0,0.005,0.0112007,0.7,61.4749,45.2495,425.856,899.104,0.00037412,61.228825,44.666904,433.78482,904.21594,0.00037747226
line-z-5,-0.0112372,0.0,0.005,0.0112372,0.7,60.8434,45.2174,428.412,885.642,0.000363431,60.195164,44.610996,435.57343,890.2317,0.00037070355
line-z-5,-0.0114041,0.0,0.005,0.0114041,0.7,59.4952,45.0661,439.711,865.215,0.000346762,55.931458,44.38786,444.65958,823.7893,0.00033403074
line-z-5,-0.0122716,0.0,0.005,0.0122716,0.7,42.1914,43.4956,511.802,490.175,7.81154e-05,43.879417,44.06772,503.8928,516.281,0.000104202634
line-z-5,-0.0122773,0.0,0.005,0.0122773,0.7,42.1574,43.4795,512.049,490.17,7.78012e-05,43.83605,44.065216,504.2823,514.9352,0.00010310896
line-z-5,-0.0132309,0.0,0.005,0.0132309,0.7,36.5302,40.8101,553.024,489.3,2.57279e-05,36.65053,41.01266,556.50275,462.02765,1.6710828e-05
line-z-5,-0.0132407,0.0,0.005,0.0132407,0.7,36.4532,40.7588,553.485,489.471,2.50083e-05,36.558502,40.94497,556.8885,463.0957,1.6431823e-05
line-z-5,-0.0134349,0.0,0.005,0.0134349,0.7,35.1034,39.9808,561.118,488.462,1.10307e-05,34.62685,39.43361,563.93567,489.43585,1.1961771e-05
line-z-5,-0.0136356,0.0,0.005,0.0136356,0.7,32.7648,38.1917,572.51,509.755,2.03017e-09,32.432972,37.540794,570.09827,525.565,8.92154e-06
line-z-5,-0.0137231,0.0,0.005,0.0137231,0.7,31.5628,36.9818,575.048,532.566,1.19577e-08,31.424128,36.61657,572.4595,543.5933,7.943441e-06
line-z-5,-0.0137769,0.0,0.005,0.0137769,0.7,30.912,36.2589,576.199,545.833,2.12436e-08,30.790909,36.020393,573.8199,555.24475,7.4227046e-06
line-z-5,-0.0147671,0.0,0.005,0.0147671,0.7,18.9223,22.9419,597.414,790.215,1.92298e-07,18.815983,22.580263,589.21704,799.28015,3.3789186e-06
line-z-5,-0.0150814,0.0,0.005,0.0150814,0.7,15.5276,18.3317,596.837,868.07,3.02309e-07,15.467235,18.074587,591.3957,871.1484,3.0702506e-06
line-z-5,-0.0152094,0.0,0.005,0.0152094,0.7,14.4418,16.3778,597.823,890.397,4.17805e-07,14.221043,16.310032,592.0418,898.0431,3.0003896e-06
line-z-5,-0.0152675,0.0,0.005,0.0152675,0.7,14.0021,15.6793,597.802,900.502,4.67686e-07,13.679367,15.528018,592.2964,909.7505,2.977194e-06
line-z-5,-0.0153704,0.0,0.005,0.0153704,0.7,13.2234,14.4423,597.763,918.399,5.5603e-07,12.757561,14.1761675,592.6934,929.6942,2.9477314e-06
line-z-5,-0.0160977,0.0,0.005,0.0160977,0.7,7.62244,5.64795,595.792,1040.1,1.12601e-06,7.5976057,6.1315193,594.1318,1041.549,3.0494975e-06
line-z-5,-0.0161737,0.0,0.005,0.0161737,0.7,7.03662,4.72811,595.586,1052.83,1.18563e-06,7.188129,5.4607444,594.1954,1050.4324,3.0825358e-06
line-z-5,-0.0163317,0.0,0.005,0.0163317,0.7,6.35681,3.55447,594.942,1067.95,1.2861e-06,6.407815,4.1713686,594.3017,1067.3643,3.1599968e-06
line-z-5,-0.0166798,0.0,0.005,0.0166798,0.7,5.62475,2.538,595.721,1080.61,1.4376e-06,5.0000486,1.8145025,594.4669,1097.9261,3.3593992e-06
line-z-5,-0.0172866,0.0,0.005,0.0172866,0.7,4.0383,0.234374,596.967,1111.56,1.72043e-06,3.3992288,-0.8852323,594.7233,1132.6013,3.7164607e-06
line-z-5,-0.0173636,0.0,0.005,0.0173636,0.7,3.83702,-0.0578928,597.125,1115.49,1.75632e-06,3.259809,-1.1187503,594.759,1135.5912,3.7553807e-06
line-z-5,-0.017777,0.0,0.005,0.017777,0.7,2.43577,-2.82568,597.676,1150.33,2.07085e-06,2.7059357,-2.033834,594.9482,1147.2318,3.9126303e-06
line-z-5,-0.0178233,0.0,0.005,0.0178233,0.7,2.35731,-3.08623,597.752,1153.0,2.10953e-06,2.6620705,-2.104748,594.96735,1148.1193,3.9236775e-06
line-z-5,-0.0178899,0.0,0.005,0.0178899,0.7,2.3525,-3.05933,597.772,1152.9,2.10277e-06,2.6046476,-2.1969087,594.99347,1149.2646,3.93693e-06
line-z-5,-0.0182194,0.0,0.005,0.0182194,0.7,2.53484,-3.05811,597.59,1152.94,2.08612e-06,2.4099524,-2.4992995,595.0883,1152.8625,3.9535494e-06
line-z-5,-0.0188011,0.0,0.005,0.0188011,0.7,2.85675,-3.05594,597.27,1153.01,2.05671e-06,2.3581917,-2.54559,595.03656,1152.5974,3.7764444e-06
line-z-5,-0.0189138,0.0,0.005,0.0189138,0.7,2.79817,-3.0913,597.164,1153.01,2.0453e-06,2.3820837,-2.5005257,594.9865,1151.8246,3.713519e-06
line-z-5,-0.0189628,0.0,0.005,0.0189628,0.7,2.77272,-3.10666,597.118,1153.01,2.04034e-06,2.3953366,-2.4765704,594.96045,1151.4326,3.6835995e-06
line-z-5,-0.0196826,0.0,0.005,0.0196826,0.7,2.83846,-2.06839,596.559,1142.71,1.7565e-06,2.7495964,-1.893871,594.3071,1143.0447,3.105015e-06
line-z-5,-0.0198303,0.0,0.005,0.0198303,0.7,2.85194,-1.8554,596.445,1140.6,1.69827e-06,2.8500264,-1.7360317,594.12195,1140.9818,2.964554e-06
line-z-5,-0.020133,0.0,0.005,0.020133,0.7,3.015,-1.53511,595.973,1137.86,1.64452e-06,3.0731819,-1.3891695,593.7085,1136.6923,2.667318e-06
line-z-5,-0.0210262,0.0,0.005,0.0210262,0.7,3.48993,-0.478002,595.235,1127.16,1.39585e-06,3.7628496,-0.3030456,592.4145,1125.146,1.8119647e-06
line-z-5,-0.0211715,0.0,0.005,0.0211715,0.7,3.54551,-0.305241,595.005,1125.31,1.35264e-06,3.866249,-0.1318427,592.21576,1123.5299,1.6857178e-06
line-z-5,-0.0214538,0.0,0.005,0.0214538,0.7,3.74883,-0.0634228,594.628,1123.4,1.32651e-06,4.052201,0.18707411,591.85114,1120.5891,1.4557764e-06
line-z-5,-0.0216056,0.0,0.005,0.0216056,0.7,3.83228,0.0562178,594.354,1122.36,1.31078e-06,4.1429276,0.34928402,591.66815,1119.0997,1.3412455e-06
line-z-5,-0.0216397,0.0,0.005,0.0216397,0.7,3.84062,0.0764261,594.295,1122.12,1.30695e-06,4.162367,0.38470605,591.6283,1118.7725,1.3164371e-06
line-z-5,-0.0223122,0.0,0.005,0.0223122,0.7,3.96433,0.734368,593.295,1114.57,1.16148e-06,4.474838,0.9939044,590.92725,1112.6548,8.9907206e-07
line-z-5,-0.0229323,0.0,0.005,0.0229323,0.7,4.07841,1.34109,592.373,1107.6,1.02735e-06,4.669621,1.387389,590.3162,1107.2898,6.33103e-07
line-z-5,-0.0233848,0.0,0.005,0.0233848,0.7,4.3115,1.52195,591.641,1106.03,1.01569e-06,4.7940617,1.5745105,589.76996,1103.6768,5.0135515e-07
line-z-5,-0.0235246,0.0,0.005,0.0235246,0.7,4.43995,1.56759,591.363,1105.97,1.02085e-06,4.8350396,1.6171924,589.5717,1102.6663,4.695228e-07
line-z-5,-0.0237159,0.0,0.005,0.0237159,0.7,4.53025,1.6652,591.11,1104.4,9.95761e-07,4.8953824,1.665384,589.27576,1101.394,4.318275e-07
line-z-5,-0.0244461,0.0,0.005,0.0244461,0.7,5.0765,1.93999,589.844,1100.66,9.47581e-07,5.187318,1.7619966,587.93774,1097.969,3.3804557e-07
line-z-5,-0.02485,0.0,0.005,0.02485,0.7,5.23357,2.03154,588.932,1098.31,9.15935e-07,5.384711,1.7721775,587.1517,1097.0159,3.1173695e-07
line-z-5,-0.0253654,0.0,0.005,0.0253654,0.7,5.46224,2.12601,588.111,1095.98,8.88983e-07,5.6381645,1.7559675,586.2347,1096.346,2.9678506e-07
line-z-5,-0.0255008,0.0,0.005,0.0255008,0.7,5.5223,2.15082,587.895,1095.36,8.81905e-07,5.699111,1.7474589,586.01807,1096.1945,2.957374e-07
line-z-5,-0.0260274,0.0,0.005,0.0260274,0.7,5.60742,2.1139,587.082,1094.24,8.6591e-07,5.890129,1.7010229,585.25867,1095.3865,3.0172558e-07
line-z-5,-0.0260749,0.0,0.005,0.0260749,0.7,5.62501,2.11075,586.999,1094.12,8.6386e-07,5.9029284,1.695923,585.19434,1095.2856,3.030342e-07
line-z-5,-0.0260989,0.0,0.005,0.0260989,0.7,5.63122,2.1119,586.972,1094.11,8.63958e-07,5.909077,1.6932787,585.16205,1095.2322,3.0374275e-07
line-z-5,-0.0262712,0.0,0.005,0.0262712,0.7,5.63895,2.10201,586.709,1093.17,8.51498e-07,5.9469423,1.6733721,584.9303,1094.8046,3.0981084e-07
line-z-5,-0.0267051,0.0,0.005,0.0267051,0.7,5.71138,2.10312,586.139,1092.0,8.38314e-07,5.991686,1.6163964,584.32495,1093.3635,3.3316675e-07
line-z-5,-0.0268253,0.0,0.005,0.0268253,0.7,5.67169,2.07099,585.932,1090.99,8.25796e-07,5.9912295,1.5990981,584.1445,1092.8767,3.419031e-07
line-z-5,-0.0268773,0.0,0.005,0.0268773,0.7,5.65453,2.0571,585.842,1090.55,8.20386e-07,5.9893465,1.5914305,584.06415,1092.6556,3.4601968e-07
line-z-5,-0.027253,0.0,0.005,0.027253,0.7,5.51609,2.02927,585.294,1089.27,8.06858e-07,5.9466434,1.5331597,583.4375,1090.9071,3.825687e-07
line-z-5,-0.027263,0.0,0.005,0.027263,0.7,5.51816,2.03132,585.286,1089.3,8.07155e-07,5.9448423,1.5315486,583.4197,1090.8577,3.8372184e-07
line-z-5,-0.027263,0.0,0.005,0.027263,0.7,5.51818,2.03132,585.286,1089.3,8.07155e-07,5.9448423,1.5315486,583.4197,1090.8577,3.8372184e-07
line-z-5,-0.0274711,0.0,0.005,0.0274711,0.7,5.64604,2.06869,585.08,1089.15,8.05891e-07,5.899655,1.49725,583.03687,1089.8076,4.100973e-07
line-z-5,-0.0274714,0.0,0.005,0.0274714,0.7,5.64608,2.06869,585.08,1089.15,8.05891e-07,5.899585,1.497198,583.03625,1089.8062,4.1013837e-07
line-z-5,-0.0277522,0.0,0.005,0.0277522,0.7,5.68134,2.0793,584.791,1089.42,8.02289e-07,5.816801,1.4490199,582.489,1088.3627,4.5388555e-07
line-z-5,-0.0285513,0.0,0.005,0.0285513,0.7,5.29423,1.91333,583.832,1086.66,7.41777e-07,5.4567933,1.3034997,580.9052,1084.667,6.4615057e-07
line-z-5,-0.0289498,0.0,0.005,0.0289498,0.7,5.1149,1.84386,583.46,1086.19,7.24802e-07,5.215136,1.2307713,580.21643,1083.3552,7.9033026e-07
line-z-5,-0.0291482,0.0,0.005,0.0291482,0.7,4.97817,1.83824,583.389,1085.73,7.12061e-07,5.0813103,1.1964941,579.9186,1082.8804,8.7600256e-07
line-z-5,-0.0299781,0.0,0.005,0.0299781,0.7,4.43031,1.7206,583.002,1084.94,6.62724e-07,4.446584,1.0918313,579.0184,1082.1917,1.3289113e-06
line-z-5,-0.0302885,0.0,0.005,0.0302885,0.7,4.28396,1.70487,582.783,1085.35,6.56876e-07,4.1888227,1.0805056,578.806,1082.4036,1.5262523e-06
line-z-5,-0.0304654,0.0,0.005,0.0304654,0.7,4.20051,1.69591,582.658,1085.59,6.53541e-07,4.03964,1.0836885,578.7091,1082.6147,1.6410158e-06
line-z-5,-0.0306612,0.0,0.005,0.0306612,0.7,4.00525,1.69807,582.667,1085.59,6.54105e-07,3.8737075,1.0964345,578.62006,1082.915,1.7675401e-06
line-z-5,-0.0310143,0.0,0.005,0.0310143,0.7,3.6923,1.70345,582.627,1085.65,6.53426e-07,3.575141,1.1461606,578.50684,1083.6155,1.9876768e-06
line-z-5,-0.0315293,0.0,0.005,0.0315293,0.7,3.23578,1.7113,582.568,1085.74,6.52435e-07,3.1502268,1.2837898,578.4588,1084.985,2.2717352e-06
line-z-5,-0.0316947,0.0,0.005,0.0316947,0.7,3.13161,1.74809,582.54,1086.12,6.61193e-07,3.018542,1.344208,578.47736,1085.519,2.3506796e-06
line-z-5,-0.0319436,0.0,0.005,0.0319436,0.7,2.94956,1.85505,582.583,1087.04,6.82168e-07,2.8265803,1.4490684,578.5412,1086.4231,2.4572696e-06
line-z-5,-0.0321134,0.0,0.005,0.0321134,0.7,2.85216,1.9387,582.604,1087.51,6.94081e-07,2.700811,1.5295886,578.6103,1087.1177,2.5216514e-06
line-z-5,-0.0325355,0.0,0.005,0.0325355,0.7,2.61002,2.14667,582.656,1088.69,7.23696e-07,2.4113975,1.757652,578.8707,1089.1638,2.6545374e-06
line-z-5,-0.0330594,0.0,0.005,0.0330594,0.7,2.28298,2.34927,582.652,1090.61,7.65913e-07,2.1135366,2.0865047,579.3317,1092.4507,2.7752924e-06
line-z-5,-0.0332002,0.0,0.005,0.0332002,0.7,2.19506,2.40374,582.651,1091.13,7.77263e-07,2.0480182,2.181969,579.4689,1093.489,2.8015222e-06
line-z-5,-0.0333593,0.0,0.005,0.0333593,0.7,2.09403,2.45639,582.644,1091.53,7.87348e-07,1.9825147,2.2929738,579.62415,1094.7415,2.8288382e-06
line-z-5,-0.033422,0.0,0.005,0.033422,0.7,2.06807,2.4757,582.64,1091.78,7.92362e-07,1.9593091,2.3375943,579.68445,1095.2578,2.8390525e-06
line-z-5,-0.0336927,0.0,0.005,0.0336927,0.7,1.95994,2.67283,582.681,1093.06,8.15194e-07,1.8771281,2.535539,579.93176,1097.625,2.8803524e-06
line-z-5,-0.0342102,0.0,0.005,0.0342102,0.7,1.75324,3.0497,582.76,1095.53,8.58845e-07,1.807088,2.93594,580.2941,1102.6588,2.953443e-06
line-z-5,-0.0344134,0.0,0.005,0.0344134,0.7,1.69836,3.18098,582.774,1096.62,8.76672e-07,1.8121371,3.1002116,580.38324,1104.7479,2.9823143e-06
line-z-5,-0.0347764,0.0,0.005,0.0347764,0.7,1.75164,3.37199,582.723,1099.02,9.11661e-07,1.8663908,3.4016337,580.4651,1108.4988,3.0364895e-06
line-z-5,-0.0350673,0.0,0.005,0.0350673,0.7,1.79433,3.52508,582.681,1100.94,9.39704e-07,1.9497731,3.6480918,580.47156,1111.4067,3.0829299e-06
line-z-60,-0.0413853,0.0,0.06,0.0413853,0.7,42.8602,9.13126,624.459,2189.59,0.00494234,41.5198,9.065948,620.9049,2192.1611,0.004956606
line-z-60,-0.0414957,0.0,0.06,0.0414957,0.7,42.2189,9.07878,624.876,2160.53,0.00452305,41.168983,9.0901985,621.24774,2165.8076,0.0045307507
line-z-60,-0.0418098,0.0,0.06,0.0418098,0.7,40.3925,8.91585,625.951,2077.06,0.00329873,39.892654,9.004536,622.5268,2058.0044,0.0031611985
line-z-60,-0.0419056,0.0,0.06,0.0419056,0.7,38.6095,8.58187,626.268,1995.24,0.00277978,39.005917,8.824835,623.0462,2004.2676,0.0026962326
line-z-60,-0.042179,0.0,0.06,0.042179,0.7,33.3419,7.60595,627.072,1757.12,0.00122709,31.011541,6.942124,623.9734,1696.9374,0.0012953341
line-z-60,-0.0422623,0.0,0.06,0.0422623,0.7,24.844,5.60538,627.253,1510.17,0.000952116,25.455614,5.6512055,623.5949,1521.43,0.00089585275
line-z-60,-0.0425,0.0,0.06,0.0425,0.7,0.0,0.0,627.721,800.0,0.000129997,-0.8158448,-0.1304325,620.3786,757.28937,0.00015757825
line-z-60,-0.0413853,0.0,0.06,0.0413853,0.7,42.8602,9.13126,624.459,2189.59,0.00494234,41.5198,9.065948,620.9049,2192.1611,0.004956606
line-z-60,-0.0410245,0.0,0.06,0.0410245,0.7,44.3851,9.18349,623.215,2254.13,0.0059345,42.905846,9.024666,619.6997,2261.0483,0.0060965526
line-z-60,-0.0408972,0.0,0.06,0.0408972,0.7,44.9492,9.20117,622.736,2277.57,0.00630126,43.455387,9.035568,619.1872,2280.6987,0.0063822423
line-z-60,-0.0404831,0.0,0.06,0.0404831,0.7,46.3163,9.17639,621.257,2327.31,0.00667036,45.19016,9.118535,617.236,2329.7065,0.006821393
line-z-60,-0.040336,0.0,0.06,0.040336,0.7,46.8466,9.16654,620.674,2346.16,0.0068351,45.73091,9.145784,616.47186,2341.8667,0.006812108
line-z-60,-0.0400045,0.0,0.06,0.0400045,0.7,47.2818,9.11839,619.068,2353.24,0.00645075,46.726746,9.167557,614.66345,2360.279,0.0065730596
line-z-60,-0.0393075,0.0,0.06,0.0393075,0.7,47.7765,9.02791,616.266,2363.45,0.00565154,47.71539,8.997514,610.4828,2368.2905,0.0056938217
line-z-60,-0.0390285,0.0,0.06,0.0390285,0.7,48.0656,9.0095,615.101,2369.01,0.00532791,47.72279,8.87126,608.6657,2364.3123,0.005352646
line-z-60,-0.0388845,0.0,0.06,0.0388845,0.7,48.2147,9.0,614.5,2371.88,0.00516099,47.653072,8.799544,607.7029,2361.436,0.005190562
line-z-60,-0.0386601,0.0,0.06,0.0386601,0.7,47.831,8.94515,613.402,2366.29,0.00497817,47.457165,8.682709,606.1789,2356.3374,0.0049588457
line-z-60,-0.0385784,0.0,0.06,0.0385784,0.7,47.6913,8.92518,613.003,2364.25,0.00491161,47.36209,8.63921,605.61945,2354.384,0.0048808134
line-z-60,-0.0373262,0.0,0.06,0.0373262,0.7,45.5845,8.49488,607.045,2335.0,0.00398227,44.83008,7.9712763,597.30646,2330.7446,0.004050711
line-z-60,-0.00595508,0.0,0.06,0.00595508,0.7,-17.8827,6.95936,575.499,2402.54,0.00474403,-17.637377,6.9259453,570.4688,2405.608,0.0047190026
line-z-60,-0.00564149,0.0,0.06,0.00564149,0.7,-17.7773,6.66305,575.277,2402.56,0.00474724,-17.513086,6.7179236,570.3267,2404.402,0.004722347
line-z-60,-0.00459627,0.0,0.06,0.00459627,0.7,-17.4261,5.67543,574.536,2402.64,0.00475796,-17.168707,5.907217,569.03735,2400.22,0.004739987
line-z-60,-0.00448813,0.0,0.06,0.00448813,0.7,-17.3862,5.5734,574.446,2402.65,0.00475902,-17.139717,5.8153696,568.85077,2399.8494,0.0047424226
line-z-60,-0.00445192,0.0,0.06,0.00445192,0.7,-17.3729,5.53923,574.416,2402.65,0.00475937,-17.13027,5.7844043,568.7868,2399.7305,0.004743266
line-z-60,-0.00310139,0.0,0.06,0.00310139,0.7,-16.9205,4.44542,573.316,2402.71,0.00477017,-16.836243,4.637783,566.4109,2397.7292,0.0047748447
line-z-60,-0.00174233,0.0,0.06,0.00174233,0.7,-16.6751,3.51796,572.831,2402.77,0.00477732,-16.546612,3.790214,565.18475,2400.1394,0.0047800303
line-z-60,-0.00150676,0.0,0.06,0.00150676,0.7,-16.6137,3.29282,572.703,2402.78,0.00477885,-16.493345,3.6985338,565.1239,2400.6863,0.0047777575
line-z-60,-0.00146786,0.0,0.06,0.00146786,0.7,-16.6114,3.28409,572.697,2402.79,0.00477905,-16.48462,3.6851668,565.1174,2400.7727,0.004777357
line-z-60,-0.000468946,0.0,0.06,0.000468946,0.7,-16.5522,3.05991,572.536,2402.85,0.00478418,-16.294067,3.5177417,565.1833,2402.271,0.004770943
line-z-60,0.000256596,0.0,0.06,0.000256596,0.7,-16.5052,2.88577,572.413,2402.89,0.00478804,-16.244366,3.6049364,565.40027,2402.442,0.0047787754
line-z-60,0.000927764,0.0,0.06,0.000927764,0.7,-16.6827,3.59993,572.733,2402.93,0.0047886,-16.293816,3.8299186,565.7266,2402.498,0.004793812
line-z-60,0.00138114,0.0,0.06,0.00138114,0.7,-16.8025,4.08235,572.948,2402.96,0.00478899,-16.371956,4.052485,566.0619,2402.8313,0.004803739
line-z-60,0.00151082,0.0,0.06,0.00151082,0.7,-16.8328,4.17898,573.007,2402.97,0.0047893,-16.39889,4.125642,566.1797,2402.9937,0.0048060846
line-z-60,0.00306117,0.0,0.06,0.00306117,0.7,-17.1657,5.08135,573.658,2403.07,0.00479309,-16.747133,5.2437916,568.2958,2406.8203,0.0048102336
line-z-60,0.00396396,0.0,0.06,0.00396396,0.7,-17.3595,5.60682,574.037,2403.14,0.0047953,-16.92853,5.984068,569.79205,2409.2205,0.0048039397
line-z-60,0.00424441,0.0,0.06,0.00424441,0.7,-17.4472,5.81916,574.235,2403.17,0.00479616,-16.989712,6.2072463,570.23236,2409.803,0.004802796
line-z-60,0.00434877,0.0,0.06,0.00434877,0.7,-17.4839,5.90656,574.324,2403.18,0.00479649,-17.013899,6.288541,570.3897,2409.9956,0.004802521
line-z-60,0.00557496,0.0,0.06,0.00557496,0.7,-17.915,6.93346,575.368,2403.35,0.00480027,-17.375355,7.150178,571.8241,2411.2078,0.004804562
line-z-60,0.00683867,0.0,0.06,0.00683867,0.7,-18.2608,7.80285,576.458,2403.52,0.00480308,-17.840155,7.8607564,572.3698,2410.242,0.0048102173
line-z-60,0.0070402,0.0,0.06,0.0070402,0.7,-18.3033,7.91289,576.627,2403.55,0.00480384,-17.910048,7.960698,572.4075,2409.874,0.0048107184
line-z-60,0.00750496,0.0,0.06,0.00750496,0.7,-18.4012,8.16665,577.018,2403.63,0.0048056,-18.056774,8.179637,572.50146,2408.8464,0.004811108
line-z-60,-0.00595508,0.0,0.06,0.00595508,0.7,-17.8827,6.95936,575.499,2402.54,0.00474403,-17.637377,6.9259453,570.4688,2405.608,0.0047190026
line-z-60,-0.00645467,0.0,0.06,0.00645467,0.7,-17.9899,7.26167,575.823,2402.52,0.00473956,-17.846428,7.223218,570.4571,2407.1912,0.0047148764
line-z-60,-0.00818467,0.0,0.06,0.00818467,0.7,-18.3699,8.2673,577.403,2402.45,0.00472092,-18.469831,8.102746,569.89606,2407.8652,0.00470241
line-z-60,-0.00835473,0.0,0.06,0.00835473,0.7,-18.4073,8.36616,577.558,2402.44,0.00471908,-18.507593,8.192075,569.9693,2407.537,0.0047006924
line-z-60,-0.00861249,0.0,0.06,0.00861249,0.7,-18.4605,8.52777,577.817,2402.43,0.00471601,-18.553719,8.330435,570.155,2406.9358,0.004697769
line-z-60,-0.0104679,0.0,0.06,0.0104679,0.7,-18.2662,9.09089,579.157,2402.4,0.00469707,-18.485851,9.252554,572.7936,2401.6636,0.00467664
line-z-60,-0.0107586,0.0,0.06,0.0107586,0.7,-18.2402,9.18573,579.38,2402.4,0.00469402,-18.418291,9.346654,573.1016,2401.3162,0.004676529
line-z-60,-0.011178,0.0,0.06,0.011178,0.7,-18.2027,9.32254,579.703,2402.39,0.00468961,-18.299284,9.44591,573.4073,2401.3284,0.004678823
line-z-60,-0.0112478,0.0,0.06,0.0112478,0.7,-18.1788,9.33047,579.747,2402.39,0.0046889,-18.277248,9.458298,573.4434,2401.3918,0.004679453
line-z-60,-0.0113206,0.0,0.06,0.0113206,0.7,-18.1538,9.33874,579.793,2402.39,0.00468815,-18.253609,9.470007,573.4768,2401.4766,0.0046801814
line-z-60,-0.0125243,0.0,0.06,0.0125243,0.7,-17.8723,9.56868,580.693,2402.4,0.00467506,-17.78282,9.521456,573.6552,2404.8582,0.0046946015
line-z-60,-0.0126146,0.0,0.06,0.0126146,0.7,-17.8142,9.56656,580.737,2402.4,0.00467405,-17.74204,9.517976,573.6542,2405.1746,0.0046953186
line-z-60,-0.0144072,0.0,0.06,0.0144072,0.7,-16.6588,9.52438,581.62,2402.4,0.0046541,-16.75267,9.423418,573.2311,2407.3743,0.0046829265
line-z-60,-0.0145092,0.0,0.06,0.0145092,0.7,-16.5895,9.52459,581.671,2402.4,0.00465328,-16.684906,9.4188,573.171,2407.1755,0.004680903
line-z-60,-0.0156292,0.0,0.06,0.0156292,0.7,-15.829,9.52688,582.232,2402.44,0.00464419,-15.879249,9.347824,572.42773,2403.489,0.0046522627
line-z-60,-0.0171161,0.0,0.06,0.0171161,0.7,-14.3103,9.30419,582.559,2402.4,0.00462962,-14.715815,9.111227,572.5907,2399.1558,0.0046009226
line-z-60,-0.0171908,0.0,0.06,0.0171908,0.7,-14.2387,9.29348,582.581,2402.4,0.0046289,-14.6520405,9.095447,572.65765,2399.0876,0.004598663
line-z-60,-0.0172465,0.0,0.06,0.0172465,0.7,-14.1756,9.28368,582.591,2402.4,0.00462836,-14.603803,9.083576,572.71075,2399.0493,0.004597047
line-z-60,-0.0172587,0.0,0.06,0.0172587,0.7,-14.1618,9.28153,582.593,2402.4,0.00462824,-14.59314,9.080972,572.72266,2399.0427,0.0045967065
line-z-60,-0.0192785,0.0,0.06,0.0192785,0.7,-11.9263,8.90369,583.101,2402.34,0.00460861,-12.090295,8.754249,575.163,2403.878,0.0045942334
line-z-60,-0.0199756,0.0,0.06,0.0199756,0.7,-10.7834,8.78685,583.215,2402.34,0.00460934,-10.836264,8.722357,575.681,2406.1538,0.004598152
line-z-60,-0.0203369,0.0,0.06,0.0203369,0.7,-10.191,8.72629,583.274,2402.35,0.00460972,-10.139641,8.710815,575.86096,2406.9307,0.004594131
line-z-60,-0.0205147,0.0,0.06,0.0205147,0.7,-9.89653,8.68271,583.29,2402.31,0.00460763,-9.791481,8.703946,575.934,2407.1926,0.004590487
line-z-60,-0.021317,0.0,0.06,0.021317,0.7,-8.55225,8.44728,583.307,2402.11,0.00459339,-8.230255,8.644315,576.22736,2407.514,0.0045649414
line-z-60,-0.0227689,0.0,0.06,0.0227689,0.7,-6.11965,8.02125,583.339,2401.75,0.00456764,-5.6674986,8.344184,577.32104,2407.0322,0.00453067
line-z-60,-0.0240113,0.0,0.06,0.0240113,0.7,-3.52929,7.67712,583.567,2400.75,0.00453566,-3.623641,7.890081,578.77765,2407.1636,0.0045277267
line-z-60,-0.0243326,0.0,0.06,0.0243326,0.7,-2.8608,7.58482,583.62,2400.54,0.00452852,-3.062186,7.7584157,579.0735,2406.9287,0.0045250515
line-z-60,-0.0245844,0.0,0.06,0.0245844,0.7,-2.32019,7.52045,583.659,2400.32,0.00452123,-2.6025758,7.6567054,579.2663,2406.5679,0.00452145
line-z-60,-0.0258037,0.0,0.06,0.0258037,0.7,0.359776,7.251,583.821,2399.61,0.00450019,-0.045741644,7.250856,580.0298,2402.056,0.004479683
line-z-60,-0.0263091,0.0,0.06,0.0263091,0.7,1.47073,7.13931,583.888,2399.32,0.00449146,1.2043095,7.14061,580.50476,2399.0242,0.0044493875
line-z-60,-0.0285934,0.0,0.06,0.0285934,0.7,8.90475,6.76426,585.089,2391.6,0.0043241,8.234224,6.737537,583.5454,2386.1465,0.004296162
line-z-60,-0.0288422,0.0,0.06,0.0288422,0.7,9.75392,6.73638,585.256,2390.49,0.00430477,9.124191,6.6808796,583.7309,2385.0996,0.0042851567
line-z-60,-0.0293955,0.0,0.06,0.0293955,0.7,11.594,6.65473,585.584,2388.19,0.00426253,11.198635,6.5568576,583.98584,2382.6616,0.0042594476
line-z-60,-0.0298982,0.0,0.06,0.0298982,0.7,13.8008,6.66331,586.268,2383.9,0.00419055,13.212521,6.4651427,584.08856,2380.0164,0.0042259735
line-z-60,-0.0299744,0.0,0.06,0.0299744,0.7,14.1368,6.66972,586.376,2383.26,0.00418017,13.529588,6.454414,584.09845,2379.5632,0.0042194654
line-z-60,-0.030276,0.0,0.06,0.030276,0.7,15.466,6.69506,586.803,2380.72,0.00413909,14.8165455,6.422683,584.1312,2377.619,0.004189207
line-z-60,-0.0326111,0.0,0.06,0.0326111,0.7,26.2243,6.86922,589.841,2361.58,0.00383603,26.09529,6.8216405,584.5564,2359.7354,0.0038154945
line-z-60,-0.0334836,0.0,0.06,0.0334836,0.7,30.2614,7.10246,592.323,2353.28,0.00373951,30.385675,7.0661616,584.88763,2354.5188,0.0037192665
line-z-60,-0.034218,0.0,0.06,0.034218,0.7,33.7446,7.28959,594.353,2346.55,0.0036661,33.79915,7.19608,585.5147,2349.2092,0.003670995
line-z-60,-0.0342695,0.0,0.06,0.0342695,0.7,33.9887,7.3027,594.495,2346.07,0.00366096,34.029465,7.202579,585.5808,2348.7659,0.0036685439
line-z-60,-0.0349909,0.0,0.06,0.0349909,0.7,37.2725,7.56138,596.563,2339.73,0.00362694,37.10479,7.2781463,586.9328,2341.5662,0.003649526
line-z-60,-0.0351522,0.0,0.06,0.0351522,0.7,37.9207,7.62329,597.203,2338.51,0.00363083,37.750195,7.2958164,587.35706,2339.7803,0.003650239
line-z-60,-0.035213,0.0,0.06,0.035213,0.7,38.1648,7.64661,597.444,2338.05,0.0036323,37.989178,7.3030214,587.5293,2339.1025,0.0036511172
line-z-60,-0.0367263,0.0,0.06,0.0367263,0.7,43.9244,8.27038,604.649,2328.35,0.00370565,43.1671,7.692359,593.85364,2327.84,0.0038418712
line-z-60,-0.0373262,0.0,0.06,0.0373262,0.7,45.5845,8.49488,607.045,2335.0,0.00398227,44.83008,7.9712763,597.30646,2330.7446,0.004050711
line-z-60,0.0425,0.0,0.06,0.0425,0.7,0.0,0.0,633.175,800.0,0.000181693,-0.34230417,-0.24173194,631.4542,773.34784,0.00027235103
line-z-60,0.0424653,0.0,0.06,0.0424653,0.7,4.00099,0.687227,633.142,904.293,0.000313227,5.4054437,0.76025546,632.6293,924.97174,0.00033692628
line-z-60,0.0421598,0.0,0.06,0.0421598,0.7,36.4651,6.84295,633.111,1783.86,0.0013294,36.205803,6.761002,635.0085,1777.7194,0.0013853514
line-z-60,0.04212,0.0,0.06,0.04212,0.7,37.2684,6.98126,632.977,1816.93,0.00156897,38.042133,7.1513805,634.5188,1834.2662,0.0015729507
line-z-60,0.0417687,0.0,0.06,0.0417687,0.7,43.6578,8.12497,631.36,2084.68,0.0034298,44.217075,8.440522,628.89746,2074.5154,0.0032575356
line-z-60,0.0417234,0.0,0.06,0.0417234,0.7,43.9193,8.15902,631.188,2095.96,0.00360349,44.38728,8.471894,628.37604,2088.638,0.0034603097
line-z-60,0.041319,0.0,0.06,0.041319,0.7,46.3182,8.457,629.157,2194.49,0.00507934,45.111656,8.465908,627.23956,2178.4143,0.0051019997
line-z-60,0.0408473,0.0,0.06,0.0408473,0.7,48.4833,8.70047,626.968,2279.43,0.006403,46.73119,8.363355,628.4058,2265.6997,0.006500251
line-z-60,0.040802,0.0,0.06,0.040802,0.7,48.6527,8.72353,626.802,2287.0,0.00651834,46.932903,8.363056,628.3717,2273.3774,0.0065893587
line-z-60,0.0402514,0.0,0.06,0.0402514,0.7,50.446,8.91908,624.025,2355.37,0.00695586,49.34576,8.565954,625.3079,2346.0378,0.0069631594
line-z-60,0.0402074,0.0,0.06,0.0402074,0.7,50.547,8.9344,623.88,2360.13,0.00698613,49.51021,8.595783,624.91785,2349.9563,0.006945582
line-z-60,0.0401362,0.0,0.06,0.0401362,0.7,50.5139,8.94219,623.602,2362.07,0.00692013,49.761894,8.646471,624.2661,2355.706,0.0069068866
line-z-60,0.040115,0.0,0.06,0.040115,0.7,50.5002,8.93938,623.516,2362.36,0.0068985,49.83317,8.66203,624.0683,2357.2803,0.006893169
line-z-60,0.0400928,0.0,0.06,0.0400928,0.7,50.4858,8.93645,623.427,2362.66,0.00687592,49.906082,8.678518,623.8598,2358.8628,0.006877831
line-z-60,0.0400762,0.0,0.06,0.0400762,0.7,50.4917,8.93791,623.328,2362.98,0.00685751,49.9593,8.690946,623.7029,2360.0022,0.0068657463
line-z-60,0.0400627,0.0,0.06,0.0400627,0.7,50.4965,8.93909,623.248,2363.25,0.00684256,50.00182,8.70113,623.57495,2360.9019,0.0068555437
line-z-60,0.0386422,0.0,0.06,0.0386422,0.7,50.4921,8.95708,615.291,2388.23,0.00543798,50.62701,9.381154,611.73584,2378.5464,0.0054345727
line-z-60,0.0386174,0.0,0.06,0.0386174,0.7,50.4139,8.94662,615.182,2387.98,0.00542426,50.58245,9.380725,611.56476,2378.3535,0.0054143677
line-z-60,0.0385189,0.0,0.06,0.0385189,0.7,50.104,8.90515,614.749,2386.99,0.00536987,50.39223,9.374515,610.8926,2377.6018,0.005336213
line-z-60,0.0376868,0.0,0.06,0.0376868,0.7,47.6483,8.58526,611.386,2379.9,0.00483965,48.143448,9.081437,605.68225,2373.7012,0.0047912914
line-z-60,0.0373286,0.0,0.06,0.0373286,0.7,46.5911,8.44755,609.939,2376.85,0.00461139,46.93476,8.862724,603.7035,2373.425,0.0046108724
line-z-60,0.0373013,0.0,0.06,0.0373013,0.7,46.5107,8.435,609.794,2376.42,0.00459651,46.838623,8.844798,603.55927,2373.4268,0.004598346
line-z-60,0.0372873,0.0,0.06,0.0372873,0.7,46.4688,8.43076,609.707,2376.23,0.00458861,46.789154,8.835535,603.4857,2373.4287,0.00459199
line-z-60,0.0364581,0.0,0.06,0.0364581,0.7,43.9882,8.17957,604.543,2364.61,0.0041203,43.660774,8.265747,599.478,2374.0764,0.00429442
line-z-60,0.0357823,0.0,0.06,0.0357823,0.7,40.9431,7.90535,601.228,2368.12,0.00411992,40.87355,7.845305,596.52454,2374.4368,0.0041583986
line-z-60,0.0349027,0.0,0.06,0.0349027,0.7,37.0592,7.60123,597.433,2371.02,0.00410272,36.964397,7.4261656,592.8685,2374.7532,0.0040953406
line-z-60,0.0339656,0.0,0.06,0.0339656,0.7,32.5755,7.34224,594.363,2375.53,0.00413321,32.557148,7.115849,589.5771,2376.899,0.0041275364
line-z-60,0.0337111,0.0,0.06,0.0337111,0.7,31.3055,7.28224,593.781,2376.69,0.004143,31.346403,7.047963,588.8807,2378.0425,0.0041490044
line-z-60,0.0336825,0.0,0.06,0.0336825,0.7,31.1548,7.27067,593.722,2376.89,0.00414588,31.210518,7.040682,588.80865,2378.1865,0.0041516866
line-z-60,0.0335483,0.0,0.06,0.0335483,0.7,30.4468,7.21629,593.448,2377.83,0.00415939,30.573715,7.0073123,588.48645,2378.9019,0.004164953
line-z-60,0.0331572,0.0,0.06,0.0331572,0.7,28.4956,7.08696,592.653,2380.39,0.00420616,28.730906,6.917666,587.6935,2381.3083,0.004208913
line-z-60,0.0320024,0.0,0.06,0.0320024,0.7,22.7473,6.65355,590.059,2388.73,0.00435241,23.474102,6.7163877,586.0685,2389.2644,0.004355646
line-z-60,0.0299398,0.0,0.06,0.0299398,0.7,13.8053,6.58265,587.381,2396.44,0.0045138,14.649765,6.5582976,581.3986,2400.031,0.004524906
line-z-60,0.0298753,0.0,0.06,0.0298753,0.7,13.5135,6.57608,587.284,2396.73,0.00451932,14.381221,6.55615,581.20557,2400.4338,0.004528383
line-z-60,0.0296781,0.0,0.06,0.0296781,0.7,12.6216,6.556,586.99,2397.59,0.0045362,13.563812,6.5505595,580.61395,2401.7283,0.0045387372
line-z-60,0.0286966,0.0,0.06,0.0286966,0.7,8.21418,6.48684,585.503,2401.37,0.00460879,9.616363,6.5545077,577.8817,2409.047,0.00458428
line-z-60,0.0280513,0.0,0.06,0.0280513,0.7,6.38728,6.66429,585.301,2401.81,0.00462433,7.1898093,6.605214,576.49915,2413.451,0.0046069995
line-z-60,0.027503,0.0,0.06,0.027503,0.7,4.66859,6.77591,584.971,2402.62,0.00464596,5.2700377,6.6926274,575.6277,2415.967,0.004622144
line-z-60,0.0255709,0.0,0.06,0.0255709,0.7,-0.676134,7.2132,584.279,2403.89,0.0046895,-0.39446792,7.2658577,574.0896,2411.6272,0.0046826615
line-z-60,0.0254102,0.0,0.06,0.0254102,0.7,-1.12056,7.24956,584.221,2404.0,0.00469313,-0.7982269,7.3191543,574.05444,2410.467,0.004688171
line-z-60,0.0252249,0.0,0.06,0.0252249,0.7,-1.6183,7.29148,584.162,2404.1,0.00469605,-1.2534078,7.3797855,574.0366,2409.0562,0.0046941075
line-z-60,0.0230756,0.0,0.06,0.0230756,0.7,-5.87948,7.91068,584.045,2404.45,0.00472321,-5.9028335,8.080879,575.5898,2397.3918,0.0047228807
line-z-60,0.0228578,0.0,0.06,0.0228578,0.7,-6.31121,7.97341,584.033,2404.49,0.00472596,-6.3257303,8.162745,575.8343,2397.333,0.0047256635
line-z-60,0.0216338,0.0,0.06,0.0216338,0.7,-8.65844,8.32562,583.907,2404.63,0.00473894,-8.588679,8.636852,576.9211,2399.1758,0.0047531743
line-z-60,0.021459,0.0,0.06,0.021459,0.7,-8.94744,8.36609,583.883,2404.62,0.00473928,-8.89668,8.699292,577.0329,2399.485,0.0047572763
line-z-60,0.0214544,0.0,0.06,0.0214544,0.7,-8.95394,8.36737,583.882,2404.62,0.00473935,-8.904723,8.700902,577.03577,2399.493,0.0047573787
line-z-60,0.0197466,0.0,0.06,0.0197466,0.7,-11.3569,8.84302,583.761,2404.77,0.00476252,-11.688992,9.104091,577.8739,2401.0771,0.0047711516
line-z-60,0.0184517,0.0,0.06,0.0184517,0.7,-13.1474,9.18556,583.622,2404.86,0.00477847,-13.44964,9.189097,577.5419,2403.8992,0.004788031
line-z-60,0.0174752,0.0,0.06,0.0174752,0.7,-14.2781,9.36178,583.409,2404.81,0.00478489,-14.499713,9.222276,576.17926,2407.1624,0.0048138606
line-z-60,0.0174736,0.0,0.06,0.0174736,0.7,-14.2801,9.36204,583.409,2404.81,0.0047849,-14.501226,9.2223625,576.17645,2407.167,0.004813899
line-z-60,0.0173528,0.0,0.06,0.0173528,0.7,-14.4177,9.38074,583.377,2404.81,0.00478543,-14.613977,9.22915,575.9675,2407.517,0.0048165983
line-z-60,0.0172502,0.0,0.06,0.0172502,0.7,-14.5192,9.39963,583.351,2404.81,0.00478633,-14.707091,9.235806,575.7889,2407.7942,0.004818679
line-z-60,0.0160729,0.0,0.06,0.0160729,0.7,-15.6322,9.60315,583.057,2404.79,0.00479726,-15.651086,9.397991,574.1397,2409.4832,0.0048276237
line-z-60,0.0150048,0.0,0.06,0.0150048,0.7,-16.6418,9.78779,582.79,2404.78,0.00480718,-16.444897,9.688723,574.0527,2409.62,0.0048183952
line-z-60,0.0139267,0.0,0.06,0.0139267,0.7,-17.3504,9.80527,582.212,2404.64,0.00480993,-17.239964,9.9805565,574.87427,2410.4434,0.0048109097
line-z-60,0.0130663,0.0,0.06,0.0130663,0.7,-17.916,9.81922,581.75,2404.53,0.00481212,-17.782406,10.070313,575.2881,2411.481,0.0048141116
line-z-60,0.012914,0.0,0.06,0.012914,0.7,-18.0082,9.82108,581.67,2404.52,0.00481253,-17.862907,10.067196,575.30457,2411.596,0.004815365
line-z-60,0.0118453,0.0,0.06,0.0118453,0.7,-18.3595,9.74879,580.837,2404.37,0.00481485,-18.269196,9.8892975,575.0066,2410.907,0.004823383
line-z-60,0.0113677,0.0,0.06,0.0113677,0.7,-18.4054,9.60874,580.432,2404.3,0.00481459,-18.364159,9.739268,574.7342,2409.6797,0.004823627
line-z-60,0.00904858,0.0,0.06,0.00904858,0.7,-18.6356,8.9325,578.534,2403.93,0.00481158,-18.361507,8.82522,573.21796,2405.4436,0.004809061
line-z-60,0.00904553,0.0,0.06,0.00904553,0.7,-18.636,8.93172,578.531,2403.93,0.00481157,-18.361166,8.82401,573.21594,2405.4473,0.0048090564
line-z-60,0.00781795,0.0,0.06,0.00781795,0.7,-18.4489,8.32209,577.325,2403.69,0.00480681,-18.141817,8.318914,572.58984,2408.0596,0.0048108036
line-z-60,0.00750495,0.0,0.06,0.00750495,0.7,-18.4012,8.16665,577.018,2403.63,0.0048056,-18.056776,8.17963,572.5015,2408.8462,0.0048111076
line-z-80,-0.000926792,0.0,0.08,0.000926792,0.7,-14.9135,7.33633,558.761,2401.95,0.0048761,-14.948527,7.601903,553.8868,2403.6316,0.0048556104
line-z-80,-0.00101649,0.0,0.08,0.00101649,0.7,-14.9804,7.48949,559.072,2401.95,0.00487531,-14.936707,7.616468,554.07214,2403.305,0.004855243
line-z-80,-0.00431266,0.0,0.08,0.00431266,0.7,-17.3238,12.8609,568.223,2402.14,0.00483866,-16.278217,11.295336,556.46313,2387.455,0.0048790155
line-z-80,-0.00534869,0.0,0.08,0.00534869,0.7,-18.0044,13.8323,571.566,2402.2,0.00482433,-17.427763,13.24088,557.97675,2391.532,0.0048458367
line-z-80,-0.0055014,0.0,0.08,0.0055014,0.7,-18.102,13.9655,572.055,2402.21,0.00482236,-17.589787,13.51575,558.31573,2392.2546,0.004836522
line-z-80,-0.00557076,0.0,0.08,0.00557076,0.7,-18.142,14.0337,572.237,2402.21,0.00482136,-17.661715,13.638155,558.4774,2392.5757,0.00483203
line-z-80,-0.030388,0.0,0.08,0.030388,0.7,13.9892,6.99819,593.769,2392.14,0.00419204,14.042728,7.013198,583.4846,2395.09,0.0042029144
line-z-80,-0.0303587,0.0,0.08,0.0303587,0.7,13.8766,7.0024,593.738,2392.18,0.00419214,13.944741,7.0137615,583.4823,2395.0974,0.0042031733
line-z-80,-0.032203,0.0,0.08,0.032203,0.7,20.9674,6.73736,595.664,2389.08,0.00418597,20.496151,6.868219,584.2422,2389.3337,0.004161374
line-z-80,-0.0330386,0.0,0.08,0.0330386,0.7,24.2929,6.61209,596.579,2387.36,0.00417544,23.728476,6.8209734,585.4926,2385.7449,0.004151985
line-z-80,-0.033441,0.0,0.08,0.033441,0.7,25.9316,6.59789,597.123,2386.85,0.0041923,25.331345,6.818949,586.2033,2384.761,0.004164901
line-z-80,-0.0338312,0.0,0.08,0.0338312,0.7,27.312,6.57928,597.695,2387.3,0.00423299,26.899551,6.826665,586.8466,2384.448,0.004193083
line-z-80,-0.0348544,0.0,0.08,0.0348544,0.7,30.9447,6.65766,599.125,2389.4,0.00436465,30.957216,6.8559275,587.82916,2386.047,0.0043404256
line-z-80,-0.0354508,0.0,0.08,0.0354508,0.7,33.0805,6.70419,600.021,2390.12,0.00443107,33.1948,6.8614593,587.9304,2387.3433,0.00445441
line-z-80,-0.0365861,0.0,0.08,0.0365861,0.7,37.2519,6.78878,601.819,2391.48,0.00455723,37.041485,6.8674498,588.54736,2387.3965,0.0046460647
line-z-80,-0.0368452,0.0,0.08,0.0368452,0.7,38.1373,6.85282,602.172,2391.91,0.00458832,37.84113,6.8741417,588.99634,2387.0217,0.0046826876
line-z-80,-0.0375407,0.0,0.08,0.0375407,0.7,39.9355,6.96829,602.919,2390.1,0.00479063,39.860638,6.9079647,590.9696,2386.3826,0.0047922684
line-z-80,-0.037686,0.0,0.08,0.037686,0.7,40.3095,6.99689,603.096,2389.8,0.0048369,40.260918,6.918081,591.51245,2386.4387,0.0048214286
line-z-80,-0.0384011,0.0,0.08,0.0384011,0.7,42.1616,7.12575,603.989,2388.45,0.00508486,42.11794,6.9860883,594.6397,2387.7812,0.0050244024
line-z-80,-0.0387263,0.0,0.08,0.0387263,0.7,43.0039,7.18435,604.396,2387.84,0.00519763,42.88186,7.029313,596.23193,2388.28,0.005154307
line-z-80,-0.0392304,0.0,0.08,0.0392304,0.7,43.6671,7.22999,604.748,2376.9,0.00538565,43.88974,7.1104403,598.9038,2386.184,0.0053896233
line-z-80,-0.03998,0.0,0.08,0.03998,0.7,44.6381,7.29956,605.359,2360.27,0.00563914,44.65006,7.2176313,603.344,2366.755,0.0056995344
line-z-80,-0.0401971,0.0,0.08,0.0401971,0.7,44.9153,7.31946,605.552,2355.5,0.0057089,44.64591,7.2351255,604.53516,2355.5955,0.0057414565
line-z-80,-0.0403069,0.0,0.08,0.0403069,0.7,45.0557,7.32953,605.65,2353.09,0.00574422,44.60656,7.2417297,605.06573,2348.8257,0.0057478407
line-z-80,-0.0404959,0.0,0.08,0.0404959,0.7,44.9991,7.30993,605.738,2339.37,0.00568341,44.48916,7.250991,605.81476,2335.2556,0.0057286643
line-z-80,-0.0408756,0.0,0.08,0.0408756,0.7,44.8749,7.28035,605.955,2313.14,0.00560611,44.1311,7.270983,606.4911,2299.311,0.0055257366
line-z-80,-0.0410404,0.0,0.08,0.0410404,0.7,44.4458,7.21104,606.019,2286.7,0.00530798,43.94967,7.2824793,606.40076,2278.8809,0.0053376546
line-z-80,-0.0413703,0.0,0.08,0.0413703,0.7,43.6554,7.09921,606.154,2236.67,0.00475725,43.467545,7.290252,605.6998,2222.5674,0.0046734205
line-z-80,-0.0415137,0.0,0.08,0.0415137,0.7,42.486,6.91932,606.19,2182.58,0.00414354,43.07478,7.258775,605.37085,2186.9165,0.004222469
line-z-80,-0.0418005,0.0,0.08,0.0418005,0.7,40.3184,6.59164,606.275,2080.38,0.00293065,41.010113,6.9205165,605.53314,2069.671,0.0029524504
line-z-80,-0.0419253,0.0,0.08,0.0419253,0.7,36.951,6.06675,606.278,1944.36,0.00227322,38.847664,6.495545,606.2977,1981.1498,0.0022645697
line-z-80,-0.0421746,0.0,0.08,0.0421746,0.7,30.336,5.02971,606.3,1679.09,0.000885986,28.963718,4.6165533,608.8096,1654.3651,0.0009098251
line-z-80,-0.0422832,0.0,0.08,0.0422832,0.7,20.5036,3.40569,606.335,1389.92,0.000625792,21.001753,3.3062353,609.2336,1415.8861,0.00047729697
line-z-80,-0.0425,0.0,0.08,0.0425,0.7,0.0,0.0,606.321,800.0,4.84303e-05,-1.6282945,0.05896069,604.74695,760.3546,7.098158e-05
line-z-80,-0.0303587,0.0,0.08,0.0303587,0.7,13.8766,7.0024,593.738,2392.18,0.00419214,13.944741,7.0137615,583.4823,2395.0974,0.0042031733
line-z-80,-0.030135,0.0,0.08,0.030135,0.7,13.0898,7.05817,593.505,2392.46,0.00419151,13.202698,7.015506,583.4567,2395.0637,0.0042048916
line-z-80,-0.0285849,0.0,0.08,0.0285849,0.7,8.51592,7.55125,592.874,2394.49,0.00424136,8.287783,7.0004196,582.3129,2392.2693,0.00422567
line-z-80,-0.0285484,0.0,0.08,0.0285484,0.7,8.40825,7.56285,592.86,2394.53,0.00424254,8.175076,7.002372,582.25854,2392.192,0.0042266496
line-z-80,-0.0269604,0.0,0.08,0.0269604,0.7,3.76191,8.1239,592.484,2396.76,0.00430648,3.3689315,7.409144,579.0751,2390.8357,0.004293295
line-z-80,-0.0265336,0.0,0.08,0.0265336,0.7,2.68464,8.31744,592.409,2397.19,0.00432015,2.1566849,7.6386957,578.224,2391.4246,0.00431754
line-z-80,-0.0242322,0.0,0.08,0.0242322,0.7,-2.38838,9.30607,592.566,2399.03,0.00440387,-2.955912,9.103306,577.4014,2399.2307,0.0044275443
line-z-80,-0.0238288,0.0,0.08,0.0238288,0.7,-3.25238,9.4753,592.622,2399.34,0.00441832,-3.6490757,9.302146,577.7942,2400.4407,0.00443436
line-z-80,-0.0230216,0.0,0.08,0.0230216,0.7,-4.85766,9.87891,592.77,2399.9,0.00445007,-4.9962683,9.643057,578.62213,2401.9966,0.0044443067
line-z-80,-0.0230018,0.0,0.08,0.0230018,0.7,-4.89701,9.88881,592.773,2399.91,0.00445084,-5.029309,9.650949,578.6425,2402.02,0.0044446113
line-z-80,-0.0211273,0.0,0.08,0.0211273,0.7,-8.19178,10.8005,593.549,2401.03,0.00452371,-8.213357,10.549832,581.3874,2402.2324,0.004510931
line-z-80,-0.0203786,0.0,0.08,0.0203786,0.7,-9.44154,11.187,593.636,2401.42,0.00454985,-9.47313,11.050493,583.01807,2402.153,0.004549289
line-z-80,-0.019609,0.0,0.08,0.019609,0.7,-10.7163,11.561,593.715,2401.75,0.00457692,-10.735127,11.602628,584.4385,2402.2383,0.0045841206
line-z-80,-0.0189458,0.0,0.08,0.0189458,0.7,-11.8148,11.8832,593.783,2402.04,0.00460024,-11.795902,12.0524845,585.0685,2402.2324,0.0046083233
line-z-80,-0.0179867,0.0,0.08,0.0179867,0.7,-13.3401,12.3939,593.975,2402.5,0.00463693,-13.278789,12.6023245,584.8758,2401.6462,0.0046339664
line-z-80,-0.0178507,0.0,0.08,0.0178507,0.7,-13.5166,12.4691,593.987,2402.55,0.00464162,-13.482561,12.671137,584.76886,2401.5005,0.0046367347
line-z-80,-0.0172467,0.0,0.08,0.0172467,0.7,-14.3013,12.8029,594.04,2402.79,0.00466245,-14.361024,12.96168,584.18146,2400.7874,0.0046469737
line-z-80,-0.0154614,0.0,0.08,0.0154614,0.7,-16.7669,13.7094,593.536,2403.03,0.00470491,-16.607265,13.897933,582.68756,2402.1887,0.0046810107
line-z-80,-0.0152024,0.0,0.08,0.0152024,0.7,-17.1021,13.8482,593.485,2403.08,0.00471139,-16.883907,14.062541,582.5745,2403.206,0.0046887747
line-z-80,-0.0140191,0.0,0.08,0.0140191,0.7,-18.2528,14.7008,592.651,2403.22,0.00473872,-18.035883,14.896797,582.4157,2408.6182,0.0047217757
line-z-80,-0.0121318,0.0,0.08,0.0121318,0.7,-19.4762,15.5712,590.102,2403.0,0.00475696,-19.687279,16.098427,581.89374,2407.5166,0.0047277575
line-z-80,-0.0117197,0.0,0.08,0.0117197,0.7,-19.7378,15.7528,589.672,2402.92,0.00475862,-19.966036,16.268353,581.1584,2405.3896,0.0047319313
line-z-80,-0.0114903,0.0,0.08,0.0114903,0.7,-19.8834,15.8539,589.432,2402.87,0.00475954,-20.092691,16.345602,580.5823,2404.0933,0.0047364146
line-z-80,-0.0107981,0.0,0.08,0.0107981,0.7,-20.1559,16.2278,588.061,2402.73,0.00476351,-20.320719,16.510973,578.10266,2400.2112,0.004757701
line-z-80,-0.0105202,0.0,0.08,0.0105202,0.7,-20.1534,16.2927,587.401,2402.68,0.00476473,-20.342024,16.552834,576.83466,2398.8347,0.0047674985
line-z-80,-0.0102923,0.0,0.08,0.0102923,0.7,-20.1016,16.2621,586.708,2402.64,0.00476642,-20.330273,16.578386,575.713,2397.842,0.0047748582
line-z-80,-0.00900137,0.0,0.08,0.00900137,0.7,-19.8081,16.0883,582.787,2402.45,0.00477596,-19.898605,16.582048,569.1916,2395.1614,0.0047794315
line-z-80,-0.00735131,0.0,0.08,0.00735131,0.7,-19.4444,15.8809,578.541,2402.23,0.00478846,-19.047276,15.942759,563.3225,2396.417,0.0047389683
line-z-80,-0.00667852,0.0,0.08,0.00667852,0.7,-18.9522,15.183,576.159,2402.22,0.00480089,-18.625315,15.2888565,561.4234,2396.1045,0.004758998
line-z-80,-0.00557076,0.0,0.08,0.00557076,0.7,-18.142,14.0337,572.237,2402.21,0.00482136,-17.661715,13.638155,558.4774,2392.5757,0.00483203
line-z-80,-0.000926792,0.0,0.08,0.000926792,0.7,-14.9135,7.33633,558.761,2401.95,0.0048761,-14.948527,7.601903,553.8868,2403.6316,0.0048556104
line-z-80,-0.00076158,0.0,0.08,0.00076158,0.7,-14.8539,7.2049,558.485,2401.95,0.00487815,-14.970618,7.5874996,553.53546,2404.1277,0.004856224
line-z-80,-0.000687877,0.0,0.08,0.000687877,0.7,-14.8273,7.14627,558.361,2401.95,0.00487906,-14.98039,7.5862393,553.376,2404.3057,0.0048564654
line-z-80,0.0425,0.0,0.08,0.0425,0.7,0.0,0.0,604.29,800.0,5.47654e-05,-0.08899371,1.2115501,597.9973,825.7005,9.099073e-05
line-z-80,0.0423568,0.0,0.08,0.0423568,0.7,14.4265,1.99639,604.309,1186.39,0.000425645,16.876333,2.6466384,601.75977,1266.2761,0.0003144514
line-z-80,0.0421728,0.0,0.08,0.0421728,0.7,33.0877,4.58146,604.338,1684.8,0.000910386,31.550663,4.301624,603.15027,1667.9828,0.00095465704
line-z-80,0.0420083,0.0,0.08,0.0420083,0.7,37.4718,5.22453,604.321,1853.47,0.00181068,38.78175,5.3366747,603.1208,1889.4159,0.0017888347
line-z-80,0.0417965,0.0,0.08,0.0417965,0.7,43.1054,6.05266,604.298,2070.02,0.00297848,43.269665,6.0710654,603.1883,2055.4795,0.0029573059
line-z-80,0.0416077,0.0,0.08,0.0416077,0.7,44.4304,6.27098,604.253,2135.48,0.00382054,45.01499,6.3561096,603.6705,2141.956,0.0039057499
line-z-80,0.0413639,0.0,0.08,0.0413639,0.7,46.1249,6.5492,604.194,2219.39,0.00490458,45.953003,6.4821963,604.4822,2210.918,0.0048780665
line-z-80,0.0411474,0.0,0.08,0.0411474,0.7,46.5285,6.66055,604.12,2253.11,0.00539626,46.26477,6.515951,605.0442,2251.0234,0.005492606
line-z-80,0.0408665,0.0,0.08,0.0408665,0.7,47.0467,6.80279,604.024,2296.57,0.00602857,46.380398,6.5590715,605.3896,2287.5654,0.006004743
line-z-80,0.0406186,0.0,0.08,0.0406186,0.7,47.0043,6.86762,603.9,2316.45,0.00624165,46.35884,6.629158,605.3909,2311.3682,0.0062661665
line-z-80,0.0402945,0.0,0.08,0.0402945,0.7,46.9485,6.95117,603.738,2342.21,0.00651444,46.231842,6.7644978,605.11725,2335.099,0.0064401072
line-z-80,0.0400568,0.0,0.08,0.0400568,0.7,46.5252,6.9563,603.542,2348.35,0.00647394,46.079433,6.880146,604.7875,2348.7024,0.0064935875
line-z-80,0.040009,0.0,0.08,0.040009,0.7,46.4452,6.96035,603.505,2349.74,0.00646858,46.042744,6.903747,604.71045,2351.121,0.0064992053
line-z-80,0.0386997,0.0,0.08,0.0386997,0.7,44.2535,7.0955,602.669,2390.07,0.00633446,44.137455,7.323008,601.22485,2389.3926,0.0063360976
line-z-80,0.0384818,0.0,0.08,0.0384818,0.7,43.6832,7.10083,602.432,2392.63,0.00625934,43.645935,7.337826,600.41156,2392.2642,0.0062758843
line-z-80,0.0375212,0.0,0.08,0.0375212,0.7,40.8443,7.05814,601.324,2401.43,0.00590929,40.99567,7.303649,596.6594,2399.628,0.00595066
line-z-80,0.0368697,0.0,0.08,0.0368697,0.7,38.767,6.96522,600.617,2405.58,0.00569402,38.86457,7.2595706,594.50116,2402.4346,0.005710372
line-z-80,0.0368352,0.0,0.08,0.0368352,0.7,38.6413,6.96348,600.568,2405.63,0.0056838,38.746006,7.2576365,594.4034,2402.5713,0.005698093
line-z-80,0.0362884,0.0,0.08,0.0362884,0.7,36.6475,6.93587,599.788,2406.4,0.00552182,36.802288,7.233757,593.0966,2404.775,0.005517819
line-z-80,0.0347504,0.0,0.08,0.0347504,0.7,30.7972,6.7354,597.718,2407.36,0.00517141,30.870943,7.160875,591.46985,2410.2244,0.00519446
line-z-80,0.0347274,0.0,0.08,0.0347274,0.7,30.7115,6.73236,597.692,2407.39,0.00516658,30.779768,7.158584,591.46155,2410.26,0.0051911534
line-z-80,0.0347128,0.0,0.08,0.0347128,0.7,30.6522,6.73108,597.673,2407.38,0.00516482,30.721884,7.157107,591.4564,2410.2815,0.005189061
line-z-80,0.0331953,0.0,0.08,0.0331953,0.7,24.4715,6.59745,595.761,2406.31,0.00498183,24.806976,6.9084744,591.28094,2407.0046,0.004971853
line-z-80,0.032851,0.0,0.08,0.032851,0.7,23.1677,6.61019,595.328,2406.07,0.00492198,23.50601,6.852374,591.22644,2405.1013,0.004917451
line-z-80,0.0321335,0.0,0.08,0.0321335,0.7,20.3628,6.66496,594.577,2405.35,0.00481606,20.826645,6.800628,590.932,2401.2112,0.0048094876
line-z-80,0.0310514,0.0,0.08,0.0310514,0.7,16.4109,6.87653,593.871,2404.35,0.00474404,16.82483,6.969107,589.87225,2398.889,0.004703662
line-z-80,0.0302512,0.0,0.08,0.0302512,0.7,13.4885,7.03299,593.349,2403.61,0.00469078,13.928138,7.2377315,588.70404,2401.1025,0.004684651
line-z-80,0.030054,0.0,0.08,0.030054,0.7,12.7756,7.06916,593.256,2403.47,0.0046815,13.232105,7.309076,588.4087,2402.0164,0.0046855253
line-z-80,0.0296263,0.0,0.08,0.0296263,0.7,11.4979,7.20621,593.113,2403.27,0.00466894,11.756874,7.4590964,587.8281,2404.1643,0.004690292
line-z-80,0.0293878,0.0,0.08,0.0293878,0.7,10.785,7.2821,593.039,2403.14,0.00466113,10.957503,7.537735,587.5682,2405.3142,0.0046926946
line-z-80,0.0275621,0.0,0.08,0.0275621,0.7,5.32878,7.86299,592.475,2402.17,0.00460143,5.4216027,8.137558,588.073,2405.514,0.0046206783
line-z-80,0.0265162,0.0,0.08,0.0265162,0.7,2.54037,8.28057,592.346,2401.58,0.00456733,2.586567,8.686031,589.3429,2399.1206,0.0045350064
line-z-80,0.0264175,0.0,0.08,0.0264175,0.7,2.28578,8.32799,592.339,2401.52,0.00456392,2.3271775,8.746642,589.4281,2398.5286,0.0045287907
line-z-80,0.0260701,0.0,0.08,0.0260701,0.7,1.56835,8.52271,592.408,2401.54,0.00456542,1.4263155,8.966238,589.6456,2396.6975,0.004511682
line-z-80,0.0258437,0.0,0.08,0.0258437,0.7,1.10399,8.64184,592.459,2401.52,0.00456516,0.85092014,9.111637,589.71375,2395.7874,0.0045049274
line-z-80,0.0232461,0.0,0.08,0.0232461,0.7,-4.22514,10.0089,593.042,2401.35,0.00456215,-4.479698,10.33197,587.9333,2401.961,0.0045660837
line-z-80,0.0228687,0.0,0.08,0.0228687,0.7,-4.96488,10.1936,593.098,2401.18,0.00455395,-5.0114703,10.424006,587.6316,2403.1433,0.004565024
line-z-80,0.0224714,0.0,0.08,0.0224714,0.7,-5.59647,10.422,593.206,2401.19,0.00455784,-5.527171,10.5145235,587.3413,2403.7336,0.004556021
line-z-80,0.0217014,0.0,0.08,0.0217014,0.7,-6.82064,10.8648,593.417,2401.22,0.00456539,-6.490849,10.711857,586.7805,2402.9788,0.0045245136
line-z-80,0.0209539,0.0,0.08,0.0209539,0.7,-8.16047,11.2782,593.572,2401.7,0.00459484,-7.531062,10.984963,586.1074,2400.9966,0.004502821
line-z-80,0.0186488,0.0,0.08,0.0186488,0.7,-12.0462,12.6016,594.159,2402.7,0.00466847,-11.762423,12.3600855,583.9447,2400.2932,0.0046751867
line-z-80,0.0180037,0.0,0.08,0.0180037,0.7,-12.9693,13.0886,594.142,2403.01,0.00469271,-12.890999,12.747017,583.9988,2400.4966,0.0047246832
line-z-80,0.017397,0.0,0.08,0.017397,0.7,-13.9047,13.4247,594.122,2403.48,0.00472658,-13.802509,13.070853,584.41693,2400.2637,0.004743146
line-z-80,0.0170036,0.0,0.08,0.0170036,0.7,-14.5112,13.6426,594.11,2403.78,0.00474855,-14.318784,13.266494,584.8166,2400.0562,0.004744074
line-z-80,0.0155829,0.0,0.08,0.0155829,0.7,-16.3022,14.4711,593.65,2404.37,0.00480827,-15.923952,14.008345,586.25934,2400.9456,0.004760415
line-z-80,0.0144417,0.0,0.08,0.0144417,0.7,-17.6425,15.0876,593.008,2404.71,0.00486366,-17.171722,14.733551,586.66547,2403.559,0.0048527406
line-z-80,0.0142166,0.0,0.08,0.0142166,0.7,-17.9068,15.2092,592.882,2404.77,0.00487459,-17.416039,14.884025,586.6462,2404.064,0.0048757093
line-z-80,0.0139592,0.0,0.08,0.0139592,0.7,-18.1945,15.3518,592.728,2404.86,0.00488682,-17.691572,15.055024,586.58606,2404.5886,0.0049014385
line-z-80,0.0134592,0.0,0.08,0.0134592,0.7,-18.5165,15.5846,591.894,2404.75,0.00489821,-18.208923,15.375618,586.3516,2405.4045,0.004945496
line-z-80,0.012224,0.0,0.08,0.012224,0.7,-19.3236,16.1426,590.022,2404.5,0.00492745,-19.323042,16.02763,584.91077,2406.1477,0.0049927915
line-z-80,0.0114314,0.0,0.08,0.0114314,0.7,-19.8414,16.5006,588.821,2404.34,0.00494621,-19.836283,16.306189,582.9747,2405.8179,0.004982494
line-z-80,0.0110074,0.0,0.08,0.0110074,0.7,-20.1074,16.6756,588.243,2404.27,0.00495692,-20.014996,16.409285,581.5297,2405.5454,0.004972724
line-z-80,0.010906,0.0,0.08,0.010906,0.7,-20.1384,16.6951,588.112,2404.23,0.00495624,-20.046509,16.42942,581.1442,2405.4834,0.0049704486
line-z-80,0.0105818,0.0,0.08,0.0105818,0.7,-20.2372,16.7575,587.693,2404.1,0.00495409,-20.117638,16.482637,579.82245,2405.3125,0.004963802
line-z-80,0.0101045,0.0,0.08,0.0101045,0.7,-20.2506,16.7833,586.65,2403.95,0.00495373,-20.14354,16.532263,577.694,2405.1692,0.0049564037
line-z-80,0.00717132,0.0,0.08,0.00717132,0.7,-19.3246,16.3114,577.383,2402.81,0.00490593,-19.363937,16.13797,566.8255,2405.9224,0.0049287165
line-z-80,0.0071041,0.0,0.08,0.0071041,0.7,-19.2995,16.2953,577.188,2402.79,0.00490442,-19.337906,16.105375,566.66614,2405.949,0.004927555
line-z-80,0.00697924,0.0,0.08,0.00697924,0.7,-19.1853,16.1438,576.718,2402.75,0.00490372,-19.287281,16.040056,566.37537,2406.0012,0.0049253306
line-z-80,0.00585863,0.0,0.08,0.00585863,0.7,-18.2991,15.0405,572.944,2402.47,0.0048962,-18.643332,15.140951,563.82227,2406.3135,0.0049029095
line-z-80,0.00493928,0.0,0.08,0.00493928,0.7,-17.3326,13.4686,568.915,2402.29,0.0048901,-17.819986,13.980095,561.27325,2405.7146,0.0048893504
line-z-80,0.00433994,0.0,0.08,0.00433994,0.7,-16.8509,12.7245,566.891,2402.2,0.00488594,-17.192602,13.068404,559.18085,2404.6892,0.004885941
line-z-80,0.00363168,0.0,0.08,0.00363168,0.7,-16.2816,11.8452,564.499,2402.09,0.00488102,-16.460005,11.918219,556.35895,2403.1335,0.0048861224
line-z-80,0.00102207,0.0,0.08,0.00102207,0.7,-15.3503,8.83225,560.609,2401.99,0.00488001,-15.125451,8.393306,550.4903,2403.2273,0.004867284
line-z-80,0.000121942,0.0,0.08,0.000121942,0.7,-15.0291,7.79301,559.266,2401.96,0.00487965,-15.065555,7.776725,551.669,2404.7263,0.004859156
line-z-80,-0.000281066,0.0,0.08,0.000281066,0.7,-14.8996,7.34924,558.701,2401.95,0.00487939,-15.029453,7.6358604,552.48987,2404.837,0.0048576556
line-z-80,-0.000410864,0.0,0.08,0.000410864,0.7,-14.881,7.30665,558.635,2401.95,0.00487918,-15.014992,7.6097283,552.77075,2404.7458,0.0048572794
line-z-80,-0.000687877,0.0,0.08,0.000687877,0.7,-14.8273,7.14627,558.361,2401.95,0.00487906,-14.98039,7.5862393,553.376,2404.3057,0.0048564654
